{
    "rgb_colors": [
        [
            93.76363636363637,
            105.67272727272727,
            144.6727272727273
        ],
        [
            87.65277777777777,
            99.0,
            138.0
        ],
        [
            89.78571428571429,
            101.45454545454545,
            140.45454545454547
        ],
        [
            86.60126582278481,
            98.0,
            137.0
        ],
        [
            88.448,
            100.0,
            139.0
        ],
        [
            91.48245614035088,
            103.37719298245614,
            142.37719298245614
        ],
        [
            98.44444444444444,
            110.44444444444444,
            149.44444444444446
        ],
        [
            83.47368421052632,
            94.71929824561404,
            133.71929824561403
        ],
        [
            85.752,
            97.0,
            136.0
        ],
        [
            84.74698795180723,
            96.0,
            135.0
        ]
    ],
    "hex_colors": [
        "#5d6990",
        "#57638a",
        "#59658c",
        "#566289",
        "#58648b",
        "#5b678e",
        "#626e95",
        "#535e85",
        "#556188",
        "#546087"
    ],
    "hsl_color_values": [
        [
            0.6276785714285714,
            0.3518914163629509,
            144.6727272727273
        ],
        [
            0.6291034482758621,
            0.36483494363929153,
            138.0
        ],
        [
            0.6282839933358965,
            0.360748959778086,
            140.45454545454547
        ],
        [
            0.6289714931558458,
            0.3678739720964612,
            137.0
        ],
        [
            0.6285804715936066,
            0.36368345323741014,
            139.0
        ],
        [
            0.6277145811789038,
            0.35746411188466515,
            142.37719298245614
        ],
        [
            0.6274509803921569,
            0.3412639405204462,
            149.44444444444446
        ],
        [
            0.6293645251396648,
            0.37575439517187087,
            133.71929824561403
        ],
        [
            0.629358382423181,
            0.36947058823529416,
            136.0
        ],
        [
            0.6293454807000719,
            0.37224453369031685,
            135.0
        ]
    ]
}