{
    "rgb_colors": [
        [
            64.078125,
            76.921875,
            113.0
        ],
        [
            67.04848484848485,
            79.95151515151515,
            116.0
        ],
        [
            69.13286713286713,
            81.86713286713287,
            118.0
        ],
        [
            65.03883495145631,
            77.96116504854369,
            114.0
        ],
        [
            62.57446808510638,
            75.53191489361703,
            111.55319148936171
        ],
        [
            66.10135135135135,
            78.89864864864865,
            115.0
        ],
        [
            73.9047619047619,
            86.9047619047619,
            122.9047619047619
        ],
        [
            70.04301075268818,
            82.95698924731182,
            119.0
        ],
        [
            71.37647058823529,
            84.30588235294118,
            120.34117647058824
        ],
        [
            68.03225806451613,
            80.96774193548387,
            117.0
        ]
    ],
    "hex_colors": [
        "#404c71",
        "#434f74",
        "#455176",
        "#414d72",
        "#3e4b6f",
        "#424e73",
        "#49567a",
        "#465277",
        "#475478",
        "#445075"
    ],
    "hsl_color_values": [
        [
            0.6229106781645907,
            0.4329369469026549,
            113.0
        ],
        [
            0.6227353390285172,
            0.42199582027168236,
            116.0
        ],
        [
            0.6232350696431977,
            0.4141282446367192,
            118.0
        ],
        [
            0.6226782999537313,
            0.4294839039345938,
            114.0
        ],
        [
            0.6225745728352158,
            0.4390616059507916,
            111.55319148936171
        ],
        [
            0.6230482244023766,
            0.4252056404230317,
            115.0
        ],
        [
            0.6224489795918368,
            0.3986826811313445,
            122.9047619047619
        ],
        [
            0.622702979720331,
            0.41140327098581364,
            119.0
        ],
        [
            0.6226573762614128,
            0.4068823931958158,
            120.34117647058824
        ],
        [
            0.6226394378568291,
            0.4185277088502895,
            117.0
        ]
    ]
}