{
    "rgb_colors": [
        [
            89.0,
            101.0,
            140.0
        ],
        [
            87.24401913875599,
            99.24401913875599,
            138.244019138756
        ],
        [
            84.58441558441558,
            96.58441558441558,
            135.58441558441558
        ],
        [
            82.18,
            94.18,
            133.18
        ],
        [
            90.0,
            102.0,
            141.0
        ],
        [
            92.4,
            104.4,
            143.4
        ],
        [
            97.6,
            109.6,
            148.6
        ],
        [
            95.30508474576271,
            107.30508474576271,
            146.3050847457627
        ],
        [
            91.0,
            103.0,
            142.0
        ],
        [
            94.0,
            106.0,
            145.0
        ]
    ],
    "hex_colors": [
        "#59658c",
        "#57638a",
        "#546087",
        "#525e85",
        "#5a668d",
        "#5c688f",
        "#616d94",
        "#5f6b92",
        "#5b678e",
        "#5e6a91"
    ],
    "hsl_color_values": [
        [
            0.6274509803921569,
            0.36428571428571427,
            140.0
        ],
        [
            0.6274509803921569,
            0.3689128854739902,
            138.244019138756
        ],
        [
            0.6274509803921569,
            0.37614942528735634,
            135.58441558441558
        ],
        [
            0.6274509803921569,
            0.38294038143865444,
            133.18
        ],
        [
            0.6274509803921569,
            0.3617021276595745,
            141.0
        ],
        [
            0.6274509803921569,
            0.35564853556485354,
            143.4
        ],
        [
            0.6274509803921569,
            0.3432032301480485,
            148.6
        ],
        [
            0.6274509803921569,
            0.3485866543095459,
            146.3050847457627
        ],
        [
            0.6274509803921569,
            0.3591549295774648,
            142.0
        ],
        [
            0.6274509803921569,
            0.35172413793103446,
            145.0
        ]
    ]
}