{
    "rgb_colors": [
        [
            84.0,
            95.0,
            132.0
        ],
        [
            79.0,
            90.0,
            127.0
        ],
        [
            83.0,
            94.0,
            131.0
        ],
        [
            81.0,
            92.0,
            129.0
        ],
        [
            82.0,
            93.0,
            130.0
        ],
        [
            75.47368421052632,
            86.47368421052632,
            123.47368421052632
        ],
        [
            78.0,
            89.0,
            126.0
        ],
        [
            85.24137931034483,
            96.24137931034483,
            133.24137931034483
        ],
        [
            80.0,
            91.0,
            128.0
        ],
        [
            77.0,
            88.0,
            125.0
        ]
    ],
    "hex_colors": [
        "#545f84",
        "#4f5a7f",
        "#535e83",
        "#515c81",
        "#525d82",
        "#4b567b",
        "#4e597e",
        "#556085",
        "#505b80",
        "#4d587d"
    ],
    "hsl_color_values": [
        [
            0.6284722222222222,
            0.36363636363636365,
            132.0
        ],
        [
            0.6284722222222222,
            0.3779527559055118,
            127.0
        ],
        [
            0.6284722222222222,
            0.366412213740458,
            131.0
        ],
        [
            0.6284722222222222,
            0.37209302325581395,
            129.0
        ],
        [
            0.6284722222222222,
            0.36923076923076925,
            130.0
        ],
        [
            0.6284722222222222,
            0.38874680306905374,
            123.47368421052632
        ],
        [
            0.6284722222222222,
            0.38095238095238093,
            126.0
        ],
        [
            0.6284722222222222,
            0.36024844720496896,
            133.24137931034483
        ],
        [
            0.6284722222222222,
            0.375,
            128.0
        ],
        [
            0.6284722222222222,
            0.384,
            125.0
        ]
    ]
}