{
    "rgb_colors": [
        [
            109.93888888888888,
            116.93888888888888,
            143.18333333333334
        ],
        [
            107.5081081081081,
            114.5081081081081,
            140.93513513513514
        ],
        [
            123.14285714285714,
            130.14285714285714,
            155.42857142857142
        ],
        [
            113.33070866141732,
            120.33070866141732,
            145.99212598425197
        ],
        [
            111.61842105263158,
            118.61842105263158,
            145.06578947368422
        ],
        [
            116.80733944954129,
            123.80733944954129,
            149.30275229357798
        ],
        [
            101.21621621621621,
            108.21621621621621,
            134.94594594594594
        ],
        [
            119.76595744680851,
            126.76595744680851,
            151.9787234042553
        ],
        [
            104.40625,
            111.40625,
            137.96875
        ],
        [
            114.70642201834862,
            121.70642201834862,
            147.88073394495413
        ]
    ],
    "hex_colors": [
        "#6d748f",
        "#6b728c",
        "#7b829b",
        "#717891",
        "#6f7691",
        "#747b95",
        "#656c86",
        "#777e97",
        "#686f89",
        "#727993"
    ],
    "hsl_color_values": [
        [
            0.631573083778966,
            0.23218096457533083,
            143.18333333333334
        ],
        [
            0.6317647692971109,
            0.23718022475357656,
            140.93513513513514
        ],
        [
            0.6305309734513275,
            0.20772058823529407,
            155.42857142857142
        ],
        [
            0.6309466409514625,
            0.22372040343023572,
            145.99212598425197
        ],
        [
            0.6317859952793077,
            0.23056689342403636,
            145.06578947368422
        ],
        [
            0.630764163372859,
            0.21764778173774116,
            149.30275229357798
        ],
        [
            0.6320779914529915,
            0.2499499299018626,
            134.94594594594594
        ],
        [
            0.630449141347424,
            0.2119557608847822,
            151.9787234042553
        ],
        [
            0.6319056486654252,
            0.2432616081540204,
            137.96875
        ],
        [
            0.6314988938053098,
            0.22433153421428134,
            147.88073394495413
        ]
    ]
}