{
    "rgb_colors": [
        [
            67.0,
            78.0,
            115.0
        ],
        [
            65.33858267716535,
            77.66141732283465,
            114.0
        ],
        [
            70.29885057471265,
            82.70114942528735,
            119.0
        ],
        [
            71.7159090909091,
            84.32954545454545,
            120.52272727272727
        ],
        [
            64.35185185185185,
            76.64814814814815,
            113.0
        ],
        [
            68.21764705882353,
            80.78235294117647,
            117.0
        ],
        [
            69.23140495867769,
            81.76859504132231,
            118.0
        ],
        [
            66.0,
            79.0,
            115.0
        ],
        [
            67.20555555555555,
            79.79444444444445,
            116.0
        ],
        [
            62.93023255813954,
            75.32558139534883,
            111.62790697674419
        ]
    ],
    "hex_colors": [
        "#434e73",
        "#414d72",
        "#465277",
        "#475478",
        "#404c71",
        "#445075",
        "#455176",
        "#424f73",
        "#434f74",
        "#3e4b6f"
    ],
    "hsl_color_values": [
        [
            0.6284722222222222,
            0.41739130434782606,
            115.0
        ],
        [
            0.6244606256742179,
            0.4268545379196022,
            114.0
        ],
        [
            0.6242231138384077,
            0.40925335651501976,
            119.0
        ],
        [
            0.623593325572371,
            0.4049594569111823,
            120.52272727272727
        ],
        [
            0.6245400329907372,
            0.43051458538184206,
            113.0
        ],
        [
            0.6237388962578881,
            0.41694318753142284,
            117.0
        ],
        [
            0.6238208213297182,
            0.4132931783162908,
            118.0
        ],
        [
            0.6224489795918368,
            0.4260869565217391,
            115.0
        ],
        [
            0.6236669323313978,
            0.4206417624521073,
            116.0
        ],
        [
            0.624243871378542,
            0.43624999999999997,
            111.62790697674419
        ]
    ]
}