{
    "rgb_colors": [
        [
            90.34567901234568,
            101.41975308641975,
            138.55555555555554
        ],
        [
            91.83870967741936,
            102.83870967741936,
            141.06451612903226
        ],
        [
            88.41304347826087,
            99.41304347826087,
            138.41304347826087
        ],
        [
            87.65384615384616,
            98.83846153846154,
            136.25384615384615
        ],
        [
            84.82738095238095,
            96.00595238095238,
            133.08333333333334
        ],
        [
            82.50877192982456,
            93.64912280701755,
            130.6140350877193
        ],
        [
            86.75141242937853,
            97.86440677966101,
            135.19209039548022
        ],
        [
            88.91566265060241,
            100.08433734939759,
            137.0
        ],
        [
            85.74691358024691,
            96.84567901234568,
            134.2037037037037
        ],
        [
            83.88764044943821,
            95.0,
            132.0561797752809
        ]
    ],
    "hex_colors": [
        "#5a658a",
        "#5b668d",
        "#58638a",
        "#576288",
        "#546085",
        "#525d82",
        "#566187",
        "#586489",
        "#556086",
        "#535f84"
    ],
    "hsl_color_values": [
        [
            0.6283824157063593,
            0.3479461819477857,
            138.55555555555554
        ],
        [
            0.6294233289646134,
            0.34895952435399036,
            141.06451612903226
        ],
        [
            0.63,
            0.36123763153761584,
            138.41304347826087
        ],
        [
            0.6283106468291653,
            0.3566871789081465,
            136.25384615384615
        ],
        [
            0.6280580568233214,
            0.36259951695142684,
            133.08333333333334
        ],
        [
            0.6280695356187698,
            0.36830087306917386,
            130.6140350877193
        ],
        [
            0.6284309151698935,
            0.35831000041790295,
            135.19209039548022
        ],
        [
            0.6279545644366492,
            0.35098056459414295,
            137.0
        ],
        [
            0.6284925690021231,
            0.3610689480704659,
            134.2037037037037
        ],
        [
            0.6282170904284271,
            0.36475793414447366,
            132.0561797752809
        ]
    ]
}