{
    "rgb_colors": [
        [
            84.34408602150538,
            88.24731182795699,
            118.96415770609319
        ],
        [
            40.833333333333336,
            38.91666666666667,
            47.75
        ],
        [
            78.03703703703704,
            80.85185185185185,
            104.33333333333333
        ],
        [
            86.9489247311828,
            90.87096774193549,
            121.85215053763442
        ],
        [
            148.66666666666666,
            147.66666666666666,
            145.0
        ],
        [
            89.76288659793815,
            93.53092783505154,
            124.68556701030928
        ],
        [
            55.888888888888886,
            54.22222222222222,
            64.0
        ],
        [
            74.375,
            73.375,
            89.625
        ],
        [
            118.66666666666666,
            119.66666666666666,
            115.0
        ],
        [
            81.38461538461539,
            85.3076923076923,
            115.2991452991453
        ]
    ],
    "hex_colors": [
        "#545876",
        "#28262f",
        "#4e5068",
        "#565a79",
        "#949391",
        "#595d7c",
        "#373640",
        "#4a4959",
        "#767773",
        "#515573"
    ],
    "hsl_color_values": [
        [
            0.6478759015771128,
            0.2910126239040704,
            118.96415770609319
        ],
        [
            0.7028301886792452,
            0.1849912739965095,
            47.75
        ],
        [
            0.6488262910798123,
            0.2520411785587504,
            104.33333333333333
        ],
        [
            0.6479384883959746,
            0.2864391449182643,
            121.85215053763442
        ],
        [
            0.1212121212121211,
            0.024663677130044782,
            148.66666666666666
        ],
        [
            0.6486838868388684,
            0.2800859894993592,
            124.68556701030928
        ],
        [
            0.6950757575757575,
            0.1527777777777778,
            64.0
        ],
        [
            0.6769230769230768,
            0.18131101813110181,
            89.625
        ],
        [
            0.20238095238095247,
            0.03899721448467959,
            119.66666666666666
        ],
        [
            0.647387432795699,
            0.2941438102297998,
            115.2991452991453
        ]
    ]
}