{
    "rgb_colors": [
        [
            62.0,
            70.0,
            98.0
        ],
        [
            66.0,
            74.0,
            102.0
        ],
        [
            65.0,
            73.0,
            101.0
        ],
        [
            58.35087719298246,
            66.35087719298245,
            94.35087719298245
        ],
        [
            69.33333333333333,
            77.33333333333333,
            105.33333333333333
        ],
        [
            63.0,
            71.0,
            99.0
        ],
        [
            60.538922155688624,
            68.53892215568862,
            96.53892215568862
        ],
        [
            67.0,
            75.0,
            103.0
        ],
        [
            68.0,
            76.0,
            104.0
        ],
        [
            64.0,
            72.0,
            100.0
        ]
    ],
    "hex_colors": [
        "#3e4662",
        "#424a66",
        "#414965",
        "#3a425e",
        "#454d69",
        "#3f4763",
        "#3c4460",
        "#434b67",
        "#444c68",
        "#404864"
    ],
    "hsl_color_values": [
        [
            0.6296296296296297,
            0.3673469387755102,
            98.0
        ],
        [
            0.6296296296296297,
            0.35294117647058826,
            102.0
        ],
        [
            0.6296296296296297,
            0.3564356435643564,
            101.0
        ],
        [
            0.6296296296296297,
            0.38155448121978425,
            94.35087719298245
        ],
        [
            0.6296296296296297,
            0.34177215189873417,
            105.33333333333333
        ],
        [
            0.6296296296296297,
            0.36363636363636365,
            99.0
        ],
        [
            0.6296296296296297,
            0.3729065872720506,
            96.53892215568862
        ],
        [
            0.6296296296296297,
            0.34951456310679613,
            103.0
        ],
        [
            0.6296296296296297,
            0.34615384615384615,
            104.0
        ],
        [
            0.6296296296296297,
            0.36,
            100.0
        ]
    ]
}