{
    "rgb_colors": [
        [
            74.34513274336283,
            86.34513274336283,
            119.34513274336283
        ],
        [
            72.0,
            84.0,
            117.0
        ],
        [
            68.0,
            80.0,
            113.0
        ],
        [
            73.0,
            85.0,
            118.0
        ],
        [
            71.0,
            83.0,
            116.0
        ],
        [
            69.0,
            81.0,
            114.0
        ],
        [
            64.38461538461539,
            76.38461538461539,
            109.38461538461539
        ],
        [
            76.625,
            88.625,
            121.625
        ],
        [
            70.0,
            82.0,
            115.0
        ],
        [
            66.72222222222223,
            78.72222222222223,
            111.72222222222223
        ]
    ],
    "hex_colors": [
        "#4a5677",
        "#485475",
        "#445071",
        "#495576",
        "#475374",
        "#455172",
        "#404c6d",
        "#4c5879",
        "#465273",
        "#424e6f"
    ],
    "hsl_color_values": [
        [
            0.6222222222222222,
            0.37705768945573187,
            119.34513274336283
        ],
        [
            0.6222222222222222,
            0.38461538461538464,
            117.0
        ],
        [
            0.6222222222222222,
            0.39823008849557523,
            113.0
        ],
        [
            0.6222222222222222,
            0.3813559322033898,
            118.0
        ],
        [
            0.6222222222222222,
            0.3879310344827586,
            116.0
        ],
        [
            0.6222222222222222,
            0.39473684210526316,
            114.0
        ],
        [
            0.6222222222222222,
            0.4113924050632911,
            109.38461538461539
        ],
        [
            0.6222222222222222,
            0.3699897225077081,
            121.625
        ],
        [
            0.6222222222222222,
            0.391304347826087,
            115.0
        ],
        [
            0.6222222222222222,
            0.40278468423669817,
            111.72222222222223
        ]
    ]
}