{
    "rgb_colors": [
        [
            82.0,
            93.0,
            122.0
        ],
        [
            79.0,
            90.0,
            119.0
        ],
        [
            84.0,
            95.0,
            124.0
        ],
        [
            85.32911392405063,
            96.32911392405063,
            125.32911392405063
        ],
        [
            75.1896551724138,
            86.1896551724138,
            115.1896551724138
        ],
        [
            83.0,
            94.0,
            123.0
        ],
        [
            87.72727272727273,
            98.72727272727273,
            127.72727272727273
        ],
        [
            81.0,
            92.0,
            121.0
        ],
        [
            77.57664233576642,
            88.57664233576642,
            117.57664233576642
        ],
        [
            80.0,
            91.0,
            120.0
        ]
    ],
    "hex_colors": [
        "#525d7a",
        "#4f5a77",
        "#545f7c",
        "#55607d",
        "#4b5673",
        "#535e7b",
        "#57627f",
        "#515c79",
        "#4d5875",
        "#505b78"
    ],
    "hsl_color_values": [
        [
            0.6208333333333332,
            0.32786885245901637,
            122.0
        ],
        [
            0.6208333333333332,
            0.33613445378151263,
            119.0
        ],
        [
            0.6208333333333332,
            0.3225806451612903,
            124.0
        ],
        [
            0.6208333333333332,
            0.31915968084031915,
            125.32911392405063
        ],
        [
            0.6208333333333332,
            0.34725340517886544,
            115.1896551724138
        ],
        [
            0.6208333333333332,
            0.3252032520325203,
            123.0
        ],
        [
            0.6208333333333332,
            0.31316725978647686,
            127.72727272727273
        ],
        [
            0.6208333333333332,
            0.3305785123966942,
            121.0
        ],
        [
            0.6208333333333332,
            0.3402036255276881,
            117.57664233576642
        ],
        [
            0.6208333333333332,
            0.3333333333333333,
            120.0
        ]
    ]
}