{
    "rgb_colors": [
        [
            85.0,
            92.0,
            129.0
        ],
        [
            89.0,
            96.0,
            133.0
        ],
        [
            92.35714285714286,
            99.35714285714286,
            136.35714285714286
        ],
        [
            88.0,
            95.0,
            132.0
        ],
        [
            87.0,
            94.0,
            131.0
        ],
        [
            91.0,
            98.0,
            135.0
        ],
        [
            84.0,
            91.0,
            128.0
        ],
        [
            90.0,
            97.0,
            134.0
        ],
        [
            82.61904761904762,
            89.61904761904762,
            126.61904761904762
        ],
        [
            86.0,
            93.0,
            130.0
        ]
    ],
    "hex_colors": [
        "#555c81",
        "#596085",
        "#5c6388",
        "#585f84",
        "#575e83",
        "#5b6287",
        "#545b80",
        "#5a6186",
        "#52597e",
        "#565d82"
    ],
    "hsl_color_values": [
        [
            0.6401515151515151,
            0.34108527131782945,
            129.0
        ],
        [
            0.6401515151515151,
            0.3308270676691729,
            133.0
        ],
        [
            0.6401515151515151,
            0.322682032477737,
            136.35714285714286
        ],
        [
            0.6401515151515151,
            0.3333333333333333,
            132.0
        ],
        [
            0.6401515151515151,
            0.33587786259541985,
            131.0
        ],
        [
            0.6401515151515151,
            0.32592592592592595,
            135.0
        ],
        [
            0.6401515151515151,
            0.34375,
            128.0
        ],
        [
            0.6401515151515151,
            0.3283582089552239,
            134.0
        ],
        [
            0.6401515151515151,
            0.34749905979691614,
            126.61904761904762
        ],
        [
            0.6401515151515151,
            0.3384615384615385,
            130.0
        ]
    ]
}