{
    "rgb_colors": [
        [
            65.59433962264151,
            73.55660377358491,
            103.5754716981132
        ],
        [
            66.55194805194805,
            74.51298701298701,
            102.46103896103897
        ],
        [
            69.325,
            77.275,
            105.9875
        ],
        [
            71.34693877551021,
            79.08163265306122,
            108.22448979591837
        ],
        [
            57.7,
            63.4,
            90.8
        ],
        [
            63.28333333333333,
            71.27222222222223,
            99.77777777777777
        ],
        [
            67.66666666666667,
            75.65185185185186,
            104.85925925925926
        ],
        [
            61.80357142857143,
            69.47321428571429,
            97.47321428571429
        ],
        [
            59.666666666666664,
            67.58823529411765,
            96.13725490196079
        ],
        [
            64.70748299319727,
            72.6734693877551,
            101.3061224489796
        ]
    ],
    "hex_colors": [
        "#414967",
        "#424a66",
        "#454d69",
        "#474f6c",
        "#393f5a",
        "#3f4763",
        "#434b68",
        "#3d4561",
        "#3b4360",
        "#404865"
    ],
    "hsl_color_values": [
        [
            0.6317271071369431,
            0.36670006375808356,
            103.5754716981132
        ],
        [
            0.6297166968053044,
            0.3504658089866279,
            102.46103896103897
        ],
        [
            0.6305261961586544,
            0.3459134331878759,
            105.9875
        ],
        [
            0.6317100166021029,
            0.3407505185743918,
            108.22448979591837
        ],
        [
            0.6379657603222558,
            0.36453744493392065,
            90.8
        ],
        [
            0.6301821687725173,
            0.36575723830734963,
            99.77777777777777
        ],
        [
            0.6308836221204275,
            0.3546905905623057,
            104.85925925925926
        ],
        [
            0.6308302044221944,
            0.365943024640469,
            97.47321428571429
        ],
        [
            0.6304659498207884,
            0.37935957576993684,
            96.13725490196079
        ],
        [
            0.6303903345724907,
            0.3612677947891486,
            101.3061224489796
        ]
    ]
}