{
    "rgb_colors": [
        [
            88.19277108433735,
            95.19277108433735,
            131.80722891566265
        ],
        [
            85.25547445255475,
            92.25547445255475,
            128.74452554744525
        ],
        [
            89.08421052631579,
            96.08421052631579,
            132.9157894736842
        ],
        [
            88.0,
            95.0,
            130.0
        ],
        [
            90.32075471698113,
            97.32075471698113,
            134.20754716981133
        ],
        [
            87.0,
            94.0,
            131.0
        ],
        [
            92.71428571428571,
            99.71428571428571,
            136.71428571428572
        ],
        [
            86.20408163265306,
            93.20408163265306,
            129.79591836734693
        ],
        [
            84.24615384615385,
            91.24615384615385,
            127.6
        ],
        [
            82.5625,
            89.5625,
            126.4375
        ]
    ],
    "hex_colors": [
        "#585f83",
        "#555c80",
        "#596084",
        "#585f82",
        "#5a6186",
        "#575e83",
        "#5c6388",
        "#565d81",
        "#545b7f",
        "#52597e"
    ],
    "hsl_color_values": [
        [
            0.6399171270718232,
            0.3308957952468007,
            131.80722891566265
        ],
        [
            0.6398399910484502,
            0.3377934006123142,
            128.74452554744525
        ],
        [
            0.6400496317643292,
            0.32976954145877885,
            132.9157894736842
        ],
        [
            0.6388888888888888,
            0.3230769230769231,
            130.0
        ],
        [
            0.6400831183720265,
            0.3270068887951639,
            134.20754716981133
        ],
        [
            0.6401515151515151,
            0.33587786259541985,
            131.0
        ],
        [
            0.6401515151515151,
            0.3218390804597702,
            136.71428571428572
        ],
        [
            0.6399032459425719,
            0.33584905660377357,
            129.79591836734693
        ],
        [
            0.6397563283652709,
            0.33976368459127076,
            127.6
        ],
        [
            0.6400759734093068,
            0.34700939199209097,
            126.4375
        ]
    ]
}