{
    "rgb_colors": [
        [
            66.48360655737704,
            74.48360655737704,
            104.48360655737704
        ],
        [
            67.98161764705883,
            75.98161764705883,
            107.0404411764706
        ],
        [
            66.0,
            74.0,
            106.0
        ],
        [
            69.3305785123967,
            77.3305785123967,
            108.6694214876033
        ],
        [
            61.05,
            69.05,
            99.35
        ],
        [
            63.964285714285715,
            71.96428571428571,
            102.33928571428571
        ],
        [
            71.82442748091603,
            79.82442748091603,
            111.47328244274809
        ],
        [
            74.54545454545455,
            82.54545454545455,
            114.18181818181819
        ],
        [
            64.73529411764706,
            72.73529411764706,
            104.73529411764706
        ],
        [
            70.24731182795699,
            78.24731182795699,
            109.75268817204301
        ]
    ],
    "hex_colors": [
        "#424a68",
        "#434b6b",
        "#424a6a",
        "#454d6c",
        "#3d4563",
        "#3f4766",
        "#474f6f",
        "#4a5272",
        "#404868",
        "#464e6d"
    ],
    "hsl_color_values": [
        [
            0.6315789473684211,
            0.3636934180591512,
            104.48360655737704
        ],
        [
            0.6325301204819277,
            0.3648978189936459,
            107.0404411764706
        ],
        [
            0.6333333333333333,
            0.37735849056603776,
            106.0
        ],
        [
            0.6327731092436975,
            0.3620047151874667,
            108.6694214876033
        ],
        [
            0.6318537859007832,
            0.3855057876195269,
            99.35
        ],
        [
            0.6319218241042345,
            0.3749781887977665,
            102.33928571428571
        ],
        [
            0.6330381209087408,
            0.355680339656235,
            111.47328244274809
        ],
        [
            0.6330275229357798,
            0.3471337579617835,
            114.18181818181819
        ],
        [
            0.6333333333333333,
            0.38191519236169613,
            104.73529411764706
        ],
        [
            0.6329159862093995,
            0.35994905457039283,
            109.75268817204301
        ]
    ]
}