{
    "rgb_colors": [
        [
            92.41843971631205,
            96.41843971631205,
            127.41843971631205
        ],
        [
            86.3970588235294,
            90.02941176470588,
            122.13235294117646
        ],
        [
            97.43037974683544,
            101.27848101265823,
            132.73417721518987
        ],
        [
            90.0,
            94.0,
            125.0
        ],
        [
            91.39393939393939,
            94.39393939393939,
            128.3939393939394
        ],
        [
            93.63636363636364,
            96.63636363636364,
            130.63636363636363
        ],
        [
            94.3452380952381,
            98.3452380952381,
            129.3452380952381
        ],
        [
            89.50485436893204,
            92.50485436893204,
            126.50485436893204
        ],
        [
            91.0,
            95.0,
            126.0
        ],
        [
            88.51612903225806,
            92.34838709677419,
            123.8516129032258
        ]
    ],
    "hex_colors": [
        "#5c607f",
        "#565a7a",
        "#616584",
        "#5a5e7d",
        "#5b5e80",
        "#5d6082",
        "#5e6281",
        "#595c7e",
        "#5b5f7e",
        "#585c7b"
    ],
    "hsl_color_values": [
        [
            0.6476190476190476,
            0.27468551708783256,
            127.41843971631205
        ],
        [
            0.6497256515775035,
            0.2925948223961469,
            122.13235294117646
        ],
        [
            0.6485000597585753,
            0.2659736791913027,
            132.73417721518987
        ],
        [
            0.6476190476190476,
            0.28,
            125.0
        ],
        [
            0.6531531531531533,
            0.28817559594052405,
            128.3939393939394
        ],
        [
            0.6531531531531533,
            0.2832289491997216,
            130.63636363636363
        ],
        [
            0.6476190476190476,
            0.27059364933271973,
            129.3452380952381
        ],
        [
            0.6531531531531533,
            0.2924788948580199,
            126.50485436893204
        ],
        [
            0.6476190476190476,
            0.2777777777777778,
            126.0
        ],
        [
            0.648591077840667,
            0.2853049955722248,
            123.8516129032258
        ]
    ]
}