{
    "rgb_colors": [
        [
            63.29655172413793,
            71.29655172413793,
            100.31724137931035
        ],
        [
            68.55172413793103,
            76.55172413793103,
            106.13793103448276
        ],
        [
            67.29054054054055,
            75.29054054054055,
            104.10135135135135
        ],
        [
            70.3030303030303,
            78.3030303030303,
            107.57575757575758
        ],
        [
            64.0,
            72.0,
            102.0
        ],
        [
            59.65079365079365,
            67.65079365079364,
            97.39682539682539
        ],
        [
            66.0,
            74.0,
            104.0
        ],
        [
            65.52577319587628,
            73.52577319587628,
            101.52577319587628
        ],
        [
            65.0,
            73.0,
            103.0
        ],
        [
            61.61344537815126,
            69.61344537815125,
            99.27731092436974
        ]
    ],
    "hex_colors": [
        "#3f4764",
        "#444c6a",
        "#434b68",
        "#464e6b",
        "#404866",
        "#3b4361",
        "#424a68",
        "#414965",
        "#414967",
        "#3d4563"
    ],
    "hsl_color_values": [
        [
            0.6306507699950323,
            0.36903616114395715,
            100.31724137931035
        ],
        [
            0.6311926605504588,
            0.3541260558804419,
            106.13793103448276
        ],
        [
            0.6304454233969653,
            0.35360550399169205,
            104.10135135135135
        ],
        [
            0.6308943089430894,
            0.34647887323943666,
            107.57575757575758
        ],
        [
            0.6315789473684211,
            0.37254901960784315,
            102.0
        ],
        [
            0.6313428651527895,
            0.3875488917861799,
            97.39682539682539
        ],
        [
            0.6315789473684211,
            0.36538461538461536,
            104.0
        ],
        [
            0.6296296296296297,
            0.35458976441917145,
            101.52577319587628
        ],
        [
            0.6315789473684211,
            0.36893203883495146,
            103.0
        ],
        [
            0.6312658039565671,
            0.37938039614017266,
            99.27731092436974
        ]
    ]
}