{
    "rgb_colors": [
        [
            75.49751243781094,
            79.44776119402985,
            100.24378109452736
        ],
        [
            63.82352941176471,
            66.05882352941177,
            87.0
        ],
        [
            77.4,
            81.35555555555555,
            102.05555555555556
        ],
        [
            67.8,
            71.32727272727273,
            92.21818181818182
        ],
        [
            71.02857142857142,
            74.97142857142858,
            95.84761904761905
        ],
        [
            79.5,
            83.5,
            104.13636363636364
        ],
        [
            69.74418604651163,
            73.62015503875969,
            94.40310077519379
        ],
        [
            73.57203389830508,
            77.54661016949153,
            98.45338983050847
        ],
        [
            57.25,
            59.25,
            80.25
        ],
        [
            72.23636363636363,
            76.10303030303031,
            96.82424242424243
        ]
    ],
    "hex_colors": [
        "#4b4f64",
        "#3f4257",
        "#4d5166",
        "#43475c",
        "#474a5f",
        "#4f5368",
        "#45495e",
        "#494d62",
        "#393b50",
        "#484c60"
    ],
    "hsl_color_values": [
        [
            0.640061653933789,
            0.24686088639634726,
            100.24378109452736
        ],
        [
            0.6505922165820643,
            0.2663962136578769,
            87.0
        ],
        [
            0.6399278954484003,
            0.24158954817637449,
            102.05555555555556
        ],
        [
            0.6425912137006701,
            0.2647870662460568,
            92.21818181818182
        ],
        [
            0.6401893067280634,
            0.2589427662957075,
            95.84761904761905
        ],
        [
            0.6396063960639605,
            0.23657791357485816,
            104.13636363636364
        ],
        [
            0.640469454050089,
            0.2612087370668418,
            94.40310077519379
        ],
        [
            0.6400431425976385,
            0.25272218635678934,
            98.45338983050847
        ],
        [
            0.6521739130434782,
            0.2866043613707165,
            80.25
        ],
        [
            0.640456823597075,
            0.2539434151226841,
            96.82424242424243
        ]
    ]
}