{
    "rgb_colors": [
        [
            72.66666666666667,
            77.66666666666667,
            102.66666666666667
        ],
        [
            67.578125,
            72.578125,
            97.578125
        ],
        [
            75.81927710843374,
            80.09638554216868,
            107.26506024096386
        ],
        [
            70.527950310559,
            74.527950310559,
            102.527950310559
        ],
        [
            72.85549132947978,
            76.85549132947978,
            104.85549132947978
        ],
        [
            66.52941176470588,
            70.52941176470588,
            98.52941176470588
        ],
        [
            69.54615384615384,
            74.54615384615384,
            99.54615384615384
        ],
        [
            68.62043795620438,
            72.62043795620438,
            100.62043795620438
        ],
        [
            71.0,
            76.0,
            101.0
        ],
        [
            65.16071428571429,
            69.96428571428571,
            95.55357142857143
        ]
    ],
    "hex_colors": [
        "#484d66",
        "#434861",
        "#4b506b",
        "#464a66",
        "#484c68",
        "#424662",
        "#454a63",
        "#444864",
        "#474c65",
        "#41455f"
    ],
    "hsl_color_values": [
        [
            0.6388888888888888,
            0.2922077922077922,
            102.66666666666667
        ],
        [
            0.6388888888888888,
            0.3074459567654123,
            97.578125
        ],
        [
            0.6439974457215837,
            0.2931596091205212,
            107.26506024096386
        ],
        [
            0.6458333333333334,
            0.31211001393348276,
            102.527950310559
        ],
        [
            0.6458333333333334,
            0.3051819184123484,
            104.85549132947978
        ],
        [
            0.6458333333333334,
            0.32477611940298506,
            98.52941176470588
        ],
        [
            0.6388888888888888,
            0.30136774592380805,
            99.54615384615384
        ],
        [
            0.6458333333333334,
            0.31802684076895177,
            100.62043795620438
        ],
        [
            0.6388888888888888,
            0.297029702970297,
            101.0
        ],
        [
            0.6403251077164122,
            0.3180713885255092,
            95.55357142857143
        ]
    ]
}