{
    "rgb_colors": [
        [
            84.0,
            91.0,
            128.0
        ],
        [
            79.42727272727272,
            86.42727272727272,
            122.39090909090909
        ],
        [
            81.46188340807174,
            88.46188340807174,
            124.03587443946188
        ],
        [
            83.0,
            90.0,
            125.0
        ],
        [
            86.16666666666667,
            93.16666666666667,
            129.83333333333334
        ],
        [
            84.3975155279503,
            91.3975155279503,
            126.3975155279503
        ],
        [
            82.0,
            89.0,
            126.0
        ],
        [
            87.43478260869566,
            94.43478260869566,
            131.17391304347825
        ],
        [
            85.33653846153847,
            92.33653846153847,
            128.66346153846155
        ],
        [
            83.0,
            90.0,
            127.0
        ]
    ],
    "hex_colors": [
        "#545b80",
        "#4f567a",
        "#51587c",
        "#535a7d",
        "#565d81",
        "#545b7e",
        "#52597e",
        "#575e83",
        "#555c80",
        "#535a7f"
    ],
    "hsl_color_values": [
        [
            0.6401515151515151,
            0.34375,
            128.0
        ],
        [
            0.6395119198758641,
            0.3510361732154795,
            122.39090909090909
        ],
        [
            0.6392633944245488,
            0.34323933477946494,
            124.03587443946188
        ],
        [
            0.6388888888888888,
            0.336,
            125.0
        ],
        [
            0.6399491094147582,
            0.3363286264441592,
            129.83333333333334
        ],
        [
            0.6388888888888888,
            0.3322850122850123,
            126.3975155279503
        ],
        [
            0.6401515151515151,
            0.3492063492063492,
            126.0
        ],
        [
            0.6399933730947648,
            0.3334438183626118,
            131.17391304347825
        ],
        [
            0.6397396064506583,
            0.33674613257604064,
            128.66346153846155
        ],
        [
            0.6401515151515151,
            0.3464566929133858,
            127.0
        ]
    ]
}