{
    "rgb_colors": [
        [
            72.62385321100918,
            84.62385321100918,
            123.62385321100918
        ],
        [
            77.0,
            89.0,
            128.0
        ],
        [
            76.0,
            88.0,
            127.0
        ],
        [
            82.51515151515152,
            94.51515151515152,
            133.5151515151515
        ],
        [
            70.33333333333333,
            82.33333333333333,
            121.33333333333333
        ],
        [
            78.0,
            90.0,
            129.0
        ],
        [
            79.0,
            91.0,
            130.0
        ],
        [
            80.38888888888889,
            92.38888888888889,
            131.38888888888889
        ],
        [
            75.0,
            87.0,
            126.0
        ],
        [
            74.0,
            86.0,
            125.0
        ]
    ],
    "hex_colors": [
        "#48547b",
        "#4d5980",
        "#4c587f",
        "#525e85",
        "#465279",
        "#4e5a81",
        "#4f5b82",
        "#505c83",
        "#4b577e",
        "#4a567d"
    ],
    "hsl_color_values": [
        [
            0.6274509803921569,
            0.4125417439703154,
            123.62385321100918
        ],
        [
            0.6274509803921569,
            0.3984375,
            128.0
        ],
        [
            0.6274509803921569,
            0.4015748031496063,
            127.0
        ],
        [
            0.6274509803921569,
            0.38197911938265994,
            133.5151515151515
        ],
        [
            0.6274509803921569,
            0.42032967032967034,
            121.33333333333333
        ],
        [
            0.6274509803921569,
            0.3953488372093023,
            129.0
        ],
        [
            0.6274509803921569,
            0.3923076923076923,
            130.0
        ],
        [
            0.6274509803921569,
            0.3881606765327696,
            131.38888888888889
        ],
        [
            0.6274509803921569,
            0.40476190476190477,
            126.0
        ],
        [
            0.6274509803921569,
            0.408,
            125.0
        ]
    ]
}