{
    "rgb_colors": [
        [
            103.10045662100457,
            110.10045662100457,
            137.10045662100455
        ],
        [
            108.95431472081218,
            115.95431472081218,
            142.9543147208122
        ],
        [
            96.14,
            103.14,
            130.14
        ],
        [
            105.0,
            112.0,
            139.0
        ],
        [
            106.54729729729729,
            113.54729729729729,
            140.5472972972973
        ],
        [
            98.61666666666667,
            105.61666666666667,
            132.61666666666667
        ],
        [
            100.5959595959596,
            107.5959595959596,
            134.59595959595958
        ],
        [
            114.6888888888889,
            121.6888888888889,
            148.6888888888889
        ],
        [
            118.36363636363636,
            125.36363636363636,
            152.36363636363637
        ],
        [
            111.83333333333333,
            118.83333333333333,
            145.83333333333334
        ]
    ],
    "hex_colors": [
        "#676e89",
        "#6c738e",
        "#606782",
        "#69708b",
        "#6a718c",
        "#626984",
        "#646b86",
        "#727994",
        "#767d98",
        "#6f7691"
    ],
    "hsl_color_values": [
        [
            0.6323529411764706,
            0.24799333888426303,
            137.10045662100455
        ],
        [
            0.6323529411764706,
            0.23783822171720767,
            142.9543147208122
        ],
        [
            0.6323529411764706,
            0.2612571077301367,
            130.14
        ],
        [
            0.6323529411764706,
            0.2446043165467626,
            139.0
        ],
        [
            0.6323529411764706,
            0.241911446565069,
            140.5472972972973
        ],
        [
            0.6323529411764706,
            0.2563780319215785,
            132.61666666666667
        ],
        [
            0.6323529411764706,
            0.25260787992495304,
            134.59595959595958
        ],
        [
            0.6323529411764706,
            0.2286653713944104,
            148.6888888888889
        ],
        [
            0.6323529411764706,
            0.2231503579952268,
            152.36363636363637
        ],
        [
            0.6323529411764706,
            0.23314285714285723,
            145.83333333333334
        ]
    ]
}