{
    "rgb_colors": [
        [
            82.30188679245283,
            91.77358490566037,
            121.28301886792453
        ],
        [
            89.37301587301587,
            97.37301587301587,
            127.37301587301587
        ],
        [
            91.3972602739726,
            99.76712328767124,
            129.64383561643837
        ],
        [
            86.0,
            97.0,
            126.0
        ],
        [
            87.42134831460675,
            95.42134831460675,
            125.42134831460675
        ],
        [
            85.64102564102564,
            93.64102564102564,
            123.64102564102564
        ],
        [
            87.25,
            98.25,
            127.25
        ],
        [
            82.57723577235772,
            93.57723577235772,
            122.57723577235772
        ],
        [
            84.0,
            95.0,
            124.0
        ],
        [
            85.0,
            96.0,
            125.0
        ]
    ],
    "hex_colors": [
        "#525b79",
        "#59617f",
        "#5b6381",
        "#56617e",
        "#575f7d",
        "#555d7b",
        "#57627f",
        "#525d7a",
        "#545f7c",
        "#55607d"
    ],
    "hsl_color_values": [
        [
            0.6261697321716683,
            0.3214063472308649,
            121.28301886792453
        ],
        [
            0.6315789473684211,
            0.29833634494361017,
            127.37301587301587
        ],
        [
            0.6301934097421203,
            0.29501267962806427,
            129.64383561643837
        ],
        [
            0.6208333333333332,
            0.31746031746031744,
            126.0
        ],
        [
            0.6315789473684211,
            0.3029787234042553,
            125.42134831460675
        ],
        [
            0.6315789473684211,
            0.30734135213604313,
            123.64102564102564
        ],
        [
            0.6208333333333332,
            0.3143418467583497,
            127.25
        ],
        [
            0.6208333333333332,
            0.3263248656894608,
            122.57723577235772
        ],
        [
            0.6208333333333332,
            0.3225806451612903,
            124.0
        ],
        [
            0.6208333333333332,
            0.32,
            125.0
        ]
    ]
}