{
    "rgb_colors": [
        [
            66.3,
            74.3,
            102.3
        ],
        [
            71.0,
            79.0,
            107.0
        ],
        [
            63.083333333333336,
            71.08333333333333,
            99.08333333333333
        ],
        [
            69.09569377990431,
            77.09569377990431,
            105.09569377990431
        ],
        [
            77.31132075471697,
            85.31132075471697,
            113.31132075471697
        ],
        [
            75.50295857988166,
            83.50295857988166,
            111.50295857988166
        ],
        [
            73.0,
            81.0,
            109.0
        ],
        [
            80.08108108108108,
            88.08108108108108,
            116.08108108108108
        ],
        [
            74.0,
            82.0,
            110.0
        ],
        [
            72.0,
            80.0,
            108.0
        ]
    ],
    "hex_colors": [
        "#424a66",
        "#474f6b",
        "#3f4763",
        "#454d69",
        "#4d5571",
        "#4b536f",
        "#49516d",
        "#505874",
        "#4a526e",
        "#48506c"
    ],
    "hsl_color_values": [
        [
            0.6296296296296297,
            0.3519061583577713,
            102.3
        ],
        [
            0.6296296296296297,
            0.3364485981308411,
            107.0
        ],
        [
            0.6296296296296297,
            0.36333052985702263,
            99.08333333333333
        ],
        [
            0.6296296296296297,
            0.34254495788754835,
            105.09569377990431
        ],
        [
            0.6296296296296297,
            0.3177087669636167,
            113.31132075471697
        ],
        [
            0.6296296296296297,
            0.32286138824028865,
            111.50295857988166
        ],
        [
            0.6296296296296297,
            0.3302752293577982,
            109.0
        ],
        [
            0.6296296296296297,
            0.310128055878929,
            116.08108108108108
        ],
        [
            0.6296296296296297,
            0.32727272727272727,
            110.0
        ],
        [
            0.6296296296296297,
            0.3333333333333333,
            108.0
        ]
    ]
}