{
    "rgb_colors": [
        [
            90.38167938931298,
            102.38167938931298,
            141.38167938931298
        ],
        [
            88.0,
            100.0,
            139.0
        ],
        [
            86.0,
            98.0,
            137.0
        ],
        [
            85.0,
            97.0,
            136.0
        ],
        [
            82.78846153846153,
            94.78846153846153,
            133.78846153846155
        ],
        [
            99.11111111111111,
            111.11111111111111,
            150.11111111111111
        ],
        [
            89.0,
            101.0,
            140.0
        ],
        [
            92.79661016949153,
            104.79661016949153,
            143.79661016949152
        ],
        [
            87.0,
            99.0,
            138.0
        ],
        [
            84.0,
            96.0,
            135.0
        ]
    ],
    "hex_colors": [
        "#5a668d",
        "#58648b",
        "#566289",
        "#556188",
        "#525e85",
        "#636f96",
        "#59658c",
        "#5c688f",
        "#57638a",
        "#546087"
    ],
    "hsl_color_values": [
        [
            0.6274509803921569,
            0.36072566276119,
            141.38167938931298
        ],
        [
            0.6274509803921569,
            0.3669064748201439,
            139.0
        ],
        [
            0.6274509803921569,
            0.3722627737226277,
            137.0
        ],
        [
            0.6274509803921569,
            0.375,
            136.0
        ],
        [
            0.6274509803921569,
            0.38119879258301,
            133.78846153846155
        ],
        [
            0.6274509803921569,
            0.3397483345669874,
            150.11111111111111
        ],
        [
            0.6274509803921569,
            0.36428571428571427,
            140.0
        ],
        [
            0.6274509803921569,
            0.3546676096181046,
            143.79661016949152
        ],
        [
            0.6274509803921569,
            0.3695652173913043,
            138.0
        ],
        [
            0.6274509803921569,
            0.37777777777777777,
            135.0
        ]
    ]
}