{
    "rgb_colors": [
        [
            76.512,
            86.624,
            120.224
        ],
        [
            44.5,
            54.0,
            86.0
        ],
        [
            128.11510791366908,
            128.19424460431654,
            150.19424460431654
        ],
        [
            70.16176470588235,
            80.33823529411765,
            114.25735294117646
        ],
        [
            119.85849056603773,
            122.30188679245283,
            145.0
        ],
        [
            88.72151898734177,
            98.41772151898734,
            129.77215189873417
        ],
        [
            97.28735632183908,
            105.02298850574712,
            135.0
        ],
        [
            82.70866141732283,
            92.77952755905511,
            125.64566929133858
        ],
        [
            108.98989898989899,
            113.81818181818181,
            140.04040404040404
        ],
        [
            62.38135593220339,
            72.77118644067797,
            106.46610169491525
        ]
    ],
    "hex_colors": [
        "#4c5678",
        "#2c3656",
        "#808096",
        "#465072",
        "#777a91",
        "#586281",
        "#616987",
        "#525c7d",
        "#6c718c",
        "#3e486a"
    ],
    "hsl_color_values": [
        [
            0.6281112737920936,
            0.3635879691243013,
            120.224
        ],
        [
            0.6285140562248995,
            0.48255813953488375,
            86.0
        ],
        [
            0.6660692951015533,
            0.14700387986779695,
            150.19424460431654
        ],
        [
            0.6282029903840809,
            0.38593217066735314,
            114.25735294117646
        ],
        [
            0.6504690431519699,
            0.17338972023422256,
            145.0
        ],
        [
            0.6272998252646725,
            0.31632852126414357,
            129.77215189873417
        ],
        [
            0.6324799349791731,
            0.2793529161345253,
            135.0
        ],
        [
            0.6275750351488477,
            0.34173090179858373,
            125.64566929133858
        ],
        [
            0.6407503795272175,
            0.22172533179457588,
            140.04040404040404
        ],
        [
            0.6273869024734077,
            0.4140730717185385,
            106.46610169491525
        ]
    ]
}