{
    "rgb_colors": [
        [
            68.0,
            81.0,
            117.0
        ],
        [
            64.44,
            77.36,
            113.6
        ],
        [
            70.45901639344262,
            82.45901639344262,
            121.45901639344262
        ],
        [
            70.0,
            83.0,
            119.0
        ],
        [
            72.23611111111111,
            85.05555555555556,
            121.59722222222223
        ],
        [
            69.0,
            81.0,
            120.0
        ],
        [
            67.77777777777777,
            79.77777777777777,
            118.77777777777777
        ],
        [
            69.0,
            82.0,
            118.0
        ],
        [
            71.0,
            84.0,
            120.0
        ],
        [
            66.68666666666667,
            79.66666666666667,
            115.72666666666666
        ]
    ],
    "hex_colors": [
        "#445175",
        "#404d71",
        "#465279",
        "#465377",
        "#485579",
        "#455178",
        "#434f76",
        "#455276",
        "#475478",
        "#424f73"
    ],
    "hsl_color_values": [
        [
            0.6224489795918368,
            0.4188034188034188,
            117.0
        ],
        [
            0.6228641171684296,
            0.4327464788732394,
            113.6
        ],
        [
            0.6274509803921569,
            0.41989472263463357,
            121.45901639344262
        ],
        [
            0.6224489795918368,
            0.4117647058823529,
            119.0
        ],
        [
            0.6233821046707936,
            0.40593946316390633,
            121.59722222222223
        ],
        [
            0.6274509803921569,
            0.425,
            120.0
        ],
        [
            0.6274509803921569,
            0.4293732460243218,
            118.77777777777777
        ],
        [
            0.6224489795918368,
            0.4152542372881356,
            118.0
        ],
        [
            0.6224489795918368,
            0.4083333333333333,
            120.0
        ],
        [
            0.6225530179445351,
            0.42375712886687017,
            115.72666666666666
        ]
    ]
}