{
    "rgb_colors": [
        [
            65.0,
            73.0,
            101.0
        ],
        [
            62.3859649122807,
            70.3859649122807,
            98.80701754385964
        ],
        [
            67.75324675324676,
            75.75324675324676,
            104.24675324675324
        ],
        [
            59.975,
            67.975,
            96.425
        ],
        [
            70.6063829787234,
            78.6063829787234,
            106.81914893617021
        ],
        [
            66.8076923076923,
            74.8076923076923,
            103.1923076923077
        ],
        [
            68.84848484848484,
            76.84848484848484,
            105.41414141414141
        ],
        [
            66.0,
            74.0,
            102.0
        ],
        [
            63.80833333333334,
            71.80833333333334,
            100.19166666666666
        ],
        [
            64.55555555555556,
            72.55555555555556,
            102.55555555555556
        ]
    ],
    "hex_colors": [
        "#414965",
        "#3e4662",
        "#434b68",
        "#3b4360",
        "#464e6a",
        "#424a67",
        "#444c69",
        "#424a66",
        "#3f4764",
        "#404866"
    ],
    "hsl_color_values": [
        [
            0.6296296296296297,
            0.3564356435643564,
            101.0
        ],
        [
            0.6300578034682082,
            0.36860795454545453,
            98.80701754385964
        ],
        [
            0.6301304863582443,
            0.35006851874922135,
            104.24675324675324
        ],
        [
            0.6300868770004572,
            0.3780140005185377,
            96.425
        ],
        [
            0.6298472385428907,
            0.33901005875908774,
            106.81914893617021
        ],
        [
            0.6300211416490487,
            0.35259038389862096,
            103.1923076923077
        ],
        [
            0.6302025782688766,
            0.3468761977769261,
            105.41414141414141
        ],
        [
            0.6296296296296297,
            0.35294117647058826,
            102.0
        ],
        [
            0.6300198503588335,
            0.36313732013640515,
            100.19166666666666
        ],
        [
            0.6315789473684211,
            0.3705308775731311,
            102.55555555555556
        ]
    ]
}