{
    "rgb_colors": [
        [
            68.0,
            79.0,
            116.0
        ],
        [
            69.0,
            80.0,
            117.0
        ],
        [
            62.51851851851852,
            73.51851851851852,
            110.51851851851852
        ],
        [
            67.0,
            78.0,
            115.0
        ],
        [
            64.65789473684211,
            75.65789473684211,
            112.65789473684211
        ],
        [
            70.0,
            81.0,
            118.0
        ],
        [
            66.0,
            77.0,
            114.0
        ],
        [
            73.45161290322581,
            84.45161290322581,
            121.45161290322581
        ],
        [
            71.0,
            82.0,
            119.0
        ],
        [
            72.0,
            83.0,
            120.0
        ]
    ],
    "hex_colors": [
        "#444f74",
        "#455075",
        "#3e496e",
        "#434e73",
        "#404b70",
        "#465176",
        "#424d72",
        "#495479",
        "#475277",
        "#485378"
    ],
    "hsl_color_values": [
        [
            0.6284722222222222,
            0.41379310344827586,
            116.0
        ],
        [
            0.6284722222222222,
            0.41025641025641024,
            117.0
        ],
        [
            0.6284722222222222,
            0.4343163538873995,
            110.51851851851852
        ],
        [
            0.6284722222222222,
            0.41739130434782606,
            115.0
        ],
        [
            0.6284722222222222,
            0.4260686755430974,
            112.65789473684211
        ],
        [
            0.6284722222222222,
            0.4067796610169492,
            118.0
        ],
        [
            0.6284722222222222,
            0.42105263157894735,
            114.0
        ],
        [
            0.6284722222222222,
            0.3952191235059761,
            121.45161290322581
        ],
        [
            0.6284722222222222,
            0.40336134453781514,
            119.0
        ],
        [
            0.6284722222222222,
            0.4,
            120.0
        ]
    ]
}