{
    "rgb_colors": [
        [
            90.0,
            98.0,
            128.0
        ],
        [
            87.0,
            95.0,
            125.0
        ],
        [
            98.5,
            106.5,
            136.5
        ],
        [
            93.75943396226415,
            101.75943396226415,
            131.75943396226415
        ],
        [
            91.0,
            99.0,
            129.0
        ],
        [
            92.0,
            100.0,
            130.0
        ],
        [
            89.0,
            97.0,
            127.0
        ],
        [
            88.0,
            96.0,
            126.0
        ],
        [
            85.43333333333334,
            93.43333333333334,
            123.43333333333334
        ],
        [
            96.3103448275862,
            104.3103448275862,
            134.31034482758622
        ]
    ],
    "hex_colors": [
        "#5a6280",
        "#575f7d",
        "#626a88",
        "#5d6583",
        "#5b6381",
        "#5c6482",
        "#59617f",
        "#58607e",
        "#555d7b",
        "#606886"
    ],
    "hsl_color_values": [
        [
            0.6315789473684211,
            0.296875,
            128.0
        ],
        [
            0.6315789473684211,
            0.304,
            125.0
        ],
        [
            0.6315789473684211,
            0.2783882783882784,
            136.5
        ],
        [
            0.6315789473684211,
            0.2884043962338453,
            131.75943396226415
        ],
        [
            0.6315789473684211,
            0.29457364341085274,
            129.0
        ],
        [
            0.6315789473684211,
            0.2923076923076923,
            130.0
        ],
        [
            0.6315789473684211,
            0.2992125984251969,
            127.0
        ],
        [
            0.6315789473684211,
            0.30158730158730157,
            126.0
        ],
        [
            0.6315789473684211,
            0.30785849311369157,
            123.43333333333334
        ],
        [
            0.6315789473684211,
            0.28292682926829277,
            134.31034482758622
        ]
    ]
}