{
    "rgb_colors": [
        [
            80.7451923076923,
            89.7451923076923,
            115.7451923076923
        ],
        [
            76.0,
            85.0,
            111.0
        ],
        [
            72.125,
            81.125,
            107.125
        ],
        [
            78.0,
            87.0,
            113.0
        ],
        [
            75.0,
            84.0,
            110.0
        ],
        [
            77.0,
            86.0,
            112.0
        ],
        [
            79.0,
            88.0,
            114.0
        ],
        [
            85.74074074074073,
            94.74074074074073,
            120.74074074074073
        ],
        [
            74.0,
            83.0,
            109.0
        ],
        [
            83.34615384615384,
            92.34615384615384,
            118.34615384615384
        ]
    ],
    "hex_colors": [
        "#505973",
        "#4c556f",
        "#48516b",
        "#4e5771",
        "#4b546e",
        "#4d5670",
        "#4f5872",
        "#555e78",
        "#4a536d",
        "#535c76"
    ],
    "hsl_color_values": [
        [
            0.6238095238095238,
            0.3023883696780893,
            115.7451923076923
        ],
        [
            0.6238095238095238,
            0.3153153153153153,
            111.0
        ],
        [
            0.6238095238095238,
            0.3267211201866978,
            107.125
        ],
        [
            0.6238095238095238,
            0.30973451327433627,
            113.0
        ],
        [
            0.6238095238095238,
            0.3181818181818182,
            110.0
        ],
        [
            0.6238095238095238,
            0.3125,
            112.0
        ],
        [
            0.6238095238095238,
            0.30701754385964913,
            114.0
        ],
        [
            0.6238095238095238,
            0.2898773006134969,
            120.74074074074073
        ],
        [
            0.6238095238095238,
            0.3211009174311927,
            109.0
        ],
        [
            0.6238095238095238,
            0.29574260643483913,
            118.34615384615384
        ]
    ]
}