{
    "rgb_colors": [
        [
            85.0,
            96.0,
            133.0
        ],
        [
            86.0,
            97.0,
            134.0
        ],
        [
            82.67391304347827,
            93.67391304347827,
            130.67391304347825
        ],
        [
            90.25,
            101.25,
            138.25
        ],
        [
            88.0,
            99.0,
            136.0
        ],
        [
            92.3076923076923,
            103.3076923076923,
            140.30769230769232
        ],
        [
            87.0,
            98.0,
            135.0
        ],
        [
            84.0,
            95.0,
            132.0
        ],
        [
            89.0,
            100.0,
            137.0
        ],
        [
            80.70588235294117,
            91.70588235294117,
            128.7058823529412
        ]
    ],
    "hex_colors": [
        "#556085",
        "#566186",
        "#525d82",
        "#5a658a",
        "#586388",
        "#5c678c",
        "#576287",
        "#545f84",
        "#596489",
        "#505b80"
    ],
    "hsl_color_values": [
        [
            0.6284722222222222,
            0.3609022556390977,
            133.0
        ],
        [
            0.6284722222222222,
            0.3582089552238806,
            134.0
        ],
        [
            0.6284722222222222,
            0.36732656795874224,
            130.67391304347825
        ],
        [
            0.6284722222222222,
            0.3471971066907776,
            138.25
        ],
        [
            0.6284722222222222,
            0.35294117647058826,
            136.0
        ],
        [
            0.6284722222222222,
            0.3421052631578948,
            140.30769230769232
        ],
        [
            0.6284722222222222,
            0.35555555555555557,
            135.0
        ],
        [
            0.6284722222222222,
            0.36363636363636365,
            132.0
        ],
        [
            0.6284722222222222,
            0.35036496350364965,
            137.0
        ],
        [
            0.6284722222222222,
            0.3729433272394882,
            128.7058823529412
        ]
    ]
}