{
    "rgb_colors": [
        [
            90.0,
            102.0,
            141.0
        ],
        [
            92.0,
            104.0,
            143.0
        ],
        [
            86.52272727272727,
            98.52272727272727,
            137.52272727272728
        ],
        [
            95.0,
            107.0,
            146.0
        ],
        [
            89.0,
            101.0,
            140.0
        ],
        [
            96.23529411764706,
            108.23529411764706,
            147.23529411764707
        ],
        [
            88.0,
            100.0,
            139.0
        ],
        [
            94.0,
            106.0,
            145.0
        ],
        [
            93.0,
            105.0,
            144.0
        ],
        [
            91.0,
            103.0,
            142.0
        ]
    ],
    "hex_colors": [
        "#5a668d",
        "#5c688f",
        "#566289",
        "#5f6b92",
        "#59658c",
        "#606c93",
        "#58648b",
        "#5e6a91",
        "#5d6990",
        "#5b678e"
    ],
    "hsl_color_values": [
        [
            0.6274509803921569,
            0.3617021276595745,
            141.0
        ],
        [
            0.6274509803921569,
            0.35664335664335667,
            143.0
        ],
        [
            0.6274509803921569,
            0.37084779375309873,
            137.52272727272728
        ],
        [
            0.6274509803921569,
            0.3493150684931507,
            146.0
        ],
        [
            0.6274509803921569,
            0.36428571428571427,
            140.0
        ],
        [
            0.6274509803921569,
            0.34638433879344793,
            147.23529411764707
        ],
        [
            0.6274509803921569,
            0.3669064748201439,
            139.0
        ],
        [
            0.6274509803921569,
            0.35172413793103446,
            145.0
        ],
        [
            0.6274509803921569,
            0.3541666666666667,
            144.0
        ],
        [
            0.6274509803921569,
            0.3591549295774648,
            142.0
        ]
    ]
}