{
    "rgb_colors": [
        [
            64.71641791044776,
            75.71641791044776,
            111.71641791044776
        ],
        [
            75.8,
            86.8,
            122.8
        ],
        [
            67.0,
            78.0,
            114.0
        ],
        [
            68.0,
            79.0,
            115.0
        ],
        [
            69.0,
            80.0,
            116.0
        ],
        [
            71.4070796460177,
            82.4070796460177,
            118.4070796460177
        ],
        [
            70.0,
            81.0,
            117.0
        ],
        [
            66.0,
            77.0,
            113.0
        ],
        [
            73.33333333333333,
            84.33333333333333,
            120.33333333333333
        ],
        [
            62.714285714285715,
            73.71428571428571,
            109.71428571428571
        ]
    ],
    "hex_colors": [
        "#404b6f",
        "#4b567a",
        "#434e72",
        "#444f73",
        "#455074",
        "#475276",
        "#465175",
        "#424d71",
        "#495478",
        "#3e496d"
    ],
    "hsl_color_values": [
        [
            0.6276595744680851,
            0.42070808283233135,
            111.71641791044776
        ],
        [
            0.6276595744680851,
            0.38273615635179153,
            122.8
        ],
        [
            0.6276595744680851,
            0.41228070175438597,
            114.0
        ],
        [
            0.6276595744680851,
            0.40869565217391307,
            115.0
        ],
        [
            0.6276595744680851,
            0.4051724137931034,
            116.0
        ],
        [
            0.6276595744680851,
            0.39693572496263074,
            118.4070796460177
        ],
        [
            0.6276595744680851,
            0.4017094017094017,
            117.0
        ],
        [
            0.6276595744680851,
            0.415929203539823,
            113.0
        ],
        [
            0.6276595744680851,
            0.39058171745152354,
            120.33333333333333
        ],
        [
            0.6276595744680851,
            0.42838541666666663,
            109.71428571428571
        ]
    ]
}