{
    "rgb_colors": [
        [
            70.27642276422765,
            80.27642276422765,
            112.27642276422765
        ],
        [
            64.88888888888889,
            75.11111111111111,
            106.44444444444444
        ],
        [
            72.92261904761905,
            82.92261904761905,
            114.92261904761905
        ],
        [
            75.42592592592592,
            85.42592592592592,
            117.42592592592592
        ],
        [
            77.72916666666667,
            88.52083333333333,
            118.14583333333333
        ],
        [
            67.72727272727273,
            78.22727272727273,
            108.72727272727273
        ],
        [
            74.8415300546448,
            85.8415300546448,
            114.8415300546448
        ],
        [
            69.67924528301887,
            80.67924528301887,
            109.67924528301887
        ],
        [
            71.60732984293193,
            82.60732984293193,
            111.60732984293193
        ],
        [
            73.0,
            84.0,
            113.0
        ]
    ],
    "hex_colors": [
        "#465070",
        "#404b6a",
        "#485272",
        "#4b5575",
        "#4d5876",
        "#434e6c",
        "#4a5572",
        "#45506d",
        "#47526f",
        "#495471"
    ],
    "hsl_color_values": [
        [
            0.626984126984127,
            0.3740767559739319,
            112.27642276422765
        ],
        [
            0.6256684491978609,
            0.39039665970772447,
            106.44444444444444
        ],
        [
            0.626984126984127,
            0.36546330346506445,
            114.92261904761905
        ],
        [
            0.626984126984127,
            0.35767229143668194,
            117.42592592592592
        ],
        [
            0.6221649484536083,
            0.3420913419150061,
            118.14583333333333
        ],
        [
            0.6239837398373984,
            0.37709030100334445,
            108.72727272727273
        ],
        [
            0.6208333333333332,
            0.3483060525314047,
            114.8415300546448
        ],
        [
            0.6208333333333332,
            0.36469981076896607,
            109.67924528301887
        ],
        [
            0.6208333333333332,
            0.35839939954027306,
            111.60732984293193
        ],
        [
            0.6208333333333332,
            0.35398230088495575,
            113.0
        ]
    ]
}