{
    "rgb_colors": [
        [
            88.0,
            97.0,
            135.0
        ],
        [
            83.26771653543307,
            93.85039370078741,
            130.88188976377953
        ],
        [
            88.80952380952381,
            99.26984126984127,
            136.11111111111111
        ],
        [
            80.66071428571429,
            91.35714285714286,
            128.42857142857142
        ],
        [
            82.2967032967033,
            92.81318681318682,
            129.8901098901099
        ],
        [
            90.86111111111111,
            101.22222222222223,
            138.0
        ],
        [
            87.31645569620252,
            98.0,
            134.68354430379748
        ],
        [
            86.48344370860927,
            96.83443708609272,
            133.68211920529802
        ],
        [
            84.42105263157895,
            94.75438596491227,
            131.82456140350877
        ],
        [
            85.37974683544304,
            95.84810126582279,
            132.77215189873417
        ]
    ],
    "hex_colors": [
        "#586187",
        "#535d82",
        "#586388",
        "#505b80",
        "#525c81",
        "#5a658a",
        "#576286",
        "#566085",
        "#545e83",
        "#555f84"
    ],
    "hsl_color_values": [
        [
            0.6347517730496454,
            0.34814814814814815,
            135.0
        ],
        [
            0.6296235047682046,
            0.3637949705209963,
            130.88188976377953
        ],
        [
            0.6298098434004474,
            0.34752186588921286,
            136.11111111111111
        ],
        [
            0.6293457943925235,
            0.37194104560622904,
            128.42857142857142
        ],
        [
            0.6298391441545448,
            0.3664128595600677,
            129.8901098901099
        ],
        [
            0.6300333922608524,
            0.34158615136876,
            138.0
        ],
        [
            0.6290753607696419,
            0.35169172932330833,
            134.68354430379748
        ],
        [
            0.6301155231280108,
            0.353066481720004,
            133.68211920529802
        ],
        [
            0.6303355539106835,
            0.3595954218791589,
            131.82456140350877
        ],
        [
            0.629852207977208,
            0.3569453713414052,
            132.77215189873417
        ]
    ]
}