{
    "rgb_colors": [
        [
            95.54032258064517,
            98.54032258064517,
            132.54032258064515
        ],
        [
            95.68181818181819,
            99.68181818181819,
            130.6818181818182
        ],
        [
            97.5379746835443,
            101.5379746835443,
            132.5379746835443
        ],
        [
            99.0,
            102.0,
            136.0
        ],
        [
            93.11627906976744,
            96.36434108527132,
            129.6201550387597
        ],
        [
            100.39285714285714,
            103.39285714285714,
            137.39285714285714
        ],
        [
            98.0,
            101.0,
            135.0
        ],
        [
            102.62650602409639,
            106.19277108433735,
            138.49397590361446
        ],
        [
            97.0,
            100.0,
            134.0
        ],
        [
            99.78064516129032,
            103.78064516129032,
            134.78064516129032
        ]
    ],
    "hex_colors": [
        "#5f6284",
        "#5f6382",
        "#616584",
        "#636688",
        "#5d6081",
        "#646789",
        "#626587",
        "#666a8a",
        "#616486",
        "#636786"
    ],
    "hsl_color_values": [
        [
            0.6531531531531533,
            0.27916032856708234,
            132.54032258064515
        ],
        [
            0.6476190476190476,
            0.2678260869565217,
            130.6818181818182
        ],
        [
            0.6476190476190476,
            0.2640752590611718,
            132.5379746835443
        ],
        [
            0.6531531531531533,
            0.27205882352941174,
            136.0
        ],
        [
            0.651836908048418,
            0.281621912565038,
            129.6201550387597
        ],
        [
            0.6531531531531533,
            0.26930075383415647,
            137.39285714285714
        ],
        [
            0.6531531531531533,
            0.2740740740740741,
            135.0
        ],
        [
            0.6500951741126414,
            0.2589821661591996,
            138.49397590361446
        ],
        [
            0.6531531531531533,
            0.27611940298507465,
            134.0
        ],
        [
            0.6476190476190476,
            0.25968120243166914,
            134.78064516129032
        ]
    ]
}