{
    "rgb_colors": [
        [
            74.46913580246914,
            84.46913580246914,
            116.46913580246914
        ],
        [
            70.70526315789473,
            80.88421052631578,
            112.34736842105264
        ],
        [
            72.0,
            82.0,
            114.0
        ],
        [
            76.984375,
            87.1875,
            118.578125
        ],
        [
            68.5625,
            78.6875,
            110.3125
        ],
        [
            76.31147540983606,
            87.31147540983606,
            116.31147540983606
        ],
        [
            75.0,
            86.0,
            115.0
        ],
        [
            73.0,
            83.0,
            115.0
        ],
        [
            74.0,
            85.0,
            114.0
        ],
        [
            72.65934065934066,
            83.65934065934066,
            112.65934065934066
        ]
    ],
    "hex_colors": [
        "#4a5474",
        "#465070",
        "#485272",
        "#4c5776",
        "#444e6e",
        "#4c5774",
        "#4b5673",
        "#495373",
        "#4a5572",
        "#485370"
    ],
    "hsl_color_values": [
        [
            0.626984126984127,
            0.3606105575577698,
            116.46913580246914
        ],
        [
            0.6259268621503202,
            0.37065492363908936,
            112.34736842105264
        ],
        [
            0.626984126984127,
            0.3684210526315789,
            114.0
        ],
        [
            0.6257826195842725,
            0.35077085254974305,
            118.578125
        ],
        [
            0.6262475049900199,
            0.3784702549575071,
            110.3125
        ],
        [
            0.6208333333333332,
            0.3439041578576462,
            116.31147540983606
        ],
        [
            0.6208333333333332,
            0.34782608695652173,
            115.0
        ],
        [
            0.626984126984127,
            0.3652173913043478,
            115.0
        ],
        [
            0.6208333333333332,
            0.3508771929824561,
            114.0
        ],
        [
            0.6208333333333332,
            0.3550526726492392,
            112.65934065934066
        ]
    ]
}