{
    "rgb_colors": [
        [
            74.58789625360231,
            78.57636887608069,
            99.02305475504323
        ],
        [
            71.57831325301204,
            75.65060240963855,
            94.81927710843374
        ],
        [
            9.200000000000003,
            12.399999999999991,
            27.200000000000003
        ],
        [
            52.5625,
            56.3125,
            72.6875
        ],
        [
            25.454545454545453,
            28.909090909090907,
            42.18181818181818
        ],
        [
            80.69613259668509,
            84.67955801104972,
            104.85082872928177
        ],
        [
            38.25,
            41.25,
            57.25
        ],
        [
            63.8421052631579,
            67.94736842105263,
            84.0
        ],
        [
            16.800000000000004,
            19.933333333333337,
            35.13333333333333
        ],
        [
            76.9607250755287,
            80.94259818731118,
            101.65558912386707
        ]
    ],
    "hex_colors": [
        "#4a4e63",
        "#474b5e",
        "#090c1b",
        "#343848",
        "#191c2a",
        "#505468",
        "#262939",
        "#3f4354",
        "#101323",
        "#4c5065"
    ],
    "hsl_color_values": [
        [
            0.6394622007312183,
            0.2467623177439539,
            99.02305475504323
        ],
        [
            0.6374632797649905,
            0.24510800508259223,
            94.81927710843374
        ],
        [
            0.6370370370370372,
            0.6617647058823529,
            27.200000000000003
        ],
        [
            0.6356107660455487,
            0.2768701633705933,
            72.6875
        ],
        [
            0.6322463768115942,
            0.39655172413793105,
            42.18181818181818
        ],
        [
            0.6391811527904849,
            0.2303720096954368,
            104.85082872928177
        ],
        [
            0.6403508771929824,
            0.3318777292576419,
            57.25
        ],
        [
            0.6327241079199304,
            0.23997493734335837,
            84.0
        ],
        [
            0.6381818181818182,
            0.5218216318785578,
            35.13333333333333
        ],
        [
            0.6397928390832721,
            0.2429267712791251,
            101.65558912386707
        ]
    ]
}