{
    "rgb_colors": [
        [
            69.0,
            80.0,
            117.0
        ],
        [
            65.0,
            76.0,
            113.0
        ],
        [
            63.509433962264154,
            74.50943396226415,
            111.50943396226415
        ],
        [
            70.0,
            81.0,
            118.0
        ],
        [
            71.0,
            82.0,
            119.0
        ],
        [
            68.0,
            79.0,
            116.0
        ],
        [
            66.0,
            77.0,
            114.0
        ],
        [
            72.0,
            83.0,
            120.0
        ],
        [
            73.52857142857142,
            84.52857142857142,
            121.52857142857142
        ],
        [
            67.0,
            78.0,
            115.0
        ]
    ],
    "hex_colors": [
        "#455075",
        "#414c71",
        "#3f4a6f",
        "#465176",
        "#475277",
        "#444f74",
        "#424d72",
        "#485378",
        "#495479",
        "#434e73"
    ],
    "hsl_color_values": [
        [
            0.6284722222222222,
            0.41025641025641024,
            117.0
        ],
        [
            0.6284722222222222,
            0.4247787610619469,
            113.0
        ],
        [
            0.6284722222222222,
            0.4304568527918782,
            111.50943396226415
        ],
        [
            0.6284722222222222,
            0.4067796610169492,
            118.0
        ],
        [
            0.6284722222222222,
            0.40336134453781514,
            119.0
        ],
        [
            0.6284722222222222,
            0.41379310344827586,
            116.0
        ],
        [
            0.6284722222222222,
            0.42105263157894735,
            114.0
        ],
        [
            0.6284722222222222,
            0.4,
            120.0
        ],
        [
            0.6284722222222222,
            0.39496884918302577,
            121.52857142857142
        ],
        [
            0.6284722222222222,
            0.41739130434782606,
            115.0
        ]
    ]
}