{
    "rgb_colors": [
        [
            95.89189189189189,
            104.89189189189189,
            142.8918918918919
        ],
        [
            86.53333333333333,
            95.53333333333333,
            133.53333333333333
        ],
        [
            82.67647058823529,
            91.67647058823529,
            129.6764705882353
        ],
        [
            92.0,
            101.0,
            139.0
        ],
        [
            89.0,
            98.0,
            136.0
        ],
        [
            93.325,
            102.325,
            140.325
        ],
        [
            90.0,
            99.0,
            137.0
        ],
        [
            84.57446808510639,
            93.57446808510639,
            131.5744680851064
        ],
        [
            91.0,
            100.0,
            138.0
        ],
        [
            88.0,
            97.0,
            135.0
        ]
    ],
    "hex_colors": [
        "#5f688e",
        "#565f85",
        "#525b81",
        "#5c658b",
        "#596288",
        "#5d668c",
        "#5a6389",
        "#545d83",
        "#5b648a",
        "#586187"
    ],
    "hsl_color_values": [
        [
            0.6347517730496454,
            0.32891999243427283,
            142.8918918918919
        ],
        [
            0.6347517730496454,
            0.35197204193709436,
            133.53333333333333
        ],
        [
            0.6347517730496454,
            0.36244046268995245,
            129.6764705882353
        ],
        [
            0.6347517730496454,
            0.3381294964028777,
            139.0
        ],
        [
            0.6347517730496454,
            0.34558823529411764,
            136.0
        ],
        [
            0.6347517730496454,
            0.33493675396401207,
            140.325
        ],
        [
            0.6347517730496454,
            0.34306569343065696,
            137.0
        ],
        [
            0.6347517730496454,
            0.3572121604139715,
            131.5744680851064
        ],
        [
            0.6347517730496454,
            0.34057971014492755,
            138.0
        ],
        [
            0.6347517730496454,
            0.34814814814814815,
            135.0
        ]
    ]
}