{
    "rgb_colors": [
        [
            73.19310344827586,
            78.0551724137931,
            100.66896551724138
        ],
        [
            60.887850467289724,
            65.16822429906541,
            86.71028037383178
        ],
        [
            76.10909090909091,
            80.94545454545454,
            103.58181818181818
        ],
        [
            67.75471698113208,
            72.06603773584905,
            93.51886792452831
        ],
        [
            63.660377358490564,
            67.97169811320755,
            89.55660377358491
        ],
        [
            57.64646464646464,
            61.696969696969695,
            82.79797979797979
        ],
        [
            70.93150684931507,
            75.58219178082192,
            97.8013698630137
        ],
        [
            53.78125,
            57.78125,
            78.78125
        ],
        [
            65.23170731707317,
            70.02439024390245,
            92.5609756097561
        ],
        [
            68.92105263157895,
            73.7280701754386,
            96.07894736842105
        ]
    ],
    "hex_colors": [
        "#494e64",
        "#3c4156",
        "#4c5067",
        "#43485d",
        "#3f4359",
        "#393d52",
        "#464b61",
        "#35394e",
        "#41465c",
        "#444960"
    ],
    "hsl_color_values": [
        [
            0.6371736947791166,
            0.27293279440981016,
            100.66896551724138
        ],
        [
            0.6390396911569551,
            0.2978012502694546,
            86.71028037383178
        ],
        [
            0.6373262739907347,
            0.2652273126206775,
            103.58181818181818
        ],
        [
            0.6387770047601612,
            0.27549682235448403,
            93.51886792452831
        ],
        [
            0.6389192471159685,
            0.289160434004003,
            89.55660377358491
        ],
        [
            0.6398259705488621,
            0.3037696718311577,
            82.79797979797979
        ],
        [
            0.637819695811029,
            0.27473912738987327,
            97.8013698630137
        ],
        [
            0.64,
            0.31733439111463707,
            78.78125
        ],
        [
            0.6374386434627398,
            0.2952569169960474,
            92.5609756097561
        ],
        [
            0.6371662360034452,
            0.2826622843056697,
            96.07894736842105
        ]
    ]
}