{
    "rgb_colors": [
        [
            68.5,
            78.5,
            110.5
        ],
        [
            74.0,
            84.0,
            116.0
        ],
        [
            75.0,
            85.0,
            117.0
        ],
        [
            78.36363636363636,
            88.36363636363636,
            120.36363636363636
        ],
        [
            72.0,
            82.0,
            114.0
        ],
        [
            76.0,
            86.0,
            118.0
        ],
        [
            81.05555555555556,
            91.05555555555556,
            123.05555555555556
        ],
        [
            77.0,
            87.0,
            119.0
        ],
        [
            73.0,
            83.0,
            115.0
        ],
        [
            70.67857142857143,
            80.67857142857143,
            112.67857142857143
        ]
    ],
    "hex_colors": [
        "#444e6e",
        "#4a5474",
        "#4b5575",
        "#4e5878",
        "#485272",
        "#4c5676",
        "#515b7b",
        "#4d5777",
        "#495373",
        "#465070"
    ],
    "hsl_color_values": [
        [
            0.626984126984127,
            0.38009049773755654,
            110.5
        ],
        [
            0.626984126984127,
            0.3620689655172414,
            116.0
        ],
        [
            0.626984126984127,
            0.358974358974359,
            117.0
        ],
        [
            0.626984126984127,
            0.3489425981873112,
            120.36363636363636
        ],
        [
            0.626984126984127,
            0.3684210526315789,
            114.0
        ],
        [
            0.626984126984127,
            0.3559322033898305,
            118.0
        ],
        [
            0.626984126984127,
            0.3413092550790068,
            123.05555555555556
        ],
        [
            0.626984126984127,
            0.35294117647058826,
            119.0
        ],
        [
            0.626984126984127,
            0.3652173913043478,
            115.0
        ],
        [
            0.626984126984127,
            0.3727416798732171,
            112.67857142857143
        ]
    ]
}