{
    "rgb_colors": [
        [
            84.0,
            96.0,
            137.0
        ],
        [
            80.63333333333334,
            92.63333333333334,
            133.63333333333333
        ],
        [
            87.0,
            99.0,
            140.0
        ],
        [
            82.0,
            94.0,
            135.0
        ],
        [
            86.0,
            98.0,
            139.0
        ],
        [
            91.53846153846153,
            103.53846153846153,
            144.53846153846155
        ],
        [
            88.0,
            100.0,
            141.0
        ],
        [
            83.0,
            95.0,
            136.0
        ],
        [
            89.38636363636364,
            101.38636363636364,
            142.38636363636363
        ],
        [
            85.0,
            97.0,
            138.0
        ]
    ],
    "hex_colors": [
        "#546089",
        "#505c85",
        "#57638c",
        "#525e87",
        "#56628b",
        "#5b6790",
        "#58648d",
        "#535f88",
        "#59658e",
        "#55618a"
    ],
    "hsl_color_values": [
        [
            0.6289308176100629,
            0.38686131386861317,
            137.0
        ],
        [
            0.6289308176100629,
            0.3966076328261411,
            133.63333333333333
        ],
        [
            0.6289308176100629,
            0.37857142857142856,
            140.0
        ],
        [
            0.6289308176100629,
            0.3925925925925926,
            135.0
        ],
        [
            0.6289308176100629,
            0.381294964028777,
            139.0
        ],
        [
            0.6289308176100629,
            0.366684406599255,
            144.53846153846155
        ],
        [
            0.6289308176100629,
            0.375886524822695,
            141.0
        ],
        [
            0.6289308176100629,
            0.3897058823529412,
            136.0
        ],
        [
            0.6289308176100629,
            0.3722266560255386,
            142.38636363636363
        ],
        [
            0.6289308176100629,
            0.38405797101449274,
            138.0
        ]
    ]
}