{
    "rgb_colors": [
        [
            81.41428571428571,
            91.41428571428571,
            123.41428571428571
        ],
        [
            73.7536231884058,
            83.7536231884058,
            115.7536231884058
        ],
        [
            83.4074074074074,
            93.4074074074074,
            125.4074074074074
        ],
        [
            77.0,
            87.0,
            119.0
        ],
        [
            75.0,
            85.0,
            117.0
        ],
        [
            79.0,
            89.0,
            121.0
        ],
        [
            80.0,
            90.0,
            122.0
        ],
        [
            71.47619047619048,
            81.47619047619048,
            113.47619047619048
        ],
        [
            76.0,
            86.0,
            118.0
        ],
        [
            78.0,
            88.0,
            120.0
        ]
    ],
    "hex_colors": [
        "#515b7b",
        "#495373",
        "#535d7d",
        "#4d5777",
        "#4b5575",
        "#4f5979",
        "#505a7a",
        "#475171",
        "#4c5676",
        "#4e5878"
    ],
    "hsl_color_values": [
        [
            0.626984126984127,
            0.34031716633869663,
            123.41428571428571
        ],
        [
            0.626984126984127,
            0.3628396143733567,
            115.7536231884058
        ],
        [
            0.626984126984127,
            0.3349084465445954,
            125.4074074074074
        ],
        [
            0.626984126984127,
            0.35294117647058826,
            119.0
        ],
        [
            0.626984126984127,
            0.358974358974359,
            117.0
        ],
        [
            0.626984126984127,
            0.34710743801652894,
            121.0
        ],
        [
            0.626984126984127,
            0.3442622950819672,
            122.0
        ],
        [
            0.626984126984127,
            0.37012169534200584,
            113.47619047619048
        ],
        [
            0.626984126984127,
            0.3559322033898305,
            118.0
        ],
        [
            0.626984126984127,
            0.35,
            120.0
        ]
    ]
}