{
    "rgb_colors": [
        [
            82.0,
            94.0,
            133.0
        ],
        [
            87.66666666666667,
            99.66666666666667,
            138.66666666666666
        ],
        [
            81.0,
            93.0,
            132.0
        ],
        [
            80.0,
            92.0,
            131.0
        ],
        [
            77.0,
            89.0,
            128.0
        ],
        [
            85.32727272727273,
            97.32727272727273,
            136.3272727272727
        ],
        [
            83.44311377245509,
            95.44311377245509,
            134.4431137724551
        ],
        [
            78.0,
            90.0,
            129.0
        ],
        [
            79.0,
            91.0,
            130.0
        ],
        [
            75.24731182795699,
            87.24731182795699,
            126.24731182795699
        ]
    ],
    "hex_colors": [
        "#525e85",
        "#57638a",
        "#515d84",
        "#505c83",
        "#4d5980",
        "#556188",
        "#535f86",
        "#4e5a81",
        "#4f5b82",
        "#4b577e"
    ],
    "hsl_color_values": [
        [
            0.6274509803921569,
            0.38345864661654133,
            133.0
        ],
        [
            0.6274509803921569,
            0.36778846153846145,
            138.66666666666666
        ],
        [
            0.6274509803921569,
            0.38636363636363635,
            132.0
        ],
        [
            0.6274509803921569,
            0.3893129770992366,
            131.0
        ],
        [
            0.6274509803921569,
            0.3984375,
            128.0
        ],
        [
            0.6274509803921569,
            0.3740997599359829,
            136.3272727272727
        ],
        [
            0.6274509803921569,
            0.3793425975414217,
            134.4431137724551
        ],
        [
            0.6274509803921569,
            0.3953488372093023,
            129.0
        ],
        [
            0.6274509803921569,
            0.3923076923076923,
            130.0
        ],
        [
            0.6274509803921569,
            0.40396899753002297,
            126.24731182795699
        ]
    ]
}