{
    "rgb_colors": [
        [
            68.0,
            79.0,
            115.0
        ],
        [
            74.65853658536585,
            85.65853658536585,
            121.65853658536585
        ],
        [
            65.6930693069307,
            76.6930693069307,
            112.6930693069307
        ],
        [
            72.0,
            83.0,
            119.0
        ],
        [
            73.0,
            84.0,
            120.0
        ],
        [
            70.0,
            81.0,
            117.0
        ],
        [
            67.0,
            78.0,
            114.0
        ],
        [
            71.0,
            82.0,
            118.0
        ],
        [
            63.75,
            74.75,
            110.75
        ],
        [
            69.0,
            80.0,
            116.0
        ]
    ],
    "hex_colors": [
        "#444f73",
        "#4a5579",
        "#414c70",
        "#485377",
        "#495478",
        "#465175",
        "#434e72",
        "#475276",
        "#3f4a6e",
        "#455074"
    ],
    "hsl_color_values": [
        [
            0.6276595744680851,
            0.40869565217391307,
            115.0
        ],
        [
            0.6276595744680851,
            0.38632718524458703,
            121.65853658536585
        ],
        [
            0.6276595744680851,
            0.4170620277631348,
            112.6930693069307
        ],
        [
            0.6276595744680851,
            0.3949579831932773,
            119.0
        ],
        [
            0.6276595744680851,
            0.39166666666666666,
            120.0
        ],
        [
            0.6276595744680851,
            0.4017094017094017,
            117.0
        ],
        [
            0.6276595744680851,
            0.41228070175438597,
            114.0
        ],
        [
            0.6276595744680851,
            0.3983050847457627,
            118.0
        ],
        [
            0.6276595744680851,
            0.42437923250564336,
            110.75
        ],
        [
            0.6276595744680851,
            0.4051724137931034,
            116.0
        ]
    ]
}