{
    "rgb_colors": [
        [
            75.14393939393939,
            78.36363636363636,
            101.70454545454545
        ],
        [
            73.01075268817205,
            77.01075268817205,
            97.94623655913979
        ],
        [
            69.82407407407408,
            73.26851851851852,
            95.92592592592592
        ],
        [
            72.07878787878788,
            75.07878787878788,
            99.07878787878788
        ],
        [
            74.52046783625731,
            78.52046783625731,
            99.4327485380117
        ],
        [
            65.44444444444444,
            69.33333333333333,
            90.27777777777777
        ],
        [
            68.30985915492958,
            72.11267605633803,
            93.59154929577466
        ],
        [
            77.34722222222223,
            80.97222222222223,
            103.04166666666667
        ],
        [
            71.54597701149426,
            75.54597701149426,
            96.50574712643679
        ],
        [
            79.75,
            83.1,
            106.05
        ]
    ],
    "hex_colors": [
        "#4b4e65",
        "#494d61",
        "#45495f",
        "#484b63",
        "#4a4e63",
        "#41455a",
        "#44485d",
        "#4d5067",
        "#474b60",
        "#4f536a"
    ],
    "hsl_color_values": [
        [
            0.6464632059326868,
            0.2611545623836127,
            101.70454545454545
        ],
        [
            0.6399310047434238,
            0.2545833790756395,
            97.94623655913979
        ],
        [
            0.6446730519096606,
            0.2721042471042471,
            95.92592592592592
        ],
        [
            0.6481481481481483,
            0.2725103988255444,
            99.07878787878788
        ],
        [
            0.639906103286385,
            0.2505440216432394,
            99.4327485380117
        ],
        [
            0.6405667412378823,
            0.27507692307692305,
            90.27777777777777
        ],
        [
            0.6415970287836584,
            0.27012791572610984,
            93.59154929577466
        ],
        [
            0.6431531531531531,
            0.24935975198813853,
            103.04166666666667
        ],
        [
            0.6399570189577096,
            0.2586350643163411,
            96.50574712643679
        ],
        [
            0.6454372623574144,
            0.24799622819424796,
            106.05
        ]
    ]
}