{
    "rgb_colors": [
        [
            86.0,
            94.0,
            122.0
        ],
        [
            97.0,
            105.0,
            133.0
        ],
        [
            80.10810810810811,
            88.10810810810811,
            116.10810810810811
        ],
        [
            83.07602339181287,
            91.07602339181287,
            119.07602339181287
        ],
        [
            88.50261780104712,
            96.50261780104712,
            124.50261780104712
        ],
        [
            87.0,
            95.0,
            123.0
        ],
        [
            91.81420765027322,
            99.81420765027322,
            127.81420765027322
        ],
        [
            90.0,
            98.0,
            126.0
        ],
        [
            85.0,
            93.0,
            121.0
        ],
        [
            94.33333333333333,
            102.33333333333333,
            130.33333333333334
        ]
    ],
    "hex_colors": [
        "#565e7a",
        "#616985",
        "#505874",
        "#535b77",
        "#58607c",
        "#575f7b",
        "#5b637f",
        "#5a627e",
        "#555d79",
        "#5e6682"
    ],
    "hsl_color_values": [
        [
            0.6296296296296297,
            0.29508196721311475,
            122.0
        ],
        [
            0.6296296296296297,
            0.2706766917293233,
            133.0
        ],
        [
            0.6296296296296297,
            0.3100558659217877,
            116.10810810810811
        ],
        [
            0.6296296296296297,
            0.3023278656320597,
            119.07602339181287
        ],
        [
            0.6296296296296297,
            0.2891505466778806,
            124.50261780104712
        ],
        [
            0.6296296296296297,
            0.2926829268292683,
            123.0
        ],
        [
            0.6296296296296297,
            0.28165882855921337,
            127.81420765027322
        ],
        [
            0.6296296296296297,
            0.2857142857142857,
            126.0
        ],
        [
            0.6296296296296297,
            0.2975206611570248,
            121.0
        ],
        [
            0.6296296296296297,
            0.2762148337595909,
            130.33333333333334
        ]
    ]
}