{
    "rgb_colors": [
        [
            84.42857142857143,
            96.42857142857143,
            135.42857142857142
        ],
        [
            94.0,
            106.0,
            145.0
        ],
        [
            88.0,
            100.0,
            139.0
        ],
        [
            89.0,
            101.0,
            140.0
        ],
        [
            91.0,
            103.0,
            142.0
        ],
        [
            92.0,
            104.0,
            143.0
        ],
        [
            86.66326530612245,
            98.66326530612245,
            137.66326530612244
        ],
        [
            95.73,
            107.73,
            146.73
        ],
        [
            90.0,
            102.0,
            141.0
        ],
        [
            93.0,
            105.0,
            144.0
        ]
    ],
    "hex_colors": [
        "#546087",
        "#5e6a91",
        "#58648b",
        "#59658c",
        "#5b678e",
        "#5c688f",
        "#566289",
        "#5f6b92",
        "#5a668d",
        "#5d6990"
    ],
    "hsl_color_values": [
        [
            0.6274509803921569,
            0.3765822784810126,
            135.42857142857142
        ],
        [
            0.6274509803921569,
            0.35172413793103446,
            145.0
        ],
        [
            0.6274509803921569,
            0.3669064748201439,
            139.0
        ],
        [
            0.6274509803921569,
            0.36428571428571427,
            140.0
        ],
        [
            0.6274509803921569,
            0.3591549295774648,
            142.0
        ],
        [
            0.6274509803921569,
            0.35664335664335667,
            143.0
        ],
        [
            0.6274509803921569,
            0.37046920169001546,
            137.66326530612244
        ],
        [
            0.6274509803921569,
            0.3475771825802494,
            146.73
        ],
        [
            0.6274509803921569,
            0.3617021276595745,
            141.0
        ],
        [
            0.6274509803921569,
            0.3541666666666667,
            144.0
        ]
    ]
}