{
    "rgb_colors": [
        [
            99.23529411764706,
            111.23529411764706,
            150.23529411764707
        ],
        [
            89.63905325443787,
            101.63905325443787,
            140.63905325443787
        ],
        [
            93.0,
            105.0,
            144.0
        ],
        [
            92.0,
            104.0,
            143.0
        ],
        [
            95.0,
            107.0,
            146.0
        ],
        [
            91.0,
            103.0,
            142.0
        ],
        [
            94.0,
            106.0,
            145.0
        ],
        [
            96.0,
            108.0,
            147.0
        ],
        [
            97.29824561403508,
            109.29824561403508,
            148.2982456140351
        ],
        [
            87.28787878787878,
            99.28787878787878,
            138.28787878787878
        ]
    ],
    "hex_colors": [
        "#636f96",
        "#59658c",
        "#5d6990",
        "#5c688f",
        "#5f6b92",
        "#5b678e",
        "#5e6a91",
        "#606c93",
        "#616d94",
        "#57638a"
    ],
    "hsl_color_values": [
        [
            0.6274509803921569,
            0.33946750195771347,
            150.23529411764707
        ],
        [
            0.6274509803921569,
            0.36263042746549984,
            140.63905325443787
        ],
        [
            0.6274509803921569,
            0.3541666666666667,
            144.0
        ],
        [
            0.6274509803921569,
            0.35664335664335667,
            143.0
        ],
        [
            0.6274509803921569,
            0.3493150684931507,
            146.0
        ],
        [
            0.6274509803921569,
            0.3591549295774648,
            142.0
        ],
        [
            0.6274509803921569,
            0.35172413793103446,
            145.0
        ],
        [
            0.6274509803921569,
            0.3469387755102041,
            147.0
        ],
        [
            0.6274509803921569,
            0.3439015734058915,
            148.2982456140351
        ],
        [
            0.6274509803921569,
            0.3687958803549907,
            138.28787878787878
        ]
    ]
}