{
    "rgb_colors": [
        [
            71.69411764705882,
            83.69411764705882,
            122.69411764705882
        ],
        [
            75.0,
            87.0,
            126.0
        ],
        [
            78.37704918032787,
            90.37704918032787,
            129.37704918032787
        ],
        [
            69.5,
            81.5,
            120.5
        ],
        [
            74.0,
            86.0,
            125.0
        ],
        [
            76.0,
            88.0,
            127.0
        ],
        [
            80.0,
            92.0,
            131.0
        ],
        [
            77.0,
            89.0,
            128.0
        ],
        [
            81.20833333333333,
            93.20833333333333,
            132.20833333333334
        ],
        [
            73.0,
            85.0,
            124.0
        ]
    ],
    "hex_colors": [
        "#47537a",
        "#4b577e",
        "#4e5a81",
        "#455178",
        "#4a567d",
        "#4c587f",
        "#505c83",
        "#4d5980",
        "#515d84",
        "#49557c"
    ],
    "hsl_color_values": [
        [
            0.6274509803921569,
            0.41566784926646855,
            122.69411764705882
        ],
        [
            0.6274509803921569,
            0.40476190476190477,
            126.0
        ],
        [
            0.6274509803921569,
            0.39419665484034466,
            129.37704918032787
        ],
        [
            0.6274509803921569,
            0.42323651452282157,
            120.5
        ],
        [
            0.6274509803921569,
            0.408,
            125.0
        ],
        [
            0.6274509803921569,
            0.4015748031496063,
            127.0
        ],
        [
            0.6274509803921569,
            0.3893129770992366,
            131.0
        ],
        [
            0.6274509803921569,
            0.3984375,
            128.0
        ],
        [
            0.6274509803921569,
            0.38575480617711955,
            132.20833333333334
        ],
        [
            0.6274509803921569,
            0.4112903225806452,
            124.0
        ]
    ]
}