{
    "rgb_colors": [
        [
            70.22340425531915,
            79.57978723404256,
            116.86702127659575
        ],
        [
            73.50746268656717,
            82.77611940298507,
            120.23880597014926
        ],
        [
            69.0,
            78.0,
            116.0
        ],
        [
            71.66666666666667,
            81.28947368421052,
            118.04385964912281
        ],
        [
            63.17142857142857,
            72.74285714285715,
            109.6
        ],
        [
            68.0,
            77.0,
            115.0
        ],
        [
            65.38317757009345,
            74.7196261682243,
            112.04672897196262
        ],
        [
            68.0,
            78.0,
            114.0
        ],
        [
            69.0,
            79.0,
            115.0
        ],
        [
            66.7192118226601,
            76.3743842364532,
            113.06403940886699
        ]
    ],
    "hex_colors": [
        "#464f74",
        "#495278",
        "#454e74",
        "#475176",
        "#3f486d",
        "#444d73",
        "#414a70",
        "#444e72",
        "#454f73",
        "#424c71"
    ],
    "hsl_color_values": [
        [
            0.633234500323108,
            0.399117017887215,
            116.86702127659575
        ],
        [
            0.6336101352070691,
            0.38865441906653425,
            120.23880597014926
        ],
        [
            0.6347517730496454,
            0.4051724137931034,
            116.0
        ],
        [
            0.6320849883361706,
            0.39288102846102396,
            118.04385964912281
        ],
        [
            0.6323076923076923,
            0.4236183524504692,
            109.6
        ],
        [
            0.6347517730496454,
            0.40869565217391307,
            115.0
        ],
        [
            0.6333199813071634,
            0.41646509300191853,
            112.04672897196262
        ],
        [
            0.6304347826086957,
            0.40350877192982454,
            114.0
        ],
        [
            0.6304347826086957,
            0.4,
            115.0
        ],
        [
            0.6319444444444445,
            0.40989891948414076,
            113.06403940886699
        ]
    ]
}