{
    "rgb_colors": [
        [
            71.0,
            81.0,
            113.0
        ],
        [
            70.0,
            80.0,
            112.0
        ],
        [
            75.0,
            85.0,
            117.0
        ],
        [
            80.52631578947368,
            90.52631578947368,
            122.52631578947368
        ],
        [
            69.0,
            79.0,
            111.0
        ],
        [
            67.54605263157895,
            77.54605263157895,
            109.54605263157895
        ],
        [
            76.47222222222223,
            86.47222222222223,
            118.47222222222223
        ],
        [
            73.49382716049382,
            83.49382716049382,
            115.49382716049382
        ],
        [
            65.22857142857143,
            75.22857142857143,
            107.22857142857143
        ],
        [
            72.0,
            82.0,
            114.0
        ]
    ],
    "hex_colors": [
        "#475171",
        "#465070",
        "#4b5575",
        "#505a7a",
        "#454f6f",
        "#434d6d",
        "#4c5676",
        "#495373",
        "#414b6b",
        "#485272"
    ],
    "hsl_color_values": [
        [
            0.626984126984127,
            0.37168141592920356,
            113.0
        ],
        [
            0.626984126984127,
            0.375,
            112.0
        ],
        [
            0.626984126984127,
            0.358974358974359,
            117.0
        ],
        [
            0.626984126984127,
            0.3427835051546392,
            122.52631578947368
        ],
        [
            0.626984126984127,
            0.3783783783783784,
            111.0
        ],
        [
            0.626984126984127,
            0.38340039637259027,
            109.54605263157895
        ],
        [
            0.626984126984127,
            0.35451348182883935,
            118.47222222222223
        ],
        [
            0.626984126984127,
            0.36365579903794765,
            115.49382716049382
        ],
        [
            0.626984126984127,
            0.39168665067945646,
            107.22857142857143
        ],
        [
            0.626984126984127,
            0.3684210526315789,
            114.0
        ]
    ]
}