{
    "rgb_colors": [
        [
            76.73076923076923,
            88.73076923076923,
            128.26923076923077
        ],
        [
            77.82481751824818,
            89.82481751824818,
            129.74452554744525
        ],
        [
            79.34319526627219,
            91.34319526627219,
            131.15976331360946
        ],
        [
            73.44565217391305,
            85.44565217391305,
            124.69565217391305
        ],
        [
            84.47058823529412,
            96.47058823529412,
            135.94117647058823
        ],
        [
            81.59701492537313,
            93.59701492537313,
            133.13432835820896
        ],
        [
            75.0,
            87.0,
            126.0
        ],
        [
            76.0,
            88.0,
            127.0
        ],
        [
            74.5,
            86.5,
            127.5
        ],
        [
            71.36065573770492,
            83.36065573770492,
            122.42622950819673
        ]
    ],
    "hex_colors": [
        "#4c5880",
        "#4d5981",
        "#4f5b83",
        "#49557c",
        "#546087",
        "#515d85",
        "#4b577e",
        "#4c587f",
        "#4a567f",
        "#47537a"
    ],
    "hsl_color_values": [
        [
            0.627860696517413,
            0.4017991004497752,
            128.26923076923077
        ],
        [
            0.6281456488120343,
            0.40016877637130793,
            129.74452554744525
        ],
        [
            0.6280689733927144,
            0.3950645132184426,
            131.15976331360946
        ],
        [
            0.6276422764227642,
            0.4110006973500697,
            124.69565217391305
        ],
        [
            0.6278095238095238,
            0.37862397230636086,
            135.94117647058823
        ],
        [
            0.6278598320301189,
            0.3871076233183857,
            133.13432835820896
        ],
        [
            0.6274509803921569,
            0.40476190476190477,
            126.0
        ],
        [
            0.6274509803921569,
            0.4015748031496063,
            127.0
        ],
        [
            0.6289308176100629,
            0.41568627450980394,
            127.5
        ],
        [
            0.6275013376136972,
            0.41711301553294056,
            122.42622950819673
        ]
    ]
}