{
    "rgb_colors": [
        [
            109.5,
            115.5,
            153.0
        ],
        [
            104.04166666666667,
            110.79166666666667,
            148.08333333333334
        ],
        [
            99.04375,
            105.95625,
            143.30625
        ],
        [
            94.35714285714286,
            101.35714285714286,
            139.14285714285714
        ],
        [
            98.02857142857142,
            104.97142857142858,
            142.30714285714285
        ],
        [
            100.06201550387597,
            106.93798449612403,
            144.19379844961242
        ],
        [
            101.0990099009901,
            107.9009900990099,
            145.23762376237624
        ],
        [
            96.64444444444445,
            103.63555555555556,
            141.09333333333333
        ],
        [
            102.42718446601941,
            109.07766990291262,
            146.40776699029126
        ],
        [
            106.6,
            112.4,
            150.2
        ]
    ],
    "hex_colors": [
        "#6d7399",
        "#686e94",
        "#63698f",
        "#5e658b",
        "#62688e",
        "#646a90",
        "#656b91",
        "#60678d",
        "#666d92",
        "#6a7096"
    ],
    "hsl_color_values": [
        [
            0.6436781609195402,
            0.28431372549019607,
            153.0
        ],
        [
            0.641122674235257,
            0.29741136747326957,
            148.08333333333334
        ],
        [
            0.6406382377859362,
            0.3088665009376772,
            143.30625
        ],
        [
            0.6406166932482722,
            0.3218685831622176,
            139.14285714285714
        ],
        [
            0.6405334193687153,
            0.3111479194900366,
            142.30714285714285
        ],
        [
            0.6406991041630072,
            0.3060588140422559,
            144.19379844961242
        ],
        [
            0.6409825033647376,
            0.30390619674142755,
            145.23762376237624
        ],
        [
            0.6404526214045262,
            0.31503181503181504,
            141.09333333333333
        ],
        [
            0.6414643119941132,
            0.3003978779840849,
            146.40776699029126
        ],
        [
            0.6444954128440367,
            0.2902796271637816,
            150.2
        ]
    ]
}