{
    "rgb_colors": [
        [
            81.01488095238095,
            89.10119047619048,
            116.88095238095238
        ],
        [
            78.64088397790056,
            86.68508287292818,
            114.49723756906077
        ],
        [
            76.67460317460318,
            84.64285714285714,
            112.44444444444444
        ],
        [
            88.16666666666667,
            86.83333333333333,
            109.5
        ],
        [
            74.5909090909091,
            79.63636363636364,
            105.63636363636364
        ],
        [
            90.5625,
            98.625,
            125.625
        ],
        [
            83.70792079207921,
            91.89603960396039,
            119.54950495049505
        ],
        [
            86.52702702702703,
            94.91891891891892,
            122.12162162162163
        ],
        [
            61.0,
            59.5,
            81.5
        ],
        [
            74.40350877192982,
            82.36842105263158,
            110.33333333333333
        ]
    ],
    "hex_colors": [
        "#515974",
        "#4e5672",
        "#4c5470",
        "#58566d",
        "#4a4f69",
        "#5a627d",
        "#535b77",
        "#565e7a",
        "#3d3b51",
        "#4a526e"
    ],
    "hsl_color_values": [
        [
            0.6290902553038475,
            0.30685984925646775,
            116.88095238095238
        ],
        [
            0.6292758089368259,
            0.3131634819532908,
            114.49723756906077
        ],
        [
            0.629539235263664,
            0.3181112365894974,
            112.44444444444444
        ],
        [
            0.6764705882352943,
            0.20700152207001526,
            109.5
        ],
        [
            0.6395802830649098,
            0.29388984509466437,
            105.63636363636364
        ],
        [
            0.6283422459893048,
            0.2791044776119403,
            125.625
        ],
        [
            0.6285911602209945,
            0.29980537496376664,
            119.54950495049505
        ],
        [
            0.6273728170083523,
            0.29146840765740845,
            122.12162162162163
        ],
        [
            0.6780303030303031,
            0.26993865030674846,
            81.5
        ],
        [
            0.6297200520833334,
            0.32564795674988073,
            110.33333333333333
        ]
    ]
}