{
    "rgb_colors": [
        [
            76.85342019543974,
            85.79478827361564,
            111.89902280130293
        ],
        [
            248.45454545454547,
            252.63636363636365,
            253.9090909090909
        ],
        [
            54.36,
            63.44,
            87.48
        ],
        [
            137.25,
            144.75,
            152.25
        ],
        [
            67.13247863247864,
            76.00854700854701,
            101.8974358974359
        ],
        [
            206.0,
            211.66666666666666,
            216.66666666666666
        ],
        [
            182.0,
            188.66666666666666,
            195.33333333333331
        ],
        [
            15.375,
            25.5,
            37.875
        ],
        [
            34.375,
            43.8125,
            60.6875
        ],
        [
            72.19128329297821,
            81.12106537530266,
            107.10653753026634
        ]
    ],
    "hex_colors": [
        "#4c556f",
        "#f8fcfd",
        "#363f57",
        "#899098",
        "#434c65",
        "#ced3d8",
        "#b6bcc3",
        "#0f1925",
        "#222b3c",
        "#48516b"
    ],
    "hsl_color_values": [
        [
            0.6241441273972178,
            0.31318953220970513,
            111.89902280130293
        ],
        [
            0.5388888888888883,
            0.021482277121374804,
            253.9090909090909
        ],
        [
            0.6209742351046699,
            0.37860082304526754,
            87.48
        ],
        [
            0.5833333333333334,
            0.09852216748768473,
            152.25
        ],
        [
            0.6241139110837942,
            0.341175977185036,
            101.8974358974359
        ],
        [
            0.578125,
            0.04923076923076919,
            216.66666666666666
        ],
        [
            0.5833333333333334,
            0.06825938566552892,
            195.33333333333331
        ],
        [
            0.5916666666666667,
            0.594059405940594,
            37.875
        ],
        [
            0.6068883610451307,
            0.43357363542739447,
            60.6875
        ],
        [
            0.6240406842348589,
            0.3259862100146942,
            107.10653753026634
        ]
    ]
}