{
    "rgb_colors": [
        [
            101.2919708029197,
            113.2919708029197,
            152.2919708029197
        ],
        [
            99.35714285714286,
            114.35714285714286,
            152.35714285714286
        ],
        [
            99.58333333333333,
            112.20833333333333,
            151.0
        ],
        [
            102.82692307692308,
            115.86538461538461,
            154.51923076923077
        ],
        [
            96.18340611353712,
            108.18340611353712,
            147.18340611353713
        ],
        [
            96.02912621359224,
            111.02912621359224,
            149.02912621359224
        ],
        [
            98.54205607476635,
            110.54205607476635,
            149.54205607476635
        ],
        [
            91.16,
            104.6,
            143.12
        ],
        [
            93.53191489361703,
            108.53191489361703,
            146.53191489361703
        ],
        [
            93.32727272727273,
            105.81818181818181,
            144.65454545454546
        ]
    ],
    "hex_colors": [
        "#657198",
        "#637298",
        "#637097",
        "#66739a",
        "#606c93",
        "#606f95",
        "#626e95",
        "#5b688f",
        "#5d6c92",
        "#5d6990"
    ],
    "hsl_color_values": [
        [
            0.6274509803921569,
            0.3348830521472393,
            152.2919708029197
        ],
        [
            0.619496855345912,
            0.34786685419596813,
            152.35714285714286
        ],
        [
            0.6257428417071852,
            0.3405077262693157,
            151.0
        ],
        [
            0.6246279761904763,
            0.33453640323584316,
            154.51923076923077
        ],
        [
            0.6274509803921569,
            0.3465064530485092,
            147.18340611353713
        ],
        [
            0.619496855345912,
            0.35563517915309445,
            149.02912621359224
        ],
        [
            0.6274509803921569,
            0.34104118492594215,
            149.54205607476635
        ],
        [
            0.6235565819861432,
            0.36305198434879826,
            143.12
        ],
        [
            0.619496855345912,
            0.3616959488892115,
            146.53191489361703
        ],
        [
            0.6261069783917819,
            0.3548265460030166,
            144.65454545454546
        ]
    ]
}