{
    "rgb_colors": [
        [
            63.0,
            71.0,
            101.0
        ],
        [
            58.13725490196079,
            66.13725490196079,
            96.13725490196079
        ],
        [
            66.0,
            74.0,
            104.0
        ],
        [
            69.96551724137932,
            77.96551724137932,
            107.96551724137932
        ],
        [
            68.0,
            76.0,
            106.0
        ],
        [
            60.642201834862384,
            68.64220183486239,
            98.64220183486239
        ],
        [
            65.0,
            73.0,
            103.0
        ],
        [
            67.0,
            75.0,
            105.0
        ],
        [
            62.0,
            70.0,
            100.0
        ],
        [
            64.0,
            72.0,
            102.0
        ]
    ],
    "hex_colors": [
        "#3f4765",
        "#3a4260",
        "#424a68",
        "#454d6b",
        "#444c6a",
        "#3c4462",
        "#414967",
        "#434b69",
        "#3e4664",
        "#404866"
    ],
    "hsl_color_values": [
        [
            0.6315789473684211,
            0.37623762376237624,
            101.0
        ],
        [
            0.6315789473684211,
            0.3952682031409341,
            96.13725490196079
        ],
        [
            0.6315789473684211,
            0.36538461538461536,
            104.0
        ],
        [
            0.6315789473684211,
            0.3519642286809326,
            107.96551724137932
        ],
        [
            0.6315789473684211,
            0.3584905660377358,
            106.0
        ],
        [
            0.6315789473684211,
            0.3852306547619048,
            98.64220183486239
        ],
        [
            0.6315789473684211,
            0.36893203883495146,
            103.0
        ],
        [
            0.6315789473684211,
            0.3619047619047619,
            105.0
        ],
        [
            0.6315789473684211,
            0.38,
            100.0
        ],
        [
            0.6315789473684211,
            0.37254901960784315,
            102.0
        ]
    ]
}