{
    "rgb_colors": [
        [
            158.7520661157025,
            161.73553719008265,
            177.15289256198346
        ],
        [
            146.16666666666666,
            149.16666666666666,
            164.5
        ],
        [
            154.74590163934425,
            157.74590163934425,
            173.41803278688525
        ],
        [
            175.32432432432432,
            178.1081081081081,
            192.3783783783784
        ],
        [
            171.9375,
            174.5625,
            188.625
        ],
        [
            161.87078651685394,
            164.8314606741573,
            179.6123595505618
        ],
        [
            168.44776119402985,
            171.19402985074626,
            185.43283582089552
        ],
        [
            114.19999999999999,
            117.19999999999999,
            133.2
        ],
        [
            164.8,
            167.6238095238095,
            182.42857142857142
        ],
        [
            125.75,
            128.75,
            144.75
        ]
    ],
    "hex_colors": [
        "#9ea1b1",
        "#9295a4",
        "#9a9dad",
        "#afb2c0",
        "#abaebc",
        "#a1a4b3",
        "#a8abb9",
        "#727585",
        "#a4a7b6",
        "#7d8090"
    ],
    "hsl_color_values": [
        [
            0.6396436859046336,
            0.1038697487812273,
            177.15289256198346
        ],
        [
            0.6393939393939393,
            0.11144883485309023,
            164.5
        ],
        [
            0.6398887913374306,
            0.10767121992721092,
            173.41803278688525
        ],
        [
            0.6394611727416799,
            0.08864849676875532,
            192.3783783783784
        ],
        [
            0.6404494382022472,
            0.08846918489065607,
            188.625
        ],
        [
            0.6388537048765041,
            0.09877701667135834,
            179.6123595505618
        ],
        [
            0.639718804920914,
            0.09159690920798452,
            185.43283582089552
        ],
        [
            0.6403508771929824,
            0.14264264264264265,
            133.2
        ],
        [
            0.6399693859175223,
            0.09663273296789338,
            182.42857142857142
        ],
        [
            0.6403508771929824,
            0.13126079447322972,
            144.75
        ]
    ]
}