{
    "rgb_colors": [
        [
            79.4298245614035,
            83.4298245614035,
            112.4298245614035
        ],
        [
            72.20202020202021,
            76.20202020202021,
            105.20202020202021
        ],
        [
            78.0,
            82.0,
            111.0
        ],
        [
            76.0,
            80.0,
            109.0
        ],
        [
            69.46808510638297,
            73.46808510638297,
            102.46808510638297
        ],
        [
            74.0,
            78.0,
            107.0
        ],
        [
            81.32558139534883,
            85.32558139534883,
            114.32558139534883
        ],
        [
            77.0,
            81.0,
            110.0
        ],
        [
            75.0,
            79.0,
            108.0
        ],
        [
            83.52173913043478,
            87.52173913043478,
            116.52173913043478
        ]
    ],
    "hex_colors": [
        "#4f5370",
        "#484c69",
        "#4e526f",
        "#4c506d",
        "#454966",
        "#4a4e6b",
        "#515572",
        "#4d516e",
        "#4b4f6c",
        "#535774"
    ],
    "hsl_color_values": [
        [
            0.6464646464646465,
            0.29351642350003904,
            112.4298245614035
        ],
        [
            0.6464646464646465,
            0.313682189150264,
            105.20202020202021
        ],
        [
            0.6464646464646465,
            0.2972972972972973,
            111.0
        ],
        [
            0.6464646464646465,
            0.30275229357798167,
            109.0
        ],
        [
            0.6464646464646465,
            0.3220514950166113,
            102.46808510638297
        ],
        [
            0.6464646464646465,
            0.308411214953271,
            107.0
        ],
        [
            0.6464646464646465,
            0.2886493083807974,
            114.32558139534883
        ],
        [
            0.6464646464646465,
            0.3,
            110.0
        ],
        [
            0.6464646464646465,
            0.3055555555555556,
            108.0
        ],
        [
            0.6464646464646465,
            0.2832089552238806,
            116.52173913043478
        ]
    ]
}