{
    "rgb_colors": [
        [
            90.0,
            101.0,
            140.0
        ],
        [
            94.0,
            105.0,
            144.0
        ],
        [
            92.0,
            103.0,
            142.0
        ],
        [
            98.33333333333333,
            109.33333333333333,
            148.33333333333334
        ],
        [
            95.0,
            106.0,
            145.0
        ],
        [
            93.0,
            104.0,
            143.0
        ],
        [
            91.0,
            102.0,
            141.0
        ],
        [
            86.65217391304348,
            97.65217391304348,
            136.65217391304347
        ],
        [
            96.34042553191489,
            107.34042553191489,
            146.3404255319149
        ],
        [
            88.66055045871559,
            99.66055045871559,
            138.6605504587156
        ]
    ],
    "hex_colors": [
        "#5a658c",
        "#5e6990",
        "#5c678e",
        "#626d94",
        "#5f6a91",
        "#5d688f",
        "#5b668d",
        "#566188",
        "#606b92",
        "#58638a"
    ],
    "hsl_color_values": [
        [
            0.63,
            0.35714285714285715,
            140.0
        ],
        [
            0.63,
            0.3472222222222222,
            144.0
        ],
        [
            0.63,
            0.352112676056338,
            142.0
        ],
        [
            0.63,
            0.33707865168539336,
            148.33333333333334
        ],
        [
            0.63,
            0.3448275862068966,
            145.0
        ],
        [
            0.63,
            0.34965034965034963,
            143.0
        ],
        [
            0.63,
            0.3546099290780142,
            141.0
        ],
        [
            0.63,
            0.365892459433662,
            136.65217391304347
        ],
        [
            0.63,
            0.3416690898517011,
            146.3404255319149
        ],
        [
            0.63,
            0.36059282784173613,
            138.6605504587156
        ]
    ]
}