{
    "rgb_colors": [
        [
            62.56410256410256,
            73.56410256410257,
            109.56410256410257
        ],
        [
            63.89719626168224,
            75.76635514018692,
            108.83177570093459
        ],
        [
            65.01507537688443,
            76.09547738693468,
            111.85427135678393
        ],
        [
            58.65,
            70.225,
            103.675
        ],
        [
            69.82352941176471,
            80.87394957983193,
            116.72268907563026
        ],
        [
            60.85454545454545,
            72.53939393939395,
            106.30909090909091
        ],
        [
            56.8125,
            68.09375,
            101.203125
        ],
        [
            67.46621621621621,
            78.54054054054055,
            114.31756756756756
        ],
        [
            54.16666666666667,
            64.83333333333333,
            97.27777777777777
        ],
        [
            74.5,
            85.5,
            121.5
        ]
    ],
    "hex_colors": [
        "#3e496d",
        "#3f4b6c",
        "#414c6f",
        "#3a4667",
        "#455074",
        "#3c486a",
        "#384465",
        "#434e72",
        "#364061",
        "#4a5579"
    ],
    "hsl_color_values": [
        [
            0.6276595744680851,
            0.42897261876901477,
            109.56410256410257
        ],
        [
            0.6226428175263449,
            0.41288106483469306,
            108.83177570093459
        ],
        [
            0.6272395665701106,
            0.4187519654971023,
            111.85427135678393
        ],
        [
            0.6238200999444753,
            0.4342898480829515,
            103.675
        ],
        [
            0.6273965239204444,
            0.4017998560115191,
            116.72268907563026
        ],
        [
            0.6238222222222222,
            0.42756969386009924,
            106.30909090909091
        ],
        [
            0.6243106887246275,
            0.43862899490504864,
            101.203125
        ],
        [
            0.6272714162099797,
            0.4098350966369171,
            114.31756756756756
        ],
        [
            0.6254295532646048,
            0.4431753283837806,
            97.27777777777777
        ],
        [
            0.6276595744680851,
            0.3868312757201646,
            121.5
        ]
    ]
}