{
    "rgb_colors": [
        [
            69.0,
            84.0,
            122.0
        ],
        [
            67.0,
            82.0,
            120.0
        ],
        [
            66.0,
            81.0,
            119.0
        ],
        [
            70.0,
            85.0,
            123.0
        ],
        [
            73.34042553191489,
            88.34042553191489,
            126.34042553191489
        ],
        [
            71.0,
            86.0,
            124.0
        ],
        [
            68.0,
            83.0,
            121.0
        ],
        [
            62.25,
            77.25,
            115.25
        ],
        [
            72.0,
            87.0,
            125.0
        ],
        [
            64.64285714285714,
            79.64285714285714,
            117.64285714285714
        ]
    ],
    "hex_colors": [
        "#45547a",
        "#435278",
        "#425177",
        "#46557b",
        "#49587e",
        "#47567c",
        "#445379",
        "#3e4d73",
        "#48577d",
        "#404f75"
    ],
    "hsl_color_values": [
        [
            0.619496855345912,
            0.4344262295081967,
            122.0
        ],
        [
            0.619496855345912,
            0.44166666666666665,
            120.0
        ],
        [
            0.619496855345912,
            0.44537815126050423,
            119.0
        ],
        [
            0.619496855345912,
            0.43089430894308944,
            123.0
        ],
        [
            0.619496855345912,
            0.419501515661839,
            126.34042553191489
        ],
        [
            0.619496855345912,
            0.4274193548387097,
            124.0
        ],
        [
            0.619496855345912,
            0.4380165289256198,
            121.0
        ],
        [
            0.619496855345912,
            0.4598698481561822,
            115.25
        ],
        [
            0.619496855345912,
            0.424,
            125.0
        ],
        [
            0.619496855345912,
            0.4505160898603522,
            117.64285714285714
        ]
    ]
}