{
    "rgb_colors": [
        [
            75.20253164556962,
            90.20253164556962,
            129.21518987341773
        ],
        [
            77.52475247524752,
            89.52475247524752,
            128.88118811881188
        ],
        [
            81.22222222222223,
            93.22222222222223,
            133.05555555555554
        ],
        [
            82.37254901960785,
            96.72549019607843,
            136.7843137254902
        ],
        [
            72.45454545454545,
            86.0,
            125.03030303030303
        ],
        [
            79.0,
            94.0,
            133.85576923076923
        ],
        [
            76.58196721311475,
            91.58196721311475,
            131.18852459016392
        ],
        [
            74.97674418604652,
            87.84883720930233,
            126.74418604651163
        ],
        [
            74.23913043478261,
            88.45652173913044,
            128.7173913043478
        ],
        [
            79.11510791366906,
            91.35251798561151,
            130.80575539568346
        ]
    ],
    "hex_colors": [
        "#4b5a81",
        "#4d5980",
        "#515d85",
        "#526088",
        "#48567d",
        "#4f5e85",
        "#4c5b83",
        "#4a577e",
        "#4a5880",
        "#4f5b82"
    ],
    "hsl_color_values": [
        [
            0.6203812202171705,
            0.41800548589341696,
            129.21518987341773
        ],
        [
            0.6277231540389435,
            0.39847891219174925,
            128.88118811881188
        ],
        [
            0.6280814576634511,
            0.3895615866388308,
            133.05555555555554
        ],
        [
            0.6227027027027027,
            0.3977924311926605,
            136.7843137254902
        ],
        [
            0.6237271853986551,
            0.42050412021328165,
            125.03030303030303
        ],
        [
            0.6210926088226701,
            0.40981251346886,
            133.85576923076923
        ],
        [
            0.6208846192334634,
            0.4162449234614183,
            131.18852459016392
        ],
        [
            0.6252246181491464,
            0.40844036697247704,
            126.74418604651163
        ],
        [
            0.6231710561319499,
            0.4232393176828238,
            128.7173913043478
        ],
        [
            0.6272094641614475,
            0.39517104828951716,
            130.80575539568346
        ]
    ]
}