{
    "rgb_colors": [
        [
            66.0,
            74.0,
            104.0
        ],
        [
            67.0,
            75.0,
            105.0
        ],
        [
            62.0,
            70.0,
            100.0
        ],
        [
            68.0,
            76.0,
            106.0
        ],
        [
            70.5,
            78.5,
            108.5
        ],
        [
            64.0,
            72.0,
            102.0
        ],
        [
            63.0,
            71.0,
            101.0
        ],
        [
            69.0,
            77.0,
            107.0
        ],
        [
            65.0,
            73.0,
            103.0
        ],
        [
            60.611111111111114,
            68.61111111111111,
            98.61111111111111
        ]
    ],
    "hex_colors": [
        "#424a68",
        "#434b69",
        "#3e4664",
        "#444c6a",
        "#464e6c",
        "#404866",
        "#3f4765",
        "#454d6b",
        "#414967",
        "#3c4462"
    ],
    "hsl_color_values": [
        [
            0.6315789473684211,
            0.36538461538461536,
            104.0
        ],
        [
            0.6315789473684211,
            0.3619047619047619,
            105.0
        ],
        [
            0.6315789473684211,
            0.38,
            100.0
        ],
        [
            0.6315789473684211,
            0.3584905660377358,
            106.0
        ],
        [
            0.6315789473684211,
            0.35023041474654376,
            108.5
        ],
        [
            0.6315789473684211,
            0.37254901960784315,
            102.0
        ],
        [
            0.6315789473684211,
            0.37623762376237624,
            101.0
        ],
        [
            0.6315789473684211,
            0.35514018691588783,
            107.0
        ],
        [
            0.6315789473684211,
            0.36893203883495146,
            103.0
        ],
        [
            0.6315789473684211,
            0.38535211267605635,
            98.61111111111111
        ]
    ]
}