{
    "rgb_colors": [
        [
            78.0,
            90.0,
            129.0
        ],
        [
            80.0,
            92.0,
            131.0
        ],
        [
            76.0,
            88.0,
            127.0
        ],
        [
            81.0,
            93.0,
            132.0
        ],
        [
            82.0,
            94.0,
            133.0
        ],
        [
            79.0,
            91.0,
            130.0
        ],
        [
            83.49438202247191,
            95.49438202247191,
            134.4943820224719
        ],
        [
            73.484375,
            85.484375,
            124.484375
        ],
        [
            77.0,
            89.0,
            128.0
        ],
        [
            75.0,
            87.0,
            126.0
        ]
    ],
    "hex_colors": [
        "#4e5a81",
        "#505c83",
        "#4c587f",
        "#515d84",
        "#525e85",
        "#4f5b82",
        "#535f86",
        "#49557c",
        "#4d5980",
        "#4b577e"
    ],
    "hsl_color_values": [
        [
            0.6274509803921569,
            0.3953488372093023,
            129.0
        ],
        [
            0.6274509803921569,
            0.3893129770992366,
            131.0
        ],
        [
            0.6274509803921569,
            0.4015748031496063,
            127.0
        ],
        [
            0.6274509803921569,
            0.38636363636363635,
            132.0
        ],
        [
            0.6274509803921569,
            0.38345864661654133,
            133.0
        ],
        [
            0.6274509803921569,
            0.3923076923076923,
            130.0
        ],
        [
            0.6274509803921569,
            0.37919799498746865,
            134.4943820224719
        ],
        [
            0.6274509803921569,
            0.40968997113091504,
            124.484375
        ],
        [
            0.6274509803921569,
            0.3984375,
            128.0
        ],
        [
            0.6274509803921569,
            0.40476190476190477,
            126.0
        ]
    ]
}