{
    "rgb_colors": [
        [
            100.48226950354609,
            106.58865248226951,
            143.8581560283688
        ],
        [
            104.90625,
            111.015625,
            148.1875
        ],
        [
            93.33333333333333,
            100.22222222222223,
            137.27777777777777
        ],
        [
            96.32203389830508,
            103.14124293785311,
            140.17514124293785
        ],
        [
            101.45238095238095,
            107.61904761904762,
            144.85714285714286
        ],
        [
            102.91411042944786,
            109.03067484662577,
            146.22699386503066
        ],
        [
            99.39568345323741,
            105.65467625899281,
            142.89928057553956
        ],
        [
            109.375,
            115.3125,
            152.6875
        ],
        [
            98.2536231884058,
            104.56521739130434,
            141.7826086956522
        ],
        [
            106.95833333333333,
            113.08333333333333,
            150.20833333333334
        ]
    ],
    "hex_colors": [
        "#646a8f",
        "#686f94",
        "#5d6489",
        "#60678c",
        "#656b90",
        "#666d92",
        "#63698e",
        "#6d7398",
        "#62688d",
        "#6a7196"
    ],
    "hsl_color_values": [
        [
            0.6432036189230433,
            0.30151843817787427,
            143.8581560283688
        ],
        [
            0.6431407942238266,
            0.2920708561788275,
            148.1875
        ],
        [
            0.6405394016013485,
            0.32011331444759206,
            137.27777777777777
        ],
        [
            0.6407498067508374,
            0.3128451090242232,
            140.17514124293785
        ],
        [
            0.6429877491314683,
            0.299638395792242,
            144.85714285714286
        ],
        [
            0.6431303116147308,
            0.29620306272288643,
            146.22699386503066
        ],
        [
            0.6426878341877514,
            0.3044353823692292,
            142.89928057553956
        ],
        [
            0.6438191438191438,
            0.2836676217765043,
            152.6875
        ],
        [
            0.6425004161811221,
            0.30701216395788616,
            141.7826086956522
        ],
        [
            0.6430635838150289,
            0.28793342579750353,
            150.20833333333334
        ]
    ]
}