{
    "rgb_colors": [
        [
            111.0,
            108.84210526315789,
            136.89473684210526
        ],
        [
            104.55445544554455,
            102.39603960396039,
            130.3960396039604
        ],
        [
            103.07446808510639,
            104.07446808510639,
            132.9255319148936
        ],
        [
            101.72832369942196,
            102.72832369942196,
            131.3815028901734
        ],
        [
            105.57954545454545,
            106.57954545454545,
            135.42045454545453
        ],
        [
            106.69285714285714,
            104.51428571428572,
            132.5142857142857
        ],
        [
            108.67164179104478,
            106.3955223880597,
            134.3955223880597
        ],
        [
            114.70588235294117,
            112.11764705882354,
            140.11764705882354
        ],
        [
            104.16438356164383,
            105.16438356164383,
            133.83561643835617
        ],
        [
            99.8586956521739,
            100.43478260869566,
            129.1195652173913
        ]
    ],
    "hex_colors": [
        "#6f6c88",
        "#686682",
        "#676884",
        "#656683",
        "#696a87",
        "#6a6884",
        "#6c6a86",
        "#72708c",
        "#686985",
        "#636481"
    ],
    "hsl_color_values": [
        [
            0.6794871794871794,
            0.2049211841599385,
            136.89473684210526
        ],
        [
            0.6795143800094295,
            0.21473044798785118,
            130.3960396039604
        ],
        [
            0.6610833927298646,
            0.2245698279311724,
            132.9255319148936
        ],
        [
            0.6610461338531515,
            0.22570284658365963,
            131.3815028901734
        ],
        [
            0.661081492764661,
            0.22035747251825116,
            135.42045454545453
        ],
        [
            0.6796343537414966,
            0.211297973264338,
            132.5142857142857
        ],
        [
            0.6802149964463396,
            0.2083402743072908,
            134.3955223880597
        ],
        [
            0.6820728291316526,
            0.1998320738874895,
            140.11764705882354
        ],
        [
            0.6610495537088336,
            0.22169907881269196,
            133.83561643835617
        ],
        [
            0.6633853392768696,
            0.2266184022224094,
            129.1195652173913
        ]
    ]
}