{
    "rgb_colors": [
        [
            82.0,
            94.0,
            133.0
        ],
        [
            77.0,
            89.0,
            128.0
        ],
        [
            79.0,
            91.0,
            130.0
        ],
        [
            80.0,
            92.0,
            131.0
        ],
        [
            73.78571428571429,
            85.78571428571429,
            124.78571428571429
        ],
        [
            76.0,
            88.0,
            127.0
        ],
        [
            78.0,
            90.0,
            129.0
        ],
        [
            83.42666666666666,
            95.42666666666666,
            134.42666666666668
        ],
        [
            81.0,
            93.0,
            132.0
        ],
        [
            75.0,
            87.0,
            126.0
        ]
    ],
    "hex_colors": [
        "#525e85",
        "#4d5980",
        "#4f5b82",
        "#505c83",
        "#49557c",
        "#4c587f",
        "#4e5a81",
        "#535f86",
        "#515d84",
        "#4b577e"
    ],
    "hsl_color_values": [
        [
            0.6274509803921569,
            0.38345864661654133,
            133.0
        ],
        [
            0.6274509803921569,
            0.3984375,
            128.0
        ],
        [
            0.6274509803921569,
            0.3923076923076923,
            130.0
        ],
        [
            0.6274509803921569,
            0.3893129770992366,
            131.0
        ],
        [
            0.6274509803921569,
            0.40870062965083,
            124.78571428571429
        ],
        [
            0.6274509803921569,
            0.4015748031496063,
            127.0
        ],
        [
            0.6274509803921569,
            0.3953488372093023,
            129.0
        ],
        [
            0.6274509803921569,
            0.37938901011704035,
            134.42666666666668
        ],
        [
            0.6274509803921569,
            0.38636363636363635,
            132.0
        ],
        [
            0.6274509803921569,
            0.40476190476190477,
            126.0
        ]
    ]
}