{
    "rgb_colors": [
        [
            58.594202898550726,
            68.01449275362319,
            99.66666666666667
        ],
        [
            46.54545454545455,
            53.55844155844156,
            79.27272727272727
        ],
        [
            52.42666666666667,
            60.64,
            88.28666666666666
        ],
        [
            54.09375,
            64.34375,
            94.78125
        ],
        [
            61.47272727272727,
            71.18181818181819,
            103.72727272727272
        ],
        [
            57.372093023255815,
            65.90697674418604,
            96.29069767441861
        ],
        [
            50.64150943396226,
            58.83647798742138,
            85.82389937106919
        ],
        [
            54.10769230769231,
            62.23076923076923,
            90.77692307692308
        ],
        [
            48.81818181818182,
            56.616883116883116,
            83.1103896103896
        ],
        [
            55.9,
            63.925,
            92.925
        ]
    ],
    "hex_colors": [
        "#3a4463",
        "#2e354f",
        "#343c58",
        "#36405e",
        "#3d4767",
        "#394160",
        "#323a55",
        "#363e5a",
        "#303853",
        "#373f5c"
    ],
    "hsl_color_values": [
        [
            0.6284403669724771,
            0.4120982986767486,
            99.66666666666667
        ],
        [
            0.6309523809523809,
            0.4128440366972476,
            79.27272727272727
        ],
        [
            0.6284935241990457,
            0.4061768481461904,
            88.28666666666666
        ],
        [
            0.6246799795186893,
            0.42927794263105834,
            94.78125
        ],
        [
            0.6283706253585771,
            0.40736196319018403,
            103.72727272727272
        ],
        [
            0.6301165222587392,
            0.4041782393430745,
            96.29069767441861
        ],
        [
            0.6278453104516745,
            0.40993697786897265,
            85.82389937106919
        ],
        [
            0.6297461715963918,
            0.40394881789678844,
            90.77692307692308
        ],
        [
            0.6287634917629238,
            0.41261036018438935,
            83.1103896103896
        ],
        [
            0.6305424262885437,
            0.39843960182943233,
            92.925
        ]
    ]
}