{
    "rgb_colors": [
        [
            74.93333333333334,
            79.13333333333333,
            102.53333333333333
        ],
        [
            70.92696629213484,
            75.32022471910112,
            98.62359550561797
        ],
        [
            67.44736842105263,
            71.55263157894737,
            95.0
        ],
        [
            66.07692307692308,
            70.15384615384616,
            93.61538461538461
        ],
        [
            70.36111111111111,
            73.36111111111111,
            97.36111111111111
        ],
        [
            69.0,
            74.0,
            97.0
        ],
        [
            72.88118811881188,
            76.81188118811882,
            100.34653465346534
        ],
        [
            64.05194805194805,
            68.24675324675324,
            91.64935064935065
        ],
        [
            61.8125,
            66.4375,
            89.625
        ],
        [
            68.34693877551021,
            72.65306122448979,
            96.0
        ]
    ],
    "hex_colors": [
        "#4a4f66",
        "#464b62",
        "#43475f",
        "#42465d",
        "#464961",
        "#454a61",
        "#484c64",
        "#40445b",
        "#3d4259",
        "#444860"
    ],
    "hsl_color_values": [
        [
            0.641304347826087,
            0.2691807542262678,
            102.53333333333333
        ],
        [
            0.6402298850574714,
            0.2808316718883508,
            98.62359550561797
        ],
        [
            0.6418338108882521,
            0.29002770083102497,
            95.0
        ],
        [
            0.6419925512104282,
            0.29416598192276083,
            93.61538461538461
        ],
        [
            0.6481481481481483,
            0.27731811697574893,
            97.36111111111111
        ],
        [
            0.6369047619047619,
            0.28865979381443296,
            97.0
        ],
        [
            0.6428142273491949,
            0.2737049827331031,
            100.34653465346534
        ],
        [
            0.6413333333333333,
            0.30111945585943045,
            91.64935064935065
        ],
        [
            0.6389513108614232,
            0.3103207810320781,
            89.625
        ],
        [
            0.6407134071340713,
            0.2880527210884353,
            96.0
        ]
    ]
}