{
    "rgb_colors": [
        [
            83.0,
            89.0,
            122.0
        ],
        [
            85.0,
            91.0,
            124.0
        ],
        [
            84.0,
            90.0,
            123.0
        ],
        [
            82.0,
            88.0,
            121.0
        ],
        [
            81.0,
            87.0,
            120.0
        ],
        [
            86.0,
            92.0,
            125.0
        ],
        [
            87.43181818181819,
            93.43181818181819,
            126.43181818181819
        ],
        [
            79.0,
            85.0,
            118.0
        ],
        [
            77.3529411764706,
            83.3529411764706,
            116.3529411764706
        ],
        [
            80.0,
            86.0,
            119.0
        ]
    ],
    "hex_colors": [
        "#53597a",
        "#555b7c",
        "#545a7b",
        "#525879",
        "#515778",
        "#565c7d",
        "#575d7e",
        "#4f5576",
        "#4d5374",
        "#505677"
    ],
    "hsl_color_values": [
        [
            0.641025641025641,
            0.319672131147541,
            122.0
        ],
        [
            0.641025641025641,
            0.31451612903225806,
            124.0
        ],
        [
            0.641025641025641,
            0.3170731707317073,
            123.0
        ],
        [
            0.641025641025641,
            0.32231404958677684,
            121.0
        ],
        [
            0.641025641025641,
            0.325,
            120.0
        ],
        [
            0.641025641025641,
            0.312,
            125.0
        ],
        [
            0.641025641025641,
            0.30846665468272516,
            126.43181818181819
        ],
        [
            0.641025641025641,
            0.3305084745762712,
            118.0
        ],
        [
            0.641025641025641,
            0.3351870576339737,
            116.3529411764706
        ],
        [
            0.641025641025641,
            0.3277310924369748,
            119.0
        ]
    ]
}