{
    "rgb_colors": [
        [
            82.38095238095238,
            85.46428571428571,
            113.46428571428571
        ],
        [
            77.69503546099291,
            81.0,
            109.0
        ],
        [
            79.67669172932331,
            83.0,
            111.0
        ],
        [
            72.98795180722891,
            76.63855421686748,
            104.63855421686748
        ],
        [
            70.57142857142857,
            74.35714285714286,
            102.35714285714286
        ],
        [
            80.7378640776699,
            84.13592233009709,
            112.13592233009709
        ],
        [
            78.66666666666667,
            82.0,
            110.0
        ],
        [
            76.6283185840708,
            80.0,
            108.0
        ],
        [
            75.1437125748503,
            78.61676646706587,
            106.61676646706587
        ],
        [
            84.17647058823529,
            87.38235294117646,
            115.38235294117646
        ]
    ],
    "hex_colors": [
        "#525571",
        "#4d516d",
        "#4f536f",
        "#484c68",
        "#464a66",
        "#505470",
        "#4e526e",
        "#4c506c",
        "#4b4e6a",
        "#545773"
    ],
    "hsl_color_values": [
        [
            0.6501340482573728,
            0.2739481691323051,
            113.46428571428571
        ],
        [
            0.6490711372904395,
            0.2872015095321751,
            109.0
        ],
        [
            0.6489838374139861,
            0.2821919664024927,
            111.0
        ],
        [
            0.647443217865753,
            0.3024755325273461,
            104.63855421686748
        ],
        [
            0.646816479400749,
            0.3105373342637823,
            102.35714285714286
        ],
        [
            0.6486291486291487,
            0.2800000000000001,
            112.13592233009709
        ],
        [
            0.648936170212766,
            0.2848484848484848,
            110.0
        ],
        [
            0.6487541137752704,
            0.2904785316289741,
            108.0
        ],
        [
            0.6482749873160832,
            0.2951979780960405,
            106.61676646706587
        ],
        [
            0.6495444549167453,
            0.2704562834565384,
            115.38235294117646
        ]
    ]
}