{
    "rgb_colors": [
        [
            66.0,
            77.0,
            113.0
        ],
        [
            69.0,
            80.0,
            116.0
        ],
        [
            62.5609756097561,
            73.5609756097561,
            109.5609756097561
        ],
        [
            65.0,
            76.0,
            112.0
        ],
        [
            67.0,
            78.0,
            114.0
        ],
        [
            70.0,
            81.0,
            117.0
        ],
        [
            71.0,
            82.0,
            118.0
        ],
        [
            64.0,
            75.0,
            111.0
        ],
        [
            72.61363636363636,
            83.61363636363636,
            119.61363636363636
        ],
        [
            68.0,
            79.0,
            115.0
        ]
    ],
    "hex_colors": [
        "#424d71",
        "#455074",
        "#3e496d",
        "#414c70",
        "#434e72",
        "#465175",
        "#475276",
        "#404b6f",
        "#485377",
        "#444f73"
    ],
    "hsl_color_values": [
        [
            0.6276595744680851,
            0.415929203539823,
            113.0
        ],
        [
            0.6276595744680851,
            0.4051724137931034,
            116.0
        ],
        [
            0.6276595744680851,
            0.4289848619768477,
            109.5609756097561
        ],
        [
            0.6276595744680851,
            0.41964285714285715,
            112.0
        ],
        [
            0.6276595744680851,
            0.41228070175438597,
            114.0
        ],
        [
            0.6276595744680851,
            0.4017094017094017,
            117.0
        ],
        [
            0.6276595744680851,
            0.3983050847457627,
            118.0
        ],
        [
            0.6276595744680851,
            0.42342342342342343,
            111.0
        ],
        [
            0.6276595744680851,
            0.39293178795363864,
            119.61363636363636
        ],
        [
            0.6276595744680851,
            0.40869565217391307,
            115.0
        ]
    ]
}