{
    "rgb_colors": [
        [
            121.21428571428571,
            115.32857142857142,
            140.1642857142857
        ],
        [
            108.875,
            106.2159090909091,
            134.04545454545453
        ],
        [
            118.47058823529412,
            112.72268907563026,
            137.87394957983193
        ],
        [
            124.45370370370371,
            118.28703703703704,
            142.91666666666666
        ],
        [
            128.26086956521738,
            121.73913043478261,
            146.57971014492753
        ],
        [
            114.87581699346406,
            111.50980392156863,
            138.43790849673204
        ],
        [
            105.9090909090909,
            103.22727272727272,
            130.9090909090909
        ],
        [
            112.45625,
            109.0375,
            136.4125
        ],
        [
            117.27131782945736,
            114.34883720930233,
            141.07751937984497
        ],
        [
            120.86111111111111,
            117.41666666666667,
            144.25
        ]
    ],
    "hex_colors": [
        "#79738c",
        "#6c6a86",
        "#767089",
        "#7c768e",
        "#807992",
        "#726f8a",
        "#696782",
        "#706d88",
        "#75728d",
        "#787590"
    ],
    "hsl_color_values": [
        [
            0.7061643178985716,
            0.17719003210518272,
            140.1642857142857
        ],
        [
            0.6825915339594393,
            0.2076127500847744,
            134.04545454545453
        ],
        [
            0.7047555407060919,
            0.1824221368927896,
            137.87394957983193
        ],
        [
            0.7083959899749374,
            0.17233560090702943,
            142.91666666666666
        ],
        [
            0.7104239595488137,
            0.16946806406960646,
            146.57971014492753
        ],
        [
            0.6875,
            0.19451395118266374,
            138.43790849673204
        ],
        [
            0.6828133552271484,
            0.2114583333333334,
            130.9090909090909
        ],
        [
            0.6874809741248097,
            0.20067809035095757,
            136.4125
        ],
        [
            0.6848897911832946,
            0.1894609593933733,
            141.07751937984497
        ],
        [
            0.6880607315389925,
            0.18601964182553435,
            144.25
        ]
    ]
}