{
    "rgb_colors": [
        [
            86.0,
            98.0,
            137.0
        ],
        [
            93.72043010752688,
            105.72043010752688,
            144.72043010752688
        ],
        [
            87.0,
            99.0,
            138.0
        ],
        [
            88.0,
            100.0,
            139.0
        ],
        [
            96.5925925925926,
            108.5925925925926,
            147.59259259259258
        ],
        [
            84.5,
            96.5,
            135.5
        ],
        [
            91.0,
            103.0,
            142.0
        ],
        [
            90.0,
            102.0,
            141.0
        ],
        [
            89.0,
            101.0,
            140.0
        ],
        [
            92.0,
            104.0,
            143.0
        ]
    ],
    "hex_colors": [
        "#566289",
        "#5d6990",
        "#57638a",
        "#58648b",
        "#606c93",
        "#546087",
        "#5b678e",
        "#5a668d",
        "#59658c",
        "#5c688f"
    ],
    "hsl_color_values": [
        [
            0.6274509803921569,
            0.3722627737226277,
            137.0
        ],
        [
            0.6274509803921569,
            0.3524035961066944,
            144.72043010752688
        ],
        [
            0.6274509803921569,
            0.3695652173913043,
            138.0
        ],
        [
            0.6274509803921569,
            0.3669064748201439,
            139.0
        ],
        [
            0.6274509803921569,
            0.34554579673776653,
            147.59259259259258
        ],
        [
            0.6274509803921569,
            0.3763837638376384,
            135.5
        ],
        [
            0.6274509803921569,
            0.3591549295774648,
            142.0
        ],
        [
            0.6274509803921569,
            0.3617021276595745,
            141.0
        ],
        [
            0.6274509803921569,
            0.36428571428571427,
            140.0
        ],
        [
            0.6274509803921569,
            0.35664335664335667,
            143.0
        ]
    ]
}