{
    "rgb_colors": [
        [
            136.54545454545453,
            141.54545454545453,
            163.04545454545453
        ],
        [
            124.23589743589744,
            129.23589743589744,
            151.90769230769232
        ],
        [
            133.77358490566039,
            138.77358490566039,
            160.1509433962264
        ],
        [
            140.43478260869566,
            145.43478260869566,
            166.7826086956522
        ],
        [
            121.44186046511628,
            126.44186046511628,
            149.2325581395349
        ],
        [
            129.04166666666666,
            134.04166666666666,
            156.02083333333334
        ],
        [
            128.0,
            133.0,
            154.0
        ],
        [
            131.21428571428572,
            136.21428571428572,
            158.3131868131868
        ],
        [
            126.48936170212767,
            131.48936170212767,
            153.80851063829786
        ],
        [
            118.5,
            123.5,
            146.5
        ]
    ],
    "hex_colors": [
        "#888da3",
        "#7c8197",
        "#858aa0",
        "#8c91a6",
        "#797e95",
        "#81869c",
        "#80859a",
        "#83889e",
        "#7e8399",
        "#767b92"
    ],
    "hsl_color_values": [
        [
            0.6352201257861635,
            0.16253136325620296,
            163.04545454545453
        ],
        [
            0.6365517667407956,
            0.18216190669097293,
            151.90769230769232
        ],
        [
            0.6350739151168335,
            0.16470311027332696,
            160.1509433962264
        ],
        [
            0.6350385038503851,
            0.15797705943691348,
            166.7826086956522
        ],
        [
            0.6366806136680614,
            0.18622409225494782,
            149.2325581395349
        ],
        [
            0.6357786357786358,
            0.1729202830818535,
            156.02083333333334
        ],
        [
            0.6346153846153846,
            0.16883116883116883,
            154.0
        ],
        [
            0.6359151121924844,
            0.17117273452955253,
            158.3131868131868
        ],
        [
            0.6361630321910695,
            0.17761792779084234,
            153.80851063829786
        ],
        [
            0.6369047619047619,
            0.19112627986348124,
            146.5
        ]
    ]
}