{
    "rgb_colors": [
        [
            81.0,
            89.0,
            119.0
        ],
        [
            82.0,
            90.0,
            120.0
        ],
        [
            77.0,
            85.0,
            115.0
        ],
        [
            76.0,
            84.0,
            114.0
        ],
        [
            74.61904761904762,
            82.61904761904762,
            112.61904761904762
        ],
        [
            83.0,
            91.0,
            121.0
        ],
        [
            78.52777777777777,
            86.52777777777777,
            116.52777777777777
        ],
        [
            86.49152542372882,
            94.49152542372882,
            124.49152542372882
        ],
        [
            84.45390070921985,
            92.45390070921985,
            122.45390070921985
        ],
        [
            80.0,
            88.0,
            118.0
        ]
    ],
    "hex_colors": [
        "#515977",
        "#525a78",
        "#4d5573",
        "#4c5472",
        "#4a5270",
        "#535b79",
        "#4e5674",
        "#565e7c",
        "#545c7a",
        "#505876"
    ],
    "hsl_color_values": [
        [
            0.6315789473684211,
            0.31932773109243695,
            119.0
        ],
        [
            0.6315789473684211,
            0.31666666666666665,
            120.0
        ],
        [
            0.6315789473684211,
            0.33043478260869563,
            115.0
        ],
        [
            0.6315789473684211,
            0.3333333333333333,
            114.0
        ],
        [
            0.6315789473684211,
            0.33742071881606767,
            112.61904761904762
        ],
        [
            0.6315789473684211,
            0.3140495867768595,
            121.0
        ],
        [
            0.6315789473684211,
            0.3261025029797378,
            116.52777777777777
        ],
        [
            0.6315789473684211,
            0.3052416609938734,
            124.49152542372882
        ],
        [
            0.6315789473684211,
            0.31032086180933627,
            122.45390070921985
        ],
        [
            0.6315789473684211,
            0.3220338983050847,
            118.0
        ]
    ]
}