{
    "rgb_colors": [
        [
            85.15384615384616,
            99.51648351648352,
            138.9010989010989
        ],
        [
            82.0,
            96.88181818181818,
            136.3272727272727
        ],
        [
            90.40425531914893,
            106.62765957446808,
            147.5744680851064
        ],
        [
            78.05,
            93.38333333333334,
            134.85
        ],
        [
            85.22857142857143,
            101.29714285714286,
            142.57714285714286
        ],
        [
            79.99441340782123,
            96.31284916201118,
            138.59217877094972
        ],
        [
            82.21678321678321,
            98.62937062937063,
            140.66433566433565
        ],
        [
            88.17692307692307,
            103.95384615384616,
            144.48461538461538
        ],
        [
            93.88888888888889,
            110.77777777777777,
            151.77777777777777
        ],
        [
            89.16666666666667,
            102.16666666666667,
            141.08333333333334
        ]
    ],
    "hex_colors": [
        "#55638a",
        "#526088",
        "#5a6a93",
        "#4e5d86",
        "#55658e",
        "#4f608a",
        "#52628c",
        "#586790",
        "#5d6e97",
        "#59668d"
    ],
    "hsl_color_values": [
        [
            0.6221290806242759,
            0.38694620253164547,
            138.9010989010989
        ],
        [
            0.6210118250780902,
            0.39850626833822345,
            136.3272727272727
        ],
        [
            0.6193710457759583,
            0.38739907727797007,
            147.5744680851064
        ],
        [
            0.6216744913928012,
            0.42120875046347794,
            134.85
        ],
        [
            0.6199681147867676,
            0.402228367600497,
            142.57714285714286
        ],
        [
            0.6202529634219976,
            0.4228071589809739,
            138.59217877094972
        ],
        [
            0.6198651990109276,
            0.415510812826249,
            140.66433566433565
        ],
        [
            0.6199681238615664,
            0.389714103178406,
            144.48461538461538
        ],
        [
            0.6180422264875239,
            0.38140556368960465,
            151.77777777777777
        ],
        [
            0.6249331193151417,
            0.36798582398109864,
            141.08333333333334
        ]
    ]
}