{
    "rgb_colors": [
        [
            76.79069767441861,
            88.79069767441861,
            121.79069767441861
        ],
        [
            67.0,
            79.0,
            112.0
        ],
        [
            70.0,
            82.0,
            115.0
        ],
        [
            69.0,
            81.0,
            114.0
        ],
        [
            68.0,
            80.0,
            113.0
        ],
        [
            73.0,
            85.0,
            118.0
        ],
        [
            71.0,
            83.0,
            116.0
        ],
        [
            65.51282051282051,
            77.51282051282051,
            110.51282051282051
        ],
        [
            72.0,
            84.0,
            117.0
        ],
        [
            74.43442622950819,
            86.43442622950819,
            119.43442622950819
        ]
    ],
    "hex_colors": [
        "#4c5879",
        "#434f70",
        "#465273",
        "#455172",
        "#445071",
        "#495576",
        "#475374",
        "#414d6e",
        "#485475",
        "#4a5677"
    ],
    "hsl_color_values": [
        [
            0.6222222222222222,
            0.3694863471453122,
            121.79069767441861
        ],
        [
            0.6222222222222222,
            0.4017857142857143,
            112.0
        ],
        [
            0.6222222222222222,
            0.391304347826087,
            115.0
        ],
        [
            0.6222222222222222,
            0.39473684210526316,
            114.0
        ],
        [
            0.6222222222222222,
            0.39823008849557523,
            113.0
        ],
        [
            0.6222222222222222,
            0.3813559322033898,
            118.0
        ],
        [
            0.6222222222222222,
            0.3879310344827586,
            116.0
        ],
        [
            0.6222222222222222,
            0.4071925754060325,
            110.51282051282051
        ],
        [
            0.6222222222222222,
            0.38461538461538464,
            117.0
        ],
        [
            0.6222222222222222,
            0.3767757875231625,
            119.43442622950819
        ]
    ]
}