{
    "rgb_colors": [
        [
            90.36363636363636,
            101.76623376623377,
            140.76623376623377
        ],
        [
            93.50641025641026,
            105.0,
            144.0
        ],
        [
            99.4,
            110.46666666666667,
            149.46666666666667
        ],
        [
            88.35955056179775,
            99.97752808988764,
            138.97752808988764
        ],
        [
            94.47058823529412,
            106.0,
            145.0
        ],
        [
            92.0,
            104.0,
            143.0
        ],
        [
            97.21153846153847,
            108.36538461538461,
            147.3653846153846
        ],
        [
            91.5,
            103.0,
            142.0
        ],
        [
            93.0,
            104.0,
            143.0
        ],
        [
            95.50757575757575,
            107.17424242424242,
            146.17424242424244
        ]
    ],
    "hex_colors": [
        "#5a658c",
        "#5d6990",
        "#636e95",
        "#58638a",
        "#5e6a91",
        "#5c688f",
        "#616c93",
        "#5b678e",
        "#5d688f",
        "#5f6b92"
    ],
    "hsl_color_values": [
        [
            0.6289616078330327,
            0.3580588615185903,
            140.76623376623377
        ],
        [
            0.6287292116287927,
            0.35064992877492873,
            144.0
        ],
        [
            0.62982689747004,
            0.3349687778768956,
            149.46666666666667
        ],
        [
            0.6284128745837957,
            0.36421699409814867,
            138.97752808988764
        ],
        [
            0.6286379511059371,
            0.34847870182555785,
            145.0
        ],
        [
            0.6274509803921569,
            0.35664335664335667,
            143.0
        ],
        [
            0.6296012269938651,
            0.34033668276132056,
            147.3653846153846
        ],
        [
            0.6287128712871287,
            0.35563380281690143,
            142.0
        ],
        [
            0.63,
            0.34965034965034963,
            143.0
        ],
        [
            0.6282894736842105,
            0.34661829489505064,
            146.17424242424244
        ]
    ]
}