{
    "rgb_colors": [
        [
            144.72992700729927,
            149.62043795620437,
            166.8832116788321
        ],
        [
            156.1689189189189,
            160.33783783783784,
            176.20945945945945
        ],
        [
            158.68055555555554,
            163.0,
            178.93055555555554
        ],
        [
            141.07692307692307,
            146.15384615384616,
            163.6153846153846
        ],
        [
            152.06735751295338,
            156.38860103626942,
            172.67357512953367
        ],
        [
            147.18543046357615,
            152.0662251655629,
            169.1456953642384
        ],
        [
            149.36986301369862,
            153.9931506849315,
            170.91095890410958
        ],
        [
            161.96666666666667,
            166.23333333333332,
            181.76666666666665
        ],
        [
            164.88888888888889,
            169.0,
            185.0
        ],
        [
            153.54794520547946,
            158.1095890410959,
            174.9041095890411
        ]
    ],
    "hex_colors": [
        "#9095a6",
        "#9ca0b0",
        "#9ea3b2",
        "#8d92a3",
        "#989cac",
        "#9398a9",
        "#9599aa",
        "#a1a6b5",
        "#a4a9b9",
        "#999eae"
    ],
    "hsl_color_values": [
        [
            0.6298736957715542,
            0.13274723352141013,
            166.8832116788321
        ],
        [
            0.6319959541469992,
            0.11373135472985932,
            176.20945945945945
        ],
        [
            0.6311156835848193,
            0.11317239773344719,
            178.93055555555554
        ],
        [
            0.6291240045506257,
            0.13775270333803485,
            163.6153846153846
        ],
        [
            0.6317156986002851,
            0.1193362539758746,
            172.67357512953367
        ],
        [
            0.6296240450341778,
            0.12983046865823578,
            169.1456953642384
        ],
        [
            0.6308956014838367,
            0.1260369494649942,
            170.91095890410958
        ],
        [
            0.6307519640852975,
            0.10893086374472759,
            181.76666666666665
        ],
        [
            0.6325966850828729,
            0.10870870870870873,
            185.0
        ],
        [
            0.6310669232413941,
            0.12210213032581448,
            174.9041095890411
        ]
    ]
}