{
    "rgb_colors": [
        [
            67.0,
            79.0,
            118.0
        ],
        [
            73.0,
            85.0,
            124.0
        ],
        [
            71.0,
            83.0,
            122.0
        ],
        [
            72.0,
            84.0,
            123.0
        ],
        [
            74.64285714285714,
            86.64285714285714,
            125.64285714285714
        ],
        [
            69.0,
            81.0,
            120.0
        ],
        [
            68.0,
            80.0,
            119.0
        ],
        [
            66.0,
            78.0,
            117.0
        ],
        [
            64.66666666666667,
            76.66666666666667,
            115.66666666666667
        ],
        [
            70.0,
            82.0,
            121.0
        ]
    ],
    "hex_colors": [
        "#434f76",
        "#49557c",
        "#47537a",
        "#48547b",
        "#4a567d",
        "#455178",
        "#445077",
        "#424e75",
        "#404c73",
        "#465279"
    ],
    "hsl_color_values": [
        [
            0.6274509803921569,
            0.4322033898305085,
            118.0
        ],
        [
            0.6274509803921569,
            0.4112903225806452,
            124.0
        ],
        [
            0.6274509803921569,
            0.4180327868852459,
            122.0
        ],
        [
            0.6274509803921569,
            0.4146341463414634,
            123.0
        ],
        [
            0.6274509803921569,
            0.4059124502558272,
            125.64285714285714
        ],
        [
            0.6274509803921569,
            0.425,
            120.0
        ],
        [
            0.6274509803921569,
            0.42857142857142855,
            119.0
        ],
        [
            0.6274509803921569,
            0.4358974358974359,
            117.0
        ],
        [
            0.6274509803921569,
            0.44092219020172907,
            115.66666666666667
        ],
        [
            0.6274509803921569,
            0.4214876033057851,
            121.0
        ]
    ]
}