{
    "rgb_colors": [
        [
            106.49528301886792,
            119.22641509433963,
            156.03301886792454
        ],
        [
            102.67320261437908,
            114.97385620915033,
            153.0718954248366
        ],
        [
            105.0,
            118.0,
            154.0
        ],
        [
            99.64285714285714,
            111.85714285714286,
            150.21428571428572
        ],
        [
            108.74074074074073,
            121.56018518518519,
            158.10185185185185
        ],
        [
            101.37142857142857,
            114.05714285714286,
            151.0
        ],
        [
            111.828125,
            124.75,
            160.984375
        ],
        [
            104.0,
            117.0,
            153.0
        ],
        [
            97.69565217391305,
            109.95652173913044,
            148.17391304347825
        ],
        [
            104.45192307692308,
            116.45192307692308,
            155.45192307692307
        ]
    ],
    "hex_colors": [
        "#6a779c",
        "#667299",
        "#69769a",
        "#636f96",
        "#6c799e",
        "#657297",
        "#6f7ca0",
        "#687599",
        "#616d94",
        "#68749b"
    ],
    "hsl_color_values": [
        [
            0.6238335555132356,
            0.31748239064058775,
            156.03301886792454
        ],
        [
            0.6259888471015432,
            0.32924850555081137,
            153.0718954248366
        ],
        [
            0.6224489795918368,
            0.3181818181818182,
            154.0
        ],
        [
            0.626412429378531,
            0.3366619115549216,
            150.21428571428572
        ],
        [
            0.6233821046707934,
            0.31221083455344073,
            158.10185185185185
        ],
        [
            0.6240644789867588,
            0.3286660359508042,
            151.0
        ],
        [
            0.6228544183089637,
            0.3053479569057556,
            160.984375
        ],
        [
            0.6224489795918368,
            0.3202614379084967,
            153.0
        ],
        [
            0.6261843238587425,
            0.340669014084507,
            148.17391304347825
        ],
        [
            0.6274509803921569,
            0.32807570977917977,
            155.45192307692307
        ]
    ]
}