{
    "rgb_colors": [
        [
            90.0,
            96.0,
            131.0
        ],
        [
            92.34821428571429,
            98.34821428571429,
            133.34821428571428
        ],
        [
            89.0,
            95.0,
            130.0
        ],
        [
            93.42105263157895,
            99.94736842105263,
            136.0
        ],
        [
            90.35820895522389,
            97.35820895522389,
            134.3582089552239
        ],
        [
            87.12711864406779,
            94.12711864406779,
            131.1271186440678
        ],
        [
            88.0,
            94.0,
            129.0
        ],
        [
            89.0,
            96.0,
            133.0
        ],
        [
            91.0,
            97.0,
            132.0
        ],
        [
            86.21551724137932,
            92.31896551724138,
            127.52586206896552
        ]
    ],
    "hex_colors": [
        "#5a6083",
        "#5c6285",
        "#595f82",
        "#5d6388",
        "#5a6186",
        "#575e83",
        "#585e81",
        "#596085",
        "#5b6184",
        "#565c7f"
    ],
    "hsl_color_values": [
        [
            0.6422764227642276,
            0.31297709923664124,
            131.0
        ],
        [
            0.6422764227642276,
            0.30746568463341134,
            133.34821428571428
        ],
        [
            0.6422764227642276,
            0.3153846153846154,
            130.0
        ],
        [
            0.6411207251751133,
            0.31308049535603716,
            136.0
        ],
        [
            0.6401515151515151,
            0.32748278160408795,
            134.3582089552239
        ],
        [
            0.6401515151515151,
            0.3355522523104763,
            131.1271186440678
        ],
        [
            0.6422764227642276,
            0.3178294573643411,
            129.0
        ],
        [
            0.6401515151515151,
            0.3308270676691729,
            133.0
        ],
        [
            0.6422764227642276,
            0.3106060606060606,
            132.0
        ],
        [
            0.6420422927100723,
            0.32393699722841884,
            127.52586206896552
        ]
    ]
}