{
    "rgb_colors": [
        [
            67.0,
            82.0,
            120.0
        ],
        [
            70.0,
            85.0,
            123.0
        ],
        [
            68.0,
            83.0,
            121.0
        ],
        [
            72.58620689655173,
            87.58620689655173,
            125.58620689655173
        ],
        [
            66.0,
            81.0,
            119.0
        ],
        [
            64.0,
            79.0,
            117.0
        ],
        [
            71.0,
            86.0,
            124.0
        ],
        [
            65.0,
            80.0,
            118.0
        ],
        [
            69.0,
            84.0,
            122.0
        ],
        [
            62.47692307692308,
            77.47692307692307,
            115.47692307692307
        ]
    ],
    "hex_colors": [
        "#435278",
        "#46557b",
        "#445379",
        "#48577d",
        "#425177",
        "#404f75",
        "#47567c",
        "#415076",
        "#45547a",
        "#3e4d73"
    ],
    "hsl_color_values": [
        [
            0.619496855345912,
            0.44166666666666665,
            120.0
        ],
        [
            0.619496855345912,
            0.43089430894308944,
            123.0
        ],
        [
            0.619496855345912,
            0.4380165289256198,
            121.0
        ],
        [
            0.619496855345912,
            0.4220208676551345,
            125.58620689655173
        ],
        [
            0.619496855345912,
            0.44537815126050423,
            119.0
        ],
        [
            0.619496855345912,
            0.452991452991453,
            117.0
        ],
        [
            0.619496855345912,
            0.4274193548387097,
            124.0
        ],
        [
            0.619496855345912,
            0.4491525423728814,
            118.0
        ],
        [
            0.619496855345912,
            0.4344262295081967,
            122.0
        ],
        [
            0.619496855345912,
            0.45896616040500926,
            115.47692307692307
        ]
    ]
}