{
    "rgb_colors": [
        [
            68.83248730964468,
            75.93401015228426,
            110.62944162436548
        ],
        [
            65.0,
            73.0,
            105.0
        ],
        [
            61.6078431372549,
            68.6078431372549,
            103.6078431372549
        ],
        [
            64.07954545454545,
            71.07954545454545,
            106.07954545454545
        ],
        [
            60.96296296296296,
            68.77777777777777,
            101.33333333333333
        ],
        [
            71.87096774193549,
            78.90322580645162,
            113.80645161290323
        ],
        [
            58.46153846153846,
            66.0,
            99.38461538461539
        ],
        [
            66.8,
            74.8,
            106.8
        ],
        [
            63.50877192982456,
            71.50877192982456,
            103.50877192982456
        ],
        [
            66.55747126436782,
            73.55747126436782,
            108.55747126436782
        ]
    ],
    "hex_colors": [
        "#444b6e",
        "#414969",
        "#3d4467",
        "#40476a",
        "#3c4465",
        "#474e71",
        "#3a4263",
        "#424a6a",
        "#3f4767",
        "#42496c"
    ],
    "hsl_color_values": [
        [
            0.6383491215286212,
            0.37781040653390835,
            110.62944162436548
        ],
        [
            0.6333333333333333,
            0.38095238095238093,
            105.0
        ],
        [
            0.6388888888888888,
            0.4053747161241484,
            103.6078431372549
        ],
        [
            0.6388888888888888,
            0.39592929833958224,
            106.07954545454545
        ],
        [
            0.6344036697247706,
            0.3983918128654971,
            101.33333333333333
        ],
        [
            0.6387179487179487,
            0.36848072562358275,
            113.80645161290323
        ],
        [
            0.6359649122807017,
            0.411764705882353,
            99.38461538461539
        ],
        [
            0.6333333333333333,
            0.37453183520599254,
            106.8
        ],
        [
            0.6333333333333333,
            0.3864406779661017,
            103.50877192982456
        ],
        [
            0.6388888888888888,
            0.3868918418126952,
            108.55747126436782
        ]
    ]
}