{
    "rgb_colors": [
        [
            92.0,
            103.0,
            142.0
        ],
        [
            96.0,
            107.0,
            146.0
        ],
        [
            89.75384615384615,
            100.75384615384615,
            139.75384615384615
        ],
        [
            97.0,
            108.0,
            147.0
        ],
        [
            87.72727272727273,
            98.72727272727273,
            137.72727272727272
        ],
        [
            98.8,
            109.8,
            148.8
        ],
        [
            91.0,
            102.0,
            141.0
        ],
        [
            95.0,
            106.0,
            145.0
        ],
        [
            94.0,
            105.0,
            144.0
        ],
        [
            93.0,
            104.0,
            143.0
        ]
    ],
    "hex_colors": [
        "#5c678e",
        "#606b92",
        "#59648b",
        "#616c93",
        "#576289",
        "#626d94",
        "#5b668d",
        "#5f6a91",
        "#5e6990",
        "#5d688f"
    ],
    "hsl_color_values": [
        [
            0.63,
            0.352112676056338,
            142.0
        ],
        [
            0.63,
            0.3424657534246575,
            146.0
        ],
        [
            0.63,
            0.3577719066490533,
            139.75384615384615
        ],
        [
            0.63,
            0.3401360544217687,
            147.0
        ],
        [
            0.63,
            0.36303630363036293,
            137.72727272727272
        ],
        [
            0.63,
            0.3360215053763442,
            148.8
        ],
        [
            0.63,
            0.3546099290780142,
            141.0
        ],
        [
            0.63,
            0.3448275862068966,
            145.0
        ],
        [
            0.63,
            0.3472222222222222,
            144.0
        ],
        [
            0.63,
            0.34965034965034963,
            143.0
        ]
    ]
}