{
    "rgb_colors": [
        [
            67.51824817518248,
            82.51824817518248,
            120.51824817518248
        ],
        [
            65.67213114754098,
            80.08196721311475,
            118.27868852459017
        ],
        [
            72.0,
            84.0,
            123.0
        ],
        [
            70.0,
            82.0,
            121.0
        ],
        [
            70.3125,
            85.3125,
            123.3125
        ],
        [
            67.65853658536585,
            79.65853658536585,
            118.65853658536585
        ],
        [
            73.20535714285714,
            85.66071428571429,
            124.50892857142857
        ],
        [
            71.0,
            83.0,
            122.0
        ],
        [
            69.0,
            84.0,
            122.0
        ],
        [
            69.0,
            81.0,
            120.0
        ]
    ],
    "hex_colors": [
        "#435278",
        "#415076",
        "#48547b",
        "#465279",
        "#46557b",
        "#434f76",
        "#49557c",
        "#47537a",
        "#45547a",
        "#455178"
    ],
    "hsl_color_values": [
        [
            0.619496855345912,
            0.43976742777542244,
            120.51824817518248
        ],
        [
            0.6210138153111041,
            0.4447678447678448,
            118.27868852459017
        ],
        [
            0.6274509803921569,
            0.4146341463414634,
            123.0
        ],
        [
            0.6274509803921569,
            0.4214876033057851,
            121.0
        ],
        [
            0.619496855345912,
            0.4298023314749113,
            123.3125
        ],
        [
            0.6274509803921569,
            0.4298047276464543,
            118.65853658536585
        ],
        [
            0.6262037359322427,
            0.41204732879168166,
            124.50892857142857
        ],
        [
            0.6274509803921569,
            0.4180327868852459,
            122.0
        ],
        [
            0.619496855345912,
            0.4344262295081967,
            122.0
        ],
        [
            0.6274509803921569,
            0.425,
            120.0
        ]
    ]
}