{
    "rgb_colors": [
        [
            68.0,
            79.0,
            115.0
        ],
        [
            69.0,
            80.0,
            116.0
        ],
        [
            71.0,
            82.0,
            118.0
        ],
        [
            74.0,
            85.0,
            121.0
        ],
        [
            75.2,
            86.2,
            122.2
        ],
        [
            73.0,
            84.0,
            120.0
        ],
        [
            70.0,
            81.0,
            117.0
        ],
        [
            67.0,
            78.0,
            114.0
        ],
        [
            72.0,
            83.0,
            119.0
        ],
        [
            65.61538461538461,
            76.61538461538461,
            112.61538461538461
        ]
    ],
    "hex_colors": [
        "#444f73",
        "#455074",
        "#475276",
        "#4a5579",
        "#4b567a",
        "#495478",
        "#465175",
        "#434e72",
        "#485377",
        "#414c70"
    ],
    "hsl_color_values": [
        [
            0.6276595744680851,
            0.40869565217391307,
            115.0
        ],
        [
            0.6276595744680851,
            0.4051724137931034,
            116.0
        ],
        [
            0.6276595744680851,
            0.3983050847457627,
            118.0
        ],
        [
            0.6276595744680851,
            0.3884297520661157,
            121.0
        ],
        [
            0.6276595744680851,
            0.3846153846153846,
            122.2
        ],
        [
            0.6276595744680851,
            0.39166666666666666,
            120.0
        ],
        [
            0.6276595744680851,
            0.4017094017094017,
            117.0
        ],
        [
            0.6276595744680851,
            0.41228070175438597,
            114.0
        ],
        [
            0.6276595744680851,
            0.3949579831932773,
            119.0
        ],
        [
            0.6276595744680851,
            0.4173497267759563,
            112.61538461538461
        ]
    ]
}