{
    "rgb_colors": [
        [
            79.0,
            83.0,
            111.39583333333333
        ],
        [
            73.34319526627219,
            77.34319526627219,
            105.76331360946746
        ],
        [
            80.42105263157895,
            84.42105263157895,
            112.6842105263158
        ],
        [
            76.0,
            80.0,
            108.54761904761905
        ],
        [
            69.46296296296296,
            73.46296296296296,
            102.22222222222223
        ],
        [
            77.0,
            81.0,
            109.49074074074073
        ],
        [
            78.0,
            82.0,
            110.41111111111111
        ],
        [
            74.0,
            78.0,
            107.0
        ],
        [
            75.0,
            79.0,
            107.55633802816901
        ],
        [
            71.65142857142857,
            75.65142857142857,
            104.35428571428571
        ]
    ],
    "hex_colors": [
        "#4f536f",
        "#494d69",
        "#505470",
        "#4c506c",
        "#454966",
        "#4d516d",
        "#4e526e",
        "#4a4e6b",
        "#4b4f6b",
        "#474b68"
    ],
    "hsl_color_values": [
        [
            0.6460878885316185,
            0.2908172807181597,
            111.39583333333333
        ],
        [
            0.6461033035225406,
            0.3065346313080452,
            105.76331360946746
        ],
        [
            0.6460032626427407,
            0.2863148061653433,
            112.6842105263158
        ],
        [
            0.6461838575957084,
            0.2998464575564817,
            108.54761904761905
        ],
        [
            0.6463161861692105,
            0.32047101449275367,
            102.22222222222223
        ],
        [
            0.6461480003799753,
            0.2967441860465116,
            109.49074074074073
        ],
        [
            0.646097588846989,
            0.2935493609741371,
            110.41111111111111
        ],
        [
            0.6464646464646465,
            0.308411214953271,
            107.0
        ],
        [
            0.6461893431393756,
            0.30269102337458254,
            107.55633802816901
        ],
        [
            0.6462810880074553,
            0.31338298105355383,
            104.35428571428571
        ]
    ]
}