{
    "rgb_colors": [
        [
            69.0,
            72.71818181818182,
            94.56363636363636
        ],
        [
            74.65957446808511,
            78.36879432624113,
            100.28368794326241
        ],
        [
            64.94736842105263,
            67.94736842105263,
            91.94736842105263
        ],
        [
            72.40957446808511,
            76.0,
            98.22872340425532
        ],
        [
            77.20408163265306,
            80.46938775510205,
            103.6734693877551
        ],
        [
            70.5068493150685,
            74.5068493150685,
            95.5068493150685
        ],
        [
            70.51685393258427,
            73.51685393258427,
            97.51685393258427
        ],
        [
            81.22222222222223,
            84.22222222222223,
            108.22222222222223
        ],
        [
            64.96511627906976,
            68.95348837209302,
            89.98837209302326
        ],
        [
            67.5,
            71.1547619047619,
            93.22619047619048
        ]
    ],
    "hex_colors": [
        "#45485e",
        "#4a4e64",
        "#40435b",
        "#484c62",
        "#4d5067",
        "#464a5f",
        "#464961",
        "#51546c",
        "#404459",
        "#43475d"
    ],
    "hsl_color_values": [
        [
            0.642425320056899,
            0.2703326283407037,
            94.56363636363636
        ],
        [
            0.6425408247993358,
            0.2555162659123054,
            100.28368794326241
        ],
        [
            0.6481481481481483,
            0.2936462507155123,
            91.94736842105263
        ],
        [
            0.6434899052327977,
            0.2628472410245302,
            98.22872340425532
        ],
        [
            0.6461063993831919,
            0.2553149606299213,
            103.6734693877551
        ],
        [
            0.64,
            0.26176133103843946,
            95.5068493150685
        ],
        [
            0.6481481481481483,
            0.2768752160387141,
            97.51685393258427
        ],
        [
            0.6481481481481483,
            0.2494866529774127,
            108.22222222222223
        ],
        [
            0.6401022304832713,
            0.27807210233880353,
            89.98837209302326
        ],
        [
            0.6429893567792689,
            0.2759545396501086,
            93.22619047619048
        ]
    ]
}