{
    "rgb_colors": [
        [
            92.44791666666667,
            107.44791666666667,
            145.44791666666666
        ],
        [
            91.0,
            106.0,
            144.0
        ],
        [
            82.16279069767442,
            97.16279069767442,
            135.1627906976744
        ],
        [
            95.75961538461539,
            110.75961538461539,
            148.7596153846154
        ],
        [
            89.0,
            104.0,
            142.0
        ],
        [
            98.72972972972973,
            113.72972972972973,
            151.72972972972974
        ],
        [
            94.0,
            109.0,
            147.0
        ],
        [
            85.29824561403508,
            100.29824561403508,
            138.2982456140351
        ],
        [
            87.52980132450331,
            102.52980132450331,
            140.52980132450332
        ],
        [
            90.0,
            105.0,
            143.0
        ]
    ],
    "hex_colors": [
        "#5c6b91",
        "#5b6a90",
        "#526187",
        "#5f6e94",
        "#59688e",
        "#627197",
        "#5e6d93",
        "#55648a",
        "#57668c",
        "#5a698f"
    ],
    "hsl_color_values": [
        [
            0.619496855345912,
            0.3643916063883119,
            145.44791666666666
        ],
        [
            0.619496855345912,
            0.3680555555555556,
            144.0
        ],
        [
            0.619496855345912,
            0.3921197522367515,
            135.1627906976744
        ],
        [
            0.619496855345912,
            0.3562794906599444,
            148.7596153846154
        ],
        [
            0.619496855345912,
            0.3732394366197183,
            142.0
        ],
        [
            0.619496855345912,
            0.34930530815817606,
            151.72972972972974
        ],
        [
            0.619496855345912,
            0.36054421768707484,
            147.0
        ],
        [
            0.619496855345912,
            0.38322973487251055,
            138.2982456140351
        ],
        [
            0.619496855345912,
            0.37714420358152695,
            140.52980132450332
        ],
        [
            0.619496855345912,
            0.3706293706293706,
            143.0
        ]
    ]
}