{
    "rgb_colors": [
        [
            89.96666666666667,
            98.96666666666667,
            138.23333333333332
        ],
        [
            82.84166666666667,
            91.84166666666667,
            130.15833333333333
        ],
        [
            86.68548387096774,
            95.68548387096774,
            134.31451612903226
        ],
        [
            84.77358490566037,
            93.77358490566037,
            132.22641509433961
        ],
        [
            86.0,
            95.0,
            133.0
        ],
        [
            87.91150442477876,
            96.91150442477876,
            135.69026548672565
        ],
        [
            80.52,
            89.52,
            127.76
        ],
        [
            81.84126984126983,
            90.84126984126983,
            129.15873015873015
        ],
        [
            83.82716049382717,
            92.82716049382717,
            131.17283950617283
        ],
        [
            85.0,
            94.0,
            134.0408163265306
        ]
    ],
    "hex_colors": [
        "#59628a",
        "#525b82",
        "#565f86",
        "#545d84",
        "#565f85",
        "#576087",
        "#50597f",
        "#515a81",
        "#535c83",
        "#555e86"
    ],
    "hsl_color_values": [
        [
            0.6355893186003683,
            0.34916807330600425,
            138.23333333333332
        ],
        [
            0.6349653633908653,
            0.363531596132915,
            130.15833333333333
        ],
        [
            0.6351732701207812,
            0.3546082257580306,
            134.31451612903226
        ],
        [
            0.6350563286944997,
            0.3588755707762557,
            132.22641509433961
        ],
        [
            0.6347517730496454,
            0.3533834586466165,
            133.0
        ],
        [
            0.6352719639439403,
            0.3521163503554425,
            135.69026548672565
        ],
        [
            0.6349139147615016,
            0.3697557921102067,
            127.76
        ],
        [
            0.6349658951134965,
            0.3663512350989308,
            129.15873015873015
        ],
        [
            0.6349847892220774,
            0.36094117647058815,
            131.17283950617283
        ],
        [
            0.6360799001248439,
            0.3658647990255785,
            134.0408163265306
        ]
    ]
}