{
    "rgb_colors": [
        [
            66.73584905660377,
            69.73584905660377,
            94.26415094339623
        ],
        [
            68.822695035461,
            71.822695035461,
            96.56028368794327
        ],
        [
            72.48484848484848,
            75.48484848484848,
            100.51515151515152
        ],
        [
            70.36475409836065,
            73.36475409836065,
            97.73360655737704
        ],
        [
            71.61068702290076,
            74.61068702290076,
            99.38931297709924
        ],
        [
            73.55421686746988,
            76.55421686746988,
            101.75903614457832
        ],
        [
            67.75438596491227,
            70.75438596491227,
            95.24561403508773
        ],
        [
            64.44680851063829,
            67.44680851063829,
            91.57446808510639
        ],
        [
            65.82692307692308,
            68.82692307692308,
            93.17307692307692
        ],
        [
            75.61666666666666,
            78.61666666666666,
            103.18333333333334
        ]
    ],
    "hex_colors": [
        "#42455e",
        "#444760",
        "#484b64",
        "#464961",
        "#474a63",
        "#494c65",
        "#43465f",
        "#40435b",
        "#41445d",
        "#4b4e67"
    ],
    "hsl_color_values": [
        [
            0.648503541238291,
            0.2920336269015213,
            94.26415094339623
        ],
        [
            0.6486405863802949,
            0.2872567021667279,
            96.56028368794327
        ],
        [
            0.6488288288288288,
            0.2788664455833585,
            100.51515151515152
        ],
        [
            0.648397723869422,
            0.280035224556548,
            97.73360655737704
        ],
        [
            0.6486672162682056,
            0.2794930875576037,
            99.38931297709924
        ],
        [
            0.6489391997721771,
            0.27717262609519305,
            101.75903614457832
        ],
        [
            0.6484790470112741,
            0.28863510775465107,
            95.24561403508773
        ],
        [
            0.6482352941176471,
            0.296236059479554,
            91.57446808510639
        ],
        [
            0.6483825597749648,
            0.29349845201238384,
            93.17307692307692
        ],
        [
            0.6485288190245869,
            0.26716200936843815,
            103.18333333333334
        ]
    ]
}