{
    "rgb_colors": [
        [
            71.0,
            79.0,
            107.0
        ],
        [
            74.0,
            82.0,
            110.0
        ],
        [
            73.0,
            81.0,
            109.0
        ],
        [
            77.69047619047619,
            85.69047619047619,
            113.69047619047619
        ],
        [
            67.18803418803418,
            75.18803418803418,
            103.18803418803418
        ],
        [
            81.17647058823529,
            89.17647058823529,
            117.17647058823529
        ],
        [
            69.53846153846153,
            77.53846153846153,
            105.53846153846153
        ],
        [
            72.0,
            80.0,
            108.0
        ],
        [
            64.27272727272727,
            72.27272727272727,
            100.27272727272727
        ],
        [
            75.47183098591549,
            83.47183098591549,
            111.47183098591549
        ]
    ],
    "hex_colors": [
        "#474f6b",
        "#4a526e",
        "#49516d",
        "#4d5571",
        "#434b67",
        "#515975",
        "#454d69",
        "#48506c",
        "#404864",
        "#4b536f"
    ],
    "hsl_color_values": [
        [
            0.6296296296296297,
            0.3364485981308411,
            107.0
        ],
        [
            0.6296296296296297,
            0.32727272727272727,
            110.0
        ],
        [
            0.6296296296296297,
            0.3302752293577982,
            109.0
        ],
        [
            0.6296296296296297,
            0.3166492146596859,
            113.69047619047619
        ],
        [
            0.6296296296296297,
            0.34887766089621475,
            103.18803418803418
        ],
        [
            0.6296296296296297,
            0.3072289156626506,
            117.17647058823529
        ],
        [
            0.6296296296296297,
            0.34110787172011664,
            105.53846153846153
        ],
        [
            0.6296296296296297,
            0.3333333333333333,
            108.0
        ],
        [
            0.6296296296296297,
            0.3590208522212149,
            100.27272727272727
        ],
        [
            0.6296296296296297,
            0.3229515446332681,
            111.47183098591549
        ]
    ]
}