{
    "rgb_colors": [
        [
            121.64137931034483,
            129.0344827586207,
            152.24827586206897
        ],
        [
            112.77777777777777,
            120.08888888888889,
            144.15555555555557
        ],
        [
            119.73584905660377,
            126.88679245283019,
            150.9056603773585
        ],
        [
            117.02717391304348,
            124.20652173913044,
            148.625
        ],
        [
            123.98550724637681,
            131.3695652173913,
            154.17391304347825
        ],
        [
            127.39655172413794,
            134.70689655172413,
            156.98275862068965
        ],
        [
            114.94736842105263,
            122.35338345864662,
            146.0751879699248
        ],
        [
            130.6315789473684,
            138.1578947368421,
            160.31578947368422
        ],
        [
            109.52777777777777,
            116.55555555555556,
            141.47222222222223
        ],
        [
            118.72151898734177,
            126.34177215189874,
            148.46835443037975
        ]
    ],
    "hex_colors": [
        "#798198",
        "#707890",
        "#777e96",
        "#757c94",
        "#7b839a",
        "#7f869c",
        "#727a92",
        "#828aa0",
        "#6d748d",
        "#767e94"
    ],
    "hsl_color_values": [
        [
            0.626408292023434,
            0.2010327957963399,
            152.24827586206897
        ],
        [
            0.6278328611898017,
            0.2176661014336366,
            144.15555555555557
        ],
        [
            0.6284301856335754,
            0.2065516379094774,
            150.9056603773585
        ],
        [
            0.6287983029469099,
            0.21260101656488825,
            148.625
        ],
        [
            0.6259001440230437,
            0.195807482609513,
            154.17391304347825
        ],
        [
            0.6254856254856255,
            0.18846787479406915,
            156.98275862068965
        ],
        [
            0.627012882447665,
            0.21309450277949346,
            146.0751879699248
        ],
        [
            0.6244089834515366,
            0.18516086671044002,
            160.31578947368422
        ],
        [
            0.6299999999999999,
            0.2258001178087572,
            141.47222222222223
        ],
        [
            0.6239716312056737,
            0.20035808679341807,
            148.46835443037975
        ]
    ]
}