{
    "rgb_colors": [
        [
            80.0,
            89.0,
            129.0
        ],
        [
            84.0,
            93.0,
            133.0
        ],
        [
            77.83333333333333,
            86.83333333333333,
            126.83333333333333
        ],
        [
            85.0,
            94.0,
            134.0
        ],
        [
            83.0,
            92.0,
            132.0
        ],
        [
            81.0,
            90.0,
            130.0
        ],
        [
            86.18604651162791,
            95.18604651162791,
            135.1860465116279
        ],
        [
            82.0,
            91.0,
            131.0
        ],
        [
            88.0909090909091,
            97.0909090909091,
            137.0909090909091
        ],
        [
            79.0,
            88.0,
            128.0
        ]
    ],
    "hex_colors": [
        "#505981",
        "#545d85",
        "#4d567e",
        "#555e86",
        "#535c84",
        "#515a82",
        "#565f87",
        "#525b83",
        "#586189",
        "#4f5880"
    ],
    "hsl_color_values": [
        [
            0.6360544217687075,
            0.3798449612403101,
            129.0
        ],
        [
            0.6360544217687075,
            0.3684210526315789,
            133.0
        ],
        [
            0.6360544217687075,
            0.3863337713534823,
            126.83333333333333
        ],
        [
            0.6360544217687075,
            0.3656716417910448,
            134.0
        ],
        [
            0.6360544217687075,
            0.3712121212121212,
            132.0
        ],
        [
            0.6360544217687075,
            0.3769230769230769,
            130.0
        ],
        [
            0.6360544217687075,
            0.3624634440048167,
            135.1860465116279
        ],
        [
            0.6360544217687075,
            0.37404580152671757,
            131.0
        ],
        [
            0.6360544217687075,
            0.3574270557029178,
            137.0909090909091
        ],
        [
            0.6360544217687075,
            0.3828125,
            128.0
        ]
    ]
}