{
    "rgb_colors": [
        [
            72.2,
            80.2,
            108.2
        ],
        [
            83.45977011494253,
            91.45977011494253,
            119.45977011494253
        ],
        [
            77.62048192771084,
            85.62048192771084,
            113.62048192771084
        ],
        [
            82.0,
            90.0,
            118.0
        ],
        [
            76.0,
            84.0,
            112.0
        ],
        [
            81.0,
            89.0,
            117.0
        ],
        [
            79.0,
            87.0,
            115.0
        ],
        [
            74.65116279069767,
            82.65116279069767,
            110.65116279069767
        ],
        [
            85.72222222222223,
            93.72222222222223,
            121.72222222222223
        ],
        [
            80.0,
            88.0,
            116.0
        ]
    ],
    "hex_colors": [
        "#48506c",
        "#535b77",
        "#4d5571",
        "#525a76",
        "#4c5470",
        "#515975",
        "#4f5773",
        "#4a526e",
        "#555d79",
        "#505874"
    ],
    "hsl_color_values": [
        [
            0.6296296296296297,
            0.33271719038817005,
            108.2
        ],
        [
            0.6296296296296297,
            0.30135668238237273,
            119.45977011494253
        ],
        [
            0.6296296296296297,
            0.3168442818514395,
            113.62048192771084
        ],
        [
            0.6296296296296297,
            0.3050847457627119,
            118.0
        ],
        [
            0.6296296296296297,
            0.32142857142857145,
            112.0
        ],
        [
            0.6296296296296297,
            0.3076923076923077,
            117.0
        ],
        [
            0.6296296296296297,
            0.3130434782608696,
            115.0
        ],
        [
            0.6296296296296297,
            0.3253467843631778,
            110.65116279069767
        ],
        [
            0.6296296296296297,
            0.29575536284801457,
            121.72222222222223
        ],
        [
            0.6296296296296297,
            0.3103448275862069,
            116.0
        ]
    ]
}