{
    "rgb_colors": [
        [
            73.35443037974683,
            83.22784810126582,
            115.25316455696202
        ],
        [
            79.4891774891775,
            89.46320346320346,
            121.44588744588745
        ],
        [
            70.23529411764706,
            80.11764705882354,
            112.0
        ],
        [
            75.02127659574468,
            84.95744680851064,
            117.02127659574468
        ],
        [
            87.125,
            97.125,
            129.125
        ],
        [
            76.64432989690722,
            86.62371134020619,
            118.61340206185567
        ],
        [
            82.48872180451127,
            92.47368421052632,
            124.47368421052632
        ],
        [
            78.0079365079365,
            87.98412698412699,
            120.0079365079365
        ],
        [
            81.01666666666667,
            91.0,
            122.98333333333333
        ],
        [
            84.44262295081967,
            94.37704918032787,
            126.34426229508196
        ]
    ],
    "hex_colors": [
        "#495373",
        "#4f5979",
        "#465070",
        "#4b5475",
        "#576181",
        "#4c5676",
        "#525c7c",
        "#4e5778",
        "#515b7a",
        "#545e7e"
    ],
    "hsl_color_values": [
        [
            0.6273917421953676,
            0.3635365183964855,
            115.25316455696202
        ],
        [
            0.6270463612601459,
            0.34547658087973193,
            121.44588744588745
        ],
        [
            0.6272300469483568,
            0.37289915966386555,
            112.0
        ],
        [
            0.6272374197906112,
            0.3589090909090909,
            117.02127659574468
        ],
        [
            0.626984126984127,
            0.32526621490803487,
            129.125
        ],
        [
            0.6270367641038238,
            0.3538307765851114,
            118.61340206185567
        ],
        [
            0.6270296084049666,
            0.3372999093929327,
            124.47368421052632
        ],
        [
            0.6270786092214663,
            0.3499768533827128,
            120.0079365079365
        ],
        [
            0.6270187979878211,
            0.34123865022360755,
            122.98333333333333
        ],
        [
            0.627151799687011,
            0.33164655507979757,
            126.34426229508196
        ]
    ]
}