{
    "rgb_colors": [
        [
            67.59322033898304,
            79.59322033898304,
            118.59322033898304
        ],
        [
            75.6,
            90.2,
            128.33333333333334
        ],
        [
            68.0,
            83.0,
            121.0
        ],
        [
            64.13483146067416,
            77.85393258426966,
            116.28089887640449
        ],
        [
            69.44324324324324,
            84.44324324324324,
            122.44324324324324
        ],
        [
            71.43037974683544,
            83.43037974683544,
            122.43037974683544
        ],
        [
            67.0,
            82.0,
            120.0
        ],
        [
            72.24418604651163,
            86.49418604651163,
            124.74418604651163
        ],
        [
            65.54887218045113,
            80.54887218045113,
            118.54887218045113
        ],
        [
            69.55555555555556,
            81.55555555555556,
            120.55555555555556
        ]
    ],
    "hex_colors": [
        "#434f76",
        "#4b5a80",
        "#445379",
        "#404d74",
        "#45547a",
        "#47537a",
        "#435278",
        "#48567c",
        "#415076",
        "#455178"
    ],
    "hsl_color_values": [
        [
            0.6274509803921569,
            0.4300414463341432,
            118.59322033898304
        ],
        [
            0.6205225453013062,
            0.410909090909091,
            128.33333333333334
        ],
        [
            0.619496855345912,
            0.4380165289256198,
            121.0
        ],
        [
            0.6228183581124758,
            0.44844912551937377,
            116.28089887640449
        ],
        [
            0.619496855345912,
            0.43285361116016247,
            122.44324324324324
        ],
        [
            0.6274509803921569,
            0.4165632754342432,
            122.43037974683544
        ],
        [
            0.619496855345912,
            0.44166666666666665,
            120.0
        ],
        [
            0.6214285714285714,
            0.42086129753914986,
            124.74418604651163
        ],
        [
            0.619496855345912,
            0.44707300057081245,
            118.54887218045113
        ],
        [
            0.6274509803921569,
            0.42304147465437786,
            120.55555555555556
        ]
    ]
}