{
    "rgb_colors": [
        [
            84.0,
            93.0,
            133.0
        ],
        [
            89.75,
            98.75,
            136.91666666666666
        ],
        [
            80.58208955223881,
            89.58208955223881,
            127.76119402985074
        ],
        [
            82.91005291005291,
            91.91005291005291,
            130.0899470899471
        ],
        [
            85.8,
            94.8,
            133.2
        ],
        [
            87.7,
            96.7,
            135.43333333333334
        ],
        [
            83.9269406392694,
            92.9269406392694,
            131.07305936073058
        ],
        [
            81.89285714285714,
            90.89285714285714,
            129.10714285714286
        ],
        [
            86.8169014084507,
            95.8169014084507,
            134.1830985915493
        ],
        [
            85.0,
            94.0,
            132.0
        ]
    ],
    "hex_colors": [
        "#545d85",
        "#596288",
        "#50597f",
        "#525b82",
        "#555e85",
        "#576087",
        "#535c83",
        "#515a81",
        "#565f86",
        "#555e84"
    ],
    "hsl_color_values": [
        [
            0.6360544217687075,
            0.3684210526315789,
            133.0
        ],
        [
            0.634864546525324,
            0.34449178332318925,
            136.91666666666666
        ],
        [
            0.6348729305072235,
            0.36927570093457934,
            127.76119402985074
        ],
        [
            0.6348734626742926,
            0.36267133037784194,
            130.0899470899471
        ],
        [
            0.6350210970464135,
            0.35585585585585583,
            133.2
        ],
        [
            0.63524208566108,
            0.35244892936254,
            135.43333333333334
        ],
        [
            0.6348506860371267,
            0.35969343319979097,
            131.07305936073058
        ],
        [
            0.6348966212808875,
            0.36569847856154913,
            129.10714285714286
        ],
        [
            0.6349985132322331,
            0.3529967460900599,
            134.1830985915493
        ],
        [
            0.6347517730496454,
            0.3560606060606061,
            132.0
        ]
    ]
}