{
    "rgb_colors": [
        [
            94.1058201058201,
            101.1058201058201,
            128.1058201058201
        ],
        [
            88.91304347826087,
            95.91304347826087,
            122.91304347826087
        ],
        [
            108.02631578947368,
            115.02631578947368,
            142.02631578947367
        ],
        [
            105.28571428571429,
            112.28571428571429,
            139.28571428571428
        ],
        [
            96.42708333333333,
            103.42708333333333,
            130.42708333333334
        ],
        [
            100.46212121212122,
            107.46212121212122,
            134.46212121212122
        ],
        [
            91.71014492753623,
            98.71014492753623,
            125.71014492753623
        ],
        [
            102.37349397590361,
            109.37349397590361,
            136.3734939759036
        ],
        [
            98.51785714285714,
            105.51785714285714,
            132.51785714285714
        ],
        [
            104.0,
            111.0,
            138.0
        ]
    ],
    "hex_colors": [
        "#5e6580",
        "#585f7a",
        "#6c738e",
        "#69708b",
        "#606782",
        "#646b86",
        "#5b627d",
        "#666d88",
        "#626984",
        "#686f8a"
    ],
    "hsl_color_values": [
        [
            0.6323529411764706,
            0.26540558400792996,
            128.1058201058201
        ],
        [
            0.6323529411764706,
            0.2766183233109303,
            122.91304347826087
        ],
        [
            0.6323529411764706,
            0.23939225495645722,
            142.02631578947367
        ],
        [
            0.6323529411764706,
            0.244102564102564,
            139.28571428571428
        ],
        [
            0.6323529411764706,
            0.26068205414902973,
            130.42708333333334
        ],
        [
            0.6323529411764706,
            0.2528593160178038,
            134.46212121212122
        ],
        [
            0.6323529411764706,
            0.2704634540004611,
            125.71014492753623
        ],
        [
            0.6323529411764706,
            0.24931531053980033,
            136.3734939759036
        ],
        [
            0.6323529411764706,
            0.25656919552620944,
            132.51785714285714
        ],
        [
            0.6323529411764706,
            0.2463768115942029,
            138.0
        ]
    ]
}