{
    "rgb_colors": [
        [
            121.0381679389313,
            129.0381679389313,
            151.0381679389313
        ],
        [
            119.87837837837837,
            126.87837837837837,
            151.8783783783784
        ],
        [
            125.69318181818181,
            133.5568181818182,
            155.9659090909091
        ],
        [
            122.5576923076923,
            129.55769230769232,
            154.55769230769232
        ],
        [
            108.9047619047619,
            115.95238095238095,
            140.8095238095238
        ],
        [
            129.11904761904762,
            137.11904761904762,
            159.11904761904762
        ],
        [
            112.36708860759494,
            119.56962025316456,
            143.9620253164557
        ],
        [
            117.8,
            125.25365853658536,
            148.89268292682928
        ],
        [
            115.20805369127517,
            122.30872483221476,
            147.00671140939596
        ],
        [
            123.56818181818181,
            131.39772727272728,
            153.9090909090909
        ]
    ],
    "hex_colors": [
        "#798197",
        "#777e97",
        "#7d859b",
        "#7a819a",
        "#6c738c",
        "#81899f",
        "#70778f",
        "#757d94",
        "#737a93",
        "#7b8399"
    ],
    "hsl_color_values": [
        [
            0.6222222222222221,
            0.19862529060952197,
            151.0381679389313
        ],
        [
            0.6302083333333334,
            0.21069490168164437,
            151.8783783783784
        ],
        [
            0.6233733733733734,
            0.19409836065573774,
            155.9659090909091
        ],
        [
            0.6302083333333334,
            0.20704242876695292,
            154.55769230769232
        ],
        [
            0.6298507462686568,
            0.22658099425092998,
            140.8095238095238
        ],
        [
            0.6222222222222222,
            0.1885380816998354,
            159.11904761904762
        ],
        [
            0.6286725427350427,
            0.21946715906093386,
            143.9620253164557
        ],
        [
            0.6267126869574312,
            0.2088261311142418,
            148.89268292682928
        ],
        [
            0.6294498381877022,
            0.2163075237399561,
            147.00671140939596
        ],
        [
            0.6236579275905118,
            0.19713526284701716,
            153.9090909090909
        ]
    ]
}