{
    "rgb_colors": [
        [
            67.64102564102564,
            77.64102564102564,
            109.64102564102564
        ],
        [
            73.0,
            83.0,
            115.0
        ],
        [
            65.77777777777777,
            75.77777777777777,
            107.77777777777777
        ],
        [
            71.0,
            81.0,
            113.0
        ],
        [
            75.0,
            85.0,
            117.0
        ],
        [
            69.0,
            79.0,
            111.0
        ],
        [
            72.0,
            82.0,
            114.0
        ],
        [
            74.0,
            84.0,
            116.0
        ],
        [
            70.0,
            80.0,
            112.0
        ],
        [
            76.77011494252874,
            86.77011494252874,
            118.77011494252874
        ]
    ],
    "hex_colors": [
        "#434d6d",
        "#495373",
        "#414b6b",
        "#475171",
        "#4b5575",
        "#454f6f",
        "#485272",
        "#4a5474",
        "#465070",
        "#4c5676"
    ],
    "hsl_color_values": [
        [
            0.626984126984127,
            0.3830682881197381,
            109.64102564102564
        ],
        [
            0.626984126984127,
            0.3652173913043478,
            115.0
        ],
        [
            0.626984126984127,
            0.38969072164948454,
            107.77777777777777
        ],
        [
            0.626984126984127,
            0.37168141592920356,
            113.0
        ],
        [
            0.626984126984127,
            0.358974358974359,
            117.0
        ],
        [
            0.626984126984127,
            0.3783783783783784,
            111.0
        ],
        [
            0.626984126984127,
            0.3684210526315789,
            114.0
        ],
        [
            0.626984126984127,
            0.3620689655172414,
            116.0
        ],
        [
            0.626984126984127,
            0.375,
            112.0
        ],
        [
            0.626984126984127,
            0.3536243104616278,
            118.77011494252874
        ]
    ]
}