{
    "rgb_colors": [
        [
            70.46909090909091,
            81.9309090909091,
            116.49818181818182
        ],
        [
            178.0,
            187.0,
            203.0
        ],
        [
            46.38461538461539,
            57.61538461538461,
            84.6923076923077
        ],
        [
            241.0,
            249.5,
            255.0
        ],
        [
            65.00738007380073,
            76.50553505535055,
            110.78966789667896
        ],
        [
            136.0,
            146.0,
            165.0
        ],
        [
            59.31578947368421,
            70.42105263157895,
            100.21052631578948
        ],
        [
            28.66666666666667,
            39.5,
            61.833333333333336
        ],
        [
            67.8,
            79.35581395348837,
            113.61162790697675
        ],
        [
            2.1666666666666714,
            11.833333333333343,
            32.83333333333334
        ]
    ],
    "hex_colors": [
        "#465174",
        "#b2bbcb",
        "#2e3954",
        "#f1f9ff",
        "#414c6e",
        "#8892a5",
        "#3b4664",
        "#1c273d",
        "#434f71",
        "#020b20"
    ],
    "hsl_color_values": [
        [
            0.6251645862958867,
            0.3951056590816868,
            116.49818181818182
        ],
        [
            0.6066666666666666,
            0.12315270935960591,
            203.0
        ],
        [
            0.6178045515394913,
            0.4523160762942779,
            84.6923076923077
        ],
        [
            0.5654761904761906,
            0.054901960784313725,
            255.0
        ],
        [
            0.6248085758039816,
            0.4132360778044232,
            110.78966789667896
        ],
        [
            0.6091954022988505,
            0.17575757575757575,
            165.0
        ],
        [
            0.6214071214071214,
            0.40808823529411764,
            100.21052631578948
        ],
        [
            0.6122278056951425,
            0.536388140161725,
            61.833333333333336
        ],
        [
            0.6246256155134778,
            0.4032300984586413,
            113.61162790697675
        ],
        [
            0.6141304347826088,
            0.9340101522842639,
            32.83333333333334
        ]
    ]
}