{
    "rgb_colors": [
        [
            81.0,
            93.0,
            132.0
        ],
        [
            84.0,
            96.0,
            135.0
        ],
        [
            77.3103448275862,
            89.3103448275862,
            128.31034482758622
        ],
        [
            88.66666666666667,
            100.66666666666667,
            139.66666666666666
        ],
        [
            86.0,
            98.0,
            137.0
        ],
        [
            79.67716535433071,
            91.67716535433071,
            130.6771653543307
        ],
        [
            83.0,
            95.0,
            134.0
        ],
        [
            82.0,
            94.0,
            133.0
        ],
        [
            85.0,
            97.0,
            136.0
        ],
        [
            87.0,
            99.0,
            138.0
        ]
    ],
    "hex_colors": [
        "#515d84",
        "#546087",
        "#4d5980",
        "#58648b",
        "#566289",
        "#4f5b82",
        "#535f86",
        "#525e85",
        "#556188",
        "#57638a"
    ],
    "hsl_color_values": [
        [
            0.6274509803921569,
            0.38636363636363635,
            132.0
        ],
        [
            0.6274509803921569,
            0.37777777777777777,
            135.0
        ],
        [
            0.6274509803921569,
            0.39747379736629945,
            128.31034482758622
        ],
        [
            0.6274509803921569,
            0.3651551312649164,
            139.66666666666666
        ],
        [
            0.6274509803921569,
            0.3722627737226277,
            137.0
        ],
        [
            0.6274509803921569,
            0.39027476500361524,
            130.6771653543307
        ],
        [
            0.6274509803921569,
            0.3805970149253731,
            134.0
        ],
        [
            0.6274509803921569,
            0.38345864661654133,
            133.0
        ],
        [
            0.6274509803921569,
            0.375,
            136.0
        ],
        [
            0.6274509803921569,
            0.3695652173913043,
            138.0
        ]
    ]
}