{
    "rgb_colors": [
        [
            82.3109756097561,
            91.0670731707317,
            130.0121951219512
        ],
        [
            77.36363636363636,
            86.12121212121212,
            123.0909090909091
        ],
        [
            81.3529411764706,
            83.70588235294117,
            117.88235294117646
        ],
        [
            84.32048192771084,
            93.19759036144578,
            132.73253012048193
        ],
        [
            87.29130434782608,
            96.03478260869565,
            135.67391304347825
        ],
        [
            41.5,
            47.5,
            80.5
        ],
        [
            67.44444444444444,
            75.66666666666667,
            109.77777777777777
        ],
        [
            80.11111111111111,
            88.84126984126983,
            127.15873015873017
        ],
        [
            59.0,
            65.5,
            98.25
        ],
        [
            89.41666666666667,
            92.58333333333333,
            126.08333333333333
        ]
    ],
    "hex_colors": [
        "#525b82",
        "#4d567b",
        "#515375",
        "#545d84",
        "#576087",
        "#292f50",
        "#434b6d",
        "#50587f",
        "#3b4162",
        "#595c7e"
    ],
    "hsl_color_values": [
        [
            0.6360731177297713,
            0.3668980395835287,
            130.0121951219512
        ],
        [
            0.6347470731168544,
            0.3714918759231906,
            123.0909090909091
        ],
        [
            0.655931293612453,
            0.309880239520958,
            117.88235294117646
        ],
        [
            0.6361057189786471,
            0.3647338610122722,
            132.73253012048193
        ],
        [
            0.6365474478792236,
            0.35660951770549587,
            135.67391304347825
        ],
        [
            0.641025641025641,
            0.484472049689441,
            80.5
        ],
        [
            0.6342957130358705,
            0.3856275303643725,
            109.77777777777777
        ],
        [
            0.6357399910031489,
            0.36999126201472976,
            127.15873015873017
        ],
        [
            0.6390658174097664,
            0.3994910941475827,
            98.25
        ],
        [
            0.6522727272727273,
            0.2908129543952412,
            126.08333333333333
        ]
    ]
}