{
    "rgb_colors": [
        [
            87.0,
            99.0,
            138.0
        ],
        [
            86.0,
            98.0,
            137.0
        ],
        [
            81.72093023255815,
            94.37209302325581,
            131.41860465116278
        ],
        [
            92.95522388059702,
            105.1044776119403,
            143.65671641791045
        ],
        [
            83.54285714285714,
            95.54285714285714,
            134.54285714285714
        ],
        [
            89.85446009389672,
            101.96713615023474,
            140.62910798122067
        ],
        [
            88.07462686567165,
            100.28358208955224,
            138.65671641791045
        ],
        [
            86.54736842105264,
            99.54736842105264,
            135.54736842105262
        ],
        [
            85.0,
            97.38983050847457,
            135.22033898305085
        ],
        [
            83.50561797752809,
            96.50561797752809,
            132.5056179775281
        ]
    ],
    "hex_colors": [
        "#57638a",
        "#566289",
        "#515e83",
        "#5c698f",
        "#535f86",
        "#59658c",
        "#58648a",
        "#566387",
        "#556187",
        "#536084"
    ],
    "hsl_color_values": [
        [
            0.6274509803921569,
            0.3695652173913043,
            138.0
        ],
        [
            0.6274509803921569,
            0.3722627737226277,
            137.0
        ],
        [
            0.6242395882077679,
            0.3781631569633692,
            131.41860465116278
        ],
        [
            0.6267294671769208,
            0.3529350649350649,
            143.65671641791045
        ],
        [
            0.6274509803921569,
            0.37906137184115524,
            134.54285714285714
        ],
        [
            0.6269070735090153,
            0.3610536155438339,
            140.62910798122067
        ],
        [
            0.6264384774269697,
            0.3648008611410118,
            138.65671641791045
        ],
        [
            0.6224489795918368,
            0.36149724314669557,
            135.54736842105262
        ],
        [
            0.625548430644617,
            0.3713963399348208,
            135.22033898305085
        ],
        [
            0.6224489795918368,
            0.3697956414822352,
            132.5056179775281
        ]
    ]
}