{
    "rgb_colors": [
        [
            88.0,
            100.0,
            139.0
        ],
        [
            92.0,
            104.0,
            143.0
        ],
        [
            90.0,
            102.0,
            141.0
        ],
        [
            87.0,
            99.0,
            138.0
        ],
        [
            95.60909090909091,
            107.60909090909091,
            146.6090909090909
        ],
        [
            85.58620689655173,
            97.58620689655173,
            136.58620689655172
        ],
        [
            89.0,
            101.0,
            140.0
        ],
        [
            91.0,
            103.0,
            142.0
        ],
        [
            93.43715846994536,
            105.43715846994536,
            144.43715846994536
        ],
        [
            99.0909090909091,
            111.0909090909091,
            150.0909090909091
        ]
    ],
    "hex_colors": [
        "#58648b",
        "#5c688f",
        "#5a668d",
        "#57638a",
        "#5f6b92",
        "#556188",
        "#59658c",
        "#5b678e",
        "#5d6990",
        "#636f96"
    ],
    "hsl_color_values": [
        [
            0.6274509803921569,
            0.3669064748201439,
            139.0
        ],
        [
            0.6274509803921569,
            0.35664335664335667,
            143.0
        ],
        [
            0.6274509803921569,
            0.3617021276595745,
            141.0
        ],
        [
            0.6274509803921569,
            0.3695652173913043,
            138.0
        ],
        [
            0.6274509803921569,
            0.34786383084268613,
            146.6090909090909
        ],
        [
            0.6274509803921569,
            0.3733905579399141,
            136.58620689655172
        ],
        [
            0.6274509803921569,
            0.36428571428571427,
            140.0
        ],
        [
            0.6274509803921569,
            0.3591549295774648,
            142.0
        ],
        [
            0.6274509803921569,
            0.35309473365617433,
            144.43715846994536
        ],
        [
            0.6274509803921569,
            0.339794064203513,
            150.0909090909091
        ]
    ]
}