{
    "rgb_colors": [
        [
            88.0,
            100.0,
            139.0
        ],
        [
            87.0,
            99.0,
            138.0
        ],
        [
            83.79166666666667,
            95.79166666666667,
            134.79166666666666
        ],
        [
            85.66981132075472,
            97.66981132075472,
            136.66981132075472
        ],
        [
            90.0,
            102.0,
            141.0
        ],
        [
            94.42424242424242,
            106.42424242424242,
            145.42424242424244
        ],
        [
            93.0,
            105.0,
            144.0
        ],
        [
            92.0,
            104.0,
            143.0
        ],
        [
            89.0,
            101.0,
            140.0
        ],
        [
            91.0,
            103.0,
            142.0
        ]
    ],
    "hex_colors": [
        "#58648b",
        "#57638a",
        "#535f86",
        "#556188",
        "#5a668d",
        "#5e6a91",
        "#5d6990",
        "#5c688f",
        "#59658c",
        "#5b678e"
    ],
    "hsl_color_values": [
        [
            0.6274509803921569,
            0.3669064748201439,
            139.0
        ],
        [
            0.6274509803921569,
            0.3695652173913043,
            138.0
        ],
        [
            0.6274509803921569,
            0.37836166924265835,
            134.79166666666666
        ],
        [
            0.6274509803921569,
            0.37316214537171255,
            136.66981132075472
        ],
        [
            0.6274509803921569,
            0.3617021276595745,
            141.0
        ],
        [
            0.6274509803921569,
            0.35069806209627014,
            145.42424242424244
        ],
        [
            0.6274509803921569,
            0.3541666666666667,
            144.0
        ],
        [
            0.6274509803921569,
            0.35664335664335667,
            143.0
        ],
        [
            0.6274509803921569,
            0.36428571428571427,
            140.0
        ],
        [
            0.6274509803921569,
            0.3591549295774648,
            142.0
        ]
    ]
}