{
    "rgb_colors": [
        [
            66.0,
            76.0,
            108.0
        ],
        [
            71.0,
            81.0,
            113.0
        ],
        [
            69.0,
            79.0,
            111.0
        ],
        [
            73.69565217391305,
            83.69565217391305,
            115.69565217391305
        ],
        [
            72.0,
            82.0,
            114.0
        ],
        [
            70.0,
            80.0,
            112.0
        ],
        [
            62.17142857142857,
            72.17142857142858,
            104.17142857142858
        ],
        [
            68.0,
            78.0,
            110.0
        ],
        [
            67.0,
            77.0,
            109.0
        ],
        [
            64.65714285714286,
            74.65714285714286,
            106.65714285714286
        ]
    ],
    "hex_colors": [
        "#424c6c",
        "#475171",
        "#454f6f",
        "#495373",
        "#485272",
        "#465070",
        "#3e4868",
        "#444e6e",
        "#434d6d",
        "#404a6a"
    ],
    "hsl_color_values": [
        [
            0.626984126984127,
            0.3888888888888889,
            108.0
        ],
        [
            0.626984126984127,
            0.37168141592920356,
            113.0
        ],
        [
            0.626984126984127,
            0.3783783783783784,
            111.0
        ],
        [
            0.626984126984127,
            0.36302142051860203,
            115.69565217391305
        ],
        [
            0.626984126984127,
            0.3684210526315789,
            114.0
        ],
        [
            0.626984126984127,
            0.375,
            112.0
        ],
        [
            0.626984126984127,
            0.40318156884256723,
            104.17142857142858
        ],
        [
            0.626984126984127,
            0.38181818181818183,
            110.0
        ],
        [
            0.626984126984127,
            0.3853211009174312,
            109.0
        ],
        [
            0.626984126984127,
            0.3937851593892312,
            106.65714285714286
        ]
    ]
}