{
    "rgb_colors": [
        [
            86.0,
            98.0,
            139.0
        ],
        [
            84.0,
            96.0,
            137.0
        ],
        [
            87.0,
            99.0,
            140.0
        ],
        [
            82.0,
            94.0,
            135.0
        ],
        [
            85.0,
            97.0,
            138.0
        ],
        [
            80.74418604651163,
            92.74418604651163,
            133.74418604651163
        ],
        [
            88.0,
            100.0,
            141.0
        ],
        [
            83.0,
            95.0,
            136.0
        ],
        [
            90.66,
            102.66,
            143.66
        ],
        [
            89.0,
            101.0,
            142.0
        ]
    ],
    "hex_colors": [
        "#56628b",
        "#546089",
        "#57638c",
        "#525e87",
        "#55618a",
        "#505c85",
        "#58648d",
        "#535f88",
        "#5a668f",
        "#59658e"
    ],
    "hsl_color_values": [
        [
            0.6289308176100629,
            0.381294964028777,
            139.0
        ],
        [
            0.6289308176100629,
            0.38686131386861317,
            137.0
        ],
        [
            0.6289308176100629,
            0.37857142857142856,
            140.0
        ],
        [
            0.6289308176100629,
            0.3925925925925926,
            135.0
        ],
        [
            0.6289308176100629,
            0.38405797101449274,
            138.0
        ],
        [
            0.6289308176100629,
            0.3962789080159972,
            133.74418604651163
        ],
        [
            0.6289308176100629,
            0.375886524822695,
            141.0
        ],
        [
            0.6289308176100629,
            0.3897058823529412,
            136.0
        ],
        [
            0.6289308176100629,
            0.36892663232632605,
            143.66
        ],
        [
            0.6289308176100629,
            0.3732394366197183,
            142.0
        ]
    ]
}