{
    "rgb_colors": [
        [
            62.11290322580645,
            69.23387096774194,
            103.93548387096774
        ],
        [
            67.96875,
            76.34375,
            111.40625
        ],
        [
            59.064516129032256,
            69.25806451612904,
            104.63870967741936
        ],
        [
            69.625,
            78.9,
            114.65
        ],
        [
            55.81818181818182,
            64.36363636363636,
            98.72727272727273
        ],
        [
            64.875,
            72.0,
            106.64166666666667
        ],
        [
            63.308411214953274,
            73.44859813084112,
            108.8411214953271
        ],
        [
            65.56818181818181,
            75.06818181818181,
            110.625
        ],
        [
            58.09701492537313,
            66.98507462686567,
            101.73880597014926
        ],
        [
            61.22627737226277,
            71.45255474452554,
            106.8905109489051
        ]
    ],
    "hex_colors": [
        "#3e4567",
        "#434c6f",
        "#3b4568",
        "#454e72",
        "#374062",
        "#40486a",
        "#3f496c",
        "#414b6e",
        "#3a4265",
        "#3d476a"
    ],
    "hsl_color_values": [
        [
            0.6382889831597892,
            0.4023898199875854,
            103.93548387096774
        ],
        [
            0.6345323741007194,
            0.3899018232819074,
            111.40625
        ],
        [
            0.6293884484711212,
            0.43553856587952405,
            104.63870967741936
        ],
        [
            0.6323338885804183,
            0.39271696467509815,
            114.65
        ],
        [
            0.6334745762711864,
            0.43462246777163904,
            98.72727272727273
        ],
        [
            0.6382349028997073,
            0.39165429397515045,
            106.64166666666667
        ],
        [
            0.6295498084291188,
            0.41834106130860377,
            108.8411214953271
        ],
        [
            0.6315258511979823,
            0.4072932717000514,
            110.625
        ],
        [
            0.6327234382124943,
            0.42895914325533635,
            101.73880597014926
        ],
        [
            0.6293424978687128,
            0.42720568150778476,
            106.8905109489051
        ]
    ]
}