{
    "rgb_colors": [
        [
            107.87142857142857,
            114.87142857142857,
            141.0857142857143
        ],
        [
            112.10365853658537,
            119.10365853658537,
            145.28658536585365
        ],
        [
            121.125,
            128.125,
            153.25
        ],
        [
            98.79591836734694,
            105.79591836734694,
            132.6734693877551
        ],
        [
            101.76404494382022,
            108.76404494382022,
            135.3370786516854
        ],
        [
            117.2,
            124.2,
            149.35555555555555
        ],
        [
            105.85620915032679,
            112.85620915032679,
            139.2156862745098
        ],
        [
            103.98214285714286,
            110.98214285714286,
            137.25
        ],
        [
            114.53846153846153,
            121.53846153846153,
            147.05128205128204
        ],
        [
            109.93984962406014,
            116.93984962406014,
            143.12781954887217
        ]
    ],
    "hex_colors": [
        "#6b728d",
        "#707791",
        "#798099",
        "#626984",
        "#656c87",
        "#757c95",
        "#69708b",
        "#676e89",
        "#727993",
        "#6d748f"
    ],
    "hsl_color_values": [
        [
            0.6315412186379928,
            0.23541919805589312,
            141.0857142857143
        ],
        [
            0.6315080240107803,
            0.22839635707390768,
            145.28658536585365
        ],
        [
            0.6303501945525292,
            0.2096247960848287,
            153.25
        ],
        [
            0.6322289156626506,
            0.25534533148746336,
            132.6734693877551
        ],
        [
            0.6319165551093263,
            0.24806973848069744,
            135.3370786516854
        ],
        [
            0.6303847039852569,
            0.2152953429549174,
            149.35555555555555
        ],
        [
            0.6316940961337513,
            0.23962441314553998,
            139.2156862745098
        ],
        [
            0.6315977813562355,
            0.24238875878220137,
            137.25
        ],
        [
            0.6307833859095688,
            0.22109851787271143,
            147.05128205128204
        ],
        [
            0.6315133665609425,
            0.23187644463122503,
            143.12781954887217
        ]
    ]
}