{
    "rgb_colors": [
        [
            92.98620689655172,
            102.01379310344828,
            139.98620689655172
        ],
        [
            95.27407407407408,
            104.27407407407408,
            142.27407407407406
        ],
        [
            90.0,
            99.0,
            137.0
        ],
        [
            87.30909090909091,
            96.30909090909091,
            134.3090909090909
        ],
        [
            89.0,
            98.0,
            136.0
        ],
        [
            97.61538461538461,
            106.61538461538461,
            144.6153846153846
        ],
        [
            91.0,
            100.0,
            138.0
        ],
        [
            107.66666666666667,
            116.66666666666667,
            154.66666666666666
        ],
        [
            91.99476439790575,
            101.00523560209425,
            138.99476439790575
        ],
        [
            93.99193548387096,
            103.00806451612904,
            140.99193548387098
        ]
    ],
    "hex_colors": [
        "#5c668b",
        "#5f688e",
        "#5a6389",
        "#576086",
        "#596288",
        "#616a90",
        "#5b648a",
        "#6b749a",
        "#5b658a",
        "#5d678c"
    ],
    "hsl_color_values": [
        [
            0.6346539496209341,
            0.3357473642723421,
            139.98620689655172
        ],
        [
            0.6347517730496454,
            0.3303483105117925,
            142.27407407407406
        ],
        [
            0.6347517730496454,
            0.34306569343065696,
            137.0
        ],
        [
            0.6347517730496454,
            0.34993908217138214,
            134.3090909090909
        ],
        [
            0.6347517730496454,
            0.34558823529411764,
            136.0
        ],
        [
            0.6347517730496454,
            0.325,
            144.6153846153846
        ],
        [
            0.6347517730496454,
            0.34057971014492755,
            138.0
        ],
        [
            0.6347517730496454,
            0.3038793103448275,
            154.66666666666666
        ],
        [
            0.6347146411198991,
            0.33814223293656775,
            138.99476439790575
        ],
        [
            0.634694577899794,
            0.3333523994737746,
            140.99193548387098
        ]
    ]
}