{
    "rgb_colors": [
        [
            66.0,
            79.0,
            115.0
        ],
        [
            71.92553191489361,
            84.52127659574468,
            120.72340425531915
        ],
        [
            67.51612903225806,
            79.48387096774194,
            116.0
        ],
        [
            69.0,
            82.0,
            118.0
        ],
        [
            65.13513513513513,
            77.05405405405405,
            113.5945945945946
        ],
        [
            70.0,
            81.0,
            118.0
        ],
        [
            67.0,
            78.0,
            115.0
        ],
        [
            68.5031847133758,
            80.4968152866242,
            117.0
        ],
        [
            63.02272727272727,
            74.70454545454545,
            111.36363636363636
        ],
        [
            70.6842105263158,
            82.57894736842105,
            119.13157894736842
        ]
    ],
    "hex_colors": [
        "#424f73",
        "#475478",
        "#434f74",
        "#455276",
        "#414d71",
        "#465176",
        "#434e73",
        "#445075",
        "#3f4a6f",
        "#465277"
    ],
    "hsl_color_values": [
        [
            0.6224489795918368,
            0.4260869565217391,
            115.0
        ],
        [
            0.623646537315602,
            0.40421219598167085,
            120.72340425531915
        ],
        [
            0.6255267243291196,
            0.417964404894327,
            116.0
        ],
        [
            0.6224489795918368,
            0.4152542372881356,
            118.0
        ],
        [
            0.62567391708496,
            0.4266000475850584,
            113.5945945945946
        ],
        [
            0.6284722222222222,
            0.4067796610169492,
            118.0
        ],
        [
            0.6284722222222222,
            0.41739130434782606,
            115.0
        ],
        [
            0.6254487347867963,
            0.41450269475747176,
            117.0
        ],
        [
            0.6263908478294938,
            0.4340816326530612,
            111.36363636363636
        ],
        [
            0.625746876697447,
            0.40667108460349016,
            119.13157894736842
        ]
    ]
}