{
    "rgb_colors": [
        [
            64.0,
            72.0,
            100.0
        ],
        [
            66.0,
            74.0,
            102.0
        ],
        [
            68.0,
            76.0,
            104.0
        ],
        [
            71.36363636363636,
            79.36363636363636,
            107.36363636363636
        ],
        [
            65.0,
            73.0,
            101.0
        ],
        [
            67.0,
            75.0,
            103.0
        ],
        [
            73.55555555555556,
            81.55555555555556,
            109.55555555555556
        ],
        [
            62.65384615384615,
            70.65384615384616,
            98.65384615384616
        ],
        [
            70.0,
            78.0,
            106.0
        ],
        [
            69.0,
            77.0,
            105.0
        ]
    ],
    "hex_colors": [
        "#404864",
        "#424a66",
        "#444c68",
        "#474f6b",
        "#414965",
        "#434b67",
        "#49516d",
        "#3e4662",
        "#464e6a",
        "#454d69"
    ],
    "hsl_color_values": [
        [
            0.6296296296296297,
            0.36,
            100.0
        ],
        [
            0.6296296296296297,
            0.35294117647058826,
            102.0
        ],
        [
            0.6296296296296297,
            0.34615384615384615,
            104.0
        ],
        [
            0.6296296296296297,
            0.3353090601185436,
            107.36363636363636
        ],
        [
            0.6296296296296297,
            0.3564356435643564,
            101.0
        ],
        [
            0.6296296296296297,
            0.34951456310679613,
            103.0
        ],
        [
            0.6296296296296297,
            0.32860040567951315,
            109.55555555555556
        ],
        [
            0.6296296296296297,
            0.3649122807017544,
            98.65384615384616
        ],
        [
            0.6296296296296297,
            0.33962264150943394,
            106.0
        ],
        [
            0.6296296296296297,
            0.34285714285714286,
            105.0
        ]
    ]
}