{
    "rgb_colors": [
        [
            70.0,
            81.0,
            117.0
        ],
        [
            65.0,
            76.0,
            112.0
        ],
        [
            88.5,
            99.5,
            135.5
        ],
        [
            77.5,
            88.5,
            124.5
        ],
        [
            63.130434782608695,
            74.1304347826087,
            110.1304347826087
        ],
        [
            68.48473282442748,
            79.48473282442748,
            115.48473282442748
        ],
        [
            71.40718562874251,
            82.40718562874251,
            118.40718562874251
        ],
        [
            66.0,
            77.0,
            113.0
        ],
        [
            73.44444444444444,
            84.44444444444444,
            120.44444444444444
        ],
        [
            67.0,
            78.0,
            114.0
        ]
    ],
    "hex_colors": [
        "#465175",
        "#414c70",
        "#586387",
        "#4d587c",
        "#3f4a6e",
        "#444f73",
        "#475276",
        "#424d71",
        "#495478",
        "#434e72"
    ],
    "hsl_color_values": [
        [
            0.6276595744680851,
            0.4017094017094017,
            117.0
        ],
        [
            0.6276595744680851,
            0.41964285714285715,
            112.0
        ],
        [
            0.6276595744680851,
            0.34686346863468637,
            135.5
        ],
        [
            0.6276595744680851,
            0.37751004016064255,
            124.5
        ],
        [
            0.6276595744680851,
            0.42676667982629296,
            110.1304347826087
        ],
        [
            0.6276595744680851,
            0.406980202928248,
            115.48473282442748
        ],
        [
            0.6276595744680851,
            0.3969353696773541,
            118.40718562874251
        ],
        [
            0.6276595744680851,
            0.415929203539823,
            113.0
        ],
        [
            0.6276595744680851,
            0.39022140221402213,
            120.44444444444444
        ],
        [
            0.6276595744680851,
            0.41228070175438597,
            114.0
        ]
    ]
}