{
    "rgb_colors": [
        [
            135.40384615384616,
            140.92307692307693,
            162.09615384615384
        ],
        [
            128.9010989010989,
            135.1868131868132,
            156.6153846153846
        ],
        [
            128.13740458015266,
            133.13740458015266,
            154.13740458015266
        ],
        [
            124.83687943262412,
            132.8368794326241,
            154.8368794326241
        ],
        [
            120.75187969924812,
            128.54887218045113,
            150.4812030075188
        ],
        [
            125.08196721311475,
            130.08196721311475,
            151.08196721311475
        ],
        [
            116.14285714285714,
            123.88571428571429,
            145.8
        ],
        [
            119.01075268817205,
            126.52688172043011,
            148.36559139784947
        ],
        [
            131.45528455284554,
            137.2357723577236,
            158.4959349593496
        ],
        [
            122.52678571428571,
            130.52678571428572,
            152.52678571428572
        ]
    ],
    "hex_colors": [
        "#878ca2",
        "#80879c",
        "#80859a",
        "#7c849a",
        "#788096",
        "#7d8297",
        "#747b91",
        "#777e94",
        "#83899e",
        "#7a8298"
    ],
    "hsl_color_values": [
        [
            0.6322046109510087,
            0.16466959307153867,
            162.09615384615384
        ],
        [
            0.6288659793814432,
            0.1769576199831603,
            156.6153846153846
        ],
        [
            0.6346153846153846,
            0.16868066561014264,
            154.13740458015266
        ],
        [
            0.6222222222222222,
            0.19375229021619633,
            154.8368794326241
        ],
        [
            0.6229556567189344,
            0.19756170680523627,
            150.4812030075188
        ],
        [
            0.6346153846153846,
            0.1720920138888889,
            151.08196721311475
        ],
        [
            0.6231535003211303,
            0.2034097589653146,
            145.8
        ],
        [
            0.623992673992674,
            0.19785476155964635,
            148.36559139784947
        ],
        [
            0.6310382842252956,
            0.1706078481661964,
            158.4959349593496
        ],
        [
            0.6222222222222221,
            0.19668676461979753,
            152.52678571428572
        ]
    ]
}