{
    "rgb_colors": [
        [
            80.07643312101911,
            79.07643312101911,
            101.35668789808918
        ],
        [
            80.13548387096775,
            82.13548387096775,
            103.76129032258065
        ],
        [
            84.31818181818181,
            86.31818181818181,
            108.06818181818181
        ],
        [
            84.40458015267176,
            83.40458015267176,
            105.82442748091603
        ],
        [
            81.74647887323944,
            80.74647887323944,
            103.21126760563381
        ],
        [
            86.74725274725274,
            85.97802197802199,
            108.4065934065934
        ],
        [
            82.54639175257732,
            84.54639175257732,
            106.1340206185567
        ],
        [
            76.64864864864865,
            77.35135135135135,
            99.29729729729729
        ],
        [
            83.0,
            82.0,
            104.34545454545454
        ],
        [
            77.96666666666667,
            79.96666666666667,
            101.58333333333333
        ]
    ],
    "hex_colors": [
        "#504f65",
        "#505267",
        "#54566c",
        "#545369",
        "#515067",
        "#56556c",
        "#52546a",
        "#4c4d63",
        "#535268",
        "#4d4f65"
    ],
    "hsl_color_values": [
        [
            0.6741471316943014,
            0.21982027273298566,
            101.35668789808918
        ],
        [
            0.6525578008374294,
            0.2276938382142635,
            103.76129032258065
        ],
        [
            0.6526315789473683,
            0.21976866456361727,
            108.06818181818181
        ],
        [
            0.6741005561230281,
            0.21185890499891796,
            105.82442748091603
        ],
        [
            0.6740856844305121,
            0.21765829694323144,
            103.21126760563381
        ],
        [
            0.6723828188796341,
            0.2068930562595032,
            108.4065934065934
        ],
        [
            0.652534965034965,
            0.22224380767362797,
            106.1340206185567
        ],
        [
            0.6614956245027844,
            0.2280892759934676,
            99.29729729729729
        ],
        [
            0.6741253051261188,
            0.21414880641226694,
            104.34545454545454
        ],
        [
            0.6525523406257351,
            0.23248564397046753,
            101.58333333333333
        ]
    ]
}