{
    "rgb_colors": [
        [
            61.26548672566372,
            69.26548672566372,
            98.20353982300885
        ],
        [
            57.99324324324324,
            65.99324324324324,
            95.02027027027027
        ],
        [
            48.35483870967742,
            56.35483870967742,
            84.35483870967742
        ],
        [
            59.66417910447761,
            67.66417910447761,
            97.06716417910448
        ],
        [
            72.9,
            80.9,
            110.76666666666667
        ],
        [
            67.91764705882353,
            75.91764705882353,
            105.3529411764706
        ],
        [
            52.57142857142857,
            60.57142857142857,
            88.85714285714286
        ],
        [
            62.810457516339866,
            70.81045751633987,
            100.20915032679738
        ],
        [
            55.65546218487395,
            63.65546218487395,
            92.29411764705883
        ],
        [
            64.99290780141844,
            72.99290780141844,
            102.53900709219857
        ]
    ],
    "hex_colors": [
        "#3d4562",
        "#39415f",
        "#303854",
        "#3b4361",
        "#48506e",
        "#434b69",
        "#343c58",
        "#3e4664",
        "#373f5c",
        "#404866"
    ],
    "hsl_color_values": [
        [
            0.6305701964542405,
            0.37613769487248805,
            98.20353982300885
        ],
        [
            0.6306569343065694,
            0.38967503377657686,
            95.02027027027027
        ],
        [
            0.6296296296296297,
            0.42676864244741874,
            84.35483870967742
        ],
        [
            0.6310188880021282,
            0.38533097562850777,
            97.06716417910448
        ],
        [
            0.6314553990610329,
            0.3418597652723442,
            110.76666666666667
        ],
        [
            0.6310496543054683,
            0.3553322166387493,
            105.3529411764706
        ],
        [
            0.6299212598425198,
            0.40836012861736337,
            88.85714285714286
        ],
        [
            0.6310147966911336,
            0.37320636577093663,
            100.20915032679738
        ],
        [
            0.6302752293577982,
            0.39697714649913507,
            92.29411764705883
        ],
        [
            0.6311547664022163,
            0.36616406141928337,
            102.53900709219857
        ]
    ]
}