{
    "rgb_colors": [
        [
            77.0,
            87.0,
            121.0
        ],
        [
            72.29299363057325,
            82.29299363057325,
            116.2547770700637
        ],
        [
            80.3302752293578,
            90.3302752293578,
            124.3302752293578
        ],
        [
            82.43589743589743,
            92.43589743589743,
            126.43589743589743
        ],
        [
            75.00869565217391,
            85.00869565217391,
            118.99130434782609
        ],
        [
            69.51515151515152,
            79.51515151515152,
            113.51515151515152
        ],
        [
            74.0,
            84.0,
            117.95833333333333
        ],
        [
            76.01459854014598,
            86.01459854014598,
            119.98540145985402
        ],
        [
            79.0,
            89.0,
            123.0
        ],
        [
            78.0,
            88.0,
            122.0
        ]
    ],
    "hex_colors": [
        "#4d5779",
        "#485274",
        "#505a7c",
        "#525c7e",
        "#4b5576",
        "#454f71",
        "#4a5475",
        "#4c5677",
        "#4f597b",
        "#4e587a"
    ],
    "hsl_color_values": [
        [
            0.6287878787878788,
            0.36363636363636365,
            121.0
        ],
        [
            0.6287549502559644,
            0.37815033968880124,
            116.2547770700637
        ],
        [
            0.6287878787878788,
            0.35389610389610393,
            124.3302752293578
        ],
        [
            0.6287878787878788,
            0.3480024335834516,
            126.43589743589743
        ],
        [
            0.6287729010148939,
            0.36962876351943874,
            118.99130434782609
        ],
        [
            0.6287878787878788,
            0.38761345435130806,
            113.51515151515152
        ],
        [
            0.6287519747235387,
            0.37265983751324616,
            117.95833333333333
        ],
        [
            0.6287627268702966,
            0.36646794013870304,
            119.98540145985402
        ],
        [
            0.6287878787878788,
            0.35772357723577236,
            123.0
        ],
        [
            0.6287878787878788,
            0.36065573770491804,
            122.0
        ]
    ]
}