{
    "rgb_colors": [
        [
            119.16,
            126.16,
            151.16
        ],
        [
            106.09502262443439,
            113.09502262443439,
            138.0950226244344
        ],
        [
            100.2127659574468,
            107.2127659574468,
            132.2127659574468
        ],
        [
            103.21929824561404,
            110.21929824561404,
            135.21929824561403
        ],
        [
            96.55,
            103.55,
            128.55
        ],
        [
            111.44654088050315,
            118.44654088050315,
            143.44654088050314
        ],
        [
            108.50617283950618,
            115.50617283950618,
            140.50617283950618
        ],
        [
            115.816091954023,
            122.816091954023,
            147.816091954023
        ],
        [
            113.42592592592592,
            120.42592592592592,
            145.42592592592592
        ],
        [
            110.0,
            117.0,
            142.0
        ]
    ],
    "hex_colors": [
        "#777e97",
        "#6a718a",
        "#646b84",
        "#676e87",
        "#606780",
        "#6f768f",
        "#6c738c",
        "#737a93",
        "#717891",
        "#6e758e"
    ],
    "hsl_color_values": [
        [
            0.6302083333333334,
            0.21169621593014026,
            151.16
        ],
        [
            0.6302083333333334,
            0.23172449949211965,
            138.0950226244344
        ],
        [
            0.6302083333333334,
            0.24203411651110396,
            132.2127659574468
        ],
        [
            0.6302083333333334,
            0.23665261109309105,
            135.21929824561403
        ],
        [
            0.6302083333333334,
            0.24893037728510317,
            128.55
        ],
        [
            0.6302083333333334,
            0.22307962118554883,
            143.44654088050314
        ],
        [
            0.6302083333333334,
            0.2277480010543889,
            140.50617283950618
        ],
        [
            0.6302083333333334,
            0.21648522550544322,
            147.816091954023
        ],
        [
            0.6302083333333334,
            0.22004329555583854,
            145.42592592592592
        ],
        [
            0.6302083333333334,
            0.22535211267605634,
            142.0
        ]
    ]
}