{
    "rgb_colors": [
        [
            70.58381502890174,
            77.58381502890174,
            105.58381502890174
        ],
        [
            74.49350649350649,
            81.49350649350649,
            109.49350649350649
        ],
        [
            71.82819383259911,
            77.82819383259911,
            108.82819383259911
        ],
        [
            68.57657657657657,
            75.57657657657657,
            103.57657657657657
        ],
        [
            72.41818181818182,
            79.41818181818182,
            107.41818181818182
        ],
        [
            66.66666666666667,
            72.66666666666667,
            103.66666666666667
        ],
        [
            77.8,
            84.66666666666667,
            113.06666666666666
        ],
        [
            66.34482758620689,
            73.3103448275862,
            101.41379310344827
        ],
        [
            74.60759493670886,
            80.60759493670886,
            111.60759493670886
        ],
        [
            69.26136363636364,
            75.26136363636364,
            106.26136363636364
        ]
    ],
    "hex_colors": [
        "#464d69",
        "#4a516d",
        "#474d6c",
        "#444b67",
        "#484f6b",
        "#424867",
        "#4d5471",
        "#424965",
        "#4a506f",
        "#454b6a"
    ],
    "hsl_color_values": [
        [
            0.6333333333333333,
            0.33149020037227633,
            105.58381502890174
        ],
        [
            0.6333333333333333,
            0.31965365911517024,
            109.49350649350649
        ],
        [
            0.6396396396396397,
            0.3399854274611399,
            108.82819383259911
        ],
        [
            0.6333333333333333,
            0.33791423849699925,
            103.57657657657657
        ],
        [
            0.6333333333333333,
            0.32582938388625593,
            107.41818181818182
        ],
        [
            0.6396396396396397,
            0.35691318327974275,
            103.66666666666667
        ],
        [
            0.6342155009451796,
            0.3119103773584906,
            113.06666666666666
        ],
        [
            0.6335627663061292,
            0.3458007480448827,
            101.41379310344827
        ],
        [
            0.6396396396396397,
            0.33151865713961665,
            111.60759493670886
        ],
        [
            0.6396396396396397,
            0.34819805368409795,
            106.26136363636364
        ]
    ]
}