{
    "rgb_colors": [
        [
            102.23287671232876,
            114.23287671232876,
            153.23287671232876
        ],
        [
            97.5,
            110.22727272727272,
            147.04545454545453
        ],
        [
            105.79285714285714,
            118.37857142857143,
            155.62142857142857
        ],
        [
            100.10112359550561,
            112.7752808988764,
            149.75280898876406
        ],
        [
            104.45098039215686,
            117.27450980392157,
            153.80392156862746
        ],
        [
            102.0,
            115.0,
            151.0
        ],
        [
            112.68,
            125.6,
            161.84
        ],
        [
            103.0,
            116.0,
            152.0
        ],
        [
            110.07142857142857,
            122.82142857142857,
            159.57142857142858
        ],
        [
            107.87659574468086,
            120.7531914893617,
            157.12340425531914
        ]
    ],
    "hex_colors": [
        "#667299",
        "#616e93",
        "#69769b",
        "#647095",
        "#687599",
        "#667397",
        "#707da1",
        "#677498",
        "#6e7a9f",
        "#6b789d"
    ],
    "hsl_color_values": [
        [
            0.6274509803921569,
            0.33282674772036475,
            153.23287671232876
        ],
        [
            0.6238532110091742,
            0.3369397217928902,
            147.04545454545453
        ],
        [
            0.6245699541284404,
            0.32019093955110844,
            155.62142857142857
        ],
        [
            0.6241231047748359,
            0.33155762304921976,
            149.75280898876406
        ],
        [
            0.6233611442193087,
            0.32088220295767467,
            153.80392156862746
        ],
        [
            0.6224489795918368,
            0.32450331125827814,
            151.0
        ],
        [
            0.6228641171684296,
            0.30375679683638157,
            161.84
        ],
        [
            0.6224489795918368,
            0.3223684210526316,
            152.0
        ],
        [
            0.6237373737373737,
            0.310205908683975,
            159.57142857142858
        ],
        [
            0.6230882225870561,
            0.3134275809771422,
            157.12340425531914
        ]
    ]
}