{
    "rgb_colors": [
        [
            116.97368421052632,
            123.97368421052632,
            148.9736842105263
        ],
        [
            92.70114942528735,
            99.70114942528735,
            125.22988505747126
        ],
        [
            107.95959595959596,
            114.95959595959596,
            140.24242424242425
        ],
        [
            98.82323232323232,
            105.82323232323232,
            131.3181818181818
        ],
        [
            111.48837209302326,
            118.48837209302326,
            143.48837209302326
        ],
        [
            104.9090909090909,
            111.9090909090909,
            137.13286713286712
        ],
        [
            101.22689075630252,
            108.22689075630252,
            133.6638655462185
        ],
        [
            95.7741935483871,
            102.7741935483871,
            128.25806451612902
        ],
        [
            102.8082191780822,
            109.8082191780822,
            135.43835616438355
        ],
        [
            89.10526315789474,
            96.10526315789474,
            121.49122807017544
        ]
    ],
    "hex_colors": [
        "#747b94",
        "#5c637d",
        "#6b728c",
        "#626983",
        "#6f768f",
        "#686f89",
        "#656c85",
        "#5f6680",
        "#666d87",
        "#596079"
    ],
    "hsl_color_values": [
        [
            0.6302083333333334,
            0.21480303833245,
            148.9736842105263
        ],
        [
            0.6308009422850412,
            0.25975217989903626,
            125.22988505747126
        ],
        [
            0.6305277430120985,
            0.230193027945837,
            140.24242424242425
        ],
        [
            0.6307636514350845,
            0.24745202107611247,
            131.3181818181818
        ],
        [
            0.6302083333333334,
            0.22301458670988655,
            143.48837209302326
        ],
        [
            0.6304615162037037,
            0.23498215196328398,
            137.13286713286712
        ],
        [
            0.630699481865285,
            0.24267571985414307,
            133.6638655462185
        ],
        [
            0.6307514068189342,
            0.25326961770623735,
            128.25806451612902
        ],
        [
            0.6309123985446403,
            0.24092242338424183,
            135.43835616438355
        ],
        [
            0.6306428313470568,
            0.2665703971119133,
            121.49122807017544
        ]
    ]
}