{
    "rgb_colors": [
        [
            75.0,
            87.0,
            126.0
        ],
        [
            74.0,
            86.0,
            125.0
        ],
        [
            70.53846153846153,
            82.53846153846153,
            121.53846153846153
        ],
        [
            79.0,
            91.0,
            130.0
        ],
        [
            80.81818181818181,
            92.81818181818181,
            131.8181818181818
        ],
        [
            76.0,
            88.0,
            127.0
        ],
        [
            72.0,
            84.0,
            123.0
        ],
        [
            77.0,
            89.0,
            128.0
        ],
        [
            78.0,
            90.0,
            129.0
        ],
        [
            73.0,
            85.0,
            124.0
        ]
    ],
    "hex_colors": [
        "#4b577e",
        "#4a567d",
        "#465279",
        "#4f5b82",
        "#505c83",
        "#4c587f",
        "#48547b",
        "#4d5980",
        "#4e5a81",
        "#49557c"
    ],
    "hsl_color_values": [
        [
            0.6274509803921569,
            0.40476190476190477,
            126.0
        ],
        [
            0.6274509803921569,
            0.408,
            125.0
        ],
        [
            0.6274509803921569,
            0.419620253164557,
            121.53846153846153
        ],
        [
            0.6274509803921569,
            0.3923076923076923,
            130.0
        ],
        [
            0.6274509803921569,
            0.38689655172413795,
            131.8181818181818
        ],
        [
            0.6274509803921569,
            0.4015748031496063,
            127.0
        ],
        [
            0.6274509803921569,
            0.4146341463414634,
            123.0
        ],
        [
            0.6274509803921569,
            0.3984375,
            128.0
        ],
        [
            0.6274509803921569,
            0.3953488372093023,
            129.0
        ],
        [
            0.6274509803921569,
            0.4112903225806452,
            124.0
        ]
    ]
}