{
    "rgb_colors": [
        [
            69.0,
            82.0,
            118.0
        ],
        [
            67.0,
            80.0,
            116.0
        ],
        [
            65.0,
            78.0,
            114.0
        ],
        [
            66.0,
            79.0,
            115.0
        ],
        [
            70.0,
            83.0,
            119.0
        ],
        [
            72.3103448275862,
            85.3103448275862,
            121.3103448275862
        ],
        [
            68.0,
            81.0,
            117.0
        ],
        [
            71.0,
            84.0,
            120.0
        ],
        [
            62.81818181818182,
            75.81818181818181,
            111.81818181818181
        ],
        [
            64.0,
            77.0,
            113.0
        ]
    ],
    "hex_colors": [
        "#455276",
        "#435074",
        "#414e72",
        "#424f73",
        "#465377",
        "#485579",
        "#445175",
        "#475478",
        "#3e4b6f",
        "#404d71"
    ],
    "hsl_color_values": [
        [
            0.6224489795918368,
            0.4152542372881356,
            118.0
        ],
        [
            0.6224489795918368,
            0.4224137931034483,
            116.0
        ],
        [
            0.6224489795918368,
            0.4298245614035088,
            114.0
        ],
        [
            0.6224489795918368,
            0.4260869565217391,
            115.0
        ],
        [
            0.6224489795918368,
            0.4117647058823529,
            119.0
        ],
        [
            0.6224489795918368,
            0.4039226833428084,
            121.3103448275862
        ],
        [
            0.6224489795918368,
            0.4188034188034188,
            117.0
        ],
        [
            0.6224489795918368,
            0.4083333333333333,
            120.0
        ],
        [
            0.6224489795918368,
            0.4382113821138211,
            111.81818181818181
        ],
        [
            0.6224489795918368,
            0.4336283185840708,
            113.0
        ]
    ]
}