{
    "rgb_colors": [
        [
            72.0,
            82.0,
            114.0
        ],
        [
            75.42592592592592,
            85.42592592592592,
            117.42592592592592
        ],
        [
            69.2233009708738,
            79.2233009708738,
            111.2233009708738
        ],
        [
            80.85714285714286,
            90.85714285714286,
            122.85714285714286
        ],
        [
            64.38888888888889,
            74.38888888888889,
            106.38888888888889
        ],
        [
            71.0,
            81.0,
            113.0
        ],
        [
            74.0,
            84.0,
            116.0
        ],
        [
            73.0,
            83.0,
            115.0
        ],
        [
            77.64197530864197,
            87.64197530864197,
            119.64197530864197
        ],
        [
            66.61538461538461,
            76.61538461538461,
            108.61538461538461
        ]
    ],
    "hex_colors": [
        "#485272",
        "#4b5575",
        "#454f6f",
        "#505a7a",
        "#404a6a",
        "#475171",
        "#4a5474",
        "#495373",
        "#4d5777",
        "#424c6c"
    ],
    "hsl_color_values": [
        [
            0.626984126984127,
            0.3684210526315789,
            114.0
        ],
        [
            0.626984126984127,
            0.35767229143668194,
            117.42592592592592
        ],
        [
            0.626984126984127,
            0.37761871508379885,
            111.2233009708738
        ],
        [
            0.626984126984127,
            0.34186046511627904,
            122.85714285714286
        ],
        [
            0.626984126984127,
            0.3947780678851175,
            106.38888888888889
        ],
        [
            0.626984126984127,
            0.37168141592920356,
            113.0
        ],
        [
            0.626984126984127,
            0.3620689655172414,
            116.0
        ],
        [
            0.626984126984127,
            0.3652173913043478,
            115.0
        ],
        [
            0.626984126984127,
            0.3510473635331751,
            119.64197530864197
        ],
        [
            0.626984126984127,
            0.386685552407932,
            108.61538461538461
        ]
    ]
}