{
    "rgb_colors": [
        [
            84.54929577464789,
            91.71830985915493,
            129.71830985915494
        ],
        [
            85.97894736842105,
            93.02105263157895,
            131.02105263157895
        ],
        [
            87.9940119760479,
            95.0059880239521,
            133.00598802395209
        ],
        [
            93.36363636363636,
            100.36363636363636,
            138.36363636363637
        ],
        [
            88.99363057324841,
            96.00636942675159,
            134.0063694267516
        ],
        [
            92.0,
            99.0,
            137.0
        ],
        [
            90.0,
            97.0,
            135.0
        ],
        [
            90.98039215686275,
            98.01960784313725,
            136.01960784313727
        ],
        [
            86.98823529411764,
            94.01176470588236,
            132.01176470588234
        ],
        [
            80.88461538461539,
            88.96153846153847,
            126.96153846153847
        ]
    ],
    "hex_colors": [
        "#545b81",
        "#555d83",
        "#575f85",
        "#5d648a",
        "#586086",
        "#5c6389",
        "#5a6187",
        "#5a6288",
        "#565e84",
        "#50587e"
    ],
    "hsl_color_values": [
        [
            0.6402141149568652,
            0.34820846905537467,
            129.71830985915494
        ],
        [
            0.6406091765988938,
            0.3437776170964892,
            131.02105263157895
        ],
        [
            0.6407032947541129,
            0.3384206735098145,
            133.00598802395209
        ],
        [
            0.6407407407407407,
            0.32522996057818665,
            138.36363636363637
        ],
        [
            0.6407009103344182,
            0.33589999524692243,
            134.0063694267516
        ],
        [
            0.6407407407407407,
            0.3284671532846715,
            137.0
        ],
        [
            0.6407407407407407,
            0.3333333333333333,
            135.0
        ],
        [
            0.6406181976491075,
            0.33112296381721207,
            136.01960784313727
        ],
        [
            0.6406671892692274,
            0.3410569467961857,
            132.01176470588234
        ],
        [
            0.6374513077351142,
            0.36292032717358375,
            126.96153846153847
        ]
    ]
}