{
    "rgb_colors": [
        [
            103.88095238095238,
            110.83333333333333,
            136.83333333333334
        ],
        [
            116.1264367816092,
            122.89655172413794,
            147.73563218390805
        ],
        [
            98.39622641509433,
            105.33962264150944,
            131.83018867924528
        ],
        [
            113.52173913043478,
            120.32608695652173,
            145.69565217391303
        ],
        [
            120.34666666666666,
            126.78666666666666,
            151.25333333333333
        ],
        [
            95.37142857142857,
            102.31428571428572,
            128.97142857142856
        ],
        [
            108.17829457364341,
            115.10077519379846,
            141.27906976744185
        ],
        [
            111.05109489051095,
            117.94890510948905,
            143.4014598540146
        ],
        [
            105.92660550458716,
            112.90825688073394,
            139.08256880733944
        ],
        [
            101.1796875,
            108.1171875,
            134.7421875
        ]
    ],
    "hex_colors": [
        "#676e88",
        "#747a93",
        "#626983",
        "#717891",
        "#787e97",
        "#5f6680",
        "#6c738d",
        "#6f758f",
        "#69708b",
        "#656c86"
    ],
    "hsl_color_values": [
        [
            0.6315028901734104,
            0.24082129806855757,
            136.83333333333334
        ],
        [
            0.630969696969697,
            0.21395783085660935,
            147.73563218390805
        ],
        [
            0.6320541760722347,
            0.2536138543008445,
            131.83018867924528
        ],
        [
            0.6314189189189189,
            0.22082960310355113,
            145.69565217391303
        ],
        [
            0.6319384526890999,
            0.2043370944992948,
            151.25333333333333
        ],
        [
            0.6322278911564626,
            0.26052281789986703,
            128.97142857142856
        ],
        [
            0.6318110850897737,
            0.2342935528120713,
            141.27906976744185
        ],
        [
            0.6311296630565585,
            0.22559299602972616,
            143.4014598540146
        ],
        [
            0.6315716657443277,
            0.23839050131926115,
            139.08256880733944
        ],
        [
            0.6322160148975792,
            0.2490867977039485,
            134.7421875
        ]
    ]
}