{
    "rgb_colors": [
        [
            63.92655367231639,
            71.93785310734464,
            101.090395480226
        ],
        [
            72.3076923076923,
            80.3076923076923,
            111.53846153846153
        ],
        [
            62.35114503816794,
            70.41221374045801,
            98.93129770992367
        ],
        [
            56.09803921568628,
            64.50980392156863,
            92.0392156862745
        ],
        [
            60.63636363636364,
            68.69090909090909,
            98.0
        ],
        [
            67.625,
            75.625,
            105.55357142857143
        ],
        [
            58.21495327102804,
            66.37383177570094,
            94.69158878504673
        ],
        [
            65.77439024390245,
            73.77439024390245,
            103.22560975609755
        ],
        [
            59.72857142857143,
            67.87142857142857,
            96.12857142857143
        ],
        [
            69.78947368421052,
            77.78947368421052,
            108.02631578947368
        ]
    ],
    "hex_colors": [
        "#3f4765",
        "#48506f",
        "#3e4662",
        "#38405c",
        "#3c4462",
        "#434b69",
        "#3a425e",
        "#414967",
        "#3b4360",
        "#454d6c"
    ],
    "hsl_color_values": [
        [
            0.6307388263910002,
            0.3676297993628793,
            101.090395480226
        ],
        [
            0.6326797385620915,
            0.35172413793103446,
            111.53846153846153
        ],
        [
            0.6299387868670006,
            0.3697530864197531,
            98.93129770992367
        ],
        [
            0.6276595744680851,
            0.39049850873455466,
            92.0392156862745
        ],
        [
            0.6307380373073804,
            0.3812615955473098,
            98.0
        ],
        [
            0.6315128688010043,
            0.3593300625951616,
            105.55357142857143
        ],
        [
            0.629387650525237,
            0.38521515988945915,
            94.69158878504673
        ],
        [
            0.6310647997394985,
            0.3628093803532399,
            103.22560975609755
        ],
        [
            0.6293825222396651,
            0.37865953336305547,
            96.12857142857143
        ],
        [
            0.6317962835512733,
            0.35395858708891603,
            108.02631578947368
        ]
    ]
}