{
    "rgb_colors": [
        [
            65.0,
            76.0,
            113.0
        ],
        [
            70.0,
            81.0,
            118.0
        ],
        [
            71.0,
            82.0,
            119.0
        ],
        [
            72.2,
            83.2,
            120.2
        ],
        [
            68.0,
            79.0,
            116.0
        ],
        [
            66.0,
            77.0,
            114.0
        ],
        [
            63.75,
            74.75,
            111.75
        ],
        [
            69.0,
            80.0,
            117.0
        ],
        [
            67.0,
            78.0,
            115.0
        ],
        [
            74.5,
            85.5,
            122.5
        ]
    ],
    "hex_colors": [
        "#414c71",
        "#465176",
        "#475277",
        "#485378",
        "#444f74",
        "#424d72",
        "#3f4a6f",
        "#455075",
        "#434e73",
        "#4a557a"
    ],
    "hsl_color_values": [
        [
            0.6284722222222222,
            0.4247787610619469,
            113.0
        ],
        [
            0.6284722222222222,
            0.4067796610169492,
            118.0
        ],
        [
            0.6284722222222222,
            0.40336134453781514,
            119.0
        ],
        [
            0.6284722222222222,
            0.39933444259567386,
            120.2
        ],
        [
            0.6284722222222222,
            0.41379310344827586,
            116.0
        ],
        [
            0.6284722222222222,
            0.42105263157894735,
            114.0
        ],
        [
            0.6284722222222222,
            0.42953020134228187,
            111.75
        ],
        [
            0.6284722222222222,
            0.41025641025641024,
            117.0
        ],
        [
            0.6284722222222222,
            0.41739130434782606,
            115.0
        ],
        [
            0.6284722222222222,
            0.39183673469387753,
            122.5
        ]
    ]
}