{
    "rgb_colors": [
        [
            67.0,
            76.0,
            102.0
        ],
        [
            79.0,
            88.0,
            114.0
        ],
        [
            74.0,
            83.0,
            109.0
        ],
        [
            75.0,
            84.0,
            110.0
        ],
        [
            76.45871559633028,
            85.45871559633028,
            111.45871559633028
        ],
        [
            70.27631578947368,
            79.27631578947368,
            105.27631578947368
        ],
        [
            83.52941176470588,
            92.52941176470588,
            118.52941176470588
        ],
        [
            80.640625,
            89.640625,
            115.640625
        ],
        [
            78.0,
            87.0,
            113.0
        ],
        [
            72.5852534562212,
            81.5852534562212,
            107.5852534562212
        ]
    ],
    "hex_colors": [
        "#434c66",
        "#4f5872",
        "#4a536d",
        "#4b546e",
        "#4c556f",
        "#464f69",
        "#535c76",
        "#505973",
        "#4e5771",
        "#48516b"
    ],
    "hsl_color_values": [
        [
            0.6238095238095238,
            0.3431372549019608,
            102.0
        ],
        [
            0.6238095238095238,
            0.30701754385964913,
            114.0
        ],
        [
            0.6238095238095238,
            0.3211009174311927,
            109.0
        ],
        [
            0.6238095238095238,
            0.3181818181818182,
            110.0
        ],
        [
            0.6238095238095238,
            0.3140176146184871,
            111.45871559633028
        ],
        [
            0.6238095238095238,
            0.3324584426946632,
            105.27631578947368
        ],
        [
            0.6238095238095238,
            0.29528535980148884,
            118.52941176470588
        ],
        [
            0.6238095238095238,
            0.30266180245912716,
            115.640625
        ],
        [
            0.6238095238095238,
            0.30973451327433627,
            113.0
        ],
        [
            0.6238095238095238,
            0.325323395870813,
            107.5852534562212
        ]
    ]
}