{
    "rgb_colors": [
        [
            90.92380952380952,
            98.92380952380952,
            127.07619047619048
        ],
        [
            91.91338582677166,
            99.91338582677166,
            128.08661417322836
        ],
        [
            87.5,
            95.5,
            123.5
        ],
        [
            93.925,
            101.925,
            130.075
        ],
        [
            98.7710843373494,
            106.7710843373494,
            134.7710843373494
        ],
        [
            92.95679012345678,
            100.95679012345678,
            129.04320987654322
        ],
        [
            94.95620437956204,
            102.95620437956204,
            131.04379562043795
        ],
        [
            89.64102564102564,
            97.64102564102564,
            125.7948717948718
        ],
        [
            95.95348837209302,
            103.95348837209302,
            132.04651162790697
        ],
        [
            96.97297297297297,
            104.97297297297297,
            133.13513513513513
        ]
    ],
    "hex_colors": [
        "#5a627f",
        "#5b6380",
        "#575f7b",
        "#5d6582",
        "#626a86",
        "#5c6481",
        "#5e6683",
        "#59617d",
        "#5f6784",
        "#606885"
    ],
    "hsl_color_values": [
        [
            0.6297857393747804,
            0.28449374203702316,
            127.07619047619048
        ],
        [
            0.6298069946306777,
            0.2824122456507039,
            128.08661417322836
        ],
        [
            0.6296296296296297,
            0.291497975708502,
            123.5
        ],
        [
            0.6297833102812356,
            0.2779165865846627,
            130.075
        ],
        [
            0.6296296296296297,
            0.26711961380296806,
            134.7710843373494
        ],
        [
            0.6297183259208575,
            0.2796460176991151,
            129.04320987654322
        ],
        [
            0.6297195253505933,
            0.27538572940455636,
            131.04379562043795
        ],
        [
            0.6297872340425532,
            0.28740317977986146,
            125.7948717948718
        ],
        [
            0.6297250859106529,
            0.2733356815780204,
            132.04651162790697
        ],
        [
            0.6297957149975087,
            0.27161997563946405,
            133.13513513513513
        ]
    ]
}