{
    "rgb_colors": [
        [
            98.0,
            101.0,
            135.0
        ],
        [
            96.0,
            99.0,
            133.0
        ],
        [
            104.82352941176471,
            107.82352941176471,
            141.8235294117647
        ],
        [
            102.336,
            105.336,
            139.336
        ],
        [
            97.0,
            100.0,
            134.0
        ],
        [
            112.66666666666667,
            115.66666666666667,
            149.66666666666666
        ],
        [
            93.41666666666667,
            96.41666666666667,
            130.41666666666666
        ],
        [
            101.0,
            104.0,
            138.0
        ],
        [
            99.44881889763779,
            102.44881889763779,
            136.4488188976378
        ],
        [
            95.0,
            98.0,
            132.0
        ]
    ],
    "hex_colors": [
        "#626587",
        "#606385",
        "#686b8d",
        "#66698b",
        "#616486",
        "#707395",
        "#5d6082",
        "#65688a",
        "#636688",
        "#5f6284"
    ],
    "hsl_color_values": [
        [
            0.6531531531531533,
            0.2740740740740741,
            135.0
        ],
        [
            0.6531531531531533,
            0.2781954887218045,
            133.0
        ],
        [
            0.6531531531531533,
            0.26088759850684357,
            141.8235294117647
        ],
        [
            0.6531531531531533,
            0.26554515703048753,
            139.336
        ],
        [
            0.6531531531531533,
            0.27611940298507465,
            134.0
        ],
        [
            0.6531531531531533,
            0.24721603563474379,
            149.66666666666666
        ],
        [
            0.6531531531531533,
            0.28370607028753986,
            130.41666666666666
        ],
        [
            0.6531531531531533,
            0.26811594202898553,
            138.0
        ],
        [
            0.6531531531531533,
            0.271163944832362,
            136.4488188976378
        ],
        [
            0.6531531531531533,
            0.2803030303030303,
            132.0
        ]
    ]
}