{
    "rgb_colors": [
        [
            68.0,
            76.0,
            108.0
        ],
        [
            61.0,
            69.0,
            101.0
        ],
        [
            65.0,
            73.0,
            105.0
        ],
        [
            62.0,
            70.0,
            102.0
        ],
        [
            66.0,
            74.0,
            106.0
        ],
        [
            64.0,
            72.0,
            104.0
        ],
        [
            59.55882352941177,
            67.55882352941177,
            99.55882352941177
        ],
        [
            63.0,
            71.0,
            103.0
        ],
        [
            69.17647058823529,
            77.17647058823529,
            109.17647058823529
        ],
        [
            67.0,
            75.0,
            107.0
        ]
    ],
    "hex_colors": [
        "#444c6c",
        "#3d4565",
        "#414969",
        "#3e4666",
        "#424a6a",
        "#404868",
        "#3b4363",
        "#3f4767",
        "#454d6d",
        "#434b6b"
    ],
    "hsl_color_values": [
        [
            0.6333333333333333,
            0.37037037037037035,
            108.0
        ],
        [
            0.6333333333333333,
            0.39603960396039606,
            101.0
        ],
        [
            0.6333333333333333,
            0.38095238095238093,
            105.0
        ],
        [
            0.6333333333333333,
            0.39215686274509803,
            102.0
        ],
        [
            0.6333333333333333,
            0.37735849056603776,
            106.0
        ],
        [
            0.6333333333333333,
            0.38461538461538464,
            104.0
        ],
        [
            0.6333333333333333,
            0.4017725258493353,
            99.55882352941177
        ],
        [
            0.6333333333333333,
            0.3883495145631068,
            103.0
        ],
        [
            0.6333333333333333,
            0.3663793103448276,
            109.17647058823529
        ],
        [
            0.6333333333333333,
            0.37383177570093457,
            107.0
        ]
    ]
}