{
    "rgb_colors": [
        [
            66.20879120879121,
            76.20879120879121,
            108.20879120879121
        ],
        [
            74.0,
            84.0,
            116.0
        ],
        [
            72.0,
            82.0,
            114.0
        ],
        [
            68.0,
            78.0,
            110.0
        ],
        [
            78.66666666666667,
            88.66666666666667,
            120.66666666666667
        ],
        [
            75.7128712871287,
            85.7128712871287,
            117.7128712871287
        ],
        [
            73.0,
            83.0,
            115.0
        ],
        [
            70.0,
            80.0,
            112.0
        ],
        [
            69.0,
            79.0,
            111.0
        ],
        [
            71.0,
            81.0,
            113.0
        ]
    ],
    "hex_colors": [
        "#424c6c",
        "#4a5474",
        "#485272",
        "#444e6e",
        "#4e5878",
        "#4b5575",
        "#495373",
        "#465070",
        "#454f6f",
        "#475171"
    ],
    "hsl_color_values": [
        [
            0.626984126984127,
            0.3881385193459937,
            108.20879120879121
        ],
        [
            0.626984126984127,
            0.3620689655172414,
            116.0
        ],
        [
            0.626984126984127,
            0.3684210526315789,
            114.0
        ],
        [
            0.626984126984127,
            0.38181818181818183,
            110.0
        ],
        [
            0.626984126984127,
            0.34806629834254144,
            120.66666666666667
        ],
        [
            0.626984126984127,
            0.3568004037345446,
            117.7128712871287
        ],
        [
            0.626984126984127,
            0.3652173913043478,
            115.0
        ],
        [
            0.626984126984127,
            0.375,
            112.0
        ],
        [
            0.626984126984127,
            0.3783783783783784,
            111.0
        ],
        [
            0.626984126984127,
            0.37168141592920356,
            113.0
        ]
    ]
}