{
    "rgb_colors": [
        [
            1.142857142857153,
            0.8571428571428612,
            13.42857142857143
        ],
        [
            70.99236641221374,
            75.06870229007633,
            98.93129770992367
        ],
        [
            60.964285714285715,
            63.964285714285715,
            86.14285714285714
        ],
        [
            164.75,
            164.25,
            176.0
        ],
        [
            80.51219512195122,
            84.8780487804878,
            107.70731707317073
        ],
        [
            122.0,
            121.0,
            136.75
        ],
        [
            20.25,
            20.0,
            34.5
        ],
        [
            74.501312335958,
            78.8267716535433,
            102.83989501312335
        ],
        [
            52.5,
            53.66666666666667,
            69.5
        ],
        [
            67.22666666666666,
            71.3,
            95.42
        ]
    ],
    "hex_colors": [
        "#01000d",
        "#464b62",
        "#3c3f56",
        "#a4a4b0",
        "#50546b",
        "#7a7988",
        "#141422",
        "#4a4e66",
        "#343545",
        "#43475f"
    ],
    "hsl_color_values": [
        [
            0.6704545454545455,
            0.9361702127659571,
            13.42857142857143
        ],
        [
            0.6423497267759563,
            0.28240740740740744,
            98.93129770992367
        ],
        [
            0.6468085106382979,
            0.2922885572139303,
            86.14285714285714
        ],
        [
            0.673758865248227,
            0.06676136363636363,
            176.0
        ],
        [
            0.6399103139013453,
            0.2524909420289855,
            107.70731707317073
        ],
        [
            0.6772486772486772,
            0.11517367458866545,
            136.75
        ],
        [
            0.6695402298850576,
            0.42028985507246375,
            34.5
        ],
        [
            0.6412275014664567,
            0.2755602062171405,
            102.83989501312335
        ],
        [
            0.6552287581699345,
            0.2446043165467626,
            69.5
        ],
        [
            0.6425868999763537,
            0.2954656605882765,
            95.42
        ]
    ]
}