{
    "rgb_colors": [
        [
            69.57142857142857,
            72.57142857142857,
            96.57142857142857
        ],
        [
            71.72222222222223,
            74.72222222222223,
            98.72222222222223
        ],
        [
            73.0,
            76.0,
            100.0
        ],
        [
            77.0,
            80.0,
            104.0
        ],
        [
            79.375,
            82.375,
            106.375
        ],
        [
            74.0,
            77.0,
            101.0
        ],
        [
            75.0,
            78.0,
            102.0
        ],
        [
            76.0,
            79.0,
            103.0
        ],
        [
            78.0,
            81.0,
            105.0
        ],
        [
            81.3,
            84.3,
            108.3
        ]
    ],
    "hex_colors": [
        "#454860",
        "#474a62",
        "#494c64",
        "#4d5068",
        "#4f526a",
        "#4a4d65",
        "#4b4e66",
        "#4c4f67",
        "#4e5169",
        "#51546c"
    ],
    "hsl_color_values": [
        [
            0.6481481481481483,
            0.27958579881656803,
            96.57142857142857
        ],
        [
            0.6481481481481483,
            0.27349465391108607,
            98.72222222222223
        ],
        [
            0.6481481481481483,
            0.27,
            100.0
        ],
        [
            0.6481481481481483,
            0.25961538461538464,
            104.0
        ],
        [
            0.6481481481481483,
            0.25381903642773207,
            106.375
        ],
        [
            0.6481481481481483,
            0.26732673267326734,
            101.0
        ],
        [
            0.6481481481481483,
            0.2647058823529412,
            102.0
        ],
        [
            0.6481481481481483,
            0.2621359223300971,
            103.0
        ],
        [
            0.6481481481481483,
            0.2571428571428571,
            105.0
        ],
        [
            0.6481481481481483,
            0.24930747922437674,
            108.3
        ]
    ]
}