{
    "rgb_colors": [
        [
            76.4090909090909,
            91.4090909090909,
            129.4090909090909
        ],
        [
            70.0,
            85.0,
            123.0
        ],
        [
            74.0,
            89.0,
            127.0
        ],
        [
            72.0,
            87.0,
            125.0
        ],
        [
            73.0,
            88.0,
            126.0
        ],
        [
            67.68468468468468,
            82.68468468468468,
            120.68468468468468
        ],
        [
            75.0,
            90.0,
            128.0
        ],
        [
            65.52380952380952,
            80.52380952380952,
            118.52380952380952
        ],
        [
            69.0,
            84.0,
            122.0
        ],
        [
            71.0,
            86.0,
            124.0
        ]
    ],
    "hex_colors": [
        "#4c5b81",
        "#46557b",
        "#4a597f",
        "#48577d",
        "#49587e",
        "#435278",
        "#4b5a80",
        "#415076",
        "#45547a",
        "#47567c"
    ],
    "hsl_color_values": [
        [
            0.619496855345912,
            0.40955391640323147,
            129.4090909090909
        ],
        [
            0.619496855345912,
            0.43089430894308944,
            123.0
        ],
        [
            0.619496855345912,
            0.41732283464566927,
            127.0
        ],
        [
            0.619496855345912,
            0.424,
            125.0
        ],
        [
            0.619496855345912,
            0.42063492063492064,
            126.0
        ],
        [
            0.619496855345912,
            0.4391609435652434,
            120.68468468468468
        ],
        [
            0.619496855345912,
            0.4140625,
            128.0
        ],
        [
            0.619496855345912,
            0.4471675371635195,
            118.52380952380952
        ],
        [
            0.619496855345912,
            0.4344262295081967,
            122.0
        ],
        [
            0.619496855345912,
            0.4274193548387097,
            124.0
        ]
    ]
}