{
    "rgb_colors": [
        [
            72.0,
            82.0,
            116.0
        ],
        [
            77.0,
            87.0,
            121.0
        ],
        [
            75.0,
            85.0,
            119.0
        ],
        [
            74.0,
            84.0,
            118.0
        ],
        [
            71.0,
            81.0,
            115.0
        ],
        [
            76.0,
            86.0,
            120.0
        ],
        [
            78.68831168831169,
            88.68831168831169,
            122.68831168831169
        ],
        [
            70.0,
            80.0,
            114.0
        ],
        [
            73.0,
            83.0,
            117.0
        ],
        [
            68.51219512195122,
            78.51219512195122,
            112.51219512195122
        ]
    ],
    "hex_colors": [
        "#485274",
        "#4d5779",
        "#4b5577",
        "#4a5476",
        "#475173",
        "#4c5678",
        "#4e587a",
        "#465072",
        "#495375",
        "#444e70"
    ],
    "hsl_color_values": [
        [
            0.6287878787878788,
            0.3793103448275862,
            116.0
        ],
        [
            0.6287878787878788,
            0.36363636363636365,
            121.0
        ],
        [
            0.6287878787878788,
            0.3697478991596639,
            119.0
        ],
        [
            0.6287878787878788,
            0.3728813559322034,
            118.0
        ],
        [
            0.6287878787878788,
            0.3826086956521739,
            115.0
        ],
        [
            0.6287878787878788,
            0.36666666666666664,
            120.0
        ],
        [
            0.6287878787878788,
            0.35863237006457077,
            122.68831168831169
        ],
        [
            0.6287878787878788,
            0.38596491228070173,
            114.0
        ],
        [
            0.6287878787878788,
            0.37606837606837606,
            117.0
        ],
        [
            0.6287878787878788,
            0.3910687188380663,
            112.51219512195122
        ]
    ]
}