{
    "rgb_colors": [
        [
            81.0,
            93.0,
            132.0
        ],
        [
            75.5,
            87.5,
            126.5
        ],
        [
            80.0,
            92.0,
            131.0
        ],
        [
            87.475,
            99.475,
            138.475
        ],
        [
            82.0,
            94.0,
            133.0
        ],
        [
            85.3103448275862,
            97.3103448275862,
            136.31034482758622
        ],
        [
            79.0,
            91.0,
            130.0
        ],
        [
            84.0,
            96.0,
            135.0
        ],
        [
            83.0,
            95.0,
            134.0
        ],
        [
            77.64383561643835,
            89.64383561643835,
            128.64383561643837
        ]
    ],
    "hex_colors": [
        "#515d84",
        "#4b577e",
        "#505c83",
        "#57638a",
        "#525e85",
        "#556188",
        "#4f5b82",
        "#546087",
        "#535f86",
        "#4d5980"
    ],
    "hsl_color_values": [
        [
            0.6274509803921569,
            0.38636363636363635,
            132.0
        ],
        [
            0.6274509803921569,
            0.4031620553359684,
            126.5
        ],
        [
            0.6274509803921569,
            0.3893129770992366,
            131.0
        ],
        [
            0.6274509803921569,
            0.3682975266293555,
            138.475
        ],
        [
            0.6274509803921569,
            0.38345864661654133,
            133.0
        ],
        [
            0.6274509803921569,
            0.3741462180622313,
            136.31034482758622
        ],
        [
            0.6274509803921569,
            0.3923076923076923,
            130.0
        ],
        [
            0.6274509803921569,
            0.37777777777777777,
            135.0
        ],
        [
            0.6274509803921569,
            0.3805970149253731,
            134.0
        ],
        [
            0.6274509803921569,
            0.396443403258439,
            128.64383561643837
        ]
    ]
}