{
    "rgb_colors": [
        [
            72.0,
            83.0,
            119.0
        ],
        [
            64.54901960784314,
            75.54901960784314,
            111.54901960784314
        ],
        [
            66.0,
            77.0,
            113.0
        ],
        [
            69.0,
            80.0,
            116.0
        ],
        [
            67.0,
            78.0,
            114.0
        ],
        [
            68.0,
            79.0,
            115.0
        ],
        [
            73.0,
            84.0,
            120.0
        ],
        [
            71.0,
            82.0,
            118.0
        ],
        [
            74.41791044776119,
            85.41791044776119,
            121.41791044776119
        ],
        [
            70.0,
            81.0,
            117.0
        ]
    ],
    "hex_colors": [
        "#485377",
        "#404b6f",
        "#424d71",
        "#455074",
        "#434e72",
        "#444f73",
        "#495478",
        "#475276",
        "#4a5579",
        "#465175"
    ],
    "hsl_color_values": [
        [
            0.6276595744680851,
            0.3949579831932773,
            119.0
        ],
        [
            0.6276595744680851,
            0.4213394269643171,
            111.54901960784314
        ],
        [
            0.6276595744680851,
            0.415929203539823,
            113.0
        ],
        [
            0.6276595744680851,
            0.4051724137931034,
            116.0
        ],
        [
            0.6276595744680851,
            0.41228070175438597,
            114.0
        ],
        [
            0.6276595744680851,
            0.40869565217391307,
            115.0
        ],
        [
            0.6276595744680851,
            0.39166666666666666,
            120.0
        ],
        [
            0.6276595744680851,
            0.3983050847457627,
            118.0
        ],
        [
            0.6276595744680851,
            0.3870928088506454,
            121.41791044776119
        ],
        [
            0.6276595744680851,
            0.4017094017094017,
            117.0
        ]
    ]
}