{
    "rgb_colors": [
        [
            71.32456140350877,
            79.32456140350877,
            111.32456140350877
        ],
        [
            68.0,
            76.0,
            108.0
        ],
        [
            62.2093023255814,
            70.20930232558139,
            102.20930232558139
        ],
        [
            69.0,
            77.0,
            109.0
        ],
        [
            64.69117647058823,
            72.69117647058823,
            104.69117647058823
        ],
        [
            66.0,
            74.0,
            106.0
        ],
        [
            74.4375,
            82.4375,
            114.4375
        ],
        [
            67.0,
            75.0,
            107.0
        ],
        [
            70.0,
            78.0,
            110.0
        ],
        [
            73.0,
            81.0,
            113.0
        ]
    ],
    "hex_colors": [
        "#474f6f",
        "#444c6c",
        "#3e4666",
        "#454d6d",
        "#404868",
        "#424a6a",
        "#4a5272",
        "#434b6b",
        "#464e6e",
        "#495171"
    ],
    "hsl_color_values": [
        [
            0.6333333333333333,
            0.35930974706484914,
            111.32456140350877
        ],
        [
            0.6333333333333333,
            0.37037037037037035,
            108.0
        ],
        [
            0.6333333333333333,
            0.39135381114903295,
            102.20930232558139
        ],
        [
            0.6333333333333333,
            0.3669724770642202,
            109.0
        ],
        [
            0.6333333333333333,
            0.38207613428852366,
            104.69117647058823
        ],
        [
            0.6333333333333333,
            0.37735849056603776,
            106.0
        ],
        [
            0.6333333333333333,
            0.3495357728017477,
            114.4375
        ],
        [
            0.6333333333333333,
            0.37383177570093457,
            107.0
        ],
        [
            0.6333333333333333,
            0.36363636363636365,
            110.0
        ],
        [
            0.6333333333333333,
            0.35398230088495575,
            113.0
        ]
    ]
}