{
    "rgb_colors": [
        [
            138.72602739726028,
            143.72602739726028,
            164.94520547945206
        ],
        [
            131.05673758865248,
            136.05673758865248,
            157.93617021276594
        ],
        [
            135.78899082568807,
            140.78899082568807,
            162.11926605504587
        ],
        [
            120.97368421052632,
            125.97368421052632,
            148.55263157894737
        ],
        [
            125.796992481203,
            130.796992481203,
            153.01503759398497
        ],
        [
            142.3548387096774,
            147.3548387096774,
            168.41935483870967
        ],
        [
            128.375,
            133.375,
            155.53333333333333
        ],
        [
            123.23809523809524,
            128.23809523809524,
            150.85714285714286
        ],
        [
            118.06666666666666,
            123.06666666666666,
            145.66666666666666
        ],
        [
            133.17796610169492,
            138.17796610169492,
            160.17796610169492
        ]
    ],
    "hex_colors": [
        "#8a8fa4",
        "#83889d",
        "#878ca2",
        "#787d94",
        "#7d8299",
        "#8e93a8",
        "#80859b",
        "#7b8096",
        "#767b91",
        "#858aa0"
    ],
    "hsl_color_values": [
        [
            0.6348833159177986,
            0.15895689726766876,
            164.94520547945206
        ],
        [
            0.6356640281442392,
            0.1701917463738829,
            157.93617021276594
        ],
        [
            0.6350174216027874,
            0.16241299303944315,
            162.11926605504587
        ],
        [
            0.6364503816793894,
            0.18565101860053146,
            148.55263157894737
        ],
        [
            0.6360497237569062,
            0.17787823694167368,
            153.01503759398497
        ],
        [
            0.6346947194719471,
            0.15475962459298984,
            168.41935483870967
        ],
        [
            0.6359824076915209,
            0.17461423060437203,
            155.53333333333333
        ],
        [
            0.6364942528735632,
            0.1830808080808081,
            150.85714285714286
        ],
        [
            0.6364734299516908,
            0.1894736842105263,
            145.66666666666666
        ],
        [
            0.6358024691358025,
            0.16856250992011004,
            160.17796610169492
        ]
    ]
}