{
    "rgb_colors": [
        [
            72.0,
            82.0,
            114.0
        ],
        [
            70.67605633802818,
            80.67605633802818,
            112.67605633802818
        ],
        [
            73.0,
            83.0,
            115.0
        ],
        [
            74.0,
            84.0,
            116.0
        ],
        [
            68.72727272727273,
            78.72727272727273,
            110.72727272727273
        ],
        [
            76.0,
            86.0,
            118.0
        ],
        [
            75.0,
            85.0,
            117.0
        ],
        [
            77.0,
            87.0,
            119.0
        ],
        [
            80.4,
            90.4,
            122.4
        ],
        [
            78.29807692307692,
            88.29807692307692,
            120.29807692307692
        ]
    ],
    "hex_colors": [
        "#485272",
        "#465070",
        "#495373",
        "#4a5474",
        "#444e6e",
        "#4c5676",
        "#4b5575",
        "#4d5777",
        "#505a7a",
        "#4e5878"
    ],
    "hsl_color_values": [
        [
            0.626984126984127,
            0.3684210526315789,
            114.0
        ],
        [
            0.626984126984127,
            0.37274999999999997,
            112.67605633802818
        ],
        [
            0.626984126984127,
            0.3652173913043478,
            115.0
        ],
        [
            0.626984126984127,
            0.3620689655172414,
            116.0
        ],
        [
            0.626984126984127,
            0.3793103448275862,
            110.72727272727273
        ],
        [
            0.626984126984127,
            0.3559322033898305,
            118.0
        ],
        [
            0.626984126984127,
            0.358974358974359,
            117.0
        ],
        [
            0.626984126984127,
            0.35294117647058826,
            119.0
        ],
        [
            0.626984126984127,
            0.3431372549019608,
            122.4
        ],
        [
            0.626984126984127,
            0.3491327631684118,
            120.29807692307692
        ]
    ]
}