{
    "rgb_colors": [
        [
            94.49145299145299,
            102.49145299145299,
            130.491452991453
        ],
        [
            93.0,
            101.0,
            129.0
        ],
        [
            98.35384615384615,
            106.35384615384615,
            134.35384615384615
        ],
        [
            92.0,
            100.0,
            128.0
        ],
        [
            88.48314606741573,
            96.48314606741573,
            124.48314606741573
        ],
        [
            91.0,
            99.0,
            127.0
        ],
        [
            96.0,
            104.0,
            132.0
        ],
        [
            90.0,
            98.0,
            126.0
        ],
        [
            100.75,
            108.75,
            136.75
        ],
        [
            97.0,
            105.0,
            133.0
        ]
    ],
    "hex_colors": [
        "#5e6682",
        "#5d6581",
        "#626a86",
        "#5c6480",
        "#58607c",
        "#5b637f",
        "#606884",
        "#5a627e",
        "#646c88",
        "#616985"
    ],
    "hsl_color_values": [
        [
            0.6296296296296297,
            0.2758801375470772,
            130.491452991453
        ],
        [
            0.6296296296296297,
            0.27906976744186046,
            129.0
        ],
        [
            0.6296296296296297,
            0.2679491583648231,
            134.35384615384615
        ],
        [
            0.6296296296296297,
            0.28125,
            128.0
        ],
        [
            0.6296296296296297,
            0.289195775792039,
            124.48314606741573
        ],
        [
            0.6296296296296297,
            0.28346456692913385,
            127.0
        ],
        [
            0.6296296296296297,
            0.2727272727272727,
            132.0
        ],
        [
            0.6296296296296297,
            0.2857142857142857,
            126.0
        ],
        [
            0.6296296296296297,
            0.263254113345521,
            136.75
        ],
        [
            0.6296296296296297,
            0.2706766917293233,
            133.0
        ]
    ]
}