{
    "rgb_colors": [
        [
            88.0,
            96.0,
            124.0
        ],
        [
            93.86585365853658,
            101.86585365853658,
            129.8658536585366
        ],
        [
            82.5421686746988,
            90.5421686746988,
            118.5421686746988
        ],
        [
            79.84482758620689,
            87.84482758620689,
            115.84482758620689
        ],
        [
            96.95,
            104.95,
            132.95
        ],
        [
            91.39669421487604,
            99.39669421487604,
            127.39669421487604
        ],
        [
            89.4804469273743,
            97.4804469273743,
            125.4804469273743
        ],
        [
            84.0,
            92.0,
            120.0
        ],
        [
            85.0,
            93.0,
            121.0
        ],
        [
            86.56218905472637,
            94.56218905472637,
            122.56218905472637
        ]
    ],
    "hex_colors": [
        "#58607c",
        "#5d6581",
        "#525a76",
        "#4f5773",
        "#606884",
        "#5b637f",
        "#59617d",
        "#545c78",
        "#555d79",
        "#565e7a"
    ],
    "hsl_color_values": [
        [
            0.6296296296296297,
            0.2903225806451613,
            124.0
        ],
        [
            0.6296296296296297,
            0.2772091276176168,
            129.8658536585366
        ],
        [
            0.6296296296296297,
            0.3036893993292001,
            118.5421686746988
        ],
        [
            0.6296296296296297,
            0.31076052984075014,
            115.84482758620689
        ],
        [
            0.6296296296296297,
            0.2707784881534411,
            132.95
        ],
        [
            0.6296296296296297,
            0.28258190074602657,
            127.39669421487604
        ],
        [
            0.6296296296296297,
            0.2868972886336316,
            125.4804469273743
        ],
        [
            0.6296296296296297,
            0.3,
            120.0
        ],
        [
            0.6296296296296297,
            0.2975206611570248,
            121.0
        ],
        [
            0.6296296296296297,
            0.29372843515323727,
            122.56218905472637
        ]
    ]
}