{
    "rgb_colors": [
        [
            77.94366197183099,
            86.94366197183099,
            125.05633802816901
        ],
        [
            70.29761904761905,
            79.29761904761905,
            117.29761904761905
        ],
        [
            75.94354838709677,
            84.99193548387096,
            123.03225806451613
        ],
        [
            79.0,
            88.0,
            126.0
        ],
        [
            74.97109826589596,
            83.99421965317919,
            122.01734104046243
        ],
        [
            72.0,
            81.0,
            119.0
        ],
        [
            76.97272727272727,
            85.99090909090908,
            124.01818181818182
        ],
        [
            72.97037037037038,
            82.0,
            120.01481481481481
        ],
        [
            80.75862068965517,
            89.75862068965517,
            127.75862068965517
        ],
        [
            73.99371069182389,
            82.99371069182389,
            121.00628930817611
        ]
    ],
    "hex_colors": [
        "#4d567d",
        "#464f75",
        "#4b547b",
        "#4f587e",
        "#4a537a",
        "#485177",
        "#4c557c",
        "#485278",
        "#50597f",
        "#495279"
    ],
    "hsl_color_values": [
        [
            0.6348281016442452,
            0.3767316139204865,
            125.05633802816901
        ],
        [
            0.6347517730496454,
            0.4006901451334619,
            117.29761904761905
        ],
        [
            0.634640634811897,
            0.38273466177241744,
            123.03225806451613
        ],
        [
            0.6347517730496454,
            0.373015873015873,
            126.0
        ],
        [
            0.6347012327476759,
            0.38557013596096446,
            122.01734104046243
        ],
        [
            0.6347517730496454,
            0.3949579831932773,
            119.0
        ],
        [
            0.6347181964573269,
            0.3793432048086791,
            124.01818181818182
        ],
        [
            0.6346769537605627,
            0.3919886433773608,
            120.01481481481481
        ],
        [
            0.6347517730496454,
            0.3678812415654521,
            127.75862068965517
        ],
        [
            0.6347603121516165,
            0.3885135135135136,
            121.00628930817611
        ]
    ]
}