{
    "rgb_colors": [
        [
            64.0,
            71.0,
            98.0
        ],
        [
            59.212765957446805,
            66.2127659574468,
            93.2127659574468
        ],
        [
            70.4375,
            77.4375,
            104.4375
        ],
        [
            67.0,
            74.0,
            101.0
        ],
        [
            61.0,
            68.0,
            95.0
        ],
        [
            68.0,
            75.0,
            102.0
        ],
        [
            62.47530864197531,
            69.4753086419753,
            96.4753086419753
        ],
        [
            69.0,
            76.0,
            103.0
        ],
        [
            66.0,
            73.0,
            100.0
        ],
        [
            65.0,
            72.0,
            99.0
        ]
    ],
    "hex_colors": [
        "#404762",
        "#3b425d",
        "#464d68",
        "#434a65",
        "#3d445f",
        "#444b66",
        "#3e4560",
        "#454c67",
        "#424964",
        "#414863"
    ],
    "hsl_color_values": [
        [
            0.6323529411764706,
            0.3469387755102041,
            98.0
        ],
        [
            0.6323529411764706,
            0.364756904816252,
            93.2127659574468
        ],
        [
            0.6323529411764706,
            0.3255535607420706,
            104.4375
        ],
        [
            0.6323529411764706,
            0.33663366336633666,
            101.0
        ],
        [
            0.6323529411764706,
            0.35789473684210527,
            95.0
        ],
        [
            0.6323529411764706,
            0.3333333333333333,
            102.0
        ],
        [
            0.6323529411764706,
            0.35242178002431374,
            96.4753086419753
        ],
        [
            0.6323529411764706,
            0.3300970873786408,
            103.0
        ],
        [
            0.6323529411764706,
            0.34,
            100.0
        ],
        [
            0.6323529411764706,
            0.3434343434343434,
            99.0
        ]
    ]
}