{
    "rgb_colors": [
        [
            69.0,
            79.0,
            111.0
        ],
        [
            73.0,
            83.0,
            115.0
        ],
        [
            71.51162790697674,
            81.51162790697674,
            113.51162790697674
        ],
        [
            63.7,
            73.7,
            105.7
        ],
        [
            75.46892655367232,
            85.46892655367232,
            117.46892655367232
        ],
        [
            67.37209302325581,
            77.37209302325581,
            109.37209302325581
        ],
        [
            70.0,
            80.0,
            112.0
        ],
        [
            81.0625,
            91.0625,
            123.0625
        ],
        [
            77.79428571428572,
            87.79428571428572,
            119.79428571428572
        ],
        [
            74.0,
            84.0,
            116.0
        ]
    ],
    "hex_colors": [
        "#454f6f",
        "#495373",
        "#475171",
        "#3f4969",
        "#4b5575",
        "#434d6d",
        "#465070",
        "#515b7b",
        "#4d5777",
        "#4a5474"
    ],
    "hsl_color_values": [
        [
            0.626984126984127,
            0.3783783783783784,
            111.0
        ],
        [
            0.626984126984127,
            0.3652173913043478,
            115.0
        ],
        [
            0.626984126984127,
            0.3700061462814997,
            113.51162790697674
        ],
        [
            0.626984126984127,
            0.3973509933774834,
            105.7
        ],
        [
            0.626984126984127,
            0.35754136206233167,
            117.46892655367232
        ],
        [
            0.626984126984127,
            0.3840102062513289,
            109.37209302325581
        ],
        [
            0.626984126984127,
            0.375,
            112.0
        ],
        [
            0.626984126984127,
            0.3412899949212798,
            123.0625
        ],
        [
            0.626984126984127,
            0.3506010303377218,
            119.79428571428572
        ],
        [
            0.626984126984127,
            0.3620689655172414,
            116.0
        ]
    ]
}