{
    "rgb_colors": [
        [
            74.0,
            86.0,
            125.0
        ],
        [
            73.0,
            85.0,
            124.0
        ],
        [
            72.0,
            84.0,
            123.0
        ],
        [
            71.0,
            83.0,
            122.0
        ],
        [
            69.0,
            81.0,
            120.0
        ],
        [
            68.0,
            80.0,
            119.0
        ],
        [
            66.91666666666667,
            78.91666666666667,
            117.91666666666667
        ],
        [
            70.0,
            82.0,
            121.0
        ],
        [
            76.83333333333333,
            88.83333333333333,
            127.83333333333333
        ],
        [
            75.0,
            87.0,
            126.0
        ]
    ],
    "hex_colors": [
        "#4a567d",
        "#49557c",
        "#48547b",
        "#47537a",
        "#455178",
        "#445077",
        "#424e75",
        "#465279",
        "#4c587f",
        "#4b577e"
    ],
    "hsl_color_values": [
        [
            0.6274509803921569,
            0.408,
            125.0
        ],
        [
            0.6274509803921569,
            0.4112903225806452,
            124.0
        ],
        [
            0.6274509803921569,
            0.4146341463414634,
            123.0
        ],
        [
            0.6274509803921569,
            0.4180327868852459,
            122.0
        ],
        [
            0.6274509803921569,
            0.425,
            120.0
        ],
        [
            0.6274509803921569,
            0.42857142857142855,
            119.0
        ],
        [
            0.6274509803921569,
            0.43250883392226147,
            117.91666666666667
        ],
        [
            0.6274509803921569,
            0.4214876033057851,
            121.0
        ],
        [
            0.6274509803921569,
            0.3989569752281617,
            127.83333333333333
        ],
        [
            0.6274509803921569,
            0.40476190476190477,
            126.0
        ]
    ]
}