{
    "rgb_colors": [
        [
            69.0,
            84.0,
            122.0
        ],
        [
            67.0,
            82.0,
            120.0
        ],
        [
            63.30555555555556,
            78.30555555555556,
            116.30555555555556
        ],
        [
            70.0,
            85.0,
            123.0
        ],
        [
            73.63513513513513,
            88.63513513513513,
            126.63513513513513
        ],
        [
            68.0,
            83.0,
            121.0
        ],
        [
            71.0,
            86.0,
            124.0
        ],
        [
            65.63076923076923,
            80.63076923076923,
            118.63076923076923
        ],
        [
            72.0,
            87.0,
            125.0
        ],
        [
            76.75,
            91.75,
            129.75
        ]
    ],
    "hex_colors": [
        "#45547a",
        "#435278",
        "#3f4e74",
        "#46557b",
        "#49587e",
        "#445379",
        "#47567c",
        "#415076",
        "#48577d",
        "#4c5b81"
    ],
    "hsl_color_values": [
        [
            0.619496855345912,
            0.4344262295081967,
            122.0
        ],
        [
            0.619496855345912,
            0.44166666666666665,
            120.0
        ],
        [
            0.619496855345912,
            0.45569620253164556,
            116.30555555555556
        ],
        [
            0.619496855345912,
            0.43089430894308944,
            123.0
        ],
        [
            0.619496855345912,
            0.4185252374346388,
            126.63513513513513
        ],
        [
            0.619496855345912,
            0.4380165289256198,
            121.0
        ],
        [
            0.619496855345912,
            0.4274193548387097,
            124.0
        ],
        [
            0.619496855345912,
            0.4467643625988847,
            118.63076923076923
        ],
        [
            0.619496855345912,
            0.424,
            125.0
        ],
        [
            0.619496855345912,
            0.40847784200385356,
            129.75
        ]
    ]
}