{
    "rgb_colors": [
        [
            79.89473684210526,
            88.89473684210526,
            114.89473684210526
        ],
        [
            70.52830188679245,
            79.52830188679245,
            105.52830188679245
        ],
        [
            77.45283018867924,
            86.45283018867924,
            112.45283018867924
        ],
        [
            59.34615384615385,
            68.34615384615384,
            94.34615384615384
        ],
        [
            74.83132530120481,
            83.83132530120481,
            109.83132530120481
        ],
        [
            67.51612903225806,
            76.51612903225806,
            102.51612903225806
        ],
        [
            69.0,
            78.0,
            104.0
        ],
        [
            65.58762886597938,
            74.58762886597938,
            100.58762886597938
        ],
        [
            63.13,
            72.13,
            98.13
        ],
        [
            72.49685534591195,
            81.49685534591195,
            107.49685534591195
        ]
    ],
    "hex_colors": [
        "#4f5872",
        "#464f69",
        "#4d5670",
        "#3b445e",
        "#4a536d",
        "#434c66",
        "#454e68",
        "#414a64",
        "#3f4862",
        "#48516b"
    ],
    "hsl_color_values": [
        [
            0.6238095238095238,
            0.30462666055886395,
            114.89473684210526
        ],
        [
            0.6238095238095238,
            0.3316645807259074,
            105.52830188679245
        ],
        [
            0.6238095238095238,
            0.311241610738255,
            112.45283018867924
        ],
        [
            0.6238095238095238,
            0.37097431716265794,
            94.34615384615384
        ],
        [
            0.6238095238095238,
            0.3186704695041685,
            109.83132530120481
        ],
        [
            0.6238095238095238,
            0.34140969162995594,
            102.51612903225806
        ],
        [
            0.6238095238095238,
            0.33653846153846156,
            104.0
        ],
        [
            0.6238095238095238,
            0.34795531413344266,
            100.58762886597938
        ],
        [
            0.6238095238095238,
            0.35666972383572804,
            98.13
        ],
        [
            0.6238095238095238,
            0.32559091972852794,
            107.49685534591195
        ]
    ]
}