{
    "rgb_colors": [
        [
            69.61904761904762,
            73.61904761904762,
            102.47619047619048
        ],
        [
            80.36111111111111,
            84.36111111111111,
            113.08333333333333
        ],
        [
            82.94366197183099,
            86.94366197183099,
            115.3943661971831
        ],
        [
            72.31914893617021,
            76.31914893617021,
            105.19148936170212
        ],
        [
            77.0,
            81.0,
            109.79432624113475
        ],
        [
            76.0,
            80.0,
            108.82307692307693
        ],
        [
            74.0,
            78.0,
            106.8433734939759
        ],
        [
            78.0,
            82.0,
            110.80851063829788
        ],
        [
            79.0,
            83.0,
            111.79611650485437
        ],
        [
            75.0,
            79.0,
            107.82291666666667
        ]
    ],
    "hex_colors": [
        "#454966",
        "#505471",
        "#525673",
        "#484c69",
        "#4d516d",
        "#4c506c",
        "#4a4e6a",
        "#4e526e",
        "#4f536f",
        "#4b4f6b"
    ],
    "hsl_color_values": [
        [
            0.6463768115942029,
            0.32063197026022305,
            102.47619047619048
        ],
        [
            0.6462931522354273,
            0.2893637926799312,
            113.08333333333333
        ],
        [
            0.6461226851851851,
            0.2812156719150494,
            115.3943661971831
        ],
        [
            0.64638619201726,
            0.3125,
            105.19148936170212
        ],
        [
            0.6463379469434832,
            0.29868871519927653,
            109.79432624113475
        ],
        [
            0.6463557534567612,
            0.3016187177493462,
            108.82307692307693
        ],
        [
            0.6463683052090975,
            0.30739738385205234,
            106.8433734939759
        ],
        [
            0.6463467358408993,
            0.2960829493087558,
            110.80851063829788
        ],
        [
            0.6463390566410104,
            0.2933564915327833,
            111.79611650485437
        ],
        [
            0.6463556542896435,
            0.30441503236402284,
            107.82291666666667
        ]
    ]
}