{
    "rgb_colors": [
        [
            87.21428571428571,
            98.21428571428571,
            135.71428571428572
        ],
        [
            83.79885057471265,
            94.79885057471265,
            132.20114942528735
        ],
        [
            81.0,
            92.0,
            129.0
        ],
        [
            83.0,
            94.0,
            131.0
        ],
        [
            80.56164383561644,
            91.56164383561644,
            130.56164383561645
        ],
        [
            82.0,
            93.0,
            130.0
        ],
        [
            85.025,
            96.025,
            133.55
        ],
        [
            79.53097345132744,
            90.53097345132744,
            127.97345132743362
        ],
        [
            77.35,
            88.35,
            126.75
        ],
        [
            82.0,
            93.0,
            132.0
        ]
    ],
    "hex_colors": [
        "#576287",
        "#535e84",
        "#515c81",
        "#535e83",
        "#505b82",
        "#525d82",
        "#556085",
        "#4f5a7f",
        "#4d587e",
        "#525d84"
    ],
    "hsl_color_values": [
        [
            0.6288659793814433,
            0.35736842105263167,
            135.71428571428572
        ],
        [
            0.6287896778279111,
            0.36612615745772287,
            132.20114942528735
        ],
        [
            0.6284722222222222,
            0.37209302325581395,
            129.0
        ],
        [
            0.6284722222222222,
            0.366412213740458,
            131.0
        ],
        [
            0.63,
            0.3829608645472669,
            130.56164383561645
        ],
        [
            0.6284722222222222,
            0.36923076923076925,
            130.0
        ],
        [
            0.6288854542332132,
            0.36334706102583303,
            133.55
        ],
        [
            0.6288210936548532,
            0.3785353709978562,
            127.97345132743362
        ],
        [
            0.6295546558704453,
            0.3897435897435898,
            126.75
        ],
        [
            0.63,
            0.3787878787878788,
            132.0
        ]
    ]
}