{
    "rgb_colors": [
        [
            101.04,
            109.96,
            135.96
        ],
        [
            97.25233644859813,
            106.1214953271028,
            132.3271028037383
        ],
        [
            94.64,
            103.44,
            129.76
        ],
        [
            104.01162790697674,
            112.97674418604652,
            138.90697674418604
        ],
        [
            102.49302325581395,
            111.43255813953489,
            137.48837209302326
        ],
        [
            106.11267605633803,
            115.11267605633803,
            140.88732394366198
        ],
        [
            111.1875,
            120.1875,
            145.89583333333334
        ],
        [
            105.04651162790698,
            114.03488372093024,
            139.96511627906978
        ],
        [
            108.01360544217687,
            117.01360544217687,
            142.79591836734693
        ],
        [
            99.53956834532374,
            108.39568345323741,
            134.62589928057554
        ]
    ],
    "hex_colors": [
        "#656d87",
        "#616a84",
        "#5e6781",
        "#68708a",
        "#666f89",
        "#6a738c",
        "#6f7891",
        "#69728b",
        "#6c758e",
        "#636c86"
    ],
    "hsl_color_values": [
        [
            0.6240931653302787,
            0.25684024713150927,
            135.96
        ],
        [
            0.6245226041389111,
            0.26506109188502014,
            132.3271028037383
        ],
        [
            0.6249050873196659,
            0.2706535141800246,
            129.76
        ],
        [
            0.6238476063534377,
            0.2512137954126904,
            138.90697674418604
        ],
        [
            0.6240917951444267,
            0.254533152909337,
            137.48837209302326
        ],
        [
            0.6235317942486837,
            0.24682595221433573,
            140.88732394366198
        ],
        [
            0.6234493797519008,
            0.23789804369555909,
            145.89583333333334
        ],
        [
            0.6237651237651237,
            0.2494807676331312,
            139.96511627906978
        ],
        [
            0.6235412999543647,
            0.24358058215425654,
            142.79591836734693
        ],
        [
            0.6245984553345636,
            0.2606209586918185,
            134.62589928057554
        ]
    ]
}