{
    "rgb_colors": [
        [
            97.15384615384616,
            110.15384615384616,
            146.15384615384616
        ],
        [
            108.29577464788733,
            121.29577464788733,
            157.29577464788733
        ],
        [
            101.615,
            114.615,
            150.615
        ],
        [
            106.0,
            119.0,
            155.0
        ],
        [
            107.0,
            120.0,
            156.0
        ],
        [
            104.0,
            117.0,
            153.0
        ],
        [
            103.0,
            116.0,
            152.0
        ],
        [
            105.0,
            118.0,
            154.0
        ],
        [
            110.5,
            123.5,
            159.5
        ],
        [
            99.55319148936171,
            112.55319148936171,
            148.5531914893617
        ]
    ],
    "hex_colors": [
        "#616e92",
        "#6c799d",
        "#657296",
        "#6a779b",
        "#6b789c",
        "#687599",
        "#677498",
        "#69769a",
        "#6e7b9f",
        "#637094"
    ],
    "hsl_color_values": [
        [
            0.6224489795918368,
            0.3352631578947368,
            146.15384615384616
        ],
        [
            0.6224489795918368,
            0.3115150429799427,
            157.29577464788733
        ],
        [
            0.6224489795918368,
            0.325332802177738,
            150.615
        ],
        [
            0.6224489795918368,
            0.3161290322580645,
            155.0
        ],
        [
            0.6224489795918368,
            0.3141025641025641,
            156.0
        ],
        [
            0.6224489795918368,
            0.3202614379084967,
            153.0
        ],
        [
            0.6224489795918368,
            0.3223684210526316,
            152.0
        ],
        [
            0.6224489795918368,
            0.3181818181818182,
            154.0
        ],
        [
            0.6224489795918368,
            0.3072100313479624,
            159.5
        ],
        [
            0.6224489795918368,
            0.32984818103695207,
            148.5531914893617
        ]
    ]
}