{
    "rgb_colors": [
        [
            84.0,
            96.0,
            135.0
        ],
        [
            82.0,
            94.0,
            133.0
        ],
        [
            83.0,
            95.0,
            134.0
        ],
        [
            78.0,
            90.0,
            129.0
        ],
        [
            81.0,
            93.0,
            132.0
        ],
        [
            79.0,
            91.0,
            130.0
        ],
        [
            80.0,
            92.0,
            131.0
        ],
        [
            77.0,
            89.0,
            128.0
        ],
        [
            75.6969696969697,
            87.6969696969697,
            126.6969696969697
        ],
        [
            85.34285714285714,
            97.34285714285714,
            136.34285714285716
        ]
    ],
    "hex_colors": [
        "#546087",
        "#525e85",
        "#535f86",
        "#4e5a81",
        "#515d84",
        "#4f5b82",
        "#505c83",
        "#4d5980",
        "#4b577e",
        "#556188"
    ],
    "hsl_color_values": [
        [
            0.6274509803921569,
            0.37777777777777777,
            135.0
        ],
        [
            0.6274509803921569,
            0.38345864661654133,
            133.0
        ],
        [
            0.6274509803921569,
            0.3805970149253731,
            134.0
        ],
        [
            0.6274509803921569,
            0.3953488372093023,
            129.0
        ],
        [
            0.6274509803921569,
            0.38636363636363635,
            132.0
        ],
        [
            0.6274509803921569,
            0.3923076923076923,
            130.0
        ],
        [
            0.6274509803921569,
            0.3893129770992366,
            131.0
        ],
        [
            0.6274509803921569,
            0.3984375,
            128.0
        ],
        [
            0.6274509803921569,
            0.4025352786414733,
            126.6969696969697
        ],
        [
            0.6274509803921569,
            0.3740569991617771,
            136.34285714285716
        ]
    ]
}