{
    "rgb_colors": [
        [
            118.87155963302752,
            125.53211009174312,
            149.78899082568807
        ],
        [
            109.46363636363637,
            116.33636363636364,
            141.13636363636363
        ],
        [
            125.3953488372093,
            130.93798449612405,
            154.41860465116278
        ],
        [
            115.34285714285714,
            120.98571428571428,
            143.77142857142857
        ],
        [
            133.35,
            138.35,
            161.35
        ],
        [
            122.57692307692308,
            128.66153846153847,
            152.1
        ],
        [
            120.96428571428571,
            126.76785714285714,
            150.42857142857142
        ],
        [
            113.6376811594203,
            120.6376811594203,
            145.63768115942028
        ],
        [
            117.17857142857143,
            123.59285714285714,
            147.77857142857144
        ],
        [
            128.63636363636363,
            133.77272727272728,
            156.84848484848484
        ]
    ],
    "hex_colors": [
        "#767d95",
        "#6d748d",
        "#7d829a",
        "#73788f",
        "#858aa1",
        "#7a8098",
        "#787e96",
        "#717891",
        "#757b93",
        "#80859c"
    ],
    "hsl_color_values": [
        [
            0.6307616221562808,
            0.20640656581123298,
            149.78899082568807
        ],
        [
            0.6305013394565634,
            0.2244122383252817,
            141.13636363636363
        ],
        [
            0.6348379629629628,
            0.18795180722891563,
            154.41860465116278
        ],
        [
            0.6335845896147404,
            0.19773449920508746,
            143.77142857142857
        ],
        [
            0.6369047619047619,
            0.1735357917570499,
            161.35
        ],
        [
            0.6323171790863297,
            0.19410306984271475,
            152.1
        ],
        [
            0.6338383838383838,
            0.19586894586894585,
            150.42857142857142
        ],
        [
            0.6302083333333334,
            0.21972335555776687,
            145.63768115942028
        ],
        [
            0.6317304699657641,
            0.2070665571076418,
            147.77857142857144
        ],
        [
            0.6363229502327247,
            0.17986862442040188,
            156.84848484848484
        ]
    ]
}