{
    "rgb_colors": [
        [
            98.42857142857143,
            105.28571428571428,
            132.14285714285714
        ],
        [
            86.15447154471545,
            93.07317073170732,
            119.99186991869918
        ],
        [
            90.5732484076433,
            97.44585987261146,
            124.31847133757962
        ],
        [
            80.02702702702703,
            86.97297297297297,
            113.91891891891892
        ],
        [
            89.1010101010101,
            96.0,
            122.8989898989899
        ],
        [
            103.0,
            109.75,
            136.5
        ],
        [
            92.72727272727273,
            99.52727272727273,
            126.32727272727273
        ],
        [
            83.34313725490196,
            90.22549019607843,
            117.1078431372549
        ],
        [
            88.09615384615384,
            95.0,
            121.90384615384616
        ],
        [
            95.13513513513513,
            101.93693693693693,
            128.73873873873873
        ]
    ],
    "hex_colors": [
        "#626984",
        "#565d77",
        "#5a617c",
        "#505671",
        "#59607a",
        "#676d88",
        "#5c637e",
        "#535a75",
        "#585f79",
        "#5f6580"
    ],
    "hsl_color_values": [
        [
            0.632768361581921,
            0.2551351351351351,
            132.14285714285714
        ],
        [
            0.6325884991190133,
            0.28199742529981703,
            119.99186991869918
        ],
        [
            0.6327230401409336,
            0.2714417460805411,
            124.31847133757962
        ],
        [
            0.6325093035619352,
            0.297508896797153,
            113.91891891891892
        ],
        [
            0.6326459454074517,
            0.275006164214679,
            122.8989898989899
        ],
        [
            0.6330845771144279,
            0.2454212454212454,
            136.5
        ],
        [
            0.6329365079365079,
            0.2659758203799654,
            126.32727272727273
        ],
        [
            0.6326945412311266,
            0.28832147341984093,
            117.1078431372549
        ],
        [
            0.6326317785362154,
            0.27733080927591114,
            121.90384615384616
        ],
        [
            0.6329311885612153,
            0.2610216934919524,
            128.73873873873873
        ]
    ]
}