{
    "rgb_colors": [
        [
            68.0,
            78.0,
            110.0
        ],
        [
            63.24418604651163,
            73.24418604651163,
            105.24418604651163
        ],
        [
            60.15094339622642,
            70.15094339622641,
            102.15094339622641
        ],
        [
            74.73913043478261,
            84.73913043478261,
            116.73913043478261
        ],
        [
            65.0,
            75.0,
            107.0
        ],
        [
            69.0,
            79.0,
            111.0
        ],
        [
            67.0,
            77.0,
            109.0
        ],
        [
            66.0,
            76.0,
            108.0
        ],
        [
            70.0,
            80.0,
            112.0
        ],
        [
            71.828125,
            81.828125,
            113.828125
        ]
    ],
    "hex_colors": [
        "#444e6e",
        "#3f4969",
        "#3c4666",
        "#4a5474",
        "#414b6b",
        "#454f6f",
        "#434d6d",
        "#424c6c",
        "#465070",
        "#475171"
    ],
    "hsl_color_values": [
        [
            0.626984126984127,
            0.38181818181818183,
            110.0
        ],
        [
            0.626984126984127,
            0.3990719257540603,
            105.24418604651163
        ],
        [
            0.626984126984127,
            0.41115626154414475,
            102.15094339622641
        ],
        [
            0.626984126984127,
            0.35977653631284917,
            116.73913043478261
        ],
        [
            0.626984126984127,
            0.3925233644859813,
            107.0
        ],
        [
            0.626984126984127,
            0.3783783783783784,
            111.0
        ],
        [
            0.626984126984127,
            0.3853211009174312,
            109.0
        ],
        [
            0.626984126984127,
            0.3888888888888889,
            108.0
        ],
        [
            0.626984126984127,
            0.375,
            112.0
        ],
        [
            0.626984126984127,
            0.3689773507206589,
            113.828125
        ]
    ]
}