{
    "rgb_colors": [
        [
            82.125,
            91.125,
            117.125
        ],
        [
            92.0,
            101.0,
            127.0
        ],
        [
            89.57988165680473,
            98.57988165680473,
            124.57988165680473
        ],
        [
            93.0,
            102.0,
            128.0
        ],
        [
            91.0,
            100.0,
            126.0
        ],
        [
            87.11764705882354,
            96.11764705882354,
            122.11764705882354
        ],
        [
            97.8082191780822,
            106.8082191780822,
            132.8082191780822
        ],
        [
            84.56976744186046,
            93.56976744186046,
            119.56976744186046
        ],
        [
            94.79878048780488,
            103.79878048780488,
            129.7987804878049
        ],
        [
            100.92857142857143,
            109.92857142857143,
            135.92857142857142
        ]
    ],
    "hex_colors": [
        "#525b75",
        "#5c657f",
        "#59627c",
        "#5d6680",
        "#5b647e",
        "#57607a",
        "#616a84",
        "#545d77",
        "#5e6781",
        "#646d87"
    ],
    "hsl_color_values": [
        [
            0.6238095238095238,
            0.29882604055496265,
            117.125
        ],
        [
            0.6238095238095238,
            0.2755905511811024,
            127.0
        ],
        [
            0.6238095238095238,
            0.2809442386244894,
            124.57988165680473
        ],
        [
            0.6238095238095238,
            0.2734375,
            128.0
        ],
        [
            0.6238095238095238,
            0.2777777777777778,
            126.0
        ],
        [
            0.6238095238095238,
            0.2866088631984586,
            122.11764705882354
        ],
        [
            0.6238095238095238,
            0.2635379061371841,
            132.8082191780822
        ],
        [
            0.6238095238095238,
            0.292716133424098,
            119.56976744186046
        ],
        [
            0.6238095238095238,
            0.26964814205853344,
            129.7987804878049
        ],
        [
            0.6238095238095238,
            0.257488176563321,
            135.92857142857142
        ]
    ]
}