{
    "rgb_colors": [
        [
            65.4390243902439,
            76.4390243902439,
            112.4390243902439
        ],
        [
            77.0,
            88.0,
            124.0
        ],
        [
            71.0,
            82.0,
            118.0
        ],
        [
            68.0,
            79.0,
            115.0
        ],
        [
            73.0,
            84.0,
            120.0
        ],
        [
            72.0,
            83.0,
            119.0
        ],
        [
            74.32,
            85.32,
            121.32
        ],
        [
            67.0,
            78.0,
            114.0
        ],
        [
            70.0,
            81.0,
            117.0
        ],
        [
            69.0,
            80.0,
            116.0
        ]
    ],
    "hex_colors": [
        "#414c70",
        "#4d587c",
        "#475276",
        "#444f73",
        "#495478",
        "#485377",
        "#4a5579",
        "#434e72",
        "#465175",
        "#455074"
    ],
    "hsl_color_values": [
        [
            0.6276595744680851,
            0.41800433839479395,
            112.4390243902439
        ],
        [
            0.6276595744680851,
            0.3790322580645161,
            124.0
        ],
        [
            0.6276595744680851,
            0.3983050847457627,
            118.0
        ],
        [
            0.6276595744680851,
            0.40869565217391307,
            115.0
        ],
        [
            0.6276595744680851,
            0.39166666666666666,
            120.0
        ],
        [
            0.6276595744680851,
            0.3949579831932773,
            119.0
        ],
        [
            0.6276595744680851,
            0.38740520936366635,
            121.32
        ],
        [
            0.6276595744680851,
            0.41228070175438597,
            114.0
        ],
        [
            0.6276595744680851,
            0.4017094017094017,
            117.0
        ],
        [
            0.6276595744680851,
            0.4051724137931034,
            116.0
        ]
    ]
}