{
    "rgb_colors": [
        [
            130.05333333333334,
            135.30666666666667,
            155.8
        ],
        [
            120.66037735849056,
            125.69811320754717,
            146.62264150943398
        ],
        [
            150.45454545454544,
            156.45454545454547,
            175.45454545454544
        ],
        [
            134.4954954954955,
            139.981981981982,
            160.00900900900902
        ],
        [
            144.6184210526316,
            150.44736842105263,
            169.78947368421052
        ],
        [
            126.96825396825398,
            132.0873015873016,
            152.84920634920636
        ],
        [
            137.0,
            142.64102564102564,
            162.35897435897436
        ],
        [
            132.5546218487395,
            137.9327731092437,
            158.1764705882353
        ],
        [
            124.2,
            129.2875,
            150.1125
        ],
        [
            140.3206106870229,
            146.09923664122138,
            165.54198473282443
        ]
    ],
    "hex_colors": [
        "#82879b",
        "#787d92",
        "#969caf",
        "#868ba0",
        "#9096a9",
        "#7e8498",
        "#898ea2",
        "#84899e",
        "#7c8196",
        "#8c92a5"
    ],
    "hsl_color_values": [
        [
            0.6326601070257207,
            0.1652545999144202,
            155.8
        ],
        [
            0.6343265503875969,
            0.1770685883412689,
            146.62264150943398
        ],
        [
            0.6266666666666665,
            0.14248704663212436,
            175.45454545454544
        ],
        [
            0.6308262711864407,
            0.15945048139181353,
            160.00900900900902
        ],
        [
            0.6280710925248302,
            0.1482486050836949,
            169.78947368421052
        ],
        [
            0.6337013186139221,
            0.1693234332000623,
            152.84920634920636
        ],
        [
            0.6295921806538591,
            0.15619077700568543,
            162.35897435897436
        ],
        [
            0.6316825188586422,
            0.16198268076289657,
            158.1764705882353
        ],
        [
            0.6339443640456666,
            0.17262053459905075,
            150.1125
        ],
        [
            0.6284806295399515,
            0.1523563589412524,
            165.54198473282443
        ]
    ]
}