{
    "rgb_colors": [
        [
            83.71518987341773,
            93.0886075949367,
            130.80379746835442
        ],
        [
            52.484848484848484,
            56.09090909090909,
            75.27272727272728
        ],
        [
            123.25,
            110.75,
            97.75
        ],
        [
            80.7843137254902,
            90.02941176470588,
            127.91176470588235
        ],
        [
            170.60000000000002,
            155.8,
            146.0
        ],
        [
            75.70370370370371,
            81.11111111111111,
            112.48148148148148
        ],
        [
            64.95454545454545,
            69.0,
            97.72727272727272
        ],
        [
            119.83333333333333,
            118.0,
            125.5
        ],
        [
            77.61176470588235,
            86.3970588235294,
            124.56470588235294
        ],
        [
            209.47619047619048,
            188.0,
            157.71428571428572
        ]
    ],
    "hex_colors": [
        "#535d82",
        "#34384b",
        "#7b6e61",
        "#505a7f",
        "#aa9b92",
        "#4b5170",
        "#404561",
        "#77767d",
        "#4d567c",
        "#d1bc9d"
    ],
    "hsl_color_values": [
        [
            0.6334901433691756,
            0.35999419364203794,
            130.80379746835442
        ],
        [
            0.6402925531914893,
            0.30273752012882454,
            75.27272727272728
        ],
        [
            0.0849673202614379,
            0.20689655172413793,
            123.25
        ],
        [
            0.6339712918660286,
            0.3684371886257377,
            127.91176470588235
        ],
        [
            0.06639566395663958,
            0.14419695193434948,
            170.60000000000002
        ],
        [
            0.6421617992614972,
            0.3269674020414883,
            112.48148148148148
        ],
        [
            0.6460933888118353,
            0.3353488372093023,
            97.72727272727272
        ],
        [
            0.7074074074074073,
            0.05976095617529881,
            125.5
        ],
        [
            0.6354819176480415,
            0.3769361541367586,
            124.56470588235294
        ],
        [
            0.09751609935602575,
            0.24710161400318253,
            209.47619047619048
        ]
    ]
}