{
    "rgb_colors": [
        [
            89.390625,
            96.296875,
            122.109375
        ],
        [
            94.17924528301887,
            100.99056603773585,
            125.80188679245283
        ],
        [
            87.3157894736842,
            94.26315789473685,
            120.86842105263158
        ],
        [
            90.91970802919708,
            97.84671532846716,
            124.13138686131387
        ],
        [
            93.12949640287769,
            100.12949640287769,
            127.12949640287769
        ],
        [
            100.12727272727273,
            106.96363636363637,
            132.85454545454544
        ],
        [
            106.0,
            112.38888888888889,
            137.05555555555554
        ],
        [
            102.27586206896552,
            109.13793103448276,
            135.06896551724137
        ],
        [
            98.31007751937985,
            105.13953488372093,
            130.96124031007753
        ],
        [
            96.0828402366864,
            102.97633136094674,
            128.98224852071007
        ]
    ],
    "hex_colors": [
        "#59607a",
        "#5e647d",
        "#575e78",
        "#5a617c",
        "#5d647f",
        "#646a84",
        "#6a7089",
        "#666d87",
        "#626982",
        "#606680"
    ],
    "hsl_color_values": [
        [
            0.6314867876472462,
            0.2679462571976967,
            122.109375
        ],
        [
            0.6307677008750995,
            0.25136857892763403,
            125.80188679245283
        ],
        [
            0.6321568627450981,
            0.2775963422599608,
            120.86842105263158
        ],
        [
            0.631904761904762,
            0.26755262848406447,
            124.13138686131387
        ],
        [
            0.6323529411764706,
            0.2674438345311527,
            127.12949640287769
        ],
        [
            0.6318518518518518,
            0.2463391268646503,
            132.85454545454544
        ],
        [
            0.6323792486583185,
            0.2265910012160518,
            137.05555555555554
        ],
        [
            0.6317910970907817,
            0.2427878478427367,
            135.06896551724137
        ],
        [
            0.6318059512503957,
            0.24931928495323788,
            130.96124031007753
        ],
        [
            0.6317446043165468,
            0.2550692724103129,
            128.98224852071007
        ]
    ]
}