{
    "rgb_colors": [
        [
            73.6923076923077,
            82.6923076923077,
            120.6923076923077
        ],
        [
            68.99367088607595,
            77.99367088607595,
            116.00632911392405
        ],
        [
            64.58974358974359,
            73.58974358974359,
            111.58974358974359
        ],
        [
            65.98863636363636,
            74.98863636363636,
            113.01136363636364
        ],
        [
            72.0,
            81.0,
            119.0
        ],
        [
            68.0,
            77.0,
            115.0
        ],
        [
            62.73076923076923,
            71.73076923076923,
            109.8076923076923
        ],
        [
            71.0,
            80.0,
            118.0
        ],
        [
            70.0,
            79.0,
            117.0
        ],
        [
            66.99242424242425,
            75.99242424242425,
            114.00757575757575
        ]
    ],
    "hex_colors": [
        "#495278",
        "#444d74",
        "#40496f",
        "#414a71",
        "#485177",
        "#444d73",
        "#3e476d",
        "#475076",
        "#464f75",
        "#424b72"
    ],
    "hsl_color_values": [
        [
            0.6347517730496454,
            0.3894200127469726,
            120.6923076923077
        ],
        [
            0.634760366182014,
            0.4052594249549894,
            116.00632911392405
        ],
        [
            0.6347517730496454,
            0.4211856617647059,
            111.58974358974359
        ],
        [
            0.6347671983244724,
            0.41608848667672205,
            113.01136363636364
        ],
        [
            0.6347517730496454,
            0.3949579831932773,
            119.0
        ],
        [
            0.6347517730496454,
            0.40869565217391307,
            115.0
        ],
        [
            0.6348039215686274,
            0.42872154115586686,
            109.8076923076923
        ],
        [
            0.6347517730496454,
            0.3983050847457627,
            118.0
        ],
        [
            0.6347517730496454,
            0.4017094017094017,
            117.0
        ],
        [
            0.6347620582232248,
            0.41238620506345924,
            114.00757575757575
        ]
    ]
}