{
    "rgb_colors": [
        [
            86.03703703703704,
            97.9074074074074,
            137.0185185185185
        ],
        [
            88.5719557195572,
            100.48339483394834,
            139.54981549815497
        ],
        [
            92.50714285714285,
            104.22857142857143,
            143.42142857142858
        ],
        [
            91.2406015037594,
            102.95488721804512,
            142.09022556390977
        ],
        [
            94.3076923076923,
            105.67307692307692,
            145.07692307692307
        ],
        [
            90.1588785046729,
            101.89719626168224,
            140.89719626168224
        ],
        [
            90.6875,
            100.6875,
            142.6875
        ],
        [
            97.44444444444444,
            107.77777777777777,
            149.11111111111111
        ],
        [
            84.48275862068965,
            96.48275862068965,
            135.48275862068965
        ],
        [
            87.18867924528301,
            98.84905660377359,
            138.16037735849056
        ]
    ],
    "hex_colors": [
        "#566189",
        "#58648b",
        "#5c688f",
        "#5b668e",
        "#5e6991",
        "#5a658c",
        "#5a648e",
        "#616b95",
        "#546087",
        "#57628a"
    ],
    "hsl_color_values": [
        [
            0.6278605158009444,
            0.3720773077442897,
            137.0185185185185
        ],
        [
            0.6277234889612741,
            0.36530223702998565,
            139.54981549815497
        ],
        [
            0.628296857463524,
            0.35499775885253254,
            143.42142857142858
        ],
        [
            0.6282714771551087,
            0.35786855751931423,
            142.09022556390977
        ],
        [
            0.6293560606060606,
            0.3499469777306468,
            145.07692307692307
        ],
        [
            0.6281083072389023,
            0.3601087821703369,
            140.89719626168224
        ],
        [
            0.6346153846153846,
            0.36443276390713975,
            142.6875
        ],
        [
            0.6333333333333333,
            0.3464977645305514,
            149.11111111111111
        ],
        [
            0.6274509803921569,
            0.37643166200050904,
            135.48275862068965
        ],
        [
            0.6285397001665741,
            0.36893137589621033,
            138.16037735849056
        ]
    ]
}