{
    "rgb_colors": [
        [
            68.57281553398059,
            83.57281553398059,
            121.57281553398059
        ],
        [
            66.71875,
            81.71875,
            119.71875
        ],
        [
            67.46875,
            79.5625,
            118.53125
        ],
        [
            71.0,
            83.0,
            122.0
        ],
        [
            71.16949152542372,
            86.16949152542372,
            124.16949152542372
        ],
        [
            72.0,
            84.0,
            123.0
        ],
        [
            74.08333333333333,
            86.25,
            125.19444444444444
        ],
        [
            70.0,
            85.0,
            123.0
        ],
        [
            69.57286432160804,
            81.57286432160804,
            120.57286432160804
        ],
        [
            73.0,
            85.0,
            124.0
        ]
    ],
    "hex_colors": [
        "#445379",
        "#425177",
        "#434f76",
        "#47537a",
        "#47567c",
        "#48547b",
        "#4a567d",
        "#46557b",
        "#455178",
        "#49557c"
    ],
    "hsl_color_values": [
        [
            0.619496855345912,
            0.4359527232071554,
            121.57281553398059
        ],
        [
            0.619496855345912,
            0.44270425476376923,
            119.71875
        ],
        [
            0.6271929824561404,
            0.43079356709728445,
            118.53125
        ],
        [
            0.6274509803921569,
            0.4180327868852459,
            122.0
        ],
        [
            0.619496855345912,
            0.42683592683592686,
            124.16949152542372
        ],
        [
            0.6274509803921569,
            0.4146341463414634,
            123.0
        ],
        [
            0.6269927536231884,
            0.40825382737963173,
            125.19444444444444
        ],
        [
            0.619496855345912,
            0.43089430894308944,
            123.0
        ],
        [
            0.6274509803921569,
            0.4229807451862966,
            120.57286432160804
        ],
        [
            0.6274509803921569,
            0.4112903225806452,
            124.0
        ]
    ]
}