{
    "rgb_colors": [
        [
            86.0945945945946,
            94.0945945945946,
            122.0945945945946
        ],
        [
            90.50819672131148,
            98.50819672131148,
            126.50819672131148
        ],
        [
            87.28813559322033,
            95.28813559322033,
            124.71186440677967
        ],
        [
            85.0,
            93.0,
            123.0
        ],
        [
            88.55319148936171,
            96.55319148936171,
            126.11347517730496
        ],
        [
            83.23376623376623,
            91.23376623376623,
            120.72294372294373
        ],
        [
            80.46153846153847,
            88.46153846153847,
            117.93846153846154
        ],
        [
            86.0,
            94.0,
            124.0
        ],
        [
            93.91304347826087,
            101.91304347826087,
            130.0
        ],
        [
            91.0,
            99.0,
            128.52
        ]
    ],
    "hex_colors": [
        "#565e7a",
        "#5a627e",
        "#575f7c",
        "#555d7b",
        "#58607e",
        "#535b78",
        "#505875",
        "#565e7c",
        "#5d6582",
        "#5b6380"
    ],
    "hsl_color_values": [
        [
            0.6296296296296297,
            0.29485334809075814,
            122.0945945945946
        ],
        [
            0.6296296296296297,
            0.28456654140209925,
            126.50819672131148
        ],
        [
            0.6310386473429951,
            0.3000815438977984,
            124.71186440677967
        ],
        [
            0.6315789473684211,
            0.3089430894308943,
            123.0
        ],
        [
            0.6311681772406849,
            0.29782926554943195,
            126.11347517730496
        ],
        [
            0.6311008468052348,
            0.3105389608061104,
            120.72294372294373
        ],
        [
            0.6310892172961138,
            0.31776676232715884,
            117.93846153846154
        ],
        [
            0.6315789473684211,
            0.3064516129032258,
            124.0
        ],
        [
            0.6297188755020081,
            0.27759197324414714,
            130.0
        ],
        [
            0.6311300639658849,
            0.2919389978213508,
            128.52
        ]
    ]
}