{
    "rgb_colors": [
        [
            83.0,
            85.74074074074075,
            114.25925925925925
        ],
        [
            78.73863636363636,
            81.625,
            109.85227272727273
        ],
        [
            76.46153846153847,
            79.38461538461539,
            107.53846153846153
        ],
        [
            82.0,
            84.69590643274854,
            113.30409356725146
        ],
        [
            86.36697247706422,
            89.1559633027523,
            117.57798165137615
        ],
        [
            85.0,
            87.67021276595744,
            116.32978723404256
        ],
        [
            88.46666666666667,
            91.26666666666667,
            119.66666666666667
        ],
        [
            84.0,
            86.71428571428571,
            115.28571428571429
        ],
        [
            80.0,
            82.81318681318682,
            111.18681318681318
        ],
        [
            81.0,
            83.73758865248227,
            112.26241134751773
        ]
    ],
    "hex_colors": [
        "#535572",
        "#4e516d",
        "#4c4f6b",
        "#525471",
        "#565975",
        "#555774",
        "#585b77",
        "#545673",
        "#50526f",
        "#515370"
    ],
    "hsl_color_values": [
        [
            0.6520537124802527,
            0.27358184764991894,
            114.25925925925925
        ],
        [
            0.6512052593133674,
            0.28323161270301034,
            109.85227272727273
        ],
        [
            0.650990099009901,
            0.2889842632331902,
            107.53846153846153
        ],
        [
            0.6523133445420014,
            0.2762838709677419,
            113.30409356725146
        ],
        [
            0.6517734665882814,
            0.2654494382022472,
            117.57798165137615
        ],
        [
            0.6524617996604415,
            0.2693187014174669,
            116.32978723404256
        ],
        [
            0.6517094017094017,
            0.2607242339832869,
            119.66666666666667
        ],
        [
            0.6522070015220701,
            0.2713754646840149,
            115.28571428571429
        ],
        [
            0.6516326051209772,
            0.2804902154576003,
            111.18681318681318
        ],
        [
            0.6520719903206292,
            0.27847621454292754,
            112.26241134751773
        ]
    ]
}