{
    "rgb_colors": [
        [
            71.55555555555556,
            78.55555555555556,
            105.55555555555556
        ],
        [
            82.4298245614035,
            89.4298245614035,
            116.4298245614035
        ],
        [
            69.125,
            76.125,
            103.125
        ],
        [
            81.0,
            88.0,
            115.0
        ],
        [
            73.55238095238096,
            80.55238095238096,
            107.55238095238096
        ],
        [
            84.73267326732673,
            91.73267326732673,
            118.73267326732673
        ],
        [
            79.10330578512396,
            86.10330578512396,
            113.10330578512396
        ],
        [
            88.0,
            95.0,
            122.0
        ],
        [
            76.49112426035504,
            83.49112426035504,
            110.49112426035504
        ],
        [
            75.0,
            82.0,
            109.0
        ]
    ],
    "hex_colors": [
        "#474e69",
        "#525974",
        "#454c67",
        "#515873",
        "#49506b",
        "#545b76",
        "#4f5671",
        "#585f7a",
        "#4c536e",
        "#4b526d"
    ],
    "hsl_color_values": [
        [
            0.6323529411764706,
            0.32210526315789473,
            105.55555555555556
        ],
        [
            0.6323529411764706,
            0.2920213968206133,
            116.4298245614035
        ],
        [
            0.6323529411764706,
            0.3296969696969697,
            103.125
        ],
        [
            0.6323529411764706,
            0.2956521739130435,
            115.0
        ],
        [
            0.6323529411764706,
            0.31612503320641105,
            107.55238095238096
        ],
        [
            0.6323529411764706,
            0.28635757171447634,
            118.73267326732673
        ],
        [
            0.6323529411764706,
            0.30061013481421944,
            113.10330578512396
        ],
        [
            0.6323529411764706,
            0.2786885245901639,
            122.0
        ],
        [
            0.6323529411764706,
            0.30771702458094574,
            110.49112426035504
        ],
        [
            0.6323529411764706,
            0.3119266055045872,
            109.0
        ]
    ]
}