{
    "rgb_colors": [
        [
            92.0,
            97.0,
            135.0
        ],
        [
            93.0,
            98.0,
            136.0
        ],
        [
            89.0,
            94.0,
            132.0
        ],
        [
            95.34166666666667,
            100.34166666666667,
            138.34166666666667
        ],
        [
            91.0,
            96.0,
            134.0
        ],
        [
            97.25,
            102.25,
            140.25
        ],
        [
            94.0,
            99.0,
            137.0
        ],
        [
            88.0,
            93.0,
            131.0
        ],
        [
            90.0,
            95.0,
            133.0
        ],
        [
            86.58620689655173,
            91.58620689655173,
            129.58620689655172
        ]
    ],
    "hex_colors": [
        "#5c6187",
        "#5d6288",
        "#595e84",
        "#5f648a",
        "#5b6086",
        "#61668c",
        "#5e6389",
        "#585d83",
        "#5a5f85",
        "#565b81"
    ],
    "hsl_color_values": [
        [
            0.6472868217054263,
            0.31851851851851853,
            135.0
        ],
        [
            0.6472868217054263,
            0.3161764705882353,
            136.0
        ],
        [
            0.6472868217054263,
            0.32575757575757575,
            132.0
        ],
        [
            0.6472868217054263,
            0.31082464911752306,
            138.34166666666667
        ],
        [
            0.6472868217054263,
            0.3208955223880597,
            134.0
        ],
        [
            0.6472868217054263,
            0.3065953654188948,
            140.25
        ],
        [
            0.6472868217054263,
            0.31386861313868614,
            137.0
        ],
        [
            0.6472868217054263,
            0.3282442748091603,
            131.0
        ],
        [
            0.6472868217054263,
            0.3233082706766917,
            133.0
        ],
        [
            0.6472868217054263,
            0.33182543906333145,
            129.58620689655172
        ]
    ]
}