{
    "rgb_colors": [
        [
            57.42857142857143,
            72.42857142857143,
            110.42857142857143
        ],
        [
            68.56521739130434,
            83.56521739130434,
            121.56521739130434
        ],
        [
            66.0,
            81.0,
            119.0
        ],
        [
            59.72826086956522,
            74.72826086956522,
            112.72826086956522
        ],
        [
            67.0,
            82.0,
            120.0
        ],
        [
            62.0,
            77.0,
            115.0
        ],
        [
            65.0,
            80.0,
            118.0
        ],
        [
            63.0,
            78.0,
            116.0
        ],
        [
            61.0,
            76.0,
            114.0
        ],
        [
            64.0,
            79.0,
            117.0
        ]
    ],
    "hex_colors": [
        "#39486e",
        "#445379",
        "#425177",
        "#3b4a70",
        "#435278",
        "#3e4d73",
        "#415076",
        "#3f4e74",
        "#3d4c72",
        "#404f75"
    ],
    "hsl_color_values": [
        [
            0.619496855345912,
            0.4799482535575679,
            110.42857142857143
        ],
        [
            0.619496855345912,
            0.43597997138769673,
            121.56521739130434
        ],
        [
            0.619496855345912,
            0.44537815126050423,
            119.0
        ],
        [
            0.619496855345912,
            0.4701571690290232,
            112.72826086956522
        ],
        [
            0.619496855345912,
            0.44166666666666665,
            120.0
        ],
        [
            0.619496855345912,
            0.4608695652173913,
            115.0
        ],
        [
            0.619496855345912,
            0.4491525423728814,
            118.0
        ],
        [
            0.619496855345912,
            0.45689655172413796,
            116.0
        ],
        [
            0.619496855345912,
            0.4649122807017544,
            114.0
        ],
        [
            0.619496855345912,
            0.452991452991453,
            117.0
        ]
    ]
}