{
    "rgb_colors": [
        [
            48.215384615384615,
            59.58461538461538,
            96.4
        ],
        [
            57.18705035971223,
            68.77697841726619,
            105.4820143884892
        ],
        [
            44.66666666666667,
            55.66666666666667,
            92.66666666666667
        ],
        [
            55.207070707070706,
            66.82323232323232,
            103.51515151515152
        ],
        [
            62.171875,
            73.234375,
            110.203125
        ],
        [
            51.76699029126213,
            63.23300970873787,
            100.0
        ],
        [
            50.33548387096774,
            61.8,
            98.56774193548387
        ],
        [
            52.771186440677965,
            64.22881355932203,
            101.0
        ],
        [
            53.645833333333336,
            65.35416666666667,
            102.0
        ],
        [
            59.125,
            70.6,
            107.3625
        ]
    ],
    "hex_colors": [
        "#303b60",
        "#394469",
        "#2c375c",
        "#374267",
        "#3e496e",
        "#333f64",
        "#323d62",
        "#344065",
        "#354166",
        "#3b466b"
    ],
    "hsl_color_values": [
        [
            0.6273414218816518,
            0.49984040855410156,
            96.4
        ],
        [
            0.626669645960574,
            0.45785022507161366,
            105.4820143884892
        ],
        [
            0.6284722222222222,
            0.5179856115107914,
            92.66666666666667
        ],
        [
            0.6265899982575363,
            0.46667642466822795,
            103.51515151515152
        ],
        [
            0.6282801995228801,
            0.43584290372890966,
            110.203125
        ],
        [
            0.6270464304884594,
            0.4823300970873787,
            100.0
        ],
        [
            0.6270510076689852,
            0.4893310642754287,
            98.56774193548387
        ],
        [
            0.6270719850055643,
            0.47751300553784193,
            101.0
        ],
        [
            0.626310498348413,
            0.47406045751633985,
            102.0
        ],
        [
            0.6270190895741558,
            0.4492956106648038,
            107.3625
        ]
    ]
}