{
    "rgb_colors": [
        [
            70.0,
            85.0,
            123.0
        ],
        [
            73.61764705882354,
            87.20588235294117,
            125.67647058823529
        ],
        [
            68.5979381443299,
            80.5979381443299,
            119.5979381443299
        ],
        [
            69.0,
            84.0,
            122.0
        ],
        [
            68.0,
            83.0,
            121.0
        ],
        [
            72.30172413793103,
            84.30172413793103,
            123.30172413793103
        ],
        [
            66.42537313432835,
            81.42537313432835,
            119.42537313432835
        ],
        [
            71.3821138211382,
            86.3821138211382,
            124.3821138211382
        ],
        [
            70.0,
            82.0,
            121.0
        ],
        [
            71.0,
            83.0,
            122.0
        ]
    ],
    "hex_colors": [
        "#46557b",
        "#49577d",
        "#445077",
        "#45547a",
        "#445379",
        "#48547b",
        "#425177",
        "#47567c",
        "#465279",
        "#47537a"
    ],
    "hsl_color_values": [
        [
            0.619496855345912,
            0.43089430894308944,
            123.0
        ],
        [
            0.6231638418079096,
            0.4142288790077228,
            125.67647058823529
        ],
        [
            0.6274509803921569,
            0.4264287561417119,
            119.5979381443299
        ],
        [
            0.619496855345912,
            0.4344262295081967,
            122.0
        ],
        [
            0.619496855345912,
            0.4380165289256198,
            121.0
        ],
        [
            0.6274509803921569,
            0.4136195203803398,
            123.30172413793103
        ],
        [
            0.619496855345912,
            0.44379178903955513,
            119.42537313432835
        ],
        [
            0.619496855345912,
            0.42610628145630436,
            124.3821138211382
        ],
        [
            0.6274509803921569,
            0.4214876033057851,
            121.0
        ],
        [
            0.6274509803921569,
            0.4180327868852459,
            122.0
        ]
    ]
}