{
    "rgb_colors": [
        [
            87.77956989247312,
            93.77956989247312,
            127.08064516129032
        ],
        [
            81.69444444444444,
            87.69444444444444,
            122.69444444444444
        ],
        [
            86.49253731343283,
            92.49253731343283,
            127.49253731343283
        ],
        [
            83.0,
            89.0,
            124.0
        ],
        [
            84.76571428571428,
            90.76571428571428,
            124.23428571428572
        ],
        [
            82.0,
            88.0,
            121.0
        ],
        [
            80.27692307692308,
            86.27692307692308,
            119.46153846153847
        ],
        [
            85.75690607734806,
            91.75690607734806,
            125.24309392265194
        ],
        [
            83.0,
            89.0,
            122.0
        ],
        [
            84.0,
            90.0,
            123.0
        ]
    ],
    "hex_colors": [
        "#575d7f",
        "#51577a",
        "#565c7f",
        "#53597c",
        "#545a7c",
        "#525879",
        "#505677",
        "#555b7d",
        "#53597a",
        "#545a7b"
    ],
    "hsl_color_values": [
        [
            0.6412220702234382,
            0.3092609045141092,
            127.08064516129032
        ],
        [
            0.6422764227642276,
            0.3341634593615576,
            122.69444444444444
        ],
        [
            0.6422764227642276,
            0.32158745024584406,
            127.49253731343283
        ],
        [
            0.6422764227642276,
            0.33064516129032256,
            124.0
        ],
        [
            0.6413300516384345,
            0.3176946782576699,
            124.23428571428572
        ],
        [
            0.641025641025641,
            0.32231404958677684,
            121.0
        ],
        [
            0.641146446800157,
            0.3280103026400515,
            119.46153846153847
        ],
        [
            0.6413413553472319,
            0.3152763686091138,
            125.24309392265194
        ],
        [
            0.641025641025641,
            0.319672131147541,
            122.0
        ],
        [
            0.641025641025641,
            0.3170731707317073,
            123.0
        ]
    ]
}