{
    "rgb_colors": [
        [
            68.46783625730994,
            80.53216374269006,
            117.0
        ],
        [
            65.6086956521739,
            77.3913043478261,
            114.0
        ],
        [
            66.55555555555556,
            78.44444444444444,
            115.0
        ],
        [
            72.94827586206897,
            85.01724137931035,
            121.48275862068965
        ],
        [
            62.333333333333336,
            73.86666666666667,
            110.6
        ],
        [
            69.38461538461539,
            82.38461538461539,
            118.38461538461539
        ],
        [
            70.29203539823008,
            81.29203539823008,
            118.29203539823008
        ],
        [
            64.3375,
            76.0625,
            112.7
        ],
        [
            71.3943661971831,
            83.6056338028169,
            120.0
        ],
        [
            67.49032258064516,
            79.50967741935484,
            116.0
        ]
    ],
    "hex_colors": [
        "#445075",
        "#414d72",
        "#424e73",
        "#485579",
        "#3e496e",
        "#455276",
        "#465176",
        "#404c70",
        "#475378",
        "#434f74"
    ],
    "hsl_color_values": [
        [
            0.6252359722054867,
            0.41480481831359023,
            117.0
        ],
        [
            0.6260856543875412,
            0.42448512585812365,
            114.0
        ],
        [
            0.6257645259938838,
            0.42125603864734296,
            115.0
        ],
        [
            0.625222024866785,
            0.39951745671302863,
            121.48275862068965
        ],
        [
            0.626841620626151,
            0.4364074743821579,
            110.6
        ],
        [
            0.6224489795918368,
            0.4139051332033788,
            118.38461538461539
        ],
        [
            0.6284722222222222,
            0.40577541707189346,
            118.29203539823008
        ],
        [
            0.6262600155078832,
            0.42912599822537706,
            112.7
        ],
        [
            0.6247947454844006,
            0.4050469483568075,
            120.0
        ],
        [
            0.6253712816420623,
            0.41818687430478313,
            116.0
        ]
    ]
}