{
    "rgb_colors": [
        [
            79.1875,
            88.125,
            126.125
        ],
        [
            67.0,
            76.0,
            114.0
        ],
        [
            71.98170731707317,
            81.0060975609756,
            119.0060975609756
        ],
        [
            74.42857142857143,
            83.39455782312925,
            121.38095238095238
        ],
        [
            68.65217391304348,
            77.65217391304348,
            115.65217391304348
        ],
        [
            65.64,
            74.64,
            112.64
        ],
        [
            71.01342281879195,
            80.00671140939598,
            117.97986577181209
        ],
        [
            76.39344262295081,
            85.39344262295081,
            123.36065573770492
        ],
        [
            72.98373983739837,
            82.01626016260163,
            120.04878048780488
        ],
        [
            70.03472222222223,
            79.0,
            116.97222222222223
        ]
    ],
    "hex_colors": [
        "#4f587e",
        "#434c72",
        "#475177",
        "#4a5379",
        "#444d73",
        "#414a70",
        "#475075",
        "#4c557b",
        "#485278",
        "#464f74"
    ],
    "hsl_color_values": [
        [
            0.634931202840657,
            0.37215064420218036,
            126.125
        ],
        [
            0.6347517730496454,
            0.41228070175438597,
            114.0
        ],
        [
            0.6346818810511756,
            0.3951426961110826,
            119.0060975609756
        ],
        [
            0.6348401429537333,
            0.38681836014123183,
            121.38095238095238
        ],
        [
            0.6347517730496454,
            0.406390977443609,
            115.65217391304348
        ],
        [
            0.6347517730496454,
            0.4172585227272727,
            112.64
        ],
        [
            0.6347527865104315,
            0.39808862847716026,
            117.97986577181209
        ],
        [
            0.6347294938917974,
            0.3807308970099668,
            123.36065573770492
        ],
        [
            0.6346807163010307,
            0.39204930245157793,
            120.04878048780488
        ],
        [
            0.6348325689204518,
            0.40127048207076704,
            116.97222222222223
        ]
    ]
}