{
    "rgb_colors": [
        [
            42.333333333333336,
            54.333333333333336,
            85.66666666666667
        ],
        [
            61.458536585365856,
            72.70243902439024,
            108.05853658536586
        ],
        [
            29.333333333333336,
            40.0,
            71.66666666666667
        ],
        [
            53.36296296296296,
            64.45185185185186,
            100.6962962962963
        ],
        [
            67.14285714285714,
            78.21428571428571,
            114.0
        ],
        [
            49.96491228070175,
            61.175438596491226,
            97.0701754385965
        ],
        [
            4.0,
            12.5,
            44.5
        ],
        [
            58.96666666666667,
            70.12222222222222,
            105.76296296296296
        ],
        [
            56.17768595041322,
            67.29338842975207,
            103.17355371900827
        ],
        [
            63.833333333333336,
            74.92222222222222,
            110.68888888888888
        ]
    ],
    "hex_colors": [
        "#2a3655",
        "#3d486c",
        "#1d2847",
        "#354064",
        "#434e72",
        "#313d61",
        "#040c2c",
        "#3a4669",
        "#384367",
        "#3f4a6e"
    ],
    "hsl_color_values": [
        [
            0.6205128205128205,
            0.5058365758754864,
            85.66666666666667
        ],
        [
            0.6264524233225165,
            0.4312477428674612,
            108.05853658536586
        ],
        [
            0.6246719160104988,
            0.5906976744186047,
            71.66666666666667
        ],
        [
            0.627621283255086,
            0.47006032072973375,
            100.6962962962963
        ],
        [
            0.6272865853658537,
            0.4110275689223058,
            114.0
        ],
        [
            0.627001862197393,
            0.48527019699981927,
            97.0701754385965
        ],
        [
            0.6316872427983539,
            0.9101123595505618,
            44.5
        ],
        [
            0.6269357604537661,
            0.4424639305224821,
            105.76296296296296
        ],
        [
            0.6272458161141885,
            0.4555030438961872,
            103.17355371900827
        ],
        [
            0.6272231444154612,
            0.42330857257578797,
            110.68888888888888
        ]
    ]
}