{
    "rgb_colors": [
        [
            64.62886597938144,
            74.66494845360825,
            110.55670103092784
        ],
        [
            0.7368421052631646,
            1.94736842105263,
            19.94736842105263
        ],
        [
            104.98058252427184,
            110.26213592233009,
            136.7766990291262
        ],
        [
            93.890625,
            101.2109375,
            131.3671875
        ],
        [
            7.3125,
            13.75,
            39.9375
        ],
        [
            118.71428571428572,
            122.04395604395604,
            145.32967032967034
        ],
        [
            57.113402061855666,
            66.62886597938144,
            101.61855670103093
        ],
        [
            72.8069306930693,
            83.02970297029702,
            118.21782178217822
        ],
        [
            29.28,
            36.6,
            63.76
        ],
        [
            81.79230769230769,
            91.74615384615385,
            124.52307692307693
        ]
    ],
    "hex_colors": [
        "#404a6e",
        "#000113",
        "#686e88",
        "#5d6583",
        "#070d27",
        "#767a91",
        "#394265",
        "#485376",
        "#1d243f",
        "#515b7c"
    ],
    "hsl_color_values": [
        [
            0.630246913580247,
            0.41542334949645654,
            110.55670103092784
        ],
        [
            0.6561643835616439,
            0.9630606860158308,
            19.94736842105263
        ],
        [
            0.6389821882951653,
            0.23246734809767178,
            136.7766990291262
        ],
        [
            0.6341115975262316,
            0.28528099910793936,
            131.3671875
        ],
        [
            0.6337803320561942,
            0.8169014084507042,
            39.9375
        ],
        [
            0.6458161299201762,
            0.18313799621928165,
            145.32967032967034
        ],
        [
            0.6310323527140761,
            0.43796286902708736,
            101.61855670103093
        ],
        [
            0.6291471347069297,
            0.38412897822445563,
            118.21782178217822
        ],
        [
            0.6312838360402165,
            0.5407779171894604,
            63.76
        ],
        [
            0.6278427842784279,
            0.3431554237706944,
            124.52307692307693
        ]
    ]
}