{
    "rgb_colors": [
        [
            92.52380952380952,
            103.52380952380952,
            140.52380952380952
        ],
        [
            94.0,
            106.0,
            145.0
        ],
        [
            91.62251655629139,
            103.62251655629139,
            142.6225165562914
        ],
        [
            97.54032258064517,
            108.74193548387096,
            146.1451612903226
        ],
        [
            89.75862068965517,
            101.56896551724138,
            140.18965517241378
        ],
        [
            87.26984126984127,
            99.11111111111111,
            137.79365079365078
        ],
        [
            95.41176470588235,
            107.41176470588235,
            146.41176470588235
        ],
        [
            95.05660377358491,
            106.05660377358491,
            143.0566037735849
        ],
        [
            100.16326530612245,
            111.53061224489795,
            149.26530612244898
        ],
        [
            93.0,
            105.0,
            144.0
        ]
    ],
    "hex_colors": [
        "#5c678c",
        "#5e6a91",
        "#5b678e",
        "#616c92",
        "#59658c",
        "#576389",
        "#5f6b92",
        "#5f6a8f",
        "#646f95",
        "#5d6990"
    ],
    "hsl_color_values": [
        [
            0.6284722222222222,
            0.3415791257200949,
            140.52380952380952
        ],
        [
            0.6274509803921569,
            0.35172413793103446,
            145.0
        ],
        [
            0.6274509803921569,
            0.35758729569093617,
            142.6225165562914
        ],
        [
            0.6282561805209889,
            0.332579185520362,
            146.1451612903226
        ],
        [
            0.6276353276353276,
            0.35973435001844783,
            140.18965517241378
        ],
        [
            0.6276049848151639,
            0.36666282686326457,
            137.79365079365078
        ],
        [
            0.6274509803921569,
            0.34833266372036964,
            146.41176470588235
        ],
        [
            0.6284722222222222,
            0.3355315220258506,
            143.0566037735849
        ],
        [
            0.6280825713494043,
            0.3289581624282198,
            149.26530612244898
        ],
        [
            0.6274509803921569,
            0.3541666666666667,
            144.0
        ]
    ]
}