{
    "rgb_colors": [
        [
            74.0,
            84.0,
            118.0
        ],
        [
            78.57446808510639,
            88.57446808510639,
            122.57446808510639
        ],
        [
            73.0,
            83.0,
            117.0
        ],
        [
            76.36274509803921,
            86.36274509803921,
            120.36274509803921
        ],
        [
            68.44,
            78.44,
            112.44
        ],
        [
            70.0,
            80.0,
            114.0
        ],
        [
            71.0,
            81.0,
            115.0
        ],
        [
            72.0,
            82.0,
            116.0
        ],
        [
            75.0,
            85.0,
            119.0
        ],
        [
            82.25,
            92.25,
            126.25
        ]
    ],
    "hex_colors": [
        "#4a5476",
        "#4e587a",
        "#495375",
        "#4c5678",
        "#444e70",
        "#465072",
        "#475173",
        "#485274",
        "#4b5577",
        "#525c7e"
    ],
    "hsl_color_values": [
        [
            0.6287878787878788,
            0.3728813559322034,
            118.0
        ],
        [
            0.6287878787878788,
            0.3589654573858705,
            122.57446808510639
        ],
        [
            0.6287878787878788,
            0.37606837606837606,
            117.0
        ],
        [
            0.6287878787878788,
            0.3655616192880997,
            120.36274509803921
        ],
        [
            0.6287878787878788,
            0.3913198150124511,
            112.44
        ],
        [
            0.6287878787878788,
            0.38596491228070173,
            114.0
        ],
        [
            0.6287878787878788,
            0.3826086956521739,
            115.0
        ],
        [
            0.6287878787878788,
            0.3793103448275862,
            116.0
        ],
        [
            0.6287878787878788,
            0.3697478991596639,
            119.0
        ],
        [
            0.6287878787878788,
            0.3485148514851485,
            126.25
        ]
    ]
}