{
    "rgb_colors": [
        [
            92.0,
            100.0,
            130.0
        ],
        [
            91.0,
            99.0,
            129.0
        ],
        [
            89.0,
            97.0,
            127.0
        ],
        [
            93.0,
            101.0,
            131.0
        ],
        [
            86.74444444444444,
            94.74444444444444,
            124.74444444444444
        ],
        [
            96.4,
            104.4,
            134.4
        ],
        [
            84.82352941176471,
            92.82352941176471,
            122.82352941176471
        ],
        [
            88.0,
            96.0,
            126.0
        ],
        [
            94.36363636363636,
            102.36363636363636,
            132.36363636363637
        ],
        [
            90.0,
            98.0,
            128.0
        ]
    ],
    "hex_colors": [
        "#5c6482",
        "#5b6381",
        "#59617f",
        "#5d6583",
        "#565e7c",
        "#606886",
        "#545c7a",
        "#58607e",
        "#5e6684",
        "#5a6280"
    ],
    "hsl_color_values": [
        [
            0.6315789473684211,
            0.2923076923076923,
            130.0
        ],
        [
            0.6315789473684211,
            0.29457364341085274,
            129.0
        ],
        [
            0.6315789473684211,
            0.2992125984251969,
            127.0
        ],
        [
            0.6315789473684211,
            0.2900763358778626,
            131.0
        ],
        [
            0.6315789473684211,
            0.30462278435913426,
            124.74444444444444
        ],
        [
            0.6315789473684211,
            0.28273809523809523,
            134.4
        ],
        [
            0.6315789473684211,
            0.30938697318007663,
            122.82352941176471
        ],
        [
            0.6315789473684211,
            0.30158730158730157,
            126.0
        ],
        [
            0.6315789473684211,
            0.2870879120879122,
            132.36363636363637
        ],
        [
            0.6315789473684211,
            0.296875,
            128.0
        ]
    ]
}