{
    "rgb_colors": [
        [
            60.58641975308642,
            68.58641975308642,
            96.58641975308642
        ],
        [
            64.96551724137932,
            72.96551724137932,
            101.05172413793103
        ],
        [
            57.450980392156865,
            65.45098039215686,
            93.45098039215686
        ],
        [
            66.36363636363636,
            74.36363636363636,
            102.3896103896104
        ],
        [
            62.0,
            70.0,
            98.0
        ],
        [
            68.73684210526315,
            76.73684210526315,
            104.8
        ],
        [
            71.66666666666667,
            79.66666666666667,
            108.04761904761905
        ],
        [
            58.983870967741936,
            66.98387096774194,
            95.01612903225806
        ],
        [
            63.0,
            71.0,
            99.0
        ],
        [
            63.99264705882353,
            71.99264705882354,
            100.00735294117646
        ]
    ],
    "hex_colors": [
        "#3c4460",
        "#404865",
        "#39415d",
        "#424a66",
        "#3e4662",
        "#444c68",
        "#474f6c",
        "#3a425f",
        "#3f4763",
        "#3f4764"
    ],
    "hsl_color_values": [
        [
            0.6296296296296297,
            0.3727232057263373,
            96.58641975308642
        ],
        [
            0.6297181079789776,
            0.35710629585394976,
            101.05172413793103
        ],
        [
            0.6296296296296297,
            0.38522870331514897,
            93.45098039215686
        ],
        [
            0.6296563326123529,
            0.3518518518518519,
            102.3896103896104
        ],
        [
            0.6296296296296297,
            0.3673469387755102,
            98.0
        ],
        [
            0.6296944930920413,
            0.3441141020490157,
            104.8
        ],
        [
            0.6300174520069808,
            0.33671220802115465,
            108.04761904761905
        ],
        [
            0.6296627872276933,
            0.37922254286199286,
            95.01612903225806
        ],
        [
            0.6296296296296297,
            0.36363636363636365,
            99.0
        ],
        [
            0.629644752960392,
            0.360120579369164,
            100.00735294117646
        ]
    ]
}