{
    "rgb_colors": [
        [
            99.0,
            111.0,
            150.0
        ],
        [
            106.84210526315789,
            118.84210526315789,
            157.8421052631579
        ],
        [
            97.0,
            109.0,
            148.0
        ],
        [
            102.0,
            114.0,
            153.0
        ],
        [
            100.0,
            112.0,
            151.0
        ],
        [
            93.32,
            105.32,
            144.32
        ],
        [
            95.66019417475728,
            107.66019417475728,
            146.6601941747573
        ],
        [
            101.0,
            113.0,
            152.0
        ],
        [
            98.0,
            110.0,
            149.0
        ],
        [
            103.79679144385027,
            115.79679144385027,
            154.79679144385025
        ]
    ],
    "hex_colors": [
        "#636f96",
        "#6a769d",
        "#616d94",
        "#667299",
        "#647097",
        "#5d6990",
        "#5f6b92",
        "#657198",
        "#626e95",
        "#67739a"
    ],
    "hsl_color_values": [
        [
            0.6274509803921569,
            0.34,
            150.0
        ],
        [
            0.6274509803921569,
            0.3231077025675225,
            157.8421052631579
        ],
        [
            0.6274509803921569,
            0.34459459459459457,
            148.0
        ],
        [
            0.6274509803921569,
            0.3333333333333333,
            153.0
        ],
        [
            0.6274509803921569,
            0.33774834437086093,
            151.0
        ],
        [
            0.6274509803921569,
            0.35338137472283815,
            144.32
        ],
        [
            0.6274509803921569,
            0.34774261882695623,
            146.6601941747573
        ],
        [
            0.6274509803921569,
            0.3355263157894737,
            152.0
        ],
        [
            0.6274509803921569,
            0.3422818791946309,
            149.0
        ],
        [
            0.6274509803921569,
            0.3294641931806404,
            154.79679144385025
        ]
    ]
}