{
    "rgb_colors": [
        [
            68.0,
            79.0,
            115.0
        ],
        [
            65.48148148148148,
            76.48148148148148,
            112.48148148148148
        ],
        [
            72.0,
            83.0,
            119.0
        ],
        [
            76.33333333333333,
            87.33333333333333,
            123.33333333333333
        ],
        [
            71.0,
            82.0,
            118.0
        ],
        [
            73.0,
            84.0,
            120.0
        ],
        [
            69.0,
            80.0,
            116.0
        ],
        [
            70.0,
            81.0,
            117.0
        ],
        [
            67.0,
            78.0,
            114.0
        ],
        [
            74.30645161290323,
            85.30645161290323,
            121.30645161290323
        ]
    ],
    "hex_colors": [
        "#444f73",
        "#414c70",
        "#485377",
        "#4c577b",
        "#475276",
        "#495478",
        "#455074",
        "#465175",
        "#434e72",
        "#4a5579"
    ],
    "hsl_color_values": [
        [
            0.6276595744680851,
            0.40869565217391307,
            115.0
        ],
        [
            0.6276595744680851,
            0.41784655910437934,
            112.48148148148148
        ],
        [
            0.6276595744680851,
            0.3949579831932773,
            119.0
        ],
        [
            0.6276595744680851,
            0.3810810810810811,
            123.33333333333333
        ],
        [
            0.6276595744680851,
            0.3983050847457627,
            118.0
        ],
        [
            0.6276595744680851,
            0.39166666666666666,
            120.0
        ],
        [
            0.6276595744680851,
            0.4051724137931034,
            116.0
        ],
        [
            0.6276595744680851,
            0.4017094017094017,
            117.0
        ],
        [
            0.6276595744680851,
            0.41228070175438597,
            114.0
        ],
        [
            0.6276595744680851,
            0.3874484775960643,
            121.30645161290323
        ]
    ]
}