{
    "rgb_colors": [
        [
            85.0,
            93.0,
            123.0
        ],
        [
            88.0,
            96.0,
            126.0
        ],
        [
            81.0,
            89.0,
            119.0
        ],
        [
            79.29166666666667,
            87.29166666666667,
            117.29166666666667
        ],
        [
            87.0,
            95.0,
            125.0
        ],
        [
            89.42105263157895,
            97.42105263157895,
            127.42105263157895
        ],
        [
            84.0,
            92.0,
            122.0
        ],
        [
            82.0,
            90.0,
            120.0
        ],
        [
            83.0,
            91.0,
            121.0
        ],
        [
            86.0,
            94.0,
            124.0
        ]
    ],
    "hex_colors": [
        "#555d7b",
        "#58607e",
        "#515977",
        "#4f5775",
        "#575f7d",
        "#59617f",
        "#545c7a",
        "#525a78",
        "#535b79",
        "#565e7c"
    ],
    "hsl_color_values": [
        [
            0.6315789473684211,
            0.3089430894308943,
            123.0
        ],
        [
            0.6315789473684211,
            0.30158730158730157,
            126.0
        ],
        [
            0.6315789473684211,
            0.31932773109243695,
            119.0
        ],
        [
            0.6315789473684211,
            0.32397868561278864,
            117.29166666666667
        ],
        [
            0.6315789473684211,
            0.304,
            125.0
        ],
        [
            0.6315789473684211,
            0.2982238744320529,
            127.42105263157895
        ],
        [
            0.6315789473684211,
            0.3114754098360656,
            122.0
        ],
        [
            0.6315789473684211,
            0.31666666666666665,
            120.0
        ],
        [
            0.6315789473684211,
            0.3140495867768595,
            121.0
        ],
        [
            0.6315789473684211,
            0.3064516129032258,
            124.0
        ]
    ]
}