{
    "rgb_colors": [
        [
            58.4,
            66.4,
            96.4
        ],
        [
            63.0,
            71.0,
            101.0
        ],
        [
            65.0,
            73.0,
            103.0
        ],
        [
            66.0,
            74.0,
            104.0
        ],
        [
            60.0,
            68.0,
            98.0
        ],
        [
            61.0,
            69.0,
            99.0
        ],
        [
            64.0,
            72.0,
            102.0
        ],
        [
            62.0,
            70.0,
            100.0
        ],
        [
            67.34939759036145,
            75.34939759036145,
            105.34939759036145
        ],
        [
            69.23529411764706,
            77.23529411764706,
            107.23529411764706
        ]
    ],
    "hex_colors": [
        "#3a4260",
        "#3f4765",
        "#414967",
        "#424a68",
        "#3c4462",
        "#3d4563",
        "#404866",
        "#3e4664",
        "#434b69",
        "#454d6b"
    ],
    "hsl_color_values": [
        [
            0.6315789473684211,
            0.39419087136929465,
            96.4
        ],
        [
            0.6315789473684211,
            0.37623762376237624,
            101.0
        ],
        [
            0.6315789473684211,
            0.36893203883495146,
            103.0
        ],
        [
            0.6315789473684211,
            0.36538461538461536,
            104.0
        ],
        [
            0.6315789473684211,
            0.3877551020408163,
            98.0
        ],
        [
            0.6315789473684211,
            0.3838383838383838,
            99.0
        ],
        [
            0.6315789473684211,
            0.37254901960784315,
            102.0
        ],
        [
            0.6315789473684211,
            0.38,
            100.0
        ],
        [
            0.6315789473684211,
            0.36070448307410796,
            105.34939759036145
        ],
        [
            0.6315789473684211,
            0.35436094349972574,
            107.23529411764706
        ]
    ]
}