{
    "rgb_colors": [
        [
            117.78095238095239,
            114.32380952380953,
            143.10476190476192
        ],
        [
            116.93827160493827,
            110.8641975308642,
            136.66666666666666
        ],
        [
            127.0,
            120.53191489361703,
            145.80851063829786
        ],
        [
            118.0,
            112.87591240875912,
            139.61313868613138
        ],
        [
            114.125,
            110.94375,
            139.10625
        ],
        [
            121.29452054794521,
            115.24657534246575,
            140.77397260273972
        ],
        [
            123.17021276595744,
            117.06382978723404,
            143.47872340425533
        ],
        [
            111.63934426229508,
            108.50819672131148,
            137.08196721311475
        ],
        [
            106.97142857142858,
            104.54285714285714,
            133.5
        ],
        [
            110.5,
            106.54838709677419,
            133.6451612903226
        ]
    ],
    "hex_colors": [
        "#75728f",
        "#746e88",
        "#7f7891",
        "#76708b",
        "#726e8b",
        "#79738c",
        "#7b758f",
        "#6f6c89",
        "#6a6885",
        "#6e6a85"
    ],
    "hsl_color_values": [
        [
            0.6866865210677257,
            0.20111806202582191,
            143.10476190476192
        ],
        [
            0.7059011164274321,
            0.1887985546522131,
            136.66666666666666
        ],
        [
            0.7093153759820426,
            0.17335473515248784,
            145.80851063829786
        ],
        [
            0.6986076986076987,
            0.1915093846395148,
            139.61313868613138
        ],
        [
            0.6854934161858264,
            0.20245316080334275,
            139.10625
        ],
        [
            0.7061532957696093,
            0.18133605799639957,
            140.77397260273972
        ],
        [
            0.7051953282319774,
            0.18410321049899914,
            143.47872340425533
        ],
        [
            0.6849301969783897,
            0.20844295623056683,
            137.08196721311475
        ],
        [
            0.6806446308172998,
            0.2169074371321562,
            133.5
        ],
        [
            0.6909722222222222,
            0.2027516292541637,
            133.6451612903226
        ]
    ]
}