{
    "rgb_colors": [
        [
            81.0886075949367,
            93.0886075949367,
            133.91139240506328
        ],
        [
            82.40579710144928,
            94.40579710144928,
            135.34782608695653
        ],
        [
            79.0,
            91.0,
            132.0
        ],
        [
            76.29655172413793,
            88.29655172413793,
            128.70344827586206
        ],
        [
            77.3491124260355,
            89.3491124260355,
            129.6508875739645
        ],
        [
            73.08,
            85.08,
            125.36
        ],
        [
            75.06944444444444,
            87.06944444444444,
            127.44444444444444
        ],
        [
            79.50632911392405,
            91.50632911392405,
            130.50632911392404
        ],
        [
            78.0,
            90.0,
            131.0
        ],
        [
            80.12765957446808,
            92.12765957446808,
            132.87234042553192
        ]
    ],
    "hex_colors": [
        "#515d85",
        "#525e87",
        "#4f5b84",
        "#4c5880",
        "#4d5981",
        "#49557d",
        "#4b577f",
        "#4f5b82",
        "#4e5a83",
        "#505c84"
    ],
    "hsl_color_values": [
        [
            0.6288042175892644,
            0.39446072407599964,
            133.91139240506328
        ],
        [
            0.6288894972168994,
            0.3911553699539565,
            135.34782608695653
        ],
        [
            0.6289308176100629,
            0.4015151515151515,
            132.0
        ],
        [
            0.628503750493486,
            0.407191083485157,
            128.70344827586206
        ],
        [
            0.6284270468001659,
            0.4034046825795263,
            129.6508875739645
        ],
        [
            0.6284111196123439,
            0.4170389278876835,
            125.36
        ],
        [
            0.6284805091487669,
            0.41096338273757627,
            127.44444444444444
        ],
        [
            0.6274509803921569,
            0.3907856450048496,
            130.50632911392404
        ],
        [
            0.6289308176100629,
            0.40458015267175573,
            131.0
        ],
        [
            0.6287481511362109,
            0.39695756605284227,
            132.87234042553192
        ]
    ]
}