{
    "rgb_colors": [
        [
            92.0,
            104.0,
            143.0
        ],
        [
            98.45161290322581,
            110.45161290322581,
            149.4516129032258
        ],
        [
            96.0,
            108.0,
            147.0
        ],
        [
            100.49166666666666,
            112.49166666666666,
            151.49166666666667
        ],
        [
            104.66666666666667,
            116.66666666666667,
            155.66666666666666
        ],
        [
            90.37037037037037,
            102.37037037037037,
            141.37037037037038
        ],
        [
            97.0,
            109.0,
            148.0
        ],
        [
            102.38028169014085,
            114.38028169014085,
            153.38028169014083
        ],
        [
            95.0,
            107.0,
            146.0
        ],
        [
            93.54601226993864,
            105.54601226993864,
            144.54601226993864
        ]
    ],
    "hex_colors": [
        "#5c688f",
        "#626e95",
        "#606c93",
        "#647097",
        "#68749b",
        "#5a668d",
        "#616d94",
        "#667299",
        "#5f6b92",
        "#5d6990"
    ],
    "hsl_color_values": [
        [
            0.6274509803921569,
            0.35664335664335667,
            143.0
        ],
        [
            0.6274509803921569,
            0.341247571767753,
            149.4516129032258
        ],
        [
            0.6274509803921569,
            0.3469387755102041,
            147.0
        ],
        [
            0.6274509803921569,
            0.3366521810880687,
            151.49166666666667
        ],
        [
            0.6274509803921569,
            0.3276231263383297,
            155.66666666666666
        ],
        [
            0.6274509803921569,
            0.36075451925596025,
            141.37037037037038
        ],
        [
            0.6274509803921569,
            0.34459459459459457,
            148.0
        ],
        [
            0.6274509803921569,
            0.33250688705234155,
            153.38028169014083
        ],
        [
            0.6274509803921569,
            0.3493150684931507,
            146.0
        ],
        [
            0.6274509803921569,
            0.35282882729935067,
            144.54601226993864
        ]
    ]
}