{
    "rgb_colors": [
        [
            102.0,
            115.0,
            151.0
        ],
        [
            106.0,
            119.0,
            155.0
        ],
        [
            99.02409638554217,
            112.02409638554217,
            148.02409638554218
        ],
        [
            105.0,
            118.0,
            154.0
        ],
        [
            107.0,
            120.0,
            156.0
        ],
        [
            108.35833333333333,
            121.35833333333333,
            157.35833333333332
        ],
        [
            110.84126984126983,
            123.84126984126983,
            159.84126984126985
        ],
        [
            103.0,
            116.0,
            152.0
        ],
        [
            101.0,
            114.0,
            150.0
        ],
        [
            104.0,
            117.0,
            153.0
        ]
    ],
    "hex_colors": [
        "#667397",
        "#6a779b",
        "#637094",
        "#69769a",
        "#6b789c",
        "#6c799d",
        "#6e7b9f",
        "#677498",
        "#657296",
        "#687599"
    ],
    "hsl_color_values": [
        [
            0.6224489795918368,
            0.32450331125827814,
            151.0
        ],
        [
            0.6224489795918368,
            0.3161290322580645,
            155.0
        ],
        [
            0.6224489795918368,
            0.33102718541429277,
            148.02409638554218
        ],
        [
            0.6224489795918368,
            0.3181818181818182,
            154.0
        ],
        [
            0.6224489795918368,
            0.3141025641025641,
            156.0
        ],
        [
            0.6224489795918368,
            0.3113911984324524,
            157.35833333333332
        ],
        [
            0.6224489795918368,
            0.30655412115193653,
            159.84126984126985
        ],
        [
            0.6224489795918368,
            0.3223684210526316,
            152.0
        ],
        [
            0.6224489795918368,
            0.32666666666666666,
            150.0
        ],
        [
            0.6224489795918368,
            0.3202614379084967,
            153.0
        ]
    ]
}