{
    "rgb_colors": [
        [
            75.11111111111111,
            87.11111111111111,
            126.11111111111111
        ],
        [
            70.0,
            82.0,
            121.0
        ],
        [
            71.0,
            83.0,
            122.0
        ],
        [
            65.69565217391305,
            77.69565217391305,
            116.69565217391305
        ],
        [
            72.0,
            84.0,
            123.0
        ],
        [
            68.0,
            80.0,
            119.0
        ],
        [
            74.0,
            86.0,
            125.0
        ],
        [
            67.0,
            79.0,
            118.0
        ],
        [
            69.0,
            81.0,
            120.0
        ],
        [
            73.0,
            85.0,
            124.0
        ]
    ],
    "hex_colors": [
        "#4b577e",
        "#465279",
        "#47537a",
        "#414d74",
        "#48547b",
        "#445077",
        "#4a567d",
        "#434f76",
        "#455178",
        "#49557c"
    ],
    "hsl_color_values": [
        [
            0.6274509803921569,
            0.40440528634361234,
            126.11111111111111
        ],
        [
            0.6274509803921569,
            0.4214876033057851,
            121.0
        ],
        [
            0.6274509803921569,
            0.4180327868852459,
            122.0
        ],
        [
            0.6274509803921569,
            0.43703427719821164,
            116.69565217391305
        ],
        [
            0.6274509803921569,
            0.4146341463414634,
            123.0
        ],
        [
            0.6274509803921569,
            0.42857142857142855,
            119.0
        ],
        [
            0.6274509803921569,
            0.408,
            125.0
        ],
        [
            0.6274509803921569,
            0.4322033898305085,
            118.0
        ],
        [
            0.6274509803921569,
            0.425,
            120.0
        ],
        [
            0.6274509803921569,
            0.4112903225806452,
            124.0
        ]
    ]
}