{
    "rgb_colors": [
        [
            72.24285714285715,
            85.24285714285715,
            121.24285714285715
        ],
        [
            69.0,
            81.98,
            118.04
        ],
        [
            68.0,
            80.9940119760479,
            117.0119760479042
        ],
        [
            66.0,
            78.99122807017544,
            115.01754385964912
        ],
        [
            74.38888888888889,
            87.38888888888889,
            123.38888888888889
        ],
        [
            62.58064516129032,
            75.58064516129032,
            111.58064516129032
        ],
        [
            71.0,
            83.9873417721519,
            120.0253164556962
        ],
        [
            67.0,
            79.98591549295774,
            116.02816901408451
        ],
        [
            70.0,
            82.99242424242425,
            119.01515151515152
        ],
        [
            64.65289256198346,
            77.62809917355372,
            113.70247933884298
        ]
    ],
    "hex_colors": [
        "#485579",
        "#455176",
        "#445075",
        "#424e73",
        "#4a577b",
        "#3e4b6f",
        "#475378",
        "#434f74",
        "#465277",
        "#404d71"
    ],
    "hsl_color_values": [
        [
            0.6224489795918368,
            0.4041475197360669,
            121.24285714285715
        ],
        [
            0.6225530179445351,
            0.415452389020671,
            118.04
        ],
        [
            0.6224801466096519,
            0.4188629036385037,
            117.0119760479042
        ],
        [
            0.6224946313528991,
            0.4261744966442953,
            115.01754385964912
        ],
        [
            0.6224489795918368,
            0.3971184151283206,
            123.38888888888889
        ],
        [
            0.6224489795918368,
            0.4391442613472102,
            111.58064516129032
        ],
        [
            0.6225148463723212,
            0.4084581311959502,
            120.0253164556962
        ],
        [
            0.6225222637173227,
            0.4225540179655256,
            116.02816901408451
        ],
        [
            0.6224884080370942,
            0.41183959261616804,
            119.01515151515152
        ],
        [
            0.6225779275484414,
            0.43138537578136366,
            113.70247933884298
        ]
    ]
}