{
    "rgb_colors": [
        [
            62.42639593908629,
            73.42639593908629,
            110.42639593908629
        ],
        [
            56.57142857142857,
            67.57142857142857,
            104.57142857142857
        ],
        [
            64.0,
            75.0,
            112.0
        ],
        [
            52.388888888888886,
            63.388888888888886,
            100.38888888888889
        ],
        [
            65.46153846153847,
            76.46153846153847,
            113.46153846153847
        ],
        [
            58.0,
            69.0,
            106.0
        ],
        [
            61.0,
            72.0,
            109.0
        ],
        [
            59.0,
            70.0,
            107.0
        ],
        [
            60.0,
            71.0,
            108.0
        ],
        [
            54.60714285714286,
            65.60714285714286,
            102.60714285714286
        ]
    ],
    "hex_colors": [
        "#3e496e",
        "#384368",
        "#404b70",
        "#343f64",
        "#414c71",
        "#3a456a",
        "#3d486d",
        "#3b466b",
        "#3c476c",
        "#364166"
    ],
    "hsl_color_values": [
        [
            0.6284722222222222,
            0.43467867978302843,
            110.42639593908629
        ],
        [
            0.6284722222222222,
            0.45901639344262296,
            104.57142857142857
        ],
        [
            0.6284722222222222,
            0.42857142857142855,
            112.0
        ],
        [
            0.6284722222222222,
            0.4781405644714997,
            100.38888888888889
        ],
        [
            0.6284722222222222,
            0.4230508474576271,
            113.46153846153847
        ],
        [
            0.6284722222222222,
            0.4528301886792453,
            106.0
        ],
        [
            0.6284722222222222,
            0.44036697247706424,
            109.0
        ],
        [
            0.6284722222222222,
            0.4485981308411215,
            107.0
        ],
        [
            0.6284722222222222,
            0.4444444444444444,
            108.0
        ],
        [
            0.6284722222222222,
            0.4678036895231465,
            102.60714285714286
        ]
    ]
}