{
    "rgb_colors": [
        [
            74.0,
            86.0,
            125.0
        ],
        [
            79.35862068965517,
            91.35862068965517,
            130.35862068965517
        ],
        [
            76.0,
            88.0,
            127.0
        ],
        [
            72.0,
            84.0,
            123.0
        ],
        [
            73.0,
            85.0,
            124.0
        ],
        [
            78.0,
            90.0,
            129.0
        ],
        [
            70.43589743589743,
            82.43589743589743,
            121.43589743589743
        ],
        [
            81.70588235294117,
            93.70588235294117,
            132.7058823529412
        ],
        [
            75.0,
            87.0,
            126.0
        ],
        [
            77.0,
            89.0,
            128.0
        ]
    ],
    "hex_colors": [
        "#4a567d",
        "#4f5b82",
        "#4c587f",
        "#48547b",
        "#49557c",
        "#4e5a81",
        "#465279",
        "#515d84",
        "#4b577e",
        "#4d5980"
    ],
    "hsl_color_values": [
        [
            0.6274509803921569,
            0.408,
            125.0
        ],
        [
            0.6274509803921569,
            0.3912284414347688,
            130.35862068965517
        ],
        [
            0.6274509803921569,
            0.4015748031496063,
            127.0
        ],
        [
            0.6274509803921569,
            0.4146341463414634,
            123.0
        ],
        [
            0.6274509803921569,
            0.4112903225806452,
            124.0
        ],
        [
            0.6274509803921569,
            0.3953488372093023,
            129.0
        ],
        [
            0.6274509803921569,
            0.41997466216216217,
            121.43589743589743
        ],
        [
            0.6274509803921569,
            0.38430851063829796,
            132.7058823529412
        ],
        [
            0.6274509803921569,
            0.40476190476190477,
            126.0
        ],
        [
            0.6274509803921569,
            0.3984375,
            128.0
        ]
    ]
}