{
    "rgb_colors": [
        [
            73.0,
            83.02127659574468,
            116.98936170212767
        ],
        [
            74.03846153846153,
            84.03846153846153,
            117.96153846153847
        ],
        [
            81.68888888888888,
            91.68888888888888,
            125.68888888888888
        ],
        [
            71.72072072072072,
            81.73873873873873,
            115.62162162162163
        ],
        [
            78.80904522613065,
            88.80904522613065,
            122.80904522613065
        ],
        [
            69.35897435897436,
            79.41025641025641,
            113.23076923076923
        ],
        [
            84.66666666666667,
            94.66666666666667,
            128.66666666666666
        ],
        [
            77.00847457627118,
            87.00847457627118,
            120.99152542372882
        ],
        [
            75.03144654088051,
            85.03144654088051,
            118.96855345911949
        ],
        [
            75.99328859060402,
            86.00671140939598,
            120.0
        ]
    ],
    "hex_colors": [
        "#495374",
        "#4a5475",
        "#515b7d",
        "#475173",
        "#4e587a",
        "#454f71",
        "#545e80",
        "#4d5778",
        "#4b5576",
        "#4b5678"
    ],
    "hsl_color_values": [
        [
            0.6286981056025795,
            0.3760116395380559,
            116.98936170212767
        ],
        [
            0.6287215411558669,
            0.3723508314313662,
            117.96153846153847
        ],
        [
            0.6287878787878788,
            0.3500707213578501,
            125.68888888888888
        ],
        [
            0.6286339694917573,
            0.3796945613214898,
            115.62162162162163
        ],
        [
            0.6287878787878788,
            0.3582797986824338,
            122.80904522613065
        ],
        [
            0.628482368984999,
            0.38745471014492744,
            113.23076923076923
        ],
        [
            0.6287878787878788,
            0.3419689119170984,
            128.66666666666666
        ],
        [
            0.6287732819524727,
            0.36352174826644257,
            120.99152542372882
        ],
        [
            0.628733657791774,
            0.3693169803341086,
            118.96855345911949
        ],
        [
            0.6287428193787808,
            0.3667225950782998,
            120.0
        ]
    ]
}