{
    "rgb_colors": [
        [
            83.0,
            92.0,
            130.0
        ],
        [
            78.16470588235295,
            87.16470588235295,
            125.16470588235295
        ],
        [
            80.0,
            89.0,
            127.0
        ],
        [
            109.5,
            118.5,
            156.5
        ],
        [
            120.5,
            129.5,
            167.5
        ],
        [
            84.89419795221843,
            93.89419795221843,
            131.89419795221843
        ],
        [
            81.0,
            90.0,
            128.0
        ],
        [
            82.0,
            91.0,
            129.0
        ],
        [
            89.42105263157895,
            98.42105263157895,
            136.42105263157896
        ],
        [
            100.5,
            109.5,
            147.5
        ]
    ],
    "hex_colors": [
        "#535c82",
        "#4e577d",
        "#50597f",
        "#6d769c",
        "#7881a7",
        "#545d83",
        "#515a80",
        "#525b81",
        "#596288",
        "#646d93"
    ],
    "hsl_color_values": [
        [
            0.6347517730496454,
            0.36153846153846153,
            130.0
        ],
        [
            0.6347517730496454,
            0.3755052166557007,
            125.16470588235295
        ],
        [
            0.6347517730496454,
            0.3700787401574803,
            127.0
        ],
        [
            0.6347517730496454,
            0.3003194888178914,
            156.5
        ],
        [
            0.6347517730496454,
            0.28059701492537314,
            167.5
        ],
        [
            0.6347517730496454,
            0.3563462284901022,
            131.89419795221843
        ],
        [
            0.6347517730496454,
            0.3671875,
            128.0
        ],
        [
            0.6347517730496454,
            0.3643410852713178,
            129.0
        ],
        [
            0.6347517730496454,
            0.34452160493827166,
            136.42105263157896
        ],
        [
            0.6347517730496454,
            0.31864406779661014,
            147.5
        ]
    ]
}