{
    "rgb_colors": [
        [
            83.55384615384615,
            95.55384615384615,
            134.55384615384617
        ],
        [
            89.0,
            101.0,
            140.0
        ],
        [
            91.0,
            103.0,
            142.0
        ],
        [
            85.6,
            97.6,
            136.6
        ],
        [
            92.45454545454545,
            104.45454545454545,
            143.45454545454547
        ],
        [
            94.34210526315789,
            106.34210526315789,
            145.3421052631579
        ],
        [
            97.07142857142857,
            109.07142857142857,
            148.07142857142858
        ],
        [
            87.0,
            99.0,
            138.0
        ],
        [
            88.0,
            100.0,
            139.0
        ],
        [
            90.0,
            102.0,
            141.0
        ]
    ],
    "hex_colors": [
        "#535f86",
        "#59658c",
        "#5b678e",
        "#556188",
        "#5c688f",
        "#5e6a91",
        "#616d94",
        "#57638a",
        "#58648b",
        "#5a668d"
    ],
    "hsl_color_values": [
        [
            0.6274509803921569,
            0.3790304139034988,
            134.55384615384617
        ],
        [
            0.6274509803921569,
            0.36428571428571427,
            140.0
        ],
        [
            0.6274509803921569,
            0.3591549295774648,
            142.0
        ],
        [
            0.6274509803921569,
            0.37335285505124455,
            136.6
        ],
        [
            0.6274509803921569,
            0.3555133079847909,
            143.45454545454547
        ],
        [
            0.6274509803921569,
            0.3508962520369365,
            145.3421052631579
        ],
        [
            0.6274509803921569,
            0.3444283646888568,
            148.07142857142858
        ],
        [
            0.6274509803921569,
            0.3695652173913043,
            138.0
        ],
        [
            0.6274509803921569,
            0.3669064748201439,
            139.0
        ],
        [
            0.6274509803921569,
            0.3617021276595745,
            141.0
        ]
    ]
}