{
    "rgb_colors": [
        [
            86.38,
            88.38,
            110.11
        ],
        [
            87.43939393939394,
            86.43939393939394,
            108.43939393939394
        ],
        [
            91.91666666666667,
            92.58333333333333,
            114.44444444444444
        ],
        [
            90.40625,
            90.625,
            112.453125
        ],
        [
            84.59322033898304,
            86.59322033898304,
            108.44067796610169
        ],
        [
            85.10191082802548,
            84.10191082802548,
            106.10191082802548
        ],
        [
            83.22680412371135,
            85.22680412371135,
            106.79381443298969
        ],
        [
            81.59183673469389,
            83.59183673469387,
            105.42857142857143
        ],
        [
            89.16190476190476,
            88.76190476190476,
            110.71428571428571
        ],
        [
            81.5042735042735,
            81.32478632478633,
            103.2905982905983
        ]
    ],
    "hex_colors": [
        "#56586e",
        "#57566c",
        "#5b5c72",
        "#5a5a70",
        "#54566c",
        "#55546a",
        "#53556a",
        "#515369",
        "#59586e",
        "#515167"
    ],
    "hsl_color_values": [
        [
            0.6526197499648827,
            0.21551176096630645,
            110.11
        ],
        [
            0.6742424242424242,
            0.2028783009640911,
            108.43939393939394
        ],
        [
            0.6617344841759145,
            0.1968446601941747,
            114.44444444444444
        ],
        [
            0.6650129931490669,
            0.19605391135195221,
            112.453125
        ],
        [
            0.6526889362710259,
            0.21991247264770242,
            108.44067796610169
        ],
        [
            0.6742424242424242,
            0.20734782086685075,
            106.10191082802548
        ],
        [
            0.652522601341499,
            0.22067767158992174,
            106.79381443298969
        ],
        [
            0.6526826484018265,
            0.2260936895083236,
            105.42857142857143
        ],
        [
            0.6697035430224151,
            0.1982795698924731,
            110.71428571428571
        ],
        [
            0.6680285343709468,
            0.2126603227141084,
            103.2905982905983
        ]
    ]
}