{
    "rgb_colors": [
        [
            65.0,
            76.0,
            112.0
        ],
        [
            63.4,
            74.4,
            110.4
        ],
        [
            68.0,
            79.0,
            115.0
        ],
        [
            75.34782608695652,
            86.34782608695652,
            122.34782608695652
        ],
        [
            66.54736842105262,
            77.54736842105262,
            113.54736842105262
        ],
        [
            70.0,
            81.0,
            117.0
        ],
        [
            73.4090909090909,
            84.4090909090909,
            120.4090909090909
        ],
        [
            69.0,
            80.0,
            116.0
        ],
        [
            72.0,
            83.0,
            119.0
        ],
        [
            71.0,
            82.0,
            118.0
        ]
    ],
    "hex_colors": [
        "#414c70",
        "#3f4a6e",
        "#444f73",
        "#4b567a",
        "#424d71",
        "#465175",
        "#495478",
        "#455074",
        "#485377",
        "#475276"
    ],
    "hsl_color_values": [
        [
            0.6276595744680851,
            0.41964285714285715,
            112.0
        ],
        [
            0.6276595744680851,
            0.4257246376811595,
            110.4
        ],
        [
            0.6276595744680851,
            0.40869565217391307,
            115.0
        ],
        [
            0.6276595744680851,
            0.3841506751954513,
            122.34782608695652
        ],
        [
            0.6276595744680851,
            0.41392416797997594,
            113.54736842105262
        ],
        [
            0.6276595744680851,
            0.4017094017094017,
            117.0
        ],
        [
            0.6276595744680851,
            0.3903359758399396,
            120.4090909090909
        ],
        [
            0.6276595744680851,
            0.4051724137931034,
            116.0
        ],
        [
            0.6276595744680851,
            0.3949579831932773,
            119.0
        ],
        [
            0.6276595744680851,
            0.3983050847457627,
            118.0
        ]
    ]
}