{
    "rgb_colors": [
        [
            86.64285714285714,
            94.64285714285714,
            124.64285714285714
        ],
        [
            88.0,
            96.0,
            126.0
        ],
        [
            90.0,
            98.0,
            128.0
        ],
        [
            91.0,
            99.0,
            129.0
        ],
        [
            93.0,
            101.0,
            131.0
        ],
        [
            89.0,
            97.0,
            127.0
        ],
        [
            84.03333333333333,
            92.03333333333333,
            122.03333333333333
        ],
        [
            94.43,
            102.43,
            132.43
        ],
        [
            96.54545454545455,
            104.54545454545455,
            134.54545454545453
        ],
        [
            92.0,
            100.0,
            130.0
        ]
    ],
    "hex_colors": [
        "#565e7c",
        "#58607e",
        "#5a6280",
        "#5b6381",
        "#5d6583",
        "#59617f",
        "#545c7a",
        "#5e6684",
        "#606886",
        "#5c6482"
    ],
    "hsl_color_values": [
        [
            0.6315789473684211,
            0.3048710601719198,
            124.64285714285714
        ],
        [
            0.6315789473684211,
            0.30158730158730157,
            126.0
        ],
        [
            0.6315789473684211,
            0.296875,
            128.0
        ],
        [
            0.6315789473684211,
            0.29457364341085274,
            129.0
        ],
        [
            0.6315789473684211,
            0.2900763358778626,
            131.0
        ],
        [
            0.6315789473684211,
            0.2992125984251969,
            127.0
        ],
        [
            0.6315789473684211,
            0.3113903305107894,
            122.03333333333333
        ],
        [
            0.6315789473684211,
            0.28694404591104733,
            132.43
        ],
        [
            0.6315789473684211,
            0.2824324324324324,
            134.54545454545453
        ],
        [
            0.6315789473684211,
            0.2923076923076923,
            130.0
        ]
    ]
}