{
    "rgb_colors": [
        [
            67.0,
            80.0,
            116.0
        ],
        [
            72.0,
            85.0,
            121.0
        ],
        [
            71.0,
            84.0,
            120.0
        ],
        [
            73.0,
            86.0,
            122.0
        ],
        [
            74.38709677419355,
            87.38709677419355,
            123.38709677419355
        ],
        [
            69.0,
            82.0,
            118.0
        ],
        [
            68.0,
            81.0,
            117.0
        ],
        [
            66.0,
            79.0,
            115.0
        ],
        [
            70.0,
            83.0,
            119.0
        ],
        [
            64.45714285714286,
            77.45714285714286,
            113.45714285714286
        ]
    ],
    "hex_colors": [
        "#435074",
        "#485579",
        "#475478",
        "#49567a",
        "#4a577b",
        "#455276",
        "#445175",
        "#424f73",
        "#465377",
        "#404d71"
    ],
    "hsl_color_values": [
        [
            0.6224489795918368,
            0.4224137931034483,
            116.0
        ],
        [
            0.6224489795918368,
            0.4049586776859504,
            121.0
        ],
        [
            0.6224489795918368,
            0.4083333333333333,
            120.0
        ],
        [
            0.6224489795918368,
            0.4016393442622951,
            122.0
        ],
        [
            0.6224489795918368,
            0.39712418300653596,
            123.38709677419355
        ],
        [
            0.6224489795918368,
            0.4152542372881356,
            118.0
        ],
        [
            0.6224489795918368,
            0.4188034188034188,
            117.0
        ],
        [
            0.6224489795918368,
            0.4260869565217391,
            115.0
        ],
        [
            0.6224489795918368,
            0.4117647058823529,
            119.0
        ],
        [
            0.6224489795918368,
            0.4318811382523294,
            113.45714285714286
        ]
    ]
}