{
    "rgb_colors": [
        [
            68.0,
            83.0,
            121.0
        ],
        [
            64.53977272727273,
            79.53977272727273,
            117.53977272727273
        ],
        [
            66.0,
            81.0,
            119.0
        ],
        [
            67.0,
            82.0,
            120.0
        ],
        [
            72.0,
            87.0,
            125.0
        ],
        [
            60.22222222222222,
            75.22222222222223,
            113.22222222222223
        ],
        [
            73.72549019607843,
            88.72549019607843,
            126.72549019607843
        ],
        [
            62.670212765957444,
            77.67021276595744,
            115.67021276595744
        ],
        [
            69.0,
            84.0,
            122.0
        ],
        [
            70.41614906832298,
            85.41614906832298,
            123.41614906832298
        ]
    ],
    "hex_colors": [
        "#445379",
        "#404f75",
        "#425177",
        "#435278",
        "#48577d",
        "#3c4b71",
        "#49587e",
        "#3e4d73",
        "#45547a",
        "#46557b"
    ],
    "hsl_color_values": [
        [
            0.619496855345912,
            0.4380165289256198,
            121.0
        ],
        [
            0.619496855345912,
            0.45091120027070136,
            117.53977272727273
        ],
        [
            0.619496855345912,
            0.44537815126050423,
            119.0
        ],
        [
            0.619496855345912,
            0.44166666666666665,
            120.0
        ],
        [
            0.619496855345912,
            0.424,
            125.0
        ],
        [
            0.619496855345912,
            0.4681059862610403,
            113.22222222222223
        ],
        [
            0.619496855345912,
            0.4182268296456754,
            126.72549019607843
        ],
        [
            0.619496855345912,
            0.4581992090499402,
            115.67021276595744
        ],
        [
            0.619496855345912,
            0.4344262295081967,
            122.0
        ],
        [
            0.619496855345912,
            0.42944136889783596,
            123.41614906832298
        ]
    ]
}