{
    "rgb_colors": [
        [
            79.0,
            89.0,
            121.0
        ],
        [
            72.73684210526316,
            82.73684210526316,
            114.73684210526316
        ],
        [
            78.0,
            88.0,
            120.0
        ],
        [
            70.85714285714286,
            80.85714285714286,
            112.85714285714286
        ],
        [
            74.0,
            84.0,
            116.0
        ],
        [
            80.24770642201835,
            90.24770642201835,
            122.24770642201835
        ],
        [
            82.5,
            92.5,
            124.5
        ],
        [
            75.0,
            85.0,
            117.0
        ],
        [
            76.0,
            86.0,
            118.0
        ],
        [
            77.0,
            87.0,
            119.0
        ]
    ],
    "hex_colors": [
        "#4f5979",
        "#485272",
        "#4e5878",
        "#465070",
        "#4a5474",
        "#505a7a",
        "#525c7c",
        "#4b5575",
        "#4c5676",
        "#4d5777"
    ],
    "hsl_color_values": [
        [
            0.626984126984127,
            0.34710743801652894,
            121.0
        ],
        [
            0.626984126984127,
            0.3660550458715596,
            114.73684210526316
        ],
        [
            0.626984126984127,
            0.35,
            120.0
        ],
        [
            0.626984126984127,
            0.3721518987341772,
            112.85714285714286
        ],
        [
            0.626984126984127,
            0.3620689655172414,
            116.0
        ],
        [
            0.626984126984127,
            0.34356472795497184,
            122.24770642201835
        ],
        [
            0.626984126984127,
            0.3373493975903614,
            124.5
        ],
        [
            0.626984126984127,
            0.358974358974359,
            117.0
        ],
        [
            0.626984126984127,
            0.3559322033898305,
            118.0
        ],
        [
            0.626984126984127,
            0.35294117647058826,
            119.0
        ]
    ]
}