{
    "rgb_colors": [
        [
            83.0,
            91.0,
            119.0
        ],
        [
            79.23863636363636,
            87.23863636363636,
            115.23863636363636
        ],
        [
            87.49,
            95.49,
            123.49
        ],
        [
            89.77333333333334,
            97.77333333333334,
            125.77333333333334
        ],
        [
            74.57692307692308,
            82.57692307692308,
            110.57692307692308
        ],
        [
            81.55029585798816,
            89.55029585798816,
            117.55029585798816
        ],
        [
            85.4715909090909,
            93.4715909090909,
            121.4715909090909
        ],
        [
            92.5,
            100.5,
            128.5
        ],
        [
            76.5909090909091,
            84.5909090909091,
            112.5909090909091
        ],
        [
            84.0,
            92.0,
            120.0
        ]
    ],
    "hex_colors": [
        "#535b77",
        "#4f5773",
        "#575f7b",
        "#59617d",
        "#4a526e",
        "#515975",
        "#555d79",
        "#5c6480",
        "#4c5470",
        "#545c78"
    ],
    "hsl_color_values": [
        [
            0.6296296296296297,
            0.3025210084033613,
            119.0
        ],
        [
            0.6296296296296297,
            0.3123952272951386,
            115.23863636363636
        ],
        [
            0.6296296296296297,
            0.2915215806947931,
            123.49
        ],
        [
            0.6296296296296297,
            0.2862291953779285,
            125.77333333333334
        ],
        [
            0.6296296296296297,
            0.32556521739130434,
            110.57692307692308
        ],
        [
            0.6296296296296297,
            0.3062518876472365,
            117.55029585798816
        ],
        [
            0.6296296296296297,
            0.2963655924037607,
            121.4715909090909
        ],
        [
            0.6296296296296297,
            0.2801556420233463,
            128.5
        ],
        [
            0.6296296296296297,
            0.31974162293096486,
            112.5909090909091
        ],
        [
            0.6296296296296297,
            0.3,
            120.0
        ]
    ]
}