{
    "rgb_colors": [
        [
            69.0,
            84.0,
            122.0
        ],
        [
            67.0,
            82.0,
            120.0
        ],
        [
            71.0,
            86.0,
            124.0
        ],
        [
            68.0,
            83.0,
            121.0
        ],
        [
            73.0,
            88.0,
            126.0
        ],
        [
            70.0,
            85.0,
            123.0
        ],
        [
            65.8108108108108,
            80.8108108108108,
            118.8108108108108
        ],
        [
            72.0,
            87.0,
            125.0
        ],
        [
            75.16666666666667,
            90.16666666666667,
            128.16666666666666
        ],
        [
            74.0,
            89.0,
            127.0
        ]
    ],
    "hex_colors": [
        "#45547a",
        "#435278",
        "#47567c",
        "#445379",
        "#49587e",
        "#46557b",
        "#415076",
        "#48577d",
        "#4b5a80",
        "#4a597f"
    ],
    "hsl_color_values": [
        [
            0.619496855345912,
            0.4344262295081967,
            122.0
        ],
        [
            0.619496855345912,
            0.44166666666666665,
            120.0
        ],
        [
            0.619496855345912,
            0.4274193548387097,
            124.0
        ],
        [
            0.619496855345912,
            0.4380165289256198,
            121.0
        ],
        [
            0.619496855345912,
            0.42063492063492064,
            126.0
        ],
        [
            0.619496855345912,
            0.43089430894308944,
            123.0
        ],
        [
            0.619496855345912,
            0.4460873521383076,
            118.8108108108108
        ],
        [
            0.619496855345912,
            0.424,
            125.0
        ],
        [
            0.619496855345912,
            0.41352405721716506,
            128.16666666666666
        ],
        [
            0.619496855345912,
            0.41732283464566927,
            127.0
        ]
    ]
}