{
    "rgb_colors": [
        [
            66.0,
            81.0,
            119.0
        ],
        [
            69.0,
            84.0,
            122.0
        ],
        [
            64.0,
            79.0,
            117.0
        ],
        [
            67.0,
            82.0,
            120.0
        ],
        [
            62.654545454545456,
            77.65454545454546,
            115.65454545454546
        ],
        [
            65.0,
            80.0,
            118.0
        ],
        [
            70.0,
            85.0,
            123.0
        ],
        [
            60.61538461538461,
            75.61538461538461,
            113.61538461538461
        ],
        [
            68.0,
            83.0,
            121.0
        ],
        [
            71.75,
            86.75,
            124.75
        ]
    ],
    "hex_colors": [
        "#425177",
        "#45547a",
        "#404f75",
        "#435278",
        "#3e4d73",
        "#415076",
        "#46557b",
        "#3c4b71",
        "#445379",
        "#47567c"
    ],
    "hsl_color_values": [
        [
            0.619496855345912,
            0.44537815126050423,
            119.0
        ],
        [
            0.619496855345912,
            0.4344262295081967,
            122.0
        ],
        [
            0.619496855345912,
            0.452991452991453,
            117.0
        ],
        [
            0.619496855345912,
            0.44166666666666665,
            120.0
        ],
        [
            0.619496855345912,
            0.4582612796730074,
            115.65454545454546
        ],
        [
            0.619496855345912,
            0.4491525423728814,
            118.0
        ],
        [
            0.619496855345912,
            0.43089430894308944,
            123.0
        ],
        [
            0.619496855345912,
            0.46648612051455657,
            113.61538461538461
        ],
        [
            0.619496855345912,
            0.4380165289256198,
            121.0
        ],
        [
            0.619496855345912,
            0.4248496993987976,
            124.75
        ]
    ]
}