{
    "rgb_colors": [
        [
            92.0,
            104.0,
            143.0
        ],
        [
            84.6086956521739,
            96.6086956521739,
            135.6086956521739
        ],
        [
            87.0,
            99.0,
            138.0
        ],
        [
            89.0,
            101.0,
            140.0
        ],
        [
            91.0,
            103.0,
            142.0
        ],
        [
            88.0,
            100.0,
            139.0
        ],
        [
            90.0,
            102.0,
            141.0
        ],
        [
            82.9375,
            94.9375,
            133.9375
        ],
        [
            93.67241379310344,
            105.67241379310344,
            144.67241379310346
        ],
        [
            86.0,
            98.0,
            137.0
        ]
    ],
    "hex_colors": [
        "#5c688f",
        "#546087",
        "#57638a",
        "#59658c",
        "#5b678e",
        "#58648b",
        "#5a668d",
        "#525e85",
        "#5d6990",
        "#566289"
    ],
    "hsl_color_values": [
        [
            0.6274509803921569,
            0.35664335664335667,
            143.0
        ],
        [
            0.6274509803921569,
            0.37608207758897083,
            135.6086956521739
        ],
        [
            0.6274509803921569,
            0.3695652173913043,
            138.0
        ],
        [
            0.6274509803921569,
            0.36428571428571427,
            140.0
        ],
        [
            0.6274509803921569,
            0.3591549295774648,
            142.0
        ],
        [
            0.6274509803921569,
            0.3669064748201439,
            139.0
        ],
        [
            0.6274509803921569,
            0.3617021276595745,
            141.0
        ],
        [
            0.6274509803921569,
            0.38077461502566495,
            133.9375
        ],
        [
            0.6274509803921569,
            0.3525205577404363,
            144.67241379310346
        ],
        [
            0.6274509803921569,
            0.3722627737226277,
            137.0
        ]
    ]
}