{
    "rgb_colors": [
        [
            72.0,
            87.0,
            127.0
        ],
        [
            64.52542372881356,
            79.52542372881356,
            119.52542372881356
        ],
        [
            69.0,
            84.0,
            124.0
        ],
        [
            73.0,
            88.0,
            128.0
        ],
        [
            70.0,
            85.0,
            125.0
        ],
        [
            68.0,
            83.0,
            123.0
        ],
        [
            71.0,
            86.0,
            126.0
        ],
        [
            66.0,
            81.0,
            121.0
        ],
        [
            74.3953488372093,
            89.3953488372093,
            129.3953488372093
        ],
        [
            67.0,
            82.0,
            122.0
        ]
    ],
    "hex_colors": [
        "#48577f",
        "#404f77",
        "#45547c",
        "#495880",
        "#46557d",
        "#44537b",
        "#47567e",
        "#425179",
        "#4a5981",
        "#43527a"
    ],
    "hsl_color_values": [
        [
            0.6212121212121212,
            0.4330708661417323,
            127.0
        ],
        [
            0.6212121212121212,
            0.4601531480431083,
            119.52542372881356
        ],
        [
            0.6212121212121212,
            0.4435483870967742,
            124.0
        ],
        [
            0.6212121212121212,
            0.4296875,
            128.0
        ],
        [
            0.6212121212121212,
            0.44,
            125.0
        ],
        [
            0.6212121212121212,
            0.44715447154471544,
            123.0
        ],
        [
            0.6212121212121212,
            0.4365079365079365,
            126.0
        ],
        [
            0.6212121212121212,
            0.45454545454545453,
            121.0
        ],
        [
            0.6212121212121212,
            0.42505391804457227,
            129.3953488372093
        ],
        [
            0.6212121212121212,
            0.45081967213114754,
            122.0
        ]
    ]
}