{
    "rgb_colors": [
        [
            80.57407407407408,
            90.57407407407408,
            122.57407407407408
        ],
        [
            77.0,
            87.0,
            119.0
        ],
        [
            73.0,
            83.0,
            115.0
        ],
        [
            72.0,
            82.0,
            114.0
        ],
        [
            75.0,
            85.0,
            117.0
        ],
        [
            79.0,
            89.0,
            121.0
        ],
        [
            74.0,
            84.0,
            116.0
        ],
        [
            76.0,
            86.0,
            118.0
        ],
        [
            70.36065573770492,
            80.36065573770492,
            112.36065573770492
        ],
        [
            78.0,
            88.0,
            120.0
        ]
    ],
    "hex_colors": [
        "#505a7a",
        "#4d5777",
        "#495373",
        "#485272",
        "#4b5575",
        "#4f5979",
        "#4a5474",
        "#4c5676",
        "#465070",
        "#4e5878"
    ],
    "hsl_color_values": [
        [
            0.626984126984127,
            0.34264994712192176,
            122.57407407407408
        ],
        [
            0.626984126984127,
            0.35294117647058826,
            119.0
        ],
        [
            0.626984126984127,
            0.3652173913043478,
            115.0
        ],
        [
            0.626984126984127,
            0.3684210526315789,
            114.0
        ],
        [
            0.626984126984127,
            0.358974358974359,
            117.0
        ],
        [
            0.626984126984127,
            0.34710743801652894,
            121.0
        ],
        [
            0.626984126984127,
            0.3620689655172414,
            116.0
        ],
        [
            0.626984126984127,
            0.3559322033898305,
            118.0
        ],
        [
            0.626984126984127,
            0.37379632331485263,
            112.36065573770492
        ],
        [
            0.626984126984127,
            0.35,
            120.0
        ]
    ]
}