{
    "rgb_colors": [
        [
            87.9113924050633,
            99.73417721518987,
            138.73417721518987
        ],
        [
            97.66666666666667,
            109.22916666666667,
            148.22916666666666
        ],
        [
            92.15131578947368,
            104.0,
            143.0
        ],
        [
            91.09638554216868,
            103.0,
            142.0
        ],
        [
            89.70833333333333,
            101.61574074074075,
            140.61574074074073
        ],
        [
            94.17592592592592,
            106.0,
            145.0
        ],
        [
            95.64220183486239,
            107.40366972477064,
            146.40366972477065
        ],
        [
            93.11965811965813,
            105.0,
            144.0
        ],
        [
            99.8125,
            111.5,
            150.5
        ],
        [
            85.61538461538461,
            97.46153846153847,
            136.46153846153845
        ]
    ],
    "hex_colors": [
        "#57638a",
        "#616d94",
        "#5c688f",
        "#5b678e",
        "#59658c",
        "#5e6a91",
        "#5f6b92",
        "#5d6990",
        "#636f96",
        "#556188"
    ],
    "hsl_color_values": [
        [
            0.6278953922789539,
            0.3663321167883211,
            138.73417721518987
        ],
        [
            0.6285537700865266,
            0.3411103302881236,
            148.22916666666666
        ],
        [
            0.6278302497088886,
            0.3555852042694148,
            143.0
        ],
        [
            0.6276923076923078,
            0.35847615815374173,
            142.0
        ],
        [
            0.6276827937431793,
            0.3620320679550917,
            140.61574074074073
        ],
        [
            0.627892147932228,
            0.3505108556832695,
            145.0
        ],
        [
            0.6280498825230435,
            0.3467226469482391,
            146.40366972477065
        ],
        [
            0.6277507139257518,
            0.35333570750237414,
            144.0
        ],
        [
            0.628236744759556,
            0.33679401993355484,
            150.5
        ],
        [
            0.6278366111951588,
            0.3726042841037204,
            136.46153846153845
        ]
    ]
}