{
    "rgb_colors": [
        [
            89.0,
            101.0,
            140.0
        ],
        [
            90.0,
            102.0,
            141.0
        ],
        [
            92.3012048192771,
            104.3012048192771,
            143.3012048192771
        ],
        [
            87.0,
            99.0,
            138.0
        ],
        [
            86.0,
            98.0,
            137.0
        ],
        [
            83.60317460317461,
            95.60317460317461,
            134.6031746031746
        ],
        [
            85.0,
            97.0,
            136.0
        ],
        [
            88.0,
            100.0,
            139.0
        ],
        [
            91.0,
            103.0,
            142.0
        ],
        [
            94.18181818181819,
            106.18181818181819,
            145.1818181818182
        ]
    ],
    "hex_colors": [
        "#59658c",
        "#5a668d",
        "#5c688f",
        "#57638a",
        "#566289",
        "#535f86",
        "#556188",
        "#58648b",
        "#5b678e",
        "#5e6a91"
    ],
    "hsl_color_values": [
        [
            0.6274509803921569,
            0.36428571428571427,
            140.0
        ],
        [
            0.6274509803921569,
            0.3617021276595745,
            141.0
        ],
        [
            0.6274509803921569,
            0.35589372793004875,
            143.3012048192771
        ],
        [
            0.6274509803921569,
            0.3695652173913043,
            138.0
        ],
        [
            0.6274509803921569,
            0.3722627737226277,
            137.0
        ],
        [
            0.6274509803921569,
            0.37889150943396227,
            134.6031746031746
        ],
        [
            0.6274509803921569,
            0.375,
            136.0
        ],
        [
            0.6274509803921569,
            0.3669064748201439,
            139.0
        ],
        [
            0.6274509803921569,
            0.3591549295774648,
            142.0
        ],
        [
            0.6274509803921569,
            0.3512836568566061,
            145.1818181818182
        ]
    ]
}