{
    "rgb_colors": [
        [
            69.0,
            80.0,
            116.0
        ],
        [
            65.36263736263736,
            76.76923076923077,
            111.54945054945055
        ],
        [
            73.43835616438356,
            84.65753424657534,
            120.0
        ],
        [
            75.76470588235294,
            87.29411764705883,
            121.70588235294117
        ],
        [
            70.0,
            81.0,
            117.0
        ],
        [
            67.54545454545455,
            79.54545454545455,
            112.54545454545455
        ],
        [
            71.4472049689441,
            82.4472049689441,
            118.4472049689441
        ],
        [
            67.61739130434782,
            78.61739130434782,
            114.61739130434782
        ],
        [
            70.02450980392157,
            82.02450980392157,
            115.02450980392157
        ],
        [
            72.3936170212766,
            84.3936170212766,
            117.3936170212766
        ]
    ],
    "hex_colors": [
        "#455074",
        "#414c6f",
        "#495478",
        "#4b5779",
        "#465175",
        "#434f70",
        "#475276",
        "#434e72",
        "#465273",
        "#485475"
    ],
    "hsl_color_values": [
        [
            0.6276595744680851,
            0.4051724137931034,
            116.0
        ],
        [
            0.6255055912443493,
            0.4140478770564477,
            111.54945054945055
        ],
        [
            0.6265077964107091,
            0.38801369863013696,
            120.0
        ],
        [
            0.6248399487836108,
            0.37747704204929916,
            121.70588235294117
        ],
        [
            0.6276595744680851,
            0.4017094017094017,
            117.0
        ],
        [
            0.6222222222222222,
            0.3998384491114701,
            112.54545454545455
        ],
        [
            0.6276595744680851,
            0.39680125852123754,
            118.4472049689441
        ],
        [
            0.6276595744680851,
            0.410059934754571,
            114.61739130434782
        ],
        [
            0.6222222222222222,
            0.3912209673982527,
            115.02450980392157
        ],
        [
            0.6222222222222222,
            0.3833257816039873,
            117.3936170212766
        ]
    ]
}