{
    "rgb_colors": [
        [
            83.0,
            93.0,
            125.0
        ],
        [
            79.0,
            89.0,
            121.0
        ],
        [
            82.0,
            92.0,
            124.0
        ],
        [
            76.14814814814815,
            86.14814814814815,
            118.14814814814815
        ],
        [
            78.0,
            88.0,
            120.0
        ],
        [
            84.0,
            94.0,
            126.0
        ],
        [
            80.0,
            90.0,
            122.0
        ],
        [
            85.29166666666667,
            95.29166666666667,
            127.29166666666667
        ],
        [
            81.0,
            91.0,
            123.0
        ],
        [
            87.5,
            97.5,
            129.5
        ]
    ],
    "hex_colors": [
        "#535d7d",
        "#4f5979",
        "#525c7c",
        "#4c5676",
        "#4e5878",
        "#545e7e",
        "#505a7a",
        "#555f7f",
        "#515b7b",
        "#576181"
    ],
    "hsl_color_values": [
        [
            0.626984126984127,
            0.336,
            125.0
        ],
        [
            0.626984126984127,
            0.34710743801652894,
            121.0
        ],
        [
            0.626984126984127,
            0.3387096774193548,
            124.0
        ],
        [
            0.626984126984127,
            0.3554858934169279,
            118.14814814814815
        ],
        [
            0.626984126984127,
            0.35,
            120.0
        ],
        [
            0.626984126984127,
            0.3333333333333333,
            126.0
        ],
        [
            0.626984126984127,
            0.3442622950819672,
            122.0
        ],
        [
            0.626984126984127,
            0.3299509001636661,
            127.29166666666667
        ],
        [
            0.626984126984127,
            0.34146341463414637,
            123.0
        ],
        [
            0.626984126984127,
            0.32432432432432434,
            129.5
        ]
    ]
}