{
    "rgb_colors": [
        [
            70.0,
            81.0,
            118.0
        ],
        [
            69.0,
            80.0,
            117.0
        ],
        [
            65.0,
            76.0,
            113.0
        ],
        [
            68.0,
            79.0,
            116.0
        ],
        [
            72.34782608695652,
            83.34782608695652,
            120.34782608695652
        ],
        [
            71.0,
            82.0,
            119.0
        ],
        [
            66.0,
            77.0,
            114.0
        ],
        [
            63.368421052631575,
            74.36842105263158,
            111.36842105263158
        ],
        [
            76.0,
            87.0,
            124.0
        ],
        [
            67.0,
            78.0,
            115.0
        ]
    ],
    "hex_colors": [
        "#465176",
        "#455075",
        "#414c71",
        "#444f74",
        "#485378",
        "#475277",
        "#424d72",
        "#3f4a6f",
        "#4c577c",
        "#434e73"
    ],
    "hsl_color_values": [
        [
            0.6284722222222222,
            0.4067796610169492,
            118.0
        ],
        [
            0.6284722222222222,
            0.41025641025641024,
            117.0
        ],
        [
            0.6284722222222222,
            0.4247787610619469,
            113.0
        ],
        [
            0.6284722222222222,
            0.41379310344827586,
            116.0
        ],
        [
            0.6284722222222222,
            0.3988439306358382,
            120.34782608695652
        ],
        [
            0.6284722222222222,
            0.40336134453781514,
            119.0
        ],
        [
            0.6284722222222222,
            0.42105263157894735,
            114.0
        ],
        [
            0.6284722222222222,
            0.43100189035916825,
            111.36842105263158
        ],
        [
            0.6284722222222222,
            0.3870967741935484,
            124.0
        ],
        [
            0.6284722222222222,
            0.41739130434782606,
            115.0
        ]
    ]
}