{
    "rgb_colors": [
        [
            68.14814814814815,
            80.14814814814815,
            119.14814814814815
        ],
        [
            72.51923076923077,
            85.28846153846153,
            121.98076923076923
        ],
        [
            65.87591240875912,
            78.5912408759124,
            115.44525547445255
        ],
        [
            67.0,
            80.0,
            116.0
        ],
        [
            64.47560975609755,
            77.34146341463415,
            113.7439024390244
        ],
        [
            69.0,
            82.0,
            118.0
        ],
        [
            68.0,
            81.0,
            117.0
        ],
        [
            70.36734693877551,
            82.36734693877551,
            121.36734693877551
        ],
        [
            70.0,
            83.0,
            119.0
        ],
        [
            71.0,
            84.0,
            120.0
        ]
    ],
    "hex_colors": [
        "#445077",
        "#485579",
        "#414e73",
        "#435074",
        "#404d71",
        "#455276",
        "#445175",
        "#465279",
        "#465377",
        "#475478"
    ],
    "hsl_color_values": [
        [
            0.6274509803921569,
            0.42803854522847373,
            119.14814814814815
        ],
        [
            0.6236391912908243,
            0.405486362919754,
            121.98076923076923
        ],
        [
            0.6239140038285966,
            0.42937531613555896,
            115.44525547445255
        ],
        [
            0.6224489795918368,
            0.4224137931034483,
            116.0
        ],
        [
            0.6231435643564356,
            0.4331510667953255,
            113.7439024390244
        ],
        [
            0.6224489795918368,
            0.4152542372881356,
            118.0
        ],
        [
            0.6224489795918368,
            0.4188034188034188,
            117.0
        ],
        [
            0.6274509803921569,
            0.4202118715318648,
            121.36734693877551
        ],
        [
            0.6224489795918368,
            0.4117647058823529,
            119.0
        ],
        [
            0.6224489795918368,
            0.4083333333333333,
            120.0
        ]
    ]
}