{
    "rgb_colors": [
        [
            83.0,
            92.0,
            130.0
        ],
        [
            82.0,
            91.0,
            129.0
        ],
        [
            90.0,
            99.0,
            137.0
        ],
        [
            80.81632653061224,
            89.81632653061224,
            127.81632653061224
        ],
        [
            84.0,
            93.0,
            131.0
        ],
        [
            85.0,
            94.0,
            132.0
        ],
        [
            87.0,
            96.0,
            134.0
        ],
        [
            89.0,
            98.0,
            136.0
        ],
        [
            86.0,
            95.0,
            133.0
        ],
        [
            88.0,
            97.0,
            135.0
        ]
    ],
    "hex_colors": [
        "#535c82",
        "#525b81",
        "#5a6389",
        "#50597f",
        "#545d83",
        "#555e84",
        "#576086",
        "#596288",
        "#565f85",
        "#586187"
    ],
    "hsl_color_values": [
        [
            0.6347517730496454,
            0.36153846153846153,
            130.0
        ],
        [
            0.6347517730496454,
            0.3643410852713178,
            129.0
        ],
        [
            0.6347517730496454,
            0.34306569343065696,
            137.0
        ],
        [
            0.6347517730496454,
            0.3677151524828357,
            127.81632653061224
        ],
        [
            0.6347517730496454,
            0.35877862595419846,
            131.0
        ],
        [
            0.6347517730496454,
            0.3560606060606061,
            132.0
        ],
        [
            0.6347517730496454,
            0.35074626865671643,
            134.0
        ],
        [
            0.6347517730496454,
            0.34558823529411764,
            136.0
        ],
        [
            0.6347517730496454,
            0.3533834586466165,
            133.0
        ],
        [
            0.6347517730496454,
            0.34814814814814815,
            135.0
        ]
    ]
}