{
    "rgb_colors": [
        [
            72.52272727272727,
            82.52272727272727,
            116.52272727272727
        ],
        [
            70.0,
            80.0,
            114.0
        ],
        [
            74.36206896551724,
            84.36206896551724,
            118.36206896551724
        ],
        [
            68.0,
            78.0,
            112.0
        ],
        [
            63.35483870967742,
            73.35483870967742,
            107.35483870967742
        ],
        [
            65.55555555555556,
            75.55555555555556,
            109.55555555555556
        ],
        [
            67.0,
            77.0,
            111.0
        ],
        [
            71.0,
            81.0,
            115.0
        ],
        [
            76.34782608695652,
            86.34782608695652,
            120.34782608695652
        ],
        [
            69.0,
            79.0,
            113.0
        ]
    ],
    "hex_colors": [
        "#485274",
        "#465072",
        "#4a5476",
        "#444e70",
        "#3f496b",
        "#414b6d",
        "#434d6f",
        "#475173",
        "#4c5678",
        "#454f71"
    ],
    "hsl_color_values": [
        [
            0.6287878787878788,
            0.3776087380534426,
            116.52272727272727
        ],
        [
            0.6287878787878788,
            0.38596491228070173,
            114.0
        ],
        [
            0.6287878787878788,
            0.37174071376547707,
            118.36206896551724
        ],
        [
            0.6287878787878788,
            0.39285714285714285,
            112.0
        ],
        [
            0.6287878787878788,
            0.4098557692307692,
            107.35483870967742
        ],
        [
            0.6287878787878788,
            0.4016227180527383,
            109.55555555555556
        ],
        [
            0.6287878787878788,
            0.3963963963963964,
            111.0
        ],
        [
            0.6287878787878788,
            0.3826086956521739,
            115.0
        ],
        [
            0.6287878787878788,
            0.36560693641618497,
            120.34782608695652
        ],
        [
            0.6287878787878788,
            0.3893805309734513,
            113.0
        ]
    ]
}