{
    "rgb_colors": [
        [
            70.60416666666667,
            81.77083333333333,
            117.27083333333333
        ],
        [
            65.7816091954023,
            77.6896551724138,
            110.73563218390805
        ],
        [
            56.53846153846154,
            67.3076923076923,
            100.92307692307692
        ],
        [
            59.291139240506325,
            70.9113924050633,
            104.22784810126582
        ],
        [
            64.62857142857143,
            75.62857142857143,
            111.62857142857143
        ],
        [
            66.02380952380952,
            77.01190476190476,
            112.98809523809524
        ],
        [
            63.4609375,
            75.0625,
            108.90625
        ],
        [
            61.62328767123287,
            73.12328767123287,
            106.93835616438356
        ],
        [
            67.94186046511628,
            79.06589147286822,
            114.67441860465117
        ],
        [
            73.93333333333334,
            85.0,
            120.8
        ]
    ],
    "hex_colors": [
        "#465175",
        "#414d6e",
        "#384364",
        "#3b4668",
        "#404b6f",
        "#424d70",
        "#3f4b6c",
        "#3d496a",
        "#434f72",
        "#495578"
    ],
    "hsl_color_values": [
        [
            0.6267857142857144,
            0.39793924320483204,
            117.27083333333333
        ],
        [
            0.6225176851615103,
            0.40595806518580035,
            110.73563218390805
        ],
        [
            0.6262276140958983,
            0.43978658536585363,
            100.92307692307692
        ],
        [
            0.6235680751173708,
            0.4311391790138451,
            104.22784810126582
        ],
        [
            0.6276595744680851,
            0.4210391604811876,
            111.62857142857143
        ],
        [
            0.6276721588508661,
            0.4156569381519335,
            112.98809523809524
        ],
        [
            0.6241189616640881,
            0.4172883787661406,
            108.90625
        ],
        [
            0.6243702136235388,
            0.4237494395695895,
            106.93835616438356
        ],
        [
            0.626994000718808,
            0.40752382883796395,
            114.67441860465117
        ],
        [
            0.6273115220483642,
            0.38796909492273723,
            120.8
        ]
    ]
}