{
    "rgb_colors": [
        [
            70.0,
            80.0,
            114.0
        ],
        [
            67.5,
            77.5,
            111.5
        ],
        [
            69.0,
            79.0,
            113.0
        ],
        [
            71.41538461538461,
            81.41538461538461,
            115.41538461538461
        ],
        [
            73.86033519553072,
            83.86033519553072,
            117.86033519553072
        ],
        [
            65.15527950310559,
            75.15527950310559,
            109.15527950310559
        ],
        [
            62.43181818181818,
            72.43181818181819,
            106.43181818181819
        ],
        [
            59.2,
            69.2,
            103.2
        ],
        [
            76.62,
            86.62,
            120.62
        ],
        [
            79.71428571428571,
            89.71428571428571,
            123.71428571428571
        ]
    ],
    "hex_colors": [
        "#465072",
        "#434d6f",
        "#454f71",
        "#475173",
        "#495375",
        "#414b6d",
        "#3e486a",
        "#3b4567",
        "#4c5678",
        "#4f597b"
    ],
    "hsl_color_values": [
        [
            0.6287878787878788,
            0.38596491228070173,
            114.0
        ],
        [
            0.6287878787878788,
            0.39461883408071746,
            111.5
        ],
        [
            0.6287878787878788,
            0.3893805309734513,
            113.0
        ],
        [
            0.6287878787878788,
            0.3812316715542522,
            115.41538461538461
        ],
        [
            0.6287878787878788,
            0.3733232213110869,
            117.86033519553072
        ],
        [
            0.6287878787878788,
            0.4030954819619893,
            109.15527950310559
        ],
        [
            0.6287878787878788,
            0.4134102071321803,
            106.43181818181819
        ],
        [
            0.6287878787878788,
            0.4263565891472868,
            103.2
        ],
        [
            0.6287878787878788,
            0.3647819598739844,
            120.62
        ],
        [
            0.6287878787878788,
            0.35565819861431874,
            123.71428571428571
        ]
    ]
}