{
    "rgb_colors": [
        [
            103.0,
            115.0,
            154.0
        ],
        [
            98.0,
            110.0,
            149.0
        ],
        [
            104.0,
            116.0,
            155.0
        ],
        [
            101.0,
            113.0,
            152.0
        ],
        [
            96.140625,
            108.140625,
            147.140625
        ],
        [
            105.0,
            117.0,
            156.0
        ],
        [
            102.0,
            114.0,
            153.0
        ],
        [
            106.98581560283688,
            118.98581560283688,
            157.98581560283688
        ],
        [
            100.0,
            112.0,
            151.0
        ],
        [
            99.0,
            111.0,
            150.0
        ]
    ],
    "hex_colors": [
        "#67739a",
        "#626e95",
        "#68749b",
        "#657198",
        "#606c93",
        "#69759c",
        "#667299",
        "#6a769d",
        "#647097",
        "#636f96"
    ],
    "hsl_color_values": [
        [
            0.6274509803921569,
            0.33116883116883117,
            154.0
        ],
        [
            0.6274509803921569,
            0.3422818791946309,
            149.0
        ],
        [
            0.6274509803921569,
            0.32903225806451614,
            155.0
        ],
        [
            0.6274509803921569,
            0.3355263157894737,
            152.0
        ],
        [
            0.6274509803921569,
            0.34660719974514176,
            147.140625
        ],
        [
            0.6274509803921569,
            0.3269230769230769,
            156.0
        ],
        [
            0.6274509803921569,
            0.3333333333333333,
            153.0
        ],
        [
            0.6274509803921569,
            0.3228137906266834,
            157.98581560283688
        ],
        [
            0.6274509803921569,
            0.33774834437086093,
            151.0
        ],
        [
            0.6274509803921569,
            0.34,
            150.0
        ]
    ]
}