{
    "rgb_colors": [
        [
            90.8,
            98.12,
            124.96
        ],
        [
            118.5625,
            125.5625,
            152.0625
        ],
        [
            87.36082474226804,
            95.06185567010309,
            121.71134020618557
        ],
        [
            79.17391304347827,
            86.4,
            113.28695652173913
        ],
        [
            84.76347305389221,
            92.38622754491018,
            119.07784431137725
        ],
        [
            108.70588235294117,
            115.70588235294117,
            142.58823529411765
        ],
        [
            81.90534979423869,
            89.42386831275721,
            116.15637860082305
        ],
        [
            75.97058823529412,
            82.97058823529412,
            110.0
        ],
        [
            98.55555555555556,
            105.55555555555556,
            132.44444444444446
        ],
        [
            130.0,
            137.0,
            164.0
        ]
    ],
    "hex_colors": [
        "#5a627c",
        "#767d98",
        "#575f79",
        "#4f5671",
        "#545c77",
        "#6c738e",
        "#515974",
        "#4b526e",
        "#626984",
        "#8289a4"
    ],
    "hsl_color_values": [
        [
            0.6309523809523809,
            0.2733674775928297,
            124.96
        ],
        [
            0.6318407960199005,
            0.22030415125359637,
            152.0625
        ],
        [
            0.6293017206882753,
            0.2822293748941217,
            121.71134020618557
        ],
        [
            0.6313620528507095,
            0.30112066318698183,
            113.28695652173913
        ],
        [
            0.62964255591426,
            0.28816755506386404,
            119.07784431137725
        ],
        [
            0.6322337962962963,
            0.23762376237623767,
            142.58823529411765
        ],
        [
            0.6300813008130081,
            0.2948699780344363,
            116.15637860082305
        ],
        [
            0.6323825986747336,
            0.3093582887700535,
            110.0
        ],
        [
            0.6322404371584699,
            0.25587248322147654,
            132.44444444444446
        ],
        [
            0.6323529411764706,
            0.2073170731707317,
            164.0
        ]
    ]
}