{
    "rgb_colors": [
        [
            57.87096774193549,
            65.0,
            91.29032258064517
        ],
        [
            67.97979797979798,
            75.06060606060606,
            101.97979797979798
        ],
        [
            69.87443946188341,
            76.95515695067265,
            103.79820627802691
        ],
        [
            74.30232558139535,
            81.48837209302326,
            108.30232558139535
        ],
        [
            61.24038461538461,
            68.24038461538461,
            95.22115384615384
        ],
        [
            64.13333333333333,
            71.13333333333333,
            98.1047619047619
        ],
        [
            72.43137254901961,
            79.54901960784314,
            106.3529411764706
        ],
        [
            66.03030303030303,
            73.07070707070707,
            99.88888888888889
        ],
        [
            77.0,
            84.16,
            110.6
        ],
        [
            67.0,
            74.02272727272727,
            100.98863636363636
        ]
    ],
    "hex_colors": [
        "#39415b",
        "#434b65",
        "#454c67",
        "#4a516c",
        "#3d445f",
        "#404762",
        "#484f6a",
        "#424963",
        "#4d546e",
        "#434a64"
    ],
    "hsl_color_values": [
        [
            0.6311132561132561,
            0.3660777385159011,
            91.29032258064517
        ],
        [
            0.6319568231332937,
            0.33339936608557846,
            101.97979797979798
        ],
        [
            0.6318792685613571,
            0.3268242104808398,
            103.79820627802691
        ],
        [
            0.6314409484724122,
            0.31393601030706464,
            108.30232558139535
        ],
        [
            0.6323335219769856,
            0.3568615571039079,
            95.22115384615384
        ],
        [
            0.6323240818615083,
            0.34627706047956514,
            98.1047619047619
        ],
        [
            0.6316955684007707,
            0.318952802359882,
            106.3529411764706
        ],
        [
            0.6320107398568019,
            0.33896248356760034,
            99.88888888888889
        ],
        [
            0.6311507936507937,
            0.30379746835443033,
            110.6
        ],
        [
            0.632230023403544,
            0.3365590187914932,
            100.98863636363636
        ]
    ]
}