{
    "rgb_colors": [
        [
            67.44827586206897,
            77.44827586206897,
            111.44827586206897
        ],
        [
            70.0,
            80.0,
            114.0
        ],
        [
            77.40860215053763,
            87.40860215053763,
            121.40860215053763
        ],
        [
            73.0,
            83.0,
            117.0
        ],
        [
            69.0,
            79.0,
            113.0
        ],
        [
            79.61290322580645,
            89.61290322580645,
            123.61290322580645
        ],
        [
            72.0,
            82.0,
            116.0
        ],
        [
            71.0,
            81.0,
            115.0
        ],
        [
            76.0,
            86.0,
            120.0
        ],
        [
            74.47083333333333,
            84.47083333333333,
            118.47083333333333
        ]
    ],
    "hex_colors": [
        "#434d6f",
        "#465072",
        "#4d5779",
        "#495375",
        "#454f71",
        "#4f597b",
        "#485274",
        "#475173",
        "#4c5678",
        "#4a5476"
    ],
    "hsl_color_values": [
        [
            0.6287878787878788,
            0.3948019801980198,
            111.44827586206897
        ],
        [
            0.6287878787878788,
            0.38596491228070173,
            114.0
        ],
        [
            0.6287878787878788,
            0.362412540961828,
            121.40860215053763
        ],
        [
            0.6287878787878788,
            0.37606837606837606,
            117.0
        ],
        [
            0.6287878787878788,
            0.3893805309734513,
            113.0
        ],
        [
            0.6287878787878788,
            0.3559498956158664,
            123.61290322580645
        ],
        [
            0.6287878787878788,
            0.3793103448275862,
            116.0
        ],
        [
            0.6287878787878788,
            0.3826086956521739,
            115.0
        ],
        [
            0.6287878787878788,
            0.36666666666666664,
            120.0
        ],
        [
            0.6287878787878788,
            0.37139943023951044,
            118.47083333333333
        ]
    ]
}