{
    "rgb_colors": [
        [
            72.85714285714286,
            81.37142857142857,
            119.62857142857143
        ],
        [
            84.49438202247191,
            93.49438202247191,
            131.4943820224719
        ],
        [
            80.0,
            89.0,
            127.0
        ],
        [
            81.0,
            90.0,
            128.0
        ],
        [
            83.0,
            92.0,
            130.0
        ],
        [
            79.0,
            88.0,
            126.0
        ],
        [
            77.0,
            86.0,
            124.0
        ],
        [
            82.0,
            91.0,
            129.0
        ],
        [
            75.7090909090909,
            84.65454545454546,
            122.7090909090909
        ],
        [
            78.0,
            87.0,
            125.0
        ]
    ],
    "hex_colors": [
        "#485177",
        "#545d83",
        "#50597f",
        "#515a80",
        "#535c82",
        "#4f587e",
        "#4d567c",
        "#525b81",
        "#4b547a",
        "#4e577d"
    ],
    "hsl_color_values": [
        [
            0.6363266137242926,
            0.3909720563649391,
            119.62857142857143
        ],
        [
            0.6347517730496454,
            0.357429718875502,
            131.4943820224719
        ],
        [
            0.6347517730496454,
            0.3700787401574803,
            127.0
        ],
        [
            0.6347517730496454,
            0.3671875,
            128.0
        ],
        [
            0.6347517730496454,
            0.36153846153846153,
            130.0
        ],
        [
            0.6347517730496454,
            0.373015873015873,
            126.0
        ],
        [
            0.6347517730496454,
            0.3790322580645161,
            124.0
        ],
        [
            0.6347517730496454,
            0.3643410852713178,
            129.0
        ],
        [
            0.6349451966473243,
            0.38301970662320345,
            122.7090909090909
        ],
        [
            0.6347517730496454,
            0.376,
            125.0
        ]
    ]
}