{
    "rgb_colors": [
        [
            85.0,
            97.0,
            136.0
        ],
        [
            90.0,
            102.0,
            141.0
        ],
        [
            86.0,
            98.0,
            137.0
        ],
        [
            94.27777777777777,
            106.27777777777777,
            145.27777777777777
        ],
        [
            91.0,
            103.0,
            142.0
        ],
        [
            92.3375,
            104.3375,
            143.3375
        ],
        [
            83.49074074074075,
            95.49074074074075,
            134.49074074074073
        ],
        [
            89.0,
            101.0,
            140.0
        ],
        [
            87.0,
            99.0,
            138.0
        ],
        [
            88.0,
            100.0,
            139.0
        ]
    ],
    "hex_colors": [
        "#556188",
        "#5a668d",
        "#566289",
        "#5e6a91",
        "#5b678e",
        "#5c688f",
        "#535f86",
        "#59658c",
        "#57638a",
        "#58648b"
    ],
    "hsl_color_values": [
        [
            0.6274509803921569,
            0.375,
            136.0
        ],
        [
            0.6274509803921569,
            0.3617021276595745,
            141.0
        ],
        [
            0.6274509803921569,
            0.3722627737226277,
            137.0
        ],
        [
            0.6274509803921569,
            0.35105162523900574,
            145.27777777777777
        ],
        [
            0.6274509803921569,
            0.3591549295774648,
            142.0
        ],
        [
            0.6274509803921569,
            0.35580361036016395,
            143.3375
        ],
        [
            0.6274509803921569,
            0.3792082616179001,
            134.49074074074073
        ],
        [
            0.6274509803921569,
            0.36428571428571427,
            140.0
        ],
        [
            0.6274509803921569,
            0.3695652173913043,
            138.0
        ],
        [
            0.6274509803921569,
            0.3669064748201439,
            139.0
        ]
    ]
}