{
    "rgb_colors": [
        [
            83.375,
            92.375,
            118.375
        ],
        [
            97.0,
            106.0,
            132.0
        ],
        [
            93.52432432432433,
            102.52432432432433,
            128.5243243243243
        ],
        [
            89.11946902654867,
            98.11946902654867,
            124.11946902654867
        ],
        [
            98.68571428571428,
            107.68571428571428,
            133.68571428571428
        ],
        [
            95.39310344827587,
            104.39310344827587,
            130.39310344827587
        ],
        [
            91.0,
            100.0,
            126.0
        ],
        [
            102.47826086956522,
            111.47826086956522,
            137.47826086956522
        ],
        [
            86.42857142857143,
            95.42857142857143,
            121.42857142857143
        ],
        [
            92.0,
            101.0,
            127.0
        ]
    ],
    "hex_colors": [
        "#535c76",
        "#616a84",
        "#5d6680",
        "#59627c",
        "#626b85",
        "#5f6882",
        "#5b647e",
        "#666f89",
        "#565f79",
        "#5c657f"
    ],
    "hsl_color_values": [
        [
            0.6238095238095238,
            0.29567053854276665,
            118.375
        ],
        [
            0.6238095238095238,
            0.26515151515151514,
            132.0
        ],
        [
            0.6238095238095238,
            0.27232199184085454,
            128.5243243243243
        ],
        [
            0.6238095238095238,
            0.2819863819471677,
            124.11946902654867
        ],
        [
            0.6238095238095238,
            0.261808078649284,
            133.68571428571428
        ],
        [
            0.6238095238095238,
            0.26841910403554237,
            130.39310344827587
        ],
        [
            0.6238095238095238,
            0.2777777777777778,
            126.0
        ],
        [
            0.6238095238095238,
            0.25458570524984186,
            137.47826086956522
        ],
        [
            0.6238095238095238,
            0.28823529411764703,
            121.42857142857143
        ],
        [
            0.6238095238095238,
            0.2755905511811024,
            127.0
        ]
    ]
}