{
    "rgb_colors": [
        [
            91.0,
            103.0,
            142.0
        ],
        [
            89.0,
            101.0,
            140.0
        ],
        [
            90.0,
            102.0,
            141.0
        ],
        [
            99.04,
            111.04,
            150.04
        ],
        [
            93.0,
            105.0,
            144.0
        ],
        [
            96.3302752293578,
            108.3302752293578,
            147.3302752293578
        ],
        [
            88.0,
            100.0,
            139.0
        ],
        [
            94.40090090090091,
            106.40090090090091,
            145.4009009009009
        ],
        [
            86.25581395348837,
            98.25581395348837,
            137.25581395348837
        ],
        [
            92.0,
            104.0,
            143.0
        ]
    ],
    "hex_colors": [
        "#5b678e",
        "#59658c",
        "#5a668d",
        "#636f96",
        "#5d6990",
        "#606c93",
        "#58648b",
        "#5e6a91",
        "#566289",
        "#5c688f"
    ],
    "hsl_color_values": [
        [
            0.6274509803921569,
            0.3591549295774648,
            142.0
        ],
        [
            0.6274509803921569,
            0.36428571428571427,
            140.0
        ],
        [
            0.6274509803921569,
            0.3617021276595745,
            141.0
        ],
        [
            0.6274509803921569,
            0.33990935750466533,
            150.04
        ],
        [
            0.6274509803921569,
            0.3541666666666667,
            144.0
        ],
        [
            0.6274509803921569,
            0.3461610311974594,
            147.3302752293578
        ],
        [
            0.6274509803921569,
            0.3669064748201439,
            139.0
        ],
        [
            0.6274509803921569,
            0.3507543604200873,
            145.4009009009009
        ],
        [
            0.6274509803921569,
            0.37156895967468656,
            137.25581395348837
        ],
        [
            0.6274509803921569,
            0.35664335664335667,
            143.0
        ]
    ]
}