{
    "rgb_colors": [
        [
            111.87962962962963,
            119.0925925925926,
            143.60185185185185
        ],
        [
            109.55833333333334,
            116.9,
            141.05833333333334
        ],
        [
            93.23076923076923,
            100.23076923076923,
            126.3076923076923
        ],
        [
            104.49032258064516,
            111.66451612903226,
            136.69677419354838
        ],
        [
            102.23622047244095,
            109.33070866141732,
            134.64566929133858
        ],
        [
            119.97619047619048,
            127.4047619047619,
            151.26190476190476
        ],
        [
            107.06766917293233,
            114.203007518797,
            138.99248120300751
        ],
        [
            97.03370786516854,
            104.0561797752809,
            129.7303370786517
        ],
        [
            115.0,
            122.32773109243698,
            146.47899159663865
        ],
        [
            100.03389830508475,
            107.0677966101695,
            132.3728813559322
        ]
    ],
    "hex_colors": [
        "#6f778f",
        "#6d748d",
        "#5d647e",
        "#686f88",
        "#666d86",
        "#777f97",
        "#6b728a",
        "#616881",
        "#737a92",
        "#646b84"
    ],
    "hsl_color_values": [
        [
            0.6287701887526757,
            0.22090399123089813,
            143.60185185185185
        ],
        [
            0.6278218694885361,
            0.22331186861227623,
            141.05833333333334
        ],
        [
            0.6313953488372093,
            0.2618757612667479,
            126.3076923076923
        ],
        [
            0.6295405982905983,
            0.23560505946762317,
            136.69677419354838
        ],
        [
            0.6301830255911889,
            0.24070175438596486,
            134.64566929133858
        ],
        [
            0.6270928462709285,
            0.20683141822760895,
            151.26190476190476
        ],
        [
            0.629415920866698,
            0.22968733095315375,
            138.99248120300751
        ],
        [
            0.6308705612829324,
            0.2520353369132168,
            129.7303370786517
        ],
        [
            0.6278697277095567,
            0.21490448052320577,
            146.47899159663865
        ],
        [
            0.6304157931516422,
            0.24430217669654292,
            132.3728813559322
        ]
    ]
}