{
    "rgb_colors": [
        [
            93.0,
            101.0,
            129.0
        ],
        [
            97.72413793103448,
            105.72413793103448,
            133.72413793103448
        ],
        [
            92.0,
            100.0,
            128.0
        ],
        [
            90.0,
            98.0,
            126.0
        ],
        [
            91.0,
            99.0,
            127.0
        ],
        [
            95.51094890510949,
            103.51094890510949,
            131.5109489051095
        ],
        [
            94.0,
            102.0,
            130.0
        ],
        [
            88.58823529411765,
            96.58823529411765,
            124.58823529411765
        ],
        [
            101.23076923076923,
            109.23076923076923,
            137.23076923076923
        ],
        [
            86.33333333333333,
            94.33333333333333,
            122.33333333333333
        ]
    ],
    "hex_colors": [
        "#5d6581",
        "#616985",
        "#5c6480",
        "#5a627e",
        "#5b637f",
        "#5f6783",
        "#5e6682",
        "#58607c",
        "#656d89",
        "#565e7a"
    ],
    "hsl_color_values": [
        [
            0.6296296296296297,
            0.27906976744186046,
            129.0
        ],
        [
            0.6296296296296297,
            0.2692109334708613,
            133.72413793103448
        ],
        [
            0.6296296296296297,
            0.28125,
            128.0
        ],
        [
            0.6296296296296297,
            0.2857142857142857,
            126.0
        ],
        [
            0.6296296296296297,
            0.28346456692913385,
            127.0
        ],
        [
            0.6296296296296297,
            0.2737414663928513,
            131.5109489051095
        ],
        [
            0.6296296296296297,
            0.27692307692307694,
            130.0
        ],
        [
            0.6296296296296297,
            0.28895184135977336,
            124.58823529411765
        ],
        [
            0.6296296296296297,
            0.26233183856502246,
            137.23076923076923
        ],
        [
            0.6296296296296297,
            0.29427792915531337,
            122.33333333333333
        ]
    ]
}