{
    "rgb_colors": [
        [
            90.44444444444444,
            97.44444444444444,
            124.44444444444444
        ],
        [
            114.26470588235294,
            121.26470588235294,
            148.26470588235293
        ],
        [
            98.48920863309353,
            105.48920863309353,
            132.4892086330935
        ],
        [
            94.24074074074073,
            101.24074074074073,
            128.24074074074073
        ],
        [
            110.20388349514563,
            117.20388349514563,
            144.20388349514562
        ],
        [
            104.87027027027027,
            111.87027027027027,
            138.87027027027028
        ],
        [
            100.5,
            107.5,
            134.5
        ],
        [
            102.50694444444444,
            109.50694444444444,
            136.50694444444446
        ],
        [
            107.48717948717949,
            114.48717948717949,
            141.48717948717947
        ],
        [
            96.6,
            103.6,
            130.6
        ]
    ],
    "hex_colors": [
        "#5a617c",
        "#727994",
        "#626984",
        "#5e6580",
        "#6e7590",
        "#686f8a",
        "#646b86",
        "#666d88",
        "#6b728d",
        "#606782"
    ],
    "hsl_color_values": [
        [
            0.6323529411764706,
            0.27321428571428574,
            124.44444444444444
        ],
        [
            0.6323529411764706,
            0.22931957944852205,
            148.26470588235293
        ],
        [
            0.6323529411764706,
            0.25662467419635093,
            132.4892086330935
        ],
        [
            0.6323529411764706,
            0.2651263537906137,
            128.24074074074073
        ],
        [
            0.6323529411764706,
            0.2357772840503601,
            144.20388349514562
        ],
        [
            0.6323529411764706,
            0.24483282083219812,
            138.87027027027028
        ],
        [
            0.6323529411764706,
            0.2527881040892193,
            134.5
        ],
        [
            0.6323529411764706,
            0.24907157755506953,
            136.50694444444446
        ],
        [
            0.6323529411764706,
            0.24030445813700607,
            141.48717948717947
        ],
        [
            0.6323529411764706,
            0.26033690658499237,
            130.6
        ]
    ]
}