{
    "rgb_colors": [
        [
            69.76595744680851,
            77.76595744680851,
            105.76595744680851
        ],
        [
            62.52307692307692,
            70.52307692307693,
            98.52307692307693
        ],
        [
            58.5945945945946,
            66.5945945945946,
            94.5945945945946
        ],
        [
            64.0,
            72.0,
            100.0
        ],
        [
            67.43558282208589,
            75.43558282208589,
            103.43558282208589
        ],
        [
            73.26315789473685,
            81.26315789473685,
            109.26315789473685
        ],
        [
            66.0,
            74.0,
            102.0
        ],
        [
            65.0,
            73.0,
            101.0
        ],
        [
            56.35714285714286,
            64.35714285714286,
            92.35714285714286
        ],
        [
            60.54744525547445,
            68.54744525547446,
            96.54744525547446
        ]
    ],
    "hex_colors": [
        "#454d69",
        "#3e4662",
        "#3a425e",
        "#404864",
        "#434b67",
        "#49516d",
        "#424a66",
        "#414965",
        "#38405c",
        "#3c4460"
    ],
    "hsl_color_values": [
        [
            0.6296296296296297,
            0.3403741701870851,
            105.76595744680851
        ],
        [
            0.6296296296296297,
            0.36539662710805754,
            98.52307692307693
        ],
        [
            0.6296296296296297,
            0.38057142857142856,
            94.5945945945946
        ],
        [
            0.6296296296296297,
            0.36,
            100.0
        ],
        [
            0.6296296296296297,
            0.3480427046263345,
            103.43558282208589
        ],
        [
            0.6296296296296297,
            0.32947976878612717,
            109.26315789473685
        ],
        [
            0.6296296296296297,
            0.35294117647058826,
            102.0
        ],
        [
            0.6296296296296297,
            0.3564356435643564,
            101.0
        ],
        [
            0.6296296296296297,
            0.38979118329466356,
            92.35714285714286
        ],
        [
            0.6296296296296297,
            0.372873667498299,
            96.54744525547446
        ]
    ]
}