{
    "rgb_colors": [
        [
            80.19101123595506,
            82.51685393258427,
            107.14606741573034
        ],
        [
            78.79166666666667,
            80.79166666666667,
            105.41666666666667
        ],
        [
            88.1590909090909,
            90.97727272727273,
            115.97727272727273
        ],
        [
            84.0,
            85.0,
            110.0
        ],
        [
            84.30939226519337,
            86.85635359116021,
            111.48066298342542
        ],
        [
            82.05660377358491,
            84.45283018867924,
            109.24528301886792
        ],
        [
            84.80434782608695,
            87.80434782608695,
            113.80434782608695
        ],
        [
            81.15730337078652,
            83.46067415730337,
            108.19101123595506
        ],
        [
            82.71052631578948,
            85.71052631578948,
            110.28947368421052
        ],
        [
            86.57758620689656,
            88.30172413793103,
            112.9396551724138
        ]
    ],
    "hex_colors": [
        "#50526b",
        "#4e5069",
        "#585a73",
        "#54556e",
        "#54566f",
        "#52546d",
        "#545771",
        "#51536c",
        "#52556e",
        "#565870"
    ],
    "hsl_color_values": [
        [
            0.6522856745866333,
            0.25157298657718125,
            107.14606741573034
        ],
        [
            0.6541471048513302,
            0.2525691699604743,
            105.41666666666667
        ],
        [
            0.6497821350762526,
            0.23985890652557326,
            115.97727272727273
        ],
        [
            0.6602564102564102,
            0.23636363636363636,
            110.0
        ],
        [
            0.6510437847363427,
            0.24373079591634458,
            111.48066298342542
        ],
        [
            0.6519777931991673,
            0.24887737478411048,
            109.24528301886792
        ],
        [
            0.6494252873563218,
            0.2548233046800382,
            113.80434782608695
        ],
        [
            0.6524660570795234,
            0.24987018381971127,
            108.19101123595506
        ],
        [
            0.6485368956743002,
            0.2500596516344547,
            110.28947368421052
        ],
        [
            0.6557662960540659,
            0.23341729638958855,
            112.9396551724138
        ]
    ]
}