{
    "rgb_colors": [
        [
            70.58695652173913,
            82.58695652173913,
            121.58695652173913
        ],
        [
            82.23076923076923,
            94.23076923076923,
            133.23076923076923
        ],
        [
            80.35087719298245,
            92.35087719298245,
            131.35087719298247
        ],
        [
            76.0,
            88.0,
            127.0
        ],
        [
            72.0,
            84.0,
            123.0
        ],
        [
            78.41237113402062,
            90.41237113402062,
            129.41237113402062
        ],
        [
            74.0,
            86.0,
            125.0
        ],
        [
            73.0,
            85.0,
            124.0
        ],
        [
            75.0,
            87.0,
            126.0
        ],
        [
            77.0,
            89.0,
            128.0
        ]
    ],
    "hex_colors": [
        "#465279",
        "#525e85",
        "#505c83",
        "#4c587f",
        "#48547b",
        "#4e5a81",
        "#4a567d",
        "#49557c",
        "#4b577e",
        "#4d5980"
    ],
    "hsl_color_values": [
        [
            0.6274509803921569,
            0.4194528875379939,
            121.58695652173913
        ],
        [
            0.6274509803921569,
            0.3827944572748268,
            133.23076923076923
        ],
        [
            0.6274509803921569,
            0.3882730065446775,
            131.35087719298247
        ],
        [
            0.6274509803921569,
            0.4015748031496063,
            127.0
        ],
        [
            0.6274509803921569,
            0.4146341463414634,
            123.0
        ],
        [
            0.6274509803921569,
            0.39408906237552777,
            129.41237113402062
        ],
        [
            0.6274509803921569,
            0.408,
            125.0
        ],
        [
            0.6274509803921569,
            0.4112903225806452,
            124.0
        ],
        [
            0.6274509803921569,
            0.40476190476190477,
            126.0
        ],
        [
            0.6274509803921569,
            0.3984375,
            128.0
        ]
    ]
}