{
    "rgb_colors": [
        [
            61.0,
            72.04761904761905,
            104.5047619047619
        ],
        [
            51.55294117647059,
            61.67058823529412,
            93.69411764705882
        ],
        [
            58.5886524822695,
            69.73758865248227,
            102.30496453900709
        ],
        [
            62.98550724637681,
            74.02898550724638,
            106.55072463768116
        ],
        [
            49.574074074074076,
            57.9537037037037,
            86.42592592592592
        ],
        [
            55.10126582278481,
            63.59493670886076,
            92.67088607594937
        ],
        [
            56.59731543624161,
            67.22147651006712,
            99.38255033557047
        ],
        [
            52.32298136645963,
            60.714285714285715,
            89.42857142857143
        ],
        [
            54.2020202020202,
            64.94949494949495,
            97.28282828282828
        ],
        [
            66.17857142857143,
            77.46428571428571,
            110.10714285714286
        ]
    ],
    "hex_colors": [
        "#3d4868",
        "#333d5d",
        "#3a4566",
        "#3e4a6a",
        "#313956",
        "#373f5c",
        "#384363",
        "#343c59",
        "#364061",
        "#424d6e"
    ],
    "hsl_color_values": [
        [
            0.6243432574430824,
            0.41629454114645037,
            104.5047619047619
        ],
        [
            0.6266517774055463,
            0.4497739829231541,
            93.69411764705882
        ],
        [
            0.6241617996971663,
            0.42731369150779897,
            102.30496453900709
        ],
        [
            0.6244178310046573,
            0.4088683351468988,
            106.55072463768116
        ],
        [
            0.6287688442211055,
            0.4263981144203985,
            86.42592592592592
        ],
        [
            0.6289869721473496,
            0.4054090971178801,
            92.67088607594937
        ],
        [
            0.6252810457516339,
            0.4305105348460292,
            99.38255033557047
        ],
        [
            0.6289755607633077,
            0.4149187387137102,
            89.42857142857143
        ],
        [
            0.6250879249706917,
            0.4428408264977676,
            97.28282828282828
        ],
        [
            0.6238482384823848,
            0.3989620499513461,
            110.10714285714286
        ]
    ]
}