{
    "rgb_colors": [
        [
            91.0,
            103.0,
            142.0
        ],
        [
            86.44444444444444,
            98.44444444444444,
            137.44444444444446
        ],
        [
            88.0,
            100.0,
            139.0
        ],
        [
            90.0,
            102.0,
            141.0
        ],
        [
            92.0,
            104.0,
            143.0
        ],
        [
            93.0,
            105.0,
            144.0
        ],
        [
            95.39772727272727,
            107.39772727272727,
            146.39772727272728
        ],
        [
            94.0,
            106.0,
            145.0
        ],
        [
            97.54166666666667,
            109.54166666666667,
            148.54166666666666
        ],
        [
            89.0,
            101.0,
            140.0
        ]
    ],
    "hex_colors": [
        "#5b678e",
        "#566289",
        "#58648b",
        "#5a668d",
        "#5c688f",
        "#5d6990",
        "#5f6b92",
        "#5e6a91",
        "#616d94",
        "#59658c"
    ],
    "hsl_color_values": [
        [
            0.6274509803921569,
            0.3591549295774648,
            142.0
        ],
        [
            0.6274509803921569,
            0.3710590137429265,
            137.44444444444446
        ],
        [
            0.6274509803921569,
            0.3669064748201439,
            139.0
        ],
        [
            0.6274509803921569,
            0.3617021276595745,
            141.0
        ],
        [
            0.6274509803921569,
            0.35664335664335667,
            143.0
        ],
        [
            0.6274509803921569,
            0.3541666666666667,
            144.0
        ],
        [
            0.6274509803921569,
            0.34836606380501445,
            146.39772727272728
        ],
        [
            0.6274509803921569,
            0.35172413793103446,
            145.0
        ],
        [
            0.6274509803921569,
            0.34333800841514717,
            148.54166666666666
        ],
        [
            0.6274509803921569,
            0.36428571428571427,
            140.0
        ]
    ]
}