{
    "rgb_colors": [
        [
            69.74725274725274,
            77.74725274725274,
            109.74725274725274
        ],
        [
            67.56701030927834,
            74.80927835051547,
            109.08247422680412
        ],
        [
            73.79120879120879,
            80.80219780219781,
            115.76923076923077
        ],
        [
            71.00531914893617,
            78.03191489361703,
            112.95212765957447
        ],
        [
            63.5735294117647,
            71.17647058823529,
            104.36764705882354
        ],
        [
            66.18857142857144,
            74.18857142857144,
            106.18857142857144
        ],
        [
            76.87878787878788,
            83.87878787878788,
            118.87878787878788
        ],
        [
            61.34375,
            69.09375,
            101.84375
        ],
        [
            65.55813953488372,
            72.55813953488372,
            107.55813953488372
        ],
        [
            69.0,
            76.0,
            111.0
        ]
    ],
    "hex_colors": [
        "#454d6d",
        "#434a6d",
        "#495073",
        "#474e70",
        "#3f4768",
        "#424a6a",
        "#4c5376",
        "#3d4565",
        "#41486b",
        "#454c6f"
    ],
    "hsl_color_values": [
        [
            0.6333333333333333,
            0.36447381596074896,
            109.74725274725274
        ],
        [
            0.6375920867477857,
            0.38058784613930635,
            109.08247422680412
        ],
        [
            0.6388307155322862,
            0.3626008542952065,
            115.76923076923077
        ],
        [
            0.638747992222504,
            0.37136802448787387,
            112.95212765957447
        ],
        [
            0.6356044220139389,
            0.3908693814287728,
            104.36764705882354
        ],
        [
            0.6333333333333333,
            0.3766883710918581,
            106.18857142857144
        ],
        [
            0.6388888888888888,
            0.3533010451185317,
            118.87878787878788
        ],
        [
            0.6347736625514404,
            0.3976679963178889,
            101.84375
        ],
        [
            0.6388888888888888,
            0.3904864864864865,
            107.55813953488372
        ],
        [
            0.6388888888888888,
            0.3783783783783784,
            111.0
        ]
    ]
}