{
    "rgb_colors": [
        [
            84.49264705882354,
            91.45588235294117,
            118.43382352941177
        ],
        [
            72.19,
            77.55,
            100.8
        ],
        [
            53.714285714285715,
            59.04081632653062,
            76.22448979591837
        ],
        [
            59.56164383561644,
            64.98630136986301,
            83.1917808219178
        ],
        [
            68.35454545454546,
            73.52727272727273,
            95.10909090909091
        ],
        [
            80.70121951219512,
            87.57317073170732,
            114.35975609756098
        ],
        [
            88.1938775510204,
            95.13265306122449,
            122.15306122448979
        ],
        [
            75.14678899082568,
            81.18348623853211,
            106.04587155963303
        ],
        [
            64.28048780487805,
            69.6951219512195,
            89.47560975609755
        ],
        [
            78.04854368932038,
            84.32038834951456,
            110.2621359223301
        ]
    ],
    "hex_colors": [
        "#545b76",
        "#484d64",
        "#353b4c",
        "#3b4053",
        "#44495f",
        "#505772",
        "#585f7a",
        "#4b516a",
        "#404559",
        "#4e546e"
    ],
    "hsl_color_values": [
        [
            0.6324740034662045,
            0.28658347302415094,
            118.43382352941177
        ],
        [
            0.6354421530933241,
            0.28382936507936507,
            100.8
        ],
        [
            0.6272287700211544,
            0.2953145917001339,
            76.22448979591837
        ],
        [
            0.6284057971014493,
            0.2840441297546517,
            83.1917808219178
        ],
        [
            0.6344433118133423,
            0.28130376601032303,
            95.10909090909091
        ],
        [
            0.6326388888888889,
            0.29432151426286324,
            114.35975609756098
        ],
        [
            0.6326121794871794,
            0.27800517918302564,
            122.15306122448979
        ],
        [
            0.6341053048297703,
            0.2913746863915564,
            106.04587155963303
        ],
        [
            0.6308486608583413,
            0.2815864794875289,
            89.47560975609755
        ],
        [
            0.6342174000401849,
            0.2921546182970856,
            110.2621359223301
        ]
    ]
}