{
    "rgb_colors": [
        [
            71.0,
            83.0,
            122.0
        ],
        [
            69.58333333333333,
            81.58333333333333,
            120.58333333333333
        ],
        [
            78.4,
            90.4,
            129.4
        ],
        [
            72.0,
            84.0,
            123.0
        ],
        [
            74.0,
            86.0,
            125.0
        ],
        [
            76.0,
            88.0,
            127.0
        ],
        [
            67.51351351351352,
            79.51351351351352,
            118.51351351351352
        ],
        [
            73.0,
            85.0,
            124.0
        ],
        [
            77.0,
            89.0,
            128.0
        ],
        [
            75.0,
            87.0,
            126.0
        ]
    ],
    "hex_colors": [
        "#47537a",
        "#455178",
        "#4e5a81",
        "#48547b",
        "#4a567d",
        "#4c587f",
        "#434f76",
        "#49557c",
        "#4d5980",
        "#4b577e"
    ],
    "hsl_color_values": [
        [
            0.6274509803921569,
            0.4180327868852459,
            122.0
        ],
        [
            0.6274509803921569,
            0.42294402211472015,
            120.58333333333333
        ],
        [
            0.6274509803921569,
            0.3941267387944358,
            129.4
        ],
        [
            0.6274509803921569,
            0.4146341463414634,
            123.0
        ],
        [
            0.6274509803921569,
            0.408,
            125.0
        ],
        [
            0.6274509803921569,
            0.4015748031496063,
            127.0
        ],
        [
            0.6274509803921569,
            0.4303306727480046,
            118.51351351351352
        ],
        [
            0.6274509803921569,
            0.4112903225806452,
            124.0
        ],
        [
            0.6274509803921569,
            0.3984375,
            128.0
        ],
        [
            0.6274509803921569,
            0.40476190476190477,
            126.0
        ]
    ]
}