{
    "rgb_colors": [
        [
            100.51677852348993,
            107.51677852348993,
            134.51677852348993
        ],
        [
            105.0,
            112.0,
            139.0
        ],
        [
            111.70833333333333,
            118.70833333333333,
            145.70833333333334
        ],
        [
            108.77536231884058,
            115.77536231884058,
            142.7753623188406
        ],
        [
            115.19047619047619,
            122.19047619047619,
            149.1904761904762
        ],
        [
            102.0,
            109.0,
            136.0
        ],
        [
            106.48936170212767,
            113.48936170212767,
            140.48936170212767
        ],
        [
            95.88709677419355,
            102.88709677419355,
            129.88709677419354
        ],
        [
            98.58333333333333,
            105.58333333333333,
            132.58333333333334
        ],
        [
            103.50837988826815,
            110.50837988826815,
            137.50837988826817
        ]
    ],
    "hex_colors": [
        "#646b86",
        "#69708b",
        "#6f7691",
        "#6c738e",
        "#737a95",
        "#666d88",
        "#6a718c",
        "#5f6681",
        "#626984",
        "#676e89"
    ],
    "hsl_color_values": [
        [
            0.6323529411764706,
            0.2527565733672604,
            134.51677852348993
        ],
        [
            0.6323529411764706,
            0.2446043165467626,
            139.0
        ],
        [
            0.6323529411764706,
            0.23334286531312562,
            145.70833333333334
        ],
        [
            0.6323529411764706,
            0.23813632441760146,
            142.7753623188406
        ],
        [
            0.6323529411764706,
            0.22789658474305785,
            149.1904761904762
        ],
        [
            0.6323529411764706,
            0.25,
            136.0
        ],
        [
            0.6323529411764706,
            0.24201120702710888,
            140.48936170212767
        ],
        [
            0.6323529411764706,
            0.2617658015646342,
            129.88709677419354
        ],
        [
            0.6323529411764706,
            0.2564424890006286,
            132.58333333333334
        ],
        [
            0.6323529411764706,
            0.24725765824327628,
            137.50837988826817
        ]
    ]
}