{
    "rgb_colors": [
        [
            72.6826923076923,
            84.6826923076923,
            123.6826923076923
        ],
        [
            70.63636363636364,
            82.63636363636364,
            121.63636363636364
        ],
        [
            74.0,
            86.0,
            125.0
        ],
        [
            78.0,
            90.0,
            129.0
        ],
        [
            75.0,
            87.0,
            126.0
        ],
        [
            77.0,
            89.0,
            128.0
        ],
        [
            76.0,
            88.0,
            127.0
        ],
        [
            80.36241610738256,
            92.36241610738256,
            131.36241610738256
        ],
        [
            82.38,
            94.38,
            133.38
        ],
        [
            79.0,
            91.0,
            130.0
        ]
    ],
    "hex_colors": [
        "#48547b",
        "#465279",
        "#4a567d",
        "#4e5a81",
        "#4b577e",
        "#4d5980",
        "#4c587f",
        "#505c83",
        "#525e85",
        "#4f5b82"
    ],
    "hsl_color_values": [
        [
            0.6274509803921569,
            0.41234548705589674,
            123.6826923076923
        ],
        [
            0.6274509803921569,
            0.4192825112107623,
            121.63636363636364
        ],
        [
            0.6274509803921569,
            0.408,
            125.0
        ],
        [
            0.6274509803921569,
            0.3953488372093023,
            129.0
        ],
        [
            0.6274509803921569,
            0.40476190476190477,
            126.0
        ],
        [
            0.6274509803921569,
            0.3984375,
            128.0
        ],
        [
            0.6274509803921569,
            0.4015748031496063,
            127.0
        ],
        [
            0.6274509803921569,
            0.3882389005262351,
            131.36241610738256
        ],
        [
            0.6274509803921569,
            0.38236617183985605,
            133.38
        ],
        [
            0.6274509803921569,
            0.3923076923076923,
            130.0
        ]
    ]
}