{
    "rgb_colors": [
        [
            87.0,
            99.0,
            138.0
        ],
        [
            95.32,
            107.32,
            146.32
        ],
        [
            91.0,
            103.0,
            142.0
        ],
        [
            90.0,
            102.0,
            141.0
        ],
        [
            94.0,
            106.0,
            145.0
        ],
        [
            88.0,
            100.0,
            139.0
        ],
        [
            93.0,
            105.0,
            144.0
        ],
        [
            89.0,
            101.0,
            140.0
        ],
        [
            92.0,
            104.0,
            143.0
        ],
        [
            85.31111111111112,
            97.31111111111112,
            136.3111111111111
        ]
    ],
    "hex_colors": [
        "#57638a",
        "#5f6b92",
        "#5b678e",
        "#5a668d",
        "#5e6a91",
        "#58648b",
        "#5d6990",
        "#59658c",
        "#5c688f",
        "#556188"
    ],
    "hsl_color_values": [
        [
            0.6274509803921569,
            0.3695652173913043,
            138.0
        ],
        [
            0.6274509803921569,
            0.3485511208310552,
            146.32
        ],
        [
            0.6274509803921569,
            0.3591549295774648,
            142.0
        ],
        [
            0.6274509803921569,
            0.3617021276595745,
            141.0
        ],
        [
            0.6274509803921569,
            0.35172413793103446,
            145.0
        ],
        [
            0.6274509803921569,
            0.3669064748201439,
            139.0
        ],
        [
            0.6274509803921569,
            0.3541666666666667,
            144.0
        ],
        [
            0.6274509803921569,
            0.36428571428571427,
            140.0
        ],
        [
            0.6274509803921569,
            0.35664335664335667,
            143.0
        ],
        [
            0.6274509803921569,
            0.3741441147701336,
            136.3111111111111
        ]
    ]
}