{
    "rgb_colors": [
        [
            165.44444444444446,
            168.10185185185185,
            181.17592592592592
        ],
        [
            179.984496124031,
            181.14728682170542,
            192.74418604651163
        ],
        [
            172.88666666666666,
            174.88666666666666,
            187.2
        ],
        [
            169.12820512820514,
            171.81025641025641,
            184.54871794871795
        ],
        [
            176.23952095808383,
            177.80239520958085,
            190.04191616766468
        ],
        [
            188.41304347826087,
            189.6086956521739,
            200.7826086956522
        ],
        [
            155.3181818181818,
            158.63636363636363,
            171.77272727272728
        ],
        [
            183.78333333333333,
            185.13333333333333,
            196.55
        ],
        [
            158.0487804878049,
            161.29268292682926,
            174.8048780487805
        ],
        [
            161.53773584905662,
            164.67924528301887,
            177.91509433962264
        ]
    ],
    "hex_colors": [
        "#a5a8b5",
        "#b3b5c0",
        "#acaebb",
        "#a9abb8",
        "#b0b1be",
        "#bcbdc8",
        "#9b9eab",
        "#b7b9c4",
        "#9ea1ae",
        "#a1a4b1"
    ],
    "hsl_color_values": [
        [
            0.6385128506964883,
            0.08682986661215303,
            181.17592592592592
        ],
        [
            0.6514783313082221,
            0.06620012870012869,
            192.74418604651163
        ],
        [
            0.6433783573979196,
            0.07646011396011396,
            187.2
        ],
        [
            0.6376787495843033,
            0.08355795148247974,
            184.54871794871795
        ],
        [
            0.6477946493130874,
            0.07262816271229171,
            190.04191616766468
        ],
        [
            0.6505565319273581,
            0.061606756171502845,
            200.7826086956522
        ],
        [
            0.6330570902394107,
            0.09579253770838854,
            171.77272727272728
        ],
        [
            0.6490426457789383,
            0.06495378614432297,
            196.55
        ],
        [
            0.634400776322174,
            0.09585600669736288,
            174.8048780487805
        ],
        [
            0.6346966205837173,
            0.092051540378599,
            177.91509433962264
        ]
    ]
}