{
    "rgb_colors": [
        [
            81.0,
            92.0,
            121.0
        ],
        [
            76.34444444444445,
            87.34444444444445,
            116.34444444444445
        ],
        [
            80.0,
            91.0,
            120.0
        ],
        [
            83.0,
            94.0,
            123.0
        ],
        [
            84.0,
            95.0,
            124.0
        ],
        [
            86.43103448275862,
            97.43103448275862,
            126.43103448275862
        ],
        [
            73.45454545454545,
            84.45454545454545,
            113.45454545454545
        ],
        [
            78.64024390243902,
            89.64024390243902,
            118.64024390243902
        ],
        [
            85.0,
            96.0,
            125.0
        ],
        [
            82.0,
            93.0,
            122.0
        ]
    ],
    "hex_colors": [
        "#515c79",
        "#4c5774",
        "#505b78",
        "#535e7b",
        "#545f7c",
        "#56617e",
        "#495471",
        "#4e5976",
        "#55607d",
        "#525d7a"
    ],
    "hsl_color_values": [
        [
            0.6208333333333332,
            0.3305785123966942,
            121.0
        ],
        [
            0.6208333333333332,
            0.3438067042307325,
            116.34444444444445
        ],
        [
            0.6208333333333332,
            0.3333333333333333,
            120.0
        ],
        [
            0.6208333333333332,
            0.3252032520325203,
            123.0
        ],
        [
            0.6208333333333332,
            0.3225806451612903,
            124.0
        ],
        [
            0.6208333333333332,
            0.3163780171825992,
            126.43103448275862
        ],
        [
            0.6208333333333332,
            0.3525641025641026,
            113.45454545454545
        ],
        [
            0.6208333333333332,
            0.3371537235956211,
            118.64024390243902
        ],
        [
            0.6208333333333332,
            0.32,
            125.0
        ],
        [
            0.6208333333333332,
            0.32786885245901637,
            122.0
        ]
    ]
}