{
    "rgb_colors": [
        [
            83.01092896174863,
            92.18032786885246,
            129.81420765027323
        ],
        [
            85.0,
            95.0,
            131.0
        ],
        [
            81.03636363636363,
            90.30909090909091,
            127.67272727272727
        ],
        [
            82.01941747572816,
            91.27184466019418,
            128.71844660194174
        ],
        [
            84.02830188679245,
            93.14150943396227,
            130.8443396226415
        ],
        [
            87.0,
            96.13636363636364,
            133.86363636363637
        ],
        [
            79.92307692307692,
            88.92307692307692,
            126.34615384615384
        ],
        [
            86.01470588235294,
            95.16911764705883,
            132.8235294117647
        ],
        [
            88.25581395348837,
            97.48837209302326,
            135.02325581395348
        ],
        [
            85.07317073170732,
            94.0,
            131.96341463414635
        ]
    ],
    "hex_colors": [
        "#535c81",
        "#555f83",
        "#515a7f",
        "#525b80",
        "#545d82",
        "#576085",
        "#4f587e",
        "#565f84",
        "#586187",
        "#555e83"
    ],
    "hsl_color_values": [
        [
            0.6340143996886555,
            0.36054049503283386,
            129.81420765027323
        ],
        [
            0.6304347826086957,
            0.3511450381679389,
            131.0
        ],
        [
            0.6335282651072124,
            0.3652805468527485,
            127.67272727272727
        ],
        [
            0.6336451836451836,
            0.3627998189772212,
            128.71844660194174
        ],
        [
            0.6342233417296389,
            0.3577994880853672,
            130.8443396226415
        ],
        [
            0.6341739411574524,
            0.35008488964346357,
            133.86363636363637
        ],
        [
            0.6343551505109085,
            0.367427701674277,
            126.34615384615384
        ],
        [
            0.634071630537229,
            0.3524136403897254,
            132.8235294117647
        ],
        [
            0.6337642963699652,
            0.34636582845332414,
            135.02325581395348
        ],
        [
            0.63493714781101,
            0.35532760373348116,
            131.96341463414635
        ]
    ]
}