{
    "rgb_colors": [
        [
            99.0,
            107.0,
            135.0
        ],
        [
            93.3,
            101.3,
            129.3
        ],
        [
            101.0,
            109.0,
            137.0
        ],
        [
            98.0,
            106.0,
            134.0
        ],
        [
            96.0,
            104.0,
            132.0
        ],
        [
            100.0,
            108.0,
            136.0
        ],
        [
            95.0,
            103.0,
            131.0
        ],
        [
            97.0,
            105.0,
            133.0
        ],
        [
            104.43243243243244,
            112.43243243243244,
            140.43243243243242
        ],
        [
            102.39285714285714,
            110.39285714285714,
            138.39285714285714
        ]
    ],
    "hex_colors": [
        "#636b87",
        "#5d6581",
        "#656d89",
        "#626a86",
        "#606884",
        "#646c88",
        "#5f6783",
        "#616985",
        "#68708c",
        "#666e8a"
    ],
    "hsl_color_values": [
        [
            0.6296296296296297,
            0.26666666666666666,
            135.0
        ],
        [
            0.6296296296296297,
            0.27842227378190265,
            129.3
        ],
        [
            0.6296296296296297,
            0.26277372262773724,
            137.0
        ],
        [
            0.6296296296296297,
            0.26865671641791045,
            134.0
        ],
        [
            0.6296296296296297,
            0.2727272727272727,
            132.0
        ],
        [
            0.6296296296296297,
            0.2647058823529412,
            136.0
        ],
        [
            0.6296296296296297,
            0.2748091603053435,
            131.0
        ],
        [
            0.6296296296296297,
            0.2706766917293233,
            133.0
        ],
        [
            0.6296296296296297,
            0.2563510392609699,
            140.43243243243242
        ],
        [
            0.6296296296296297,
            0.2601290322580645,
            138.39285714285714
        ]
    ]
}