{
    "rgb_colors": [
        [
            120.11711711711712,
            128.11711711711712,
            150.11711711711712
        ],
        [
            114.50961538461539,
            121.70192307692308,
            146.125
        ],
        [
            121.61682242990655,
            128.97196261682242,
            152.90654205607476
        ],
        [
            109.11111111111111,
            116.11111111111111,
            141.11111111111111
        ],
        [
            128.91666666666666,
            136.625,
            159.5
        ],
        [
            125.77777777777777,
            133.46031746031747,
            156.4126984126984
        ],
        [
            117.08560311284047,
            124.40077821011673,
            148.45525291828793
        ],
        [
            112.26785714285714,
            119.375,
            144.05357142857142
        ],
        [
            123.43396226415095,
            131.0188679245283,
            154.26415094339623
        ],
        [
            119.50526315789473,
            126.50526315789473,
            151.50526315789475
        ]
    ],
    "hex_colors": [
        "#788096",
        "#727992",
        "#798098",
        "#6d748d",
        "#80889f",
        "#7d859c",
        "#757c94",
        "#707790",
        "#7b839a",
        "#777e97"
    ],
    "hsl_color_values": [
        [
            0.6222222222222222,
            0.19984396567244794,
            150.11711711711712
        ],
        [
            0.6287510137875101,
            0.2163584918075936,
            146.125
        ],
        [
            0.6274890481879729,
            0.20463296864494826,
            152.90654205607476
        ],
        [
            0.6302083333333334,
            0.22677165354330708,
            141.11111111111111
        ],
        [
            0.6246594005449592,
            0.19174503657262285,
            159.5
        ],
        [
            0.6248704663212434,
            0.1958595494215547,
            156.4126984126984
        ],
        [
            0.627801207310014,
            0.21130710560113217,
            148.45525291828793
        ],
        [
            0.6294007490636705,
            0.22065203917193502,
            144.05357142857142
        ],
        [
            0.6256629946960425,
            0.19985322896281799,
            154.26415094339623
        ],
        [
            0.6302083333333334,
            0.21121378447856606,
            151.50526315789475
        ]
    ]
}