{
    "rgb_colors": [
        [
            75.33050847457628,
            85.33050847457628,
            117.33050847457628
        ],
        [
            70.0,
            80.0,
            112.0
        ],
        [
            73.0,
            83.0,
            115.0
        ],
        [
            74.0,
            84.0,
            116.0
        ],
        [
            68.57391304347826,
            78.57391304347826,
            110.57391304347826
        ],
        [
            67.0,
            77.0,
            109.0
        ],
        [
            71.0,
            81.0,
            113.0
        ],
        [
            72.0,
            82.0,
            114.0
        ],
        [
            77.88679245283019,
            87.88679245283019,
            119.88679245283019
        ],
        [
            65.63157894736842,
            75.63157894736842,
            107.63157894736842
        ]
    ],
    "hex_colors": [
        "#4b5575",
        "#465070",
        "#495373",
        "#4a5474",
        "#444e6e",
        "#434d6d",
        "#475171",
        "#485272",
        "#4d5777",
        "#414b6b"
    ],
    "hsl_color_values": [
        [
            0.626984126984127,
            0.3579631635969664,
            117.33050847457628
        ],
        [
            0.626984126984127,
            0.375,
            112.0
        ],
        [
            0.626984126984127,
            0.3652173913043478,
            115.0
        ],
        [
            0.626984126984127,
            0.3620689655172414,
            116.0
        ],
        [
            0.626984126984127,
            0.37983642654922933,
            110.57391304347826
        ],
        [
            0.626984126984127,
            0.3853211009174312,
            109.0
        ],
        [
            0.626984126984127,
            0.37168141592920356,
            113.0
        ],
        [
            0.626984126984127,
            0.3684210526315789,
            114.0
        ],
        [
            0.626984126984127,
            0.35033050047214354,
            119.88679245283019
        ],
        [
            0.626984126984127,
            0.3902200488997555,
            107.63157894736842
        ]
    ]
}