{
    "rgb_colors": [
        [
            86.0,
            98.0,
            137.0
        ],
        [
            91.34615384615384,
            103.34615384615384,
            142.34615384615384
        ],
        [
            93.54545454545455,
            105.54545454545455,
            144.54545454545453
        ],
        [
            88.0,
            100.0,
            139.0
        ],
        [
            90.0,
            102.0,
            141.0
        ],
        [
            89.0,
            101.0,
            140.0
        ],
        [
            87.0,
            99.0,
            138.0
        ],
        [
            85.0,
            97.0,
            136.0
        ],
        [
            83.46987951807229,
            95.46987951807229,
            134.46987951807228
        ],
        [
            101.5,
            113.5,
            152.5
        ]
    ],
    "hex_colors": [
        "#566289",
        "#5b678e",
        "#5d6990",
        "#58648b",
        "#5a668d",
        "#59658c",
        "#57638a",
        "#556188",
        "#535f86",
        "#657198"
    ],
    "hsl_color_values": [
        [
            0.6274509803921569,
            0.3722627737226277,
            137.0
        ],
        [
            0.6274509803921569,
            0.3582815455282356,
            142.34615384615384
        ],
        [
            0.6274509803921569,
            0.3528301886792452,
            144.54545454545453
        ],
        [
            0.6274509803921569,
            0.3669064748201439,
            139.0
        ],
        [
            0.6274509803921569,
            0.3617021276595745,
            141.0
        ],
        [
            0.6274509803921569,
            0.36428571428571427,
            140.0
        ],
        [
            0.6274509803921569,
            0.3695652173913043,
            138.0
        ],
        [
            0.6274509803921569,
            0.375,
            136.0
        ],
        [
            0.6274509803921569,
            0.3792670907624764,
            134.46987951807228
        ],
        [
            0.6274509803921569,
            0.3344262295081967,
            152.5
        ]
    ]
}