{
    "rgb_colors": [
        [
            89.25,
            97.25,
            125.25
        ],
        [
            84.0,
            92.0,
            120.0
        ],
        [
            78.33333333333333,
            86.33333333333333,
            114.33333333333333
        ],
        [
            81.25862068965517,
            89.25862068965517,
            117.25862068965517
        ],
        [
            87.0,
            95.0,
            123.0
        ],
        [
            88.0,
            96.0,
            124.0
        ],
        [
            86.0,
            94.0,
            122.0
        ],
        [
            83.0,
            91.0,
            119.0
        ],
        [
            92.0909090909091,
            100.0909090909091,
            128.0909090909091
        ],
        [
            85.0,
            93.0,
            121.0
        ]
    ],
    "hex_colors": [
        "#59617d",
        "#545c78",
        "#4e5672",
        "#515975",
        "#575f7b",
        "#58607c",
        "#565e7a",
        "#535b77",
        "#5c6480",
        "#555d79"
    ],
    "hsl_color_values": [
        [
            0.6296296296296297,
            0.2874251497005988,
            125.25
        ],
        [
            0.6296296296296297,
            0.3,
            120.0
        ],
        [
            0.6296296296296297,
            0.31486880466472306,
            114.33333333333333
        ],
        [
            0.6296296296296297,
            0.3070136744596383,
            117.25862068965517
        ],
        [
            0.6296296296296297,
            0.2926829268292683,
            123.0
        ],
        [
            0.6296296296296297,
            0.2903225806451613,
            124.0
        ],
        [
            0.6296296296296297,
            0.29508196721311475,
            122.0
        ],
        [
            0.6296296296296297,
            0.3025210084033613,
            119.0
        ],
        [
            0.6296296296296297,
            0.28105039034776436,
            128.0909090909091
        ],
        [
            0.6296296296296297,
            0.2975206611570248,
            121.0
        ]
    ]
}