{
    "rgb_colors": [
        [
            65.72826086956522,
            76.72826086956522,
            112.72826086956522
        ],
        [
            72.0,
            83.0,
            119.0
        ],
        [
            69.0,
            80.0,
            116.0
        ],
        [
            74.65384615384616,
            85.65384615384616,
            121.65384615384616
        ],
        [
            67.0,
            78.0,
            114.0
        ],
        [
            63.714285714285715,
            74.71428571428571,
            110.71428571428571
        ],
        [
            71.0,
            82.0,
            118.0
        ],
        [
            70.0,
            81.0,
            117.0
        ],
        [
            68.0,
            79.0,
            115.0
        ],
        [
            73.0,
            84.0,
            120.0
        ]
    ],
    "hex_colors": [
        "#414c70",
        "#485377",
        "#455074",
        "#4a5579",
        "#434e72",
        "#3f4a6e",
        "#475276",
        "#465175",
        "#444f73",
        "#495478"
    ],
    "hsl_color_values": [
        [
            0.6276595744680851,
            0.4169318291389451,
            112.72826086956522
        ],
        [
            0.6276595744680851,
            0.3949579831932773,
            119.0
        ],
        [
            0.6276595744680851,
            0.4051724137931034,
            116.0
        ],
        [
            0.6276595744680851,
            0.3863420803035093,
            121.65384615384616
        ],
        [
            0.6276595744680851,
            0.41228070175438597,
            114.0
        ],
        [
            0.6276595744680851,
            0.42451612903225805,
            110.71428571428571
        ],
        [
            0.6276595744680851,
            0.3983050847457627,
            118.0
        ],
        [
            0.6276595744680851,
            0.4017094017094017,
            117.0
        ],
        [
            0.6276595744680851,
            0.40869565217391307,
            115.0
        ],
        [
            0.6276595744680851,
            0.39166666666666666,
            120.0
        ]
    ]
}