{
    "rgb_colors": [
        [
            105.28947368421052,
            112.86842105263158,
            136.39473684210526
        ],
        [
            108.07068062827226,
            120.98429319371728,
            156.717277486911
        ],
        [
            66.21428571428572,
            71.64285714285714,
            86.64285714285715
        ],
        [
            85.58823529411765,
            91.35294117647058,
            106.58823529411765
        ],
        [
            242.88888888888889,
            248.66666666666666,
            251.66666666666666
        ],
        [
            150.0,
            155.5,
            170.5
        ],
        [
            103.43324937027708,
            116.26700251889169,
            151.58942065491183
        ],
        [
            186.0,
            191.75,
            201.25
        ],
        [
            116.79591836734694,
            125.71428571428571,
            152.0408163265306
        ],
        [
            110.67857142857143,
            119.50892857142857,
            146.92857142857142
        ]
    ],
    "hex_colors": [
        "#697088",
        "#6c789c",
        "#424756",
        "#555b6a",
        "#f2f8fb",
        "#969baa",
        "#677497",
        "#babfc9",
        "#747d98",
        "#6e7792"
    ],
    "hsl_color_values": [
        [
            0.6260575296108292,
            0.2280532510129269,
            136.39473684210526
        ],
        [
            0.622423720604854,
            0.31040991547790064,
            156.717277486911
        ],
        [
            0.6223776223776225,
            0.23577906018136852,
            86.64285714285715
        ],
        [
            0.6209150326797387,
            0.19701986754966885,
            106.58823529411765
        ],
        [
            0.5569620253164557,
            0.03487858719646797,
            251.66666666666666
        ],
        [
            0.6219512195121951,
            0.12023460410557185,
            170.5
        ],
        [
            0.622249537957248,
            0.31767501370864554,
            151.58942065491183
        ],
        [
            0.6038251366120219,
            0.07577639751552795,
            201.25
        ],
        [
            0.6244933410538507,
            0.23181208053691268,
            152.0408163265306
        ],
        [
            0.6260673234811166,
            0.24671852211959155,
            146.92857142857142
        ]
    ]
}