{
    "rgb_colors": [
        [
            77.32352941176471,
            87.32352941176471,
            120.73529411764706
        ],
        [
            69.23595505617978,
            79.23595505617978,
            112.49438202247191
        ],
        [
            74.21487603305785,
            84.21487603305785,
            117.78512396694215
        ],
        [
            67.3225806451613,
            77.3225806451613,
            111.16129032258064
        ],
        [
            75.43636363636364,
            85.43636363636364,
            119.05454545454545
        ],
        [
            72.55,
            82.55,
            114.55
        ],
        [
            70.20833333333333,
            80.20833333333333,
            113.79166666666667
        ],
        [
            73.25316455696202,
            83.25316455696202,
            116.74683544303798
        ],
        [
            71.0,
            81.0,
            115.0
        ],
        [
            72.0,
            82.0,
            116.0
        ]
    ],
    "hex_colors": [
        "#4d5778",
        "#454f70",
        "#4a5475",
        "#434d6f",
        "#4b5577",
        "#485272",
        "#465071",
        "#495374",
        "#475173",
        "#485274"
    ],
    "hsl_color_values": [
        [
            0.6282746160794942,
            0.35956151035322775,
            120.73529411764706
        ],
        [
            0.6281385281385282,
            0.3845385537355174,
            112.49438202247191
        ],
        [
            0.6284142640364188,
            0.3699129946674151,
            117.78512396694215
        ],
        [
            0.6286485160657346,
            0.39437028438769584,
            111.16129032258064
        ],
        [
            0.6284563012366263,
            0.36637141111789856,
            119.05454545454545
        ],
        [
            0.626984126984127,
            0.36665211697948497,
            114.55
        ],
        [
            0.62842574888464,
            0.38300988648846584,
            113.79166666666667
        ],
        [
            0.6283469150174622,
            0.3725468936354766,
            116.74683544303798
        ],
        [
            0.6287878787878788,
            0.3826086956521739,
            115.0
        ],
        [
            0.6287878787878788,
            0.3793103448275862,
            116.0
        ]
    ]
}