{
    "rgb_colors": [
        [
            102.05217391304348,
            104.55652173913043,
            135.69565217391303
        ],
        [
            94.47692307692307,
            97.98461538461538,
            129.2
        ],
        [
            103.39080459770115,
            105.816091954023,
            137.132183908046
        ],
        [
            98.95263157894738,
            102.17368421052632,
            133.56315789473683
        ],
        [
            96.96875,
            100.203125,
            131.4453125
        ],
        [
            99.8,
            101.4,
            131.6
        ],
        [
            105.33720930232558,
            107.31395348837209,
            138.04651162790697
        ],
        [
            100.9342105263158,
            103.44736842105263,
            134.41447368421052
        ],
        [
            109.47826086956522,
            110.69565217391305,
            141.7826086956522
        ],
        [
            107.06521739130434,
            108.97826086956522,
            139.80434782608697
        ]
    ],
    "hex_colors": [
        "#666887",
        "#5e6181",
        "#676989",
        "#626685",
        "#606483",
        "#636583",
        "#696b8a",
        "#646786",
        "#6d6e8d",
        "#6b6c8b"
    ],
    "hsl_color_values": [
        [
            0.6542603601275093,
            0.2479333546940083,
            135.69565217391303
        ],
        [
            0.6498301580268793,
            0.2687544653488926,
            129.2
        ],
        [
            0.6546868790098223,
            0.24605003981392237,
            137.132183908046
        ],
        [
            0.6511557177615571,
            0.25913228514008735,
            133.56315789473683
        ],
        [
            0.6510310446408338,
            0.2622882615156018,
            131.4453125
        ],
        [
            0.6582809224318659,
            0.24164133738601823,
            131.6
        ],
        [
            0.6565943832207607,
            0.23694407008086252,
            138.04651162790697
        ],
        [
            0.6541560227942621,
            0.2490822769321129,
            134.41447368421052
        ],
        [
            0.6603858232391207,
            0.2278442195645508,
            141.7826086956522
        ],
        [
            0.6569278441788402,
            0.23417819934691347,
            139.80434782608697
        ]
    ]
}