{
    "rgb_colors": [
        [
            67.47058823529412,
            75.54656862745098,
            103.5220588235294
        ],
        [
            51.41666666666667,
            59.16666666666667,
            78.25
        ],
        [
            71.7125,
            79.7125,
            107.7275
        ],
        [
            199.0,
            204.0,
            207.0
        ],
        [
            33.0,
            40.75,
            57.25
        ],
        [
            62.37837837837838,
            70.55405405405405,
            97.41891891891892
        ],
        [
            247.0,
            252.0,
            255.0
        ],
        [
            76.57657657657657,
            84.56756756756756,
            112.41441441441441
        ],
        [
            132.5,
            137.5,
            145.0
        ],
        [
            9.833333333333336,
            17.333333333333336,
            33.33333333333334
        ]
    ],
    "hex_colors": [
        "#434b67",
        "#333b4e",
        "#474f6b",
        "#c7cccf",
        "#212839",
        "#3e4661",
        "#f7fcff",
        "#4c5470",
        "#848991",
        "#091121"
    ],
    "hsl_color_values": [
        [
            0.629331248441997,
            0.3482491654236806,
            103.5220588235294
        ],
        [
            0.6185300207039338,
            0.3429179978700745,
            78.25
        ],
        [
            0.6296450553010319,
            0.33431575038871225,
            107.7275
        ],
        [
            0.5625,
            0.03864734299516908,
            207.0
        ],
        [
            0.6134020618556701,
            0.42358078602620086,
            57.25
        ],
        [
            0.6277799202982388,
            0.35968927729227357,
            97.41891891891892
        ],
        [
            0.5625,
            0.03137254901960784,
            255.0
        ],
        [
            0.6295039383274678,
            0.3188010899182562,
            112.41441441441441
        ],
        [
            0.6,
            0.08620689655172414,
            145.0
        ],
        [
            0.6134751773049646,
            0.705,
            33.33333333333334
        ]
    ]
}