{
    "rgb_colors": [
        [
            81.1980198019802,
            93.1980198019802,
            132.1980198019802
        ],
        [
            77.0,
            89.0,
            128.0
        ],
        [
            78.0,
            90.0,
            129.0
        ],
        [
            76.0,
            88.0,
            127.0
        ],
        [
            73.53846153846153,
            85.53846153846153,
            124.53846153846153
        ],
        [
            79.0,
            91.0,
            130.0
        ],
        [
            70.33333333333333,
            82.33333333333333,
            121.33333333333333
        ],
        [
            75.0,
            87.0,
            126.0
        ],
        [
            80.0,
            92.0,
            131.0
        ],
        [
            83.3076923076923,
            95.3076923076923,
            134.30769230769232
        ]
    ],
    "hex_colors": [
        "#515d84",
        "#4d5980",
        "#4e5a81",
        "#4c587f",
        "#49557c",
        "#4f5b82",
        "#465279",
        "#4b577e",
        "#505c83",
        "#535f86"
    ],
    "hsl_color_values": [
        [
            0.6274509803921569,
            0.38578490113840624,
            132.1980198019802
        ],
        [
            0.6274509803921569,
            0.3984375,
            128.0
        ],
        [
            0.6274509803921569,
            0.3953488372093023,
            129.0
        ],
        [
            0.6274509803921569,
            0.4015748031496063,
            127.0
        ],
        [
            0.6274509803921569,
            0.40951204447189626,
            124.53846153846153
        ],
        [
            0.6274509803921569,
            0.3923076923076923,
            130.0
        ],
        [
            0.6274509803921569,
            0.42032967032967034,
            121.33333333333333
        ],
        [
            0.6274509803921569,
            0.40476190476190477,
            126.0
        ],
        [
            0.6274509803921569,
            0.3893129770992366,
            131.0
        ],
        [
            0.6274509803921569,
            0.379725085910653,
            134.30769230769232
        ]
    ]
}