{
    "rgb_colors": [
        [
            96.84415584415585,
            108.84415584415585,
            147.84415584415584
        ],
        [
            112.0,
            124.0,
            163.0
        ],
        [
            88.0,
            100.0,
            139.0
        ],
        [
            103.375,
            115.375,
            154.375
        ],
        [
            92.0,
            104.0,
            143.0
        ],
        [
            91.0,
            103.0,
            142.0
        ],
        [
            83.84210526315789,
            95.84210526315789,
            134.8421052631579
        ],
        [
            93.0,
            105.0,
            144.0
        ],
        [
            90.0,
            102.0,
            141.0
        ],
        [
            94.4070351758794,
            106.4070351758794,
            145.4070351758794
        ]
    ],
    "hex_colors": [
        "#606c93",
        "#707ca3",
        "#58648b",
        "#67739a",
        "#5c688f",
        "#5b678e",
        "#535f86",
        "#5d6990",
        "#5a668d",
        "#5e6a91"
    ],
    "hsl_color_values": [
        [
            0.6274509803921569,
            0.34495783555867876,
            147.84415584415584
        ],
        [
            0.6274509803921569,
            0.3128834355828221,
            163.0
        ],
        [
            0.6274509803921569,
            0.3669064748201439,
            139.0
        ],
        [
            0.6274509803921569,
            0.3303643724696356,
            154.375
        ],
        [
            0.6274509803921569,
            0.35664335664335667,
            143.0
        ],
        [
            0.6274509803921569,
            0.3591549295774648,
            142.0
        ],
        [
            0.6274509803921569,
            0.3782201405152225,
            134.8421052631579
        ],
        [
            0.6274509803921569,
            0.3541666666666667,
            144.0
        ],
        [
            0.6274509803921569,
            0.3617021276595745,
            141.0
        ],
        [
            0.6274509803921569,
            0.35073956317390104,
            145.4070351758794
        ]
    ]
}