{
    "rgb_colors": [
        [
            71.0,
            82.0,
            118.0
        ],
        [
            71.92631578947369,
            83.07368421052631,
            119.8
        ],
        [
            65.7764705882353,
            76.82352941176471,
            113.6470588235294
        ],
        [
            67.9192546583851,
            79.0807453416149,
            115.80745341614907
        ],
        [
            68.93103448275862,
            80.06896551724138,
            116.83333333333333
        ],
        [
            73.20689655172414,
            84.41379310344827,
            121.15517241379311
        ],
        [
            70.92805755395683,
            82.07194244604317,
            119.0
        ],
        [
            69.93714285714286,
            81.06285714285714,
            117.81142857142856
        ],
        [
            63.94444444444444,
            74.94444444444444,
            111.61111111111111
        ],
        [
            66.96629213483146,
            78.03370786516854,
            114.75280898876404
        ]
    ],
    "hex_colors": [
        "#475276",
        "#475377",
        "#414c71",
        "#434f73",
        "#445074",
        "#495479",
        "#465277",
        "#455175",
        "#3f4a6f",
        "#424e72"
    ],
    "hsl_color_values": [
        [
            0.6276595744680851,
            0.3983050847457627,
            118.0
        ],
        [
            0.627858399296394,
            0.3996133907389508,
            119.8
        ],
        [
            0.6282051282051282,
            0.42122153209109725,
            113.6470588235294
        ],
        [
            0.6278210116731517,
            0.413515687851971,
            115.80745341614907
        ],
        [
            0.6279144171165766,
            0.4100054109892272,
            116.83333333333333
        ],
        [
            0.6277118542490712,
            0.39575921445851714,
            121.15517241379311
        ],
        [
            0.6280305297815025,
            0.4039659029079258,
            119.0
        ],
        [
            0.6279342723004695,
            0.4063636804578745,
            117.81142857142856
        ],
        [
            0.6282051282051282,
            0.42707814833250374,
            111.61111111111111
        ],
        [
            0.6280664628889411,
            0.4164300401449133,
            114.75280898876404
        ]
    ]
}