{
    "rgb_colors": [
        [
            78.75,
            90.75,
            131.75
        ],
        [
            86.0,
            98.0,
            139.0
        ],
        [
            80.69934640522875,
            92.69934640522875,
            133.69934640522877
        ],
        [
            83.0,
            95.0,
            136.0
        ],
        [
            84.0,
            96.0,
            137.0
        ],
        [
            87.0,
            99.0,
            140.0
        ],
        [
            88.23333333333333,
            100.23333333333333,
            141.23333333333332
        ],
        [
            82.0,
            94.0,
            135.0
        ],
        [
            85.0,
            97.0,
            138.0
        ],
        [
            90.2,
            102.2,
            143.2
        ]
    ],
    "hex_colors": [
        "#4e5a83",
        "#56628b",
        "#505c85",
        "#535f88",
        "#546089",
        "#57638c",
        "#58648d",
        "#525e87",
        "#55618a",
        "#5a668f"
    ],
    "hsl_color_values": [
        [
            0.6289308176100629,
            0.40227703984819735,
            131.75
        ],
        [
            0.6289308176100629,
            0.381294964028777,
            139.0
        ],
        [
            0.6289308176100629,
            0.39641181071568254,
            133.69934640522877
        ],
        [
            0.6289308176100629,
            0.3897058823529412,
            136.0
        ],
        [
            0.6289308176100629,
            0.38686131386861317,
            137.0
        ],
        [
            0.6289308176100629,
            0.37857142857142856,
            140.0
        ],
        [
            0.6289308176100629,
            0.3752655180552277,
            141.23333333333332
        ],
        [
            0.6289308176100629,
            0.3925925925925926,
            135.0
        ],
        [
            0.6289308176100629,
            0.38405797101449274,
            138.0
        ],
        [
            0.6289308176100629,
            0.3701117318435754,
            143.2
        ]
    ]
}