{
    "rgb_colors": [
        [
            62.63636363636364,
            72.63636363636364,
            108.63636363636364
        ],
        [
            66.46753246753246,
            76.46753246753246,
            112.46753246753246
        ],
        [
            60.57377049180328,
            67.72131147540983,
            102.77049180327869
        ],
        [
            69.36,
            79.0,
            114.88
        ],
        [
            71.00675675675676,
            80.86486486486487,
            116.81756756756756
        ],
        [
            64.17391304347827,
            71.17391304347827,
            106.17391304347827
        ],
        [
            68.0,
            78.0,
            114.0
        ],
        [
            64.55445544554455,
            74.55445544554455,
            110.55445544554455
        ],
        [
            69.89333333333333,
            76.89333333333333,
            111.89333333333333
        ],
        [
            66.96428571428571,
            73.96428571428571,
            108.96428571428571
        ]
    ],
    "hex_colors": [
        "#3e486c",
        "#424c70",
        "#3c4366",
        "#454f72",
        "#475074",
        "#40476a",
        "#444e72",
        "#404a6e",
        "#454c6f",
        "#42496c"
    ],
    "hsl_color_values": [
        [
            0.6304347826086957,
            0.42343096234309624,
            108.63636363636364
        ],
        [
            0.6304347826086957,
            0.4090069284064665,
            112.46753246753246
        ],
        [
            0.6384356384356384,
            0.41059180092518743,
            102.77049180327869
        ],
        [
            0.6313708260105448,
            0.3962395543175487,
            114.88
        ],
        [
            0.6308013765978367,
            0.39215686274509803,
            116.81756756756756
        ],
        [
            0.6388888888888888,
            0.3955773955773956,
            106.17391304347827
        ],
        [
            0.6304347826086957,
            0.40350877192982454,
            114.0
        ],
        [
            0.6304347826086957,
            0.416084542360738,
            110.55445544554455
        ],
        [
            0.6388888888888888,
            0.3753574833174452,
            111.89333333333333
        ],
        [
            0.6388888888888888,
            0.38544739429695185,
            108.96428571428571
        ]
    ]
}