{
    "rgb_colors": [
        [
            90.81632653061224,
            101.81632653061224,
            140.6122448979592
        ],
        [
            86.7244094488189,
            97.7244094488189,
            135.2755905511811
        ],
        [
            87.95744680851064,
            98.95744680851064,
            136.89361702127658
        ],
        [
            83.95833333333333,
            94.95833333333333,
            132.04166666666666
        ],
        [
            84.9020979020979,
            95.9020979020979,
            133.0979020979021
        ],
        [
            85.85810810810811,
            96.85810810810811,
            134.1418918918919
        ],
        [
            81.62790697674419,
            92.62790697674419,
            129.62790697674419
        ],
        [
            93.70370370370371,
            104.70370370370371,
            143.7037037037037
        ],
        [
            89.28070175438596,
            100.28070175438596,
            138.71929824561403
        ],
        [
            82.98630136986301,
            93.98630136986301,
            131.013698630137
        ]
    ],
    "hex_colors": [
        "#5a658c",
        "#566187",
        "#576288",
        "#535e84",
        "#545f85",
        "#556086",
        "#515c81",
        "#5d688f",
        "#59648a",
        "#525d83"
    ],
    "hsl_color_values": [
        [
            0.6298497267759563,
            0.35413642960812775,
            140.6122448979592
        ],
        [
            0.628905827657044,
            0.35890570430733404,
            135.2755905511811
        ],
        [
            0.6292028985507246,
            0.35747590923220385,
            136.89361702127658
        ],
        [
            0.6285384170999423,
            0.36415272956768696,
            132.04166666666666
        ],
        [
            0.6286273940800928,
            0.3621079178269322,
            133.0979020979021
        ],
        [
            0.6286967067823491,
            0.3599456001611847,
            134.1418918918919
        ],
        [
            0.6284722222222222,
            0.37029063509149623,
            129.62790697674419
        ],
        [
            0.63,
            0.34793814432989684,
            143.7037037037037
        ],
        [
            0.6295836290513366,
            0.3563930694321487,
            138.71929824561403
        ],
        [
            0.6284940102681119,
            0.36658301965704726,
            131.013698630137
        ]
    ]
}