{
    "rgb_colors": [
        [
            67.0,
            80.0,
            116.0
        ],
        [
            68.0,
            81.0,
            117.0
        ],
        [
            69.0,
            82.0,
            118.0
        ],
        [
            64.0,
            77.0,
            113.0
        ],
        [
            65.0,
            78.0,
            114.0
        ],
        [
            66.0,
            79.0,
            115.0
        ],
        [
            71.0,
            84.0,
            120.0
        ],
        [
            70.0,
            83.0,
            119.0
        ],
        [
            72.2,
            85.2,
            121.2
        ],
        [
            63.0,
            76.0,
            112.0
        ]
    ],
    "hex_colors": [
        "#435074",
        "#445175",
        "#455276",
        "#404d71",
        "#414e72",
        "#424f73",
        "#475478",
        "#465377",
        "#485579",
        "#3f4c70"
    ],
    "hsl_color_values": [
        [
            0.6224489795918368,
            0.4224137931034483,
            116.0
        ],
        [
            0.6224489795918368,
            0.4188034188034188,
            117.0
        ],
        [
            0.6224489795918368,
            0.4152542372881356,
            118.0
        ],
        [
            0.6224489795918368,
            0.4336283185840708,
            113.0
        ],
        [
            0.6224489795918368,
            0.4298245614035088,
            114.0
        ],
        [
            0.6224489795918368,
            0.4260869565217391,
            115.0
        ],
        [
            0.6224489795918368,
            0.4083333333333333,
            120.0
        ],
        [
            0.6224489795918368,
            0.4117647058823529,
            119.0
        ],
        [
            0.6224489795918368,
            0.4042904290429043,
            121.2
        ],
        [
            0.6224489795918368,
            0.4375,
            112.0
        ]
    ]
}