{
    "rgb_colors": [
        [
            61.46153846153846,
            74.46153846153847,
            110.46153846153847
        ],
        [
            65.0,
            77.95774647887323,
            114.08450704225352
        ],
        [
            72.75268817204301,
            85.75268817204301,
            121.75268817204301
        ],
        [
            63.6,
            76.58947368421053,
            112.62105263157895
        ],
        [
            66.0,
            78.98461538461538,
            115.03076923076924
        ],
        [
            70.0,
            82.99115044247787,
            119.01769911504425
        ],
        [
            67.0,
            80.0,
            116.0
        ],
        [
            69.0,
            81.98484848484848,
            118.03030303030303
        ],
        [
            71.0,
            83.98913043478261,
            120.02173913043478
        ],
        [
            68.0,
            80.98620689655172,
            117.02758620689656
        ]
    ],
    "hex_colors": [
        "#3d4a6e",
        "#414d72",
        "#485579",
        "#3f4c70",
        "#424e73",
        "#465277",
        "#435074",
        "#455176",
        "#475378",
        "#445075"
    ],
    "hsl_color_values": [
        [
            0.6224489795918368,
            0.4435933147632312,
            110.46153846153847
        ],
        [
            0.6226685796269728,
            0.4302469135802469,
            114.08450704225352
        ],
        [
            0.6224489795918368,
            0.40245517972268835,
            121.75268817204301
        ],
        [
            0.622503757783981,
            0.4352743247032433,
            112.62105263157895
        ],
        [
            0.6225290241606527,
            0.42624047077704963,
            115.03076923076924
        ],
        [
            0.6224950352049107,
            0.411852182318388,
            119.01769911504425
        ],
        [
            0.6224489795918368,
            0.4224137931034483,
            116.0
        ],
        [
            0.6225278121137207,
            0.4154043645699615,
            118.03030303030303
        ],
        [
            0.6225055432372506,
            0.4084404999094367,
            120.02173913043478
        ],
        [
            0.6225207483471656,
            0.41894042076728155,
            117.02758620689656
        ]
    ]
}