{
    "rgb_colors": [
        [
            69.32624113475177,
            77.32624113475177,
            109.32624113475177
        ],
        [
            72.0,
            80.0,
            112.0
        ],
        [
            73.0,
            81.0,
            113.0
        ],
        [
            76.43786982248521,
            84.43786982248521,
            116.43786982248521
        ],
        [
            78.8,
            86.8,
            118.8
        ],
        [
            81.92592592592592,
            89.92592592592592,
            121.92592592592592
        ],
        [
            66.1,
            74.1,
            106.1
        ],
        [
            74.0,
            82.0,
            114.0
        ],
        [
            71.0,
            79.0,
            111.0
        ],
        [
            75.0,
            83.0,
            115.0
        ]
    ],
    "hex_colors": [
        "#454d6d",
        "#485070",
        "#495171",
        "#4c5474",
        "#4e5676",
        "#515979",
        "#424a6a",
        "#4a5272",
        "#474f6f",
        "#4b5373"
    ],
    "hsl_color_values": [
        [
            0.6333333333333333,
            0.36587739215050274,
            109.32624113475177
        ],
        [
            0.6333333333333333,
            0.35714285714285715,
            112.0
        ],
        [
            0.6333333333333333,
            0.35398230088495575,
            113.0
        ],
        [
            0.6333333333333333,
            0.34353084663075517,
            116.43786982248521
        ],
        [
            0.6333333333333333,
            0.3367003367003367,
            118.8
        ],
        [
            0.6333333333333333,
            0.32806804374240583,
            121.92592592592592
        ],
        [
            0.6333333333333333,
            0.37700282752120645,
            106.1
        ],
        [
            0.6333333333333333,
            0.3508771929824561,
            114.0
        ],
        [
            0.6333333333333333,
            0.36036036036036034,
            111.0
        ],
        [
            0.6333333333333333,
            0.34782608695652173,
            115.0
        ]
    ]
}