{
    "rgb_colors": [
        [
            63.0,
            71.08029197080292,
            98.93430656934306
        ],
        [
            59.55921052631579,
            67.625,
            95.49342105263158
        ],
        [
            65.98684210526315,
            74.05263157894737,
            101.94736842105263
        ],
        [
            61.958333333333336,
            70.06666666666666,
            97.95
        ],
        [
            57.853658536585364,
            66.1951219512195,
            94.09756097560975
        ],
        [
            60.95412844036697,
            69.04587155963303,
            96.96330275229357
        ],
        [
            64.46192893401015,
            72.50253807106598,
            100.4517766497462
        ],
        [
            68.61111111111111,
            76.68055555555556,
            104.56944444444444
        ],
        [
            56.04081632653061,
            64.22448979591837,
            92.04081632653062
        ],
        [
            66.97183098591549,
            75.01408450704226,
            102.98591549295774
        ]
    ],
    "hex_colors": [
        "#3f4762",
        "#3b435f",
        "#414a65",
        "#3d4661",
        "#39425e",
        "#3c4560",
        "#404864",
        "#444c68",
        "#38405c",
        "#424b66"
    ],
    "hsl_color_values": [
        [
            0.629189518586228,
            0.36321381142098275,
            98.93430656934306
        ],
        [
            0.6292566825338705,
            0.3763003789183603,
            95.49342105263158
        ],
        [
            0.6292840590315891,
            0.35273618998451217,
            101.94736842105263
        ],
        [
            0.629119394921664,
            0.3674493789348307,
            97.95
        ],
        [
            0.6283086585912966,
            0.38517366511145673,
            94.09756097560975
        ],
        [
            0.6292144373673035,
            0.37136909830636766,
            96.96330275229357
        ],
        [
            0.629431123648331,
            0.35827985244327665,
            100.4517766497462
        ],
        [
            0.629264838418952,
            0.3438703679107451,
            104.56944444444444
        ],
        [
            0.6287792894935752,
            0.3911308203991131,
            92.04081632653062
        ],
        [
            0.6294485725459523,
            0.3496991247264771,
            102.98591549295774
        ]
    ]
}