{
    "rgb_colors": [
        [
            88.0,
            100.0,
            139.0
        ],
        [
            87.0,
            99.0,
            138.0
        ],
        [
            83.24691358024691,
            95.24691358024691,
            134.2469135802469
        ],
        [
            90.0,
            102.0,
            141.0
        ],
        [
            89.0,
            101.0,
            140.0
        ],
        [
            85.0,
            97.0,
            136.0
        ],
        [
            91.0,
            103.0,
            142.0
        ],
        [
            92.0,
            104.0,
            143.0
        ],
        [
            93.6986301369863,
            105.6986301369863,
            144.6986301369863
        ],
        [
            86.0,
            98.0,
            137.0
        ]
    ],
    "hex_colors": [
        "#58648b",
        "#57638a",
        "#535f86",
        "#5a668d",
        "#59658c",
        "#556188",
        "#5b678e",
        "#5c688f",
        "#5d6990",
        "#566289"
    ],
    "hsl_color_values": [
        [
            0.6274509803921569,
            0.3669064748201439,
            139.0
        ],
        [
            0.6274509803921569,
            0.3695652173913043,
            138.0
        ],
        [
            0.6274509803921569,
            0.37989700202317456,
            134.2469135802469
        ],
        [
            0.6274509803921569,
            0.3617021276595745,
            141.0
        ],
        [
            0.6274509803921569,
            0.36428571428571427,
            140.0
        ],
        [
            0.6274509803921569,
            0.375,
            136.0
        ],
        [
            0.6274509803921569,
            0.3591549295774648,
            142.0
        ],
        [
            0.6274509803921569,
            0.35664335664335667,
            143.0
        ],
        [
            0.6274509803921569,
            0.3524566884407839,
            144.6986301369863
        ],
        [
            0.6274509803921569,
            0.3722627737226277,
            137.0
        ]
    ]
}