{
    "rgb_colors": [
        [
            74.44,
            85.44,
            121.44
        ],
        [
            66.61363636363636,
            77.61363636363636,
            113.61363636363636
        ],
        [
            68.0,
            79.0,
            115.0
        ],
        [
            70.0,
            81.0,
            117.0
        ],
        [
            65.0,
            76.0,
            112.0
        ],
        [
            71.0,
            82.0,
            118.0
        ],
        [
            73.0,
            84.0,
            120.0
        ],
        [
            63.42307692307692,
            74.42307692307692,
            110.42307692307692
        ],
        [
            69.0,
            80.0,
            116.0
        ],
        [
            72.0,
            83.0,
            119.0
        ]
    ],
    "hex_colors": [
        "#4a5579",
        "#424d71",
        "#444f73",
        "#465175",
        "#414c70",
        "#475276",
        "#495478",
        "#3f4a6e",
        "#455074",
        "#485377"
    ],
    "hsl_color_values": [
        [
            0.6276595744680851,
            0.38702239789196313,
            121.44
        ],
        [
            0.6276595744680851,
            0.41368273654730947,
            113.61363636363636
        ],
        [
            0.6276595744680851,
            0.40869565217391307,
            115.0
        ],
        [
            0.6276595744680851,
            0.4017094017094017,
            117.0
        ],
        [
            0.6276595744680851,
            0.41964285714285715,
            112.0
        ],
        [
            0.6276595744680851,
            0.3983050847457627,
            118.0
        ],
        [
            0.6276595744680851,
            0.39166666666666666,
            120.0
        ],
        [
            0.6276595744680851,
            0.42563566701497735,
            110.42307692307692
        ],
        [
            0.6276595744680851,
            0.4051724137931034,
            116.0
        ],
        [
            0.6276595744680851,
            0.3949579831932773,
            119.0
        ]
    ]
}