{
    "rgb_colors": [
        [
            72.0,
            82.0,
            114.0
        ],
        [
            64.48387096774194,
            74.48387096774194,
            108.29032258064517
        ],
        [
            72.0,
            82.0,
            116.0
        ],
        [
            73.63829787234043,
            83.63829787234043,
            117.38297872340425
        ],
        [
            70.37378640776699,
            80.37378640776699,
            113.22815533980582
        ],
        [
            75.94252873563218,
            85.94252873563218,
            119.64367816091954
        ],
        [
            68.61290322580645,
            78.61290322580645,
            112.23870967741935
        ],
        [
            73.3804347826087,
            83.3804347826087,
            115.3804347826087
        ],
        [
            71.0,
            81.0,
            115.0
        ],
        [
            67.02702702702703,
            77.02702702702703,
            110.35135135135135
        ]
    ],
    "hex_colors": [
        "#485272",
        "#404a6c",
        "#485274",
        "#495375",
        "#465071",
        "#4b5577",
        "#444e70",
        "#495373",
        "#475173",
        "#434d6e"
    ],
    "hsl_color_values": [
        [
            0.626984126984127,
            0.3684210526315789,
            114.0
        ],
        [
            0.6286205203730977,
            0.4045278522490319,
            108.29032258064517
        ],
        [
            0.6287878787878788,
            0.3793103448275862,
            116.0
        ],
        [
            0.6285667963683528,
            0.37266630415080654,
            117.38297872340425
        ],
        [
            0.6277752605346625,
            0.37847802786709545,
            113.22815533980582
        ],
        [
            0.628528844467824,
            0.3652608319723316,
            119.64367816091954
        ],
        [
            0.6284629793946565,
            0.3886877047766856,
            112.23870967741935
        ],
        [
            0.626984126984127,
            0.3640131888836552,
            115.3804347826087
        ],
        [
            0.6287878787878788,
            0.3826086956521739,
            115.0
        ],
        [
            0.6281971303805364,
            0.3926034778349253,
            110.35135135135135
        ]
    ]
}