{
    "rgb_colors": [
        [
            84.0,
            91.0,
            128.0
        ],
        [
            87.0,
            94.0,
            131.0
        ],
        [
            85.0,
            92.0,
            129.0
        ],
        [
            89.23809523809524,
            96.23809523809524,
            133.23809523809524
        ],
        [
            86.0,
            93.0,
            130.0
        ],
        [
            82.0,
            89.0,
            126.0
        ],
        [
            88.0,
            95.0,
            132.0
        ],
        [
            79.33333333333333,
            86.33333333333333,
            123.33333333333333
        ],
        [
            83.0,
            90.0,
            127.0
        ],
        [
            81.0,
            88.0,
            125.0
        ]
    ],
    "hex_colors": [
        "#545b80",
        "#575e83",
        "#555c81",
        "#596085",
        "#565d82",
        "#52597e",
        "#585f84",
        "#4f567b",
        "#535a7f",
        "#51587d"
    ],
    "hsl_color_values": [
        [
            0.6401515151515151,
            0.34375,
            128.0
        ],
        [
            0.6401515151515151,
            0.33587786259541985,
            131.0
        ],
        [
            0.6401515151515151,
            0.34108527131782945,
            129.0
        ],
        [
            0.6401515151515151,
            0.3302358827734096,
            133.23809523809524
        ],
        [
            0.6401515151515151,
            0.3384615384615385,
            130.0
        ],
        [
            0.6401515151515151,
            0.3492063492063492,
            126.0
        ],
        [
            0.6401515151515151,
            0.3333333333333333,
            132.0
        ],
        [
            0.6401515151515151,
            0.3567567567567568,
            123.33333333333333
        ],
        [
            0.6401515151515151,
            0.3464566929133858,
            127.0
        ],
        [
            0.6401515151515151,
            0.352,
            125.0
        ]
    ]
}