{
    "rgb_colors": [
        [
            73.56,
            86.56,
            122.56
        ],
        [
            70.0,
            83.0,
            119.0
        ],
        [
            71.0,
            84.0,
            120.0
        ],
        [
            63.52727272727273,
            76.52727272727273,
            112.52727272727273
        ],
        [
            69.0,
            82.0,
            118.0
        ],
        [
            65.0,
            78.0,
            114.0
        ],
        [
            68.0,
            81.0,
            117.0
        ],
        [
            67.0,
            80.0,
            116.0
        ],
        [
            66.0,
            79.0,
            115.0
        ],
        [
            72.0,
            85.0,
            121.0
        ]
    ],
    "hex_colors": [
        "#49567a",
        "#465377",
        "#475478",
        "#3f4c70",
        "#455276",
        "#414e72",
        "#445175",
        "#435074",
        "#424f73",
        "#485579"
    ],
    "hsl_color_values": [
        [
            0.6224489795918368,
            0.3998041775456919,
            122.56
        ],
        [
            0.6224489795918368,
            0.4117647058823529,
            119.0
        ],
        [
            0.6224489795918368,
            0.4083333333333333,
            120.0
        ],
        [
            0.6224489795918368,
            0.4354499919211504,
            112.52727272727273
        ],
        [
            0.6224489795918368,
            0.4152542372881356,
            118.0
        ],
        [
            0.6224489795918368,
            0.4298245614035088,
            114.0
        ],
        [
            0.6224489795918368,
            0.4188034188034188,
            117.0
        ],
        [
            0.6224489795918368,
            0.4224137931034483,
            116.0
        ],
        [
            0.6224489795918368,
            0.4260869565217391,
            115.0
        ],
        [
            0.6224489795918368,
            0.4049586776859504,
            121.0
        ]
    ]
}