{
    "rgb_colors": [
        [
            78.0,
            88.0,
            120.0
        ],
        [
            80.0,
            90.0,
            122.0
        ],
        [
            83.33333333333333,
            93.33333333333333,
            125.33333333333333
        ],
        [
            76.0,
            86.0,
            118.0
        ],
        [
            77.0,
            87.0,
            119.0
        ],
        [
            72.74074074074075,
            82.74074074074075,
            114.74074074074075
        ],
        [
            79.0,
            89.0,
            121.0
        ],
        [
            75.0,
            85.0,
            117.0
        ],
        [
            74.0,
            84.0,
            116.0
        ],
        [
            81.3529411764706,
            91.3529411764706,
            123.3529411764706
        ]
    ],
    "hex_colors": [
        "#4e5878",
        "#505a7a",
        "#535d7d",
        "#4c5676",
        "#4d5777",
        "#485272",
        "#4f5979",
        "#4b5575",
        "#4a5474",
        "#515b7b"
    ],
    "hsl_color_values": [
        [
            0.626984126984127,
            0.35,
            120.0
        ],
        [
            0.626984126984127,
            0.3442622950819672,
            122.0
        ],
        [
            0.626984126984127,
            0.3351063829787234,
            125.33333333333333
        ],
        [
            0.626984126984127,
            0.3559322033898305,
            118.0
        ],
        [
            0.626984126984127,
            0.35294117647058826,
            119.0
        ],
        [
            0.626984126984127,
            0.36604260813428013,
            114.74074074074075
        ],
        [
            0.626984126984127,
            0.34710743801652894,
            121.0
        ],
        [
            0.626984126984127,
            0.358974358974359,
            117.0
        ],
        [
            0.626984126984127,
            0.3620689655172414,
            116.0
        ],
        [
            0.626984126984127,
            0.34048640915593703,
            123.3529411764706
        ]
    ]
}