{
    "rgb_colors": [
        [
            77.0,
            89.0,
            128.0
        ],
        [
            80.0,
            92.0,
            131.0
        ],
        [
            76.0,
            88.0,
            127.0
        ],
        [
            79.0,
            91.0,
            130.0
        ],
        [
            71.6,
            83.6,
            122.6
        ],
        [
            81.23076923076923,
            93.23076923076923,
            132.23076923076923
        ],
        [
            83.7,
            95.7,
            134.7
        ],
        [
            73.70103092783505,
            85.70103092783505,
            124.70103092783505
        ],
        [
            78.0,
            90.0,
            129.0
        ],
        [
            75.0,
            87.0,
            126.0
        ]
    ],
    "hex_colors": [
        "#4d5980",
        "#505c83",
        "#4c587f",
        "#4f5b82",
        "#47537a",
        "#515d84",
        "#535f86",
        "#49557c",
        "#4e5a81",
        "#4b577e"
    ],
    "hsl_color_values": [
        [
            0.6274509803921569,
            0.3984375,
            128.0
        ],
        [
            0.6274509803921569,
            0.3893129770992366,
            131.0
        ],
        [
            0.6274509803921569,
            0.4015748031496063,
            127.0
        ],
        [
            0.6274509803921569,
            0.3923076923076923,
            130.0
        ],
        [
            0.6274509803921569,
            0.4159869494290375,
            122.6
        ],
        [
            0.6274509803921569,
            0.38568935427574175,
            132.23076923076923
        ],
        [
            0.6274509803921569,
            0.3786191536748329,
            134.7
        ],
        [
            0.6274509803921569,
            0.4089781746031746,
            124.70103092783505
        ],
        [
            0.6274509803921569,
            0.3953488372093023,
            129.0
        ],
        [
            0.6274509803921569,
            0.40476190476190477,
            126.0
        ]
    ]
}