{
    "rgb_colors": [
        [
            75.0,
            85.0,
            117.0
        ],
        [
            71.0,
            81.0,
            113.0
        ],
        [
            77.0,
            87.0,
            119.0
        ],
        [
            74.0,
            84.0,
            116.0
        ],
        [
            68.58974358974359,
            78.58974358974359,
            110.58974358974359
        ],
        [
            72.0,
            82.0,
            114.0
        ],
        [
            73.0,
            83.0,
            115.0
        ],
        [
            70.0,
            80.0,
            112.0
        ],
        [
            78.46153846153847,
            88.46153846153847,
            120.46153846153847
        ],
        [
            76.0,
            86.0,
            118.0
        ]
    ],
    "hex_colors": [
        "#4b5575",
        "#475171",
        "#4d5777",
        "#4a5474",
        "#444e6e",
        "#485272",
        "#495373",
        "#465070",
        "#4e5878",
        "#4c5676"
    ],
    "hsl_color_values": [
        [
            0.626984126984127,
            0.358974358974359,
            117.0
        ],
        [
            0.626984126984127,
            0.37168141592920356,
            113.0
        ],
        [
            0.626984126984127,
            0.35294117647058826,
            119.0
        ],
        [
            0.626984126984127,
            0.3620689655172414,
            116.0
        ],
        [
            0.626984126984127,
            0.37978205425457917,
            110.58974358974359
        ],
        [
            0.626984126984127,
            0.3684210526315789,
            114.0
        ],
        [
            0.626984126984127,
            0.3652173913043478,
            115.0
        ],
        [
            0.626984126984127,
            0.375,
            112.0
        ],
        [
            0.626984126984127,
            0.3486590038314176,
            120.46153846153847
        ],
        [
            0.626984126984127,
            0.3559322033898305,
            118.0
        ]
    ]
}