{
    "rgb_colors": [
        [
            124.88297872340425,
            118.26595744680851,
            140.41489361702128
        ],
        [
            108.40217391304348,
            105.01086956521739,
            129.52173913043478
        ],
        [
            111.99236641221374,
            107.91603053435115,
            131.83969465648855
        ],
        [
            117.01829268292683,
            112.3109756097561,
            136.1158536585366
        ],
        [
            109.765625,
            106.796875,
            131.578125
        ],
        [
            120.23478260869565,
            114.63478260869566,
            138.11304347826086
        ],
        [
            123.16901408450704,
            115.73239436619718,
            135.9718309859155
        ],
        [
            114.44554455445545,
            109.79702970297029,
            133.55940594059405
        ],
        [
            104.35714285714286,
            101.35714285714286,
            127.14285714285714
        ],
        [
            119.17460317460318,
            112.46031746031746,
            132.77777777777777
        ]
    ],
    "hex_colors": [
        "#7c768c",
        "#6c6981",
        "#6f6b83",
        "#757088",
        "#6d6a83",
        "#78728a",
        "#7b7387",
        "#726d85",
        "#68657f",
        "#777084"
    ],
    "hsl_color_values": [
        [
            0.7164585334614153,
            0.15773922266838394,
            140.41489361702128
        ],
        [
            0.6897265336289727,
            0.18924135615978516,
            129.52173913043478
        ],
        [
            0.6950648798128057,
            0.18146025128828666,
            131.83969465648855
        ],
        [
            0.6996243169398907,
            0.17488688796308743,
            136.1158536585366
        ],
        [
            0.6866330390920554,
            0.18833867711673197,
            131.578125
        ],
        [
            0.7064197530864198,
            0.16999307435622985,
            138.11304347826086
        ],
        [
            0.7279053583855254,
            0.1488502175264139,
            135.9718309859155
        ],
        [
            0.6992708333333334,
            0.17791615701100852,
            133.55940594059405
        ],
        [
            0.6860572483841182,
            0.20280898876404488,
            127.14285714285714
        ],
        [
            0.7217447916666667,
            0.15301852958756723,
            132.77777777777777
        ]
    ]
}