{
    "rgb_colors": [
        [
            85.0,
            97.0,
            136.0
        ],
        [
            81.0,
            93.0,
            132.0
        ],
        [
            79.54716981132076,
            91.54716981132076,
            130.54716981132074
        ],
        [
            84.0,
            96.0,
            135.0
        ],
        [
            88.0,
            100.0,
            139.0
        ],
        [
            89.43333333333334,
            101.43333333333334,
            140.43333333333334
        ],
        [
            87.0,
            99.0,
            138.0
        ],
        [
            82.0,
            94.0,
            133.0
        ],
        [
            83.0,
            95.0,
            134.0
        ],
        [
            86.0,
            98.0,
            137.0
        ]
    ],
    "hex_colors": [
        "#556188",
        "#515d84",
        "#4f5b82",
        "#546087",
        "#58648b",
        "#59658c",
        "#57638a",
        "#525e85",
        "#535f86",
        "#566289"
    ],
    "hsl_color_values": [
        [
            0.6274509803921569,
            0.375,
            136.0
        ],
        [
            0.6274509803921569,
            0.38636363636363635,
            132.0
        ],
        [
            0.6274509803921569,
            0.39066339066339056,
            130.54716981132074
        ],
        [
            0.6274509803921569,
            0.37777777777777777,
            135.0
        ],
        [
            0.6274509803921569,
            0.3669064748201439,
            139.0
        ],
        [
            0.6274509803921569,
            0.36316164253501065,
            140.43333333333334
        ],
        [
            0.6274509803921569,
            0.3695652173913043,
            138.0
        ],
        [
            0.6274509803921569,
            0.38345864661654133,
            133.0
        ],
        [
            0.6274509803921569,
            0.3805970149253731,
            134.0
        ],
        [
            0.6274509803921569,
            0.3722627737226277,
            137.0
        ]
    ]
}