{
    "rgb_colors": [
        [
            59.19178082191781,
            67.1917808219178,
            99.1917808219178
        ],
        [
            65.39873417721519,
            73.39873417721519,
            105.39873417721519
        ],
        [
            61.0,
            69.0,
            101.0
        ],
        [
            62.0,
            70.0,
            102.0
        ],
        [
            56.61290322580645,
            64.61290322580645,
            96.61290322580645
        ],
        [
            68.0,
            76.0,
            108.0
        ],
        [
            63.0,
            71.0,
            103.0
        ],
        [
            64.0,
            72.0,
            104.0
        ],
        [
            69.36065573770492,
            77.36065573770492,
            109.36065573770492
        ],
        [
            67.0,
            75.0,
            107.0
        ]
    ],
    "hex_colors": [
        "#3b4363",
        "#414969",
        "#3d4565",
        "#3e4666",
        "#384060",
        "#444c6c",
        "#3f4767",
        "#404868",
        "#454d6d",
        "#434b6b"
    ],
    "hsl_color_values": [
        [
            0.6333333333333333,
            0.4032592183400082,
            99.1917808219178
        ],
        [
            0.6333333333333333,
            0.3795111991833303,
            105.39873417721519
        ],
        [
            0.6333333333333333,
            0.39603960396039606,
            101.0
        ],
        [
            0.6333333333333333,
            0.39215686274509803,
            102.0
        ],
        [
            0.6333333333333333,
            0.41402337228714525,
            96.61290322580645
        ],
        [
            0.6333333333333333,
            0.37037037037037035,
            108.0
        ],
        [
            0.6333333333333333,
            0.3883495145631068,
            103.0
        ],
        [
            0.6333333333333333,
            0.38461538461538464,
            104.0
        ],
        [
            0.6333333333333333,
            0.3657622545345525,
            109.36065573770492
        ],
        [
            0.6333333333333333,
            0.37383177570093457,
            107.0
        ]
    ]
}