{
    "rgb_colors": [
        [
            92.53968253968254,
            100.04761904761905,
            126.7936507936508
        ],
        [
            85.96116504854369,
            93.0873786407767,
            119.97087378640776
        ],
        [
            78.86111111111111,
            86.52777777777777,
            113.19444444444444
        ],
        [
            90.25714285714285,
            97.5047619047619,
            124.36190476190477
        ],
        [
            95.17647058823529,
            102.88235294117646,
            129.52941176470588
        ],
        [
            81.8688524590164,
            89.46448087431693,
            116.1639344262295
        ],
        [
            84.25443786982248,
            91.6923076923077,
            118.46745562130178
        ],
        [
            75.35897435897436,
            83.6923076923077,
            110.02564102564102
        ],
        [
            87.31901840490798,
            94.71165644171779,
            121.50306748466258
        ],
        [
            88.83783783783784,
            96.13513513513513,
            122.94594594594595
        ]
    ],
    "hex_colors": [
        "#5c647e",
        "#555d77",
        "#4e5671",
        "#5a617c",
        "#5f6681",
        "#515974",
        "#545b76",
        "#4b536e",
        "#575e79",
        "#58607a"
    ],
    "hsl_color_values": [
        [
            0.6301359283286994,
            0.2701552328492739,
            126.7936507936508
        ],
        [
            0.6317442192406508,
            0.2834830460467751,
            119.97087378640776
        ],
        [
            0.6294498381877024,
            0.30331288343558277,
            113.19444444444444
        ],
        [
            0.6312482546774644,
            0.27423801500995565,
            124.36190476190477
        ],
        [
            0.6292808219178082,
            0.265213442325159,
            129.52941176470588
        ],
        [
            0.6297535585298492,
            0.29523003104713513,
            116.1639344262295
        ],
        [
            0.630433529343941,
            0.2887967633984317,
            118.46745562130178
        ],
        [
            0.6266025641025642,
            0.31507807037986474,
            110.02564102564102
        ],
        [
            0.6306233548695861,
            0.28134309517798534,
            121.50306748466258
        ],
        [
            0.6310089804543053,
            0.2774236095845241,
            122.94594594594595
        ]
    ]
}