{
    "rgb_colors": [
        [
            105.91666666666667,
            112.91666666666667,
            139.08333333333334
        ],
        [
            111.47916666666667,
            118.47916666666667,
            144.17361111111111
        ],
        [
            101.69565217391305,
            108.69565217391305,
            135.08695652173913
        ],
        [
            121.03571428571428,
            128.03571428571428,
            153.03571428571428
        ],
        [
            99.2258064516129,
            106.2258064516129,
            133.03225806451613
        ],
        [
            109.65833333333333,
            116.65833333333333,
            142.99166666666667
        ],
        [
            103.86821705426357,
            110.86821705426357,
            137.18604651162792
        ],
        [
            107.83125,
            114.83125,
            141.15625
        ],
        [
            116.68181818181819,
            123.68181818181819,
            148.8939393939394
        ],
        [
            113.94214876033058,
            120.94214876033058,
            146.22314049586777
        ]
    ],
    "hex_colors": [
        "#69708b",
        "#6f7690",
        "#656c87",
        "#798099",
        "#636a85",
        "#6d748e",
        "#676e89",
        "#6b728d",
        "#747b94",
        "#717892"
    ],
    "hsl_color_values": [
        [
            0.6314907872696818,
            0.2384661473936489,
            139.08333333333334
        ],
        [
            0.6309827244406684,
            0.22677135012764316,
            144.17361111111111
        ],
        [
            0.6317274305555555,
            0.24718377856453166,
            135.08695652173913
        ],
        [
            0.6302083333333334,
            0.20910151691948659,
            153.03571428571428
        ],
        [
            0.6321564885496184,
            0.25412221144519886,
            133.03225806451613
        ],
        [
            0.6316666666666667,
            0.23311381782155144,
            142.99166666666667
        ],
        [
            0.6316503800217156,
            0.24286602248968758,
            137.18604651162792
        ],
        [
            0.6316579144786196,
            0.2360858977197255,
            141.15625
        ],
        [
            0.6304484164314833,
            0.2163427292154269,
            148.8939393939394
        ],
        [
            0.6305256869772999,
            0.22076527440230598,
            146.22314049586777
        ]
    ]
}