{
    "rgb_colors": [
        [
            86.0,
            98.0,
            137.0
        ],
        [
            84.43529411764706,
            96.43529411764706,
            135.43529411764706
        ],
        [
            92.0,
            104.0,
            143.0
        ],
        [
            93.0,
            105.0,
            144.0
        ],
        [
            89.0,
            101.0,
            140.0
        ],
        [
            94.33333333333333,
            106.33333333333333,
            145.33333333333334
        ],
        [
            88.0,
            100.0,
            139.0
        ],
        [
            90.0,
            102.0,
            141.0
        ],
        [
            91.0,
            103.0,
            142.0
        ],
        [
            87.0,
            99.0,
            138.0
        ]
    ],
    "hex_colors": [
        "#566289",
        "#546087",
        "#5c688f",
        "#5d6990",
        "#59658c",
        "#5e6a91",
        "#58648b",
        "#5a668d",
        "#5b678e",
        "#57638a"
    ],
    "hsl_color_values": [
        [
            0.6274509803921569,
            0.3722627737226277,
            137.0
        ],
        [
            0.6274509803921569,
            0.37656358582348853,
            135.43529411764706
        ],
        [
            0.6274509803921569,
            0.35664335664335667,
            143.0
        ],
        [
            0.6274509803921569,
            0.3541666666666667,
            144.0
        ],
        [
            0.6274509803921569,
            0.36428571428571427,
            140.0
        ],
        [
            0.6274509803921569,
            0.3509174311926606,
            145.33333333333334
        ],
        [
            0.6274509803921569,
            0.3669064748201439,
            139.0
        ],
        [
            0.6274509803921569,
            0.3617021276595745,
            141.0
        ],
        [
            0.6274509803921569,
            0.3591549295774648,
            142.0
        ],
        [
            0.6274509803921569,
            0.3695652173913043,
            138.0
        ]
    ]
}