{
    "rgb_colors": [
        [
            96.0,
            102.0,
            137.0
        ],
        [
            94.03488372093024,
            99.42441860465117,
            134.62790697674419
        ],
        [
            101.23863636363636,
            106.18181818181819,
            141.5340909090909
        ],
        [
            91.60655737704919,
            97.36065573770492,
            132.44262295081967
        ],
        [
            98.40816326530613,
            104.40816326530613,
            139.40816326530611
        ],
        [
            97.0,
            103.0,
            138.0
        ],
        [
            95.0,
            101.0,
            136.0
        ],
        [
            99.0,
            102.0,
            138.0
        ],
        [
            100.38775510204081,
            103.38775510204081,
            139.3877551020408
        ],
        [
            97.59210526315789,
            100.59210526315789,
            136.5921052631579
        ]
    ],
    "hex_colors": [
        "#606689",
        "#5e6386",
        "#656a8d",
        "#5b6184",
        "#62688b",
        "#61678a",
        "#5f6588",
        "#63668a",
        "#64678b",
        "#616488"
    ],
    "hsl_color_values": [
        [
            0.6422764227642276,
            0.29927007299270075,
            137.0
        ],
        [
            0.6445383366752603,
            0.30152012437381237,
            134.62790697674419
        ],
        [
            0.6462210941906372,
            0.2847049377759936,
            141.5340909090909
        ],
        [
            0.6431821223069717,
            0.3083302388909518,
            132.44262295081967
        ],
        [
            0.6422764227642276,
            0.2941004245352071,
            139.40816326530611
        ],
        [
            0.6422764227642276,
            0.2971014492753623,
            138.0
        ],
        [
            0.6422764227642276,
            0.3014705882352941,
            136.0
        ],
        [
            0.6538461538461539,
            0.2826086956521739,
            138.0
        ],
        [
            0.6538461538461539,
            0.2797950219619327,
            139.3877551020408
        ],
        [
            0.6538461538461539,
            0.28552162604758696,
            136.5921052631579
        ]
    ]
}