{
    "rgb_colors": [
        [
            54.142857142857146,
            60.785714285714285,
            87.23809523809524
        ],
        [
            28.799999999999997,
            25.799999999999997,
            38.199999999999996
        ],
        [
            58.858695652173914,
            65.80434782608695,
            92.72282608695652
        ],
        [
            52.0,
            49.66666666666667,
            62.333333333333336
        ],
        [
            90.56666666666666,
            92.23333333333333,
            111.0
        ],
        [
            71.11607142857143,
            77.48214285714286,
            103.6875
        ],
        [
            66.40863787375416,
            73.3687707641196,
            100.29235880398672
        ],
        [
            79.07317073170732,
            83.60975609756098,
            107.07317073170732
        ],
        [
            3.5,
            1.1666666666666714,
            11.5
        ],
        [
            62.736666666666665,
            69.70666666666666,
            96.66
        ]
    ],
    "hex_colors": [
        "#363c57",
        "#1c1926",
        "#3a415c",
        "#34313e",
        "#5a5c6f",
        "#474d67",
        "#424964",
        "#4f536b",
        "#03010b",
        "#3e4560"
    ],
    "hsl_color_values": [
        [
            0.6332134292565947,
            0.37936681222707425,
            87.23809523809524
        ],
        [
            0.706989247311828,
            0.32460732984293195,
            38.199999999999996
        ],
        [
            0.6324827475525598,
            0.36521892034464565,
            92.72282608695652
        ],
        [
            0.6973684210526315,
            0.20320855614973257,
            62.333333333333336
        ],
        [
            0.6530723219140837,
            0.1840840840840841,
            111.0
        ],
        [
            0.6340917397660819,
            0.31413071557737016,
            103.6875
        ],
        [
            0.6324312841128216,
            0.3378494766132238,
            100.29235880398672
        ],
        [
            0.6396631823461093,
            0.26150341685649203,
            107.07317073170732
        ],
        [
            0.7043010752688171,
            0.8985507246376807,
            11.5
        ],
        [
            0.6324227834004782,
            0.350955238292296,
            96.66
        ]
    ]
}