{
    "rgb_colors": [
        [
            89.0,
            96.0,
            133.5125
        ],
        [
            95.13793103448276,
            102.13793103448276,
            139.89655172413794
        ],
        [
            87.0,
            94.0,
            131.46478873239437
        ],
        [
            93.11940298507463,
            100.11940298507463,
            137.49253731343285
        ],
        [
            90.0,
            97.0,
            134.48993288590603
        ],
        [
            91.0,
            98.0,
            135.5391304347826
        ],
        [
            88.0,
            95.0,
            132.54166666666666
        ],
        [
            84.73015873015873,
            91.73015873015873,
            129.20634920634922
        ],
        [
            92.0,
            99.0,
            136.46478873239437
        ],
        [
            86.0,
            93.0,
            130.48809523809524
        ]
    ],
    "hex_colors": [
        "#596085",
        "#5f668b",
        "#575e83",
        "#5d6489",
        "#5a6186",
        "#5b6287",
        "#585f84",
        "#545b81",
        "#5c6388",
        "#565d82"
    ],
    "hsl_color_values": [
        [
            0.6404568005241974,
            0.33339574946166084,
            133.5125
        ],
        [
            0.6406009244992296,
            0.31994084298742914,
            139.89655172413794
        ],
        [
            0.6404286770140429,
            0.33822584101135633,
            131.46478873239437
        ],
        [
            0.6403744814441081,
            0.32273122014763356,
            137.49253731343285
        ],
        [
            0.6404435058078142,
            0.3308049303857477,
            134.48993288590603
        ],
        [
            0.6404724716907458,
            0.3286071726438699,
            135.5391304347826
        ],
        [
            0.640473963205488,
            0.33605784344545736,
            132.54166666666666
        ],
        [
            0.640435403283369,
            0.34422604422604425,
            129.20634920634922
        ],
        [
            0.6404286770140429,
            0.3258334193415213,
            136.46478873239437
        ],
        [
            0.6404424226206404,
            0.3409360459812061,
            130.48809523809524
        ]
    ]
}