{
    "rgb_colors": [
        [
            83.58333333333333,
            92.58333333333333,
            130.58333333333334
        ],
        [
            91.75,
            100.75,
            138.75
        ],
        [
            77.0,
            86.0,
            124.0
        ],
        [
            74.0,
            83.0,
            121.0
        ],
        [
            76.0,
            85.0,
            123.0
        ],
        [
            72.53846153846153,
            81.53846153846153,
            119.53846153846153
        ],
        [
            70.5925925925926,
            79.5925925925926,
            117.5925925925926
        ],
        [
            68.31818181818181,
            77.31818181818181,
            115.31818181818181
        ],
        [
            78.89156626506025,
            87.89156626506025,
            125.89156626506025
        ],
        [
            75.0,
            84.0,
            122.0
        ]
    ],
    "hex_colors": [
        "#535c82",
        "#5b648a",
        "#4d567c",
        "#4a5379",
        "#4c557b",
        "#485177",
        "#464f75",
        "#444d73",
        "#4e577d",
        "#4b547a"
    ],
    "hsl_color_values": [
        [
            0.6347517730496454,
            0.3599234205488195,
            130.58333333333334
        ],
        [
            0.6347517730496454,
            0.3387387387387387,
            138.75
        ],
        [
            0.6347517730496454,
            0.3790322580645161,
            124.0
        ],
        [
            0.6347517730496454,
            0.3884297520661157,
            121.0
        ],
        [
            0.6347517730496454,
            0.3821138211382114,
            123.0
        ],
        [
            0.6347517730496454,
            0.3931788931788932,
            119.53846153846153
        ],
        [
            0.6347517730496454,
            0.3996850393700787,
            117.5925925925926
        ],
        [
            0.6347517730496454,
            0.4075679936933386,
            115.31818181818181
        ],
        [
            0.6347517730496454,
            0.3733371614508565,
            125.89156626506025
        ],
        [
            0.6347517730496454,
            0.38524590163934425,
            122.0
        ]
    ]
}