{
    "rgb_colors": [
        [
            61.36842105263158,
            72.36842105263158,
            109.36842105263158
        ],
        [
            69.0,
            80.0,
            117.0
        ],
        [
            65.0,
            76.0,
            113.0
        ],
        [
            66.0,
            77.0,
            114.0
        ],
        [
            70.01041666666667,
            80.98958333333333,
            118.0
        ],
        [
            72.81428571428572,
            83.81428571428572,
            120.81428571428572
        ],
        [
            67.01428571428572,
            77.98571428571428,
            115.0
        ],
        [
            68.00625,
            78.99375,
            116.0
        ],
        [
            63.76923076923077,
            74.76923076923077,
            111.76923076923077
        ],
        [
            71.0,
            82.0,
            119.0
        ]
    ],
    "hex_colors": [
        "#3d486d",
        "#455075",
        "#414c71",
        "#424d72",
        "#465076",
        "#485378",
        "#434d73",
        "#444e74",
        "#3f4a6f",
        "#475277"
    ],
    "hsl_color_values": [
        [
            0.6284722222222223,
            0.4388835418671799,
            109.36842105263158
        ],
        [
            0.6284722222222222,
            0.41025641025641024,
            117.0
        ],
        [
            0.6284722222222222,
            0.4247787610619469,
            113.0
        ],
        [
            0.6284722222222222,
            0.42105263157894735,
            114.0
        ],
        [
            0.6285362853628537,
            0.4066913841807909,
            118.0
        ],
        [
            0.6284722222222222,
            0.3973040085136573,
            120.81428571428572
        ],
        [
            0.6285600873275777,
            0.4172670807453416,
            115.0
        ],
        [
            0.6285106567695445,
            0.41373922413793107,
            116.0
        ],
        [
            0.6284722222222222,
            0.4294562973158982,
            111.76923076923077
        ],
        [
            0.6284722222222222,
            0.40336134453781514,
            119.0
        ]
    ]
}