{
    "rgb_colors": [
        [
            72.625,
            83.625,
            119.625
        ],
        [
            67.0,
            78.0,
            114.0
        ],
        [
            66.0,
            77.0,
            113.0
        ],
        [
            65.0,
            76.0,
            112.0
        ],
        [
            68.0,
            79.0,
            115.0
        ],
        [
            69.0,
            80.0,
            116.0
        ],
        [
            70.0,
            81.0,
            117.0
        ],
        [
            63.61538461538461,
            74.61538461538461,
            110.61538461538461
        ],
        [
            61.6,
            72.6,
            108.6
        ],
        [
            71.0,
            82.0,
            118.0
        ]
    ],
    "hex_colors": [
        "#485377",
        "#434e72",
        "#424d71",
        "#414c70",
        "#444f73",
        "#455074",
        "#465175",
        "#3f4a6e",
        "#3d486c",
        "#475276"
    ],
    "hsl_color_values": [
        [
            0.6276595744680851,
            0.3928944618599791,
            119.625
        ],
        [
            0.6276595744680851,
            0.41228070175438597,
            114.0
        ],
        [
            0.6276595744680851,
            0.415929203539823,
            113.0
        ],
        [
            0.6276595744680851,
            0.41964285714285715,
            112.0
        ],
        [
            0.6276595744680851,
            0.40869565217391307,
            115.0
        ],
        [
            0.6276595744680851,
            0.4051724137931034,
            116.0
        ],
        [
            0.6276595744680851,
            0.4017094017094017,
            117.0
        ],
        [
            0.6276595744680851,
            0.42489568845618914,
            110.61538461538461
        ],
        [
            0.6276595744680851,
            0.432780847145488,
            108.6
        ],
        [
            0.6276595744680851,
            0.3983050847457627,
            118.0
        ]
    ]
}