{
    "rgb_colors": [
        [
            65.0,
            73.0,
            103.0
        ],
        [
            62.0,
            70.0,
            100.0
        ],
        [
            61.0,
            69.0,
            99.0
        ],
        [
            58.5886524822695,
            66.58865248226951,
            96.58865248226951
        ],
        [
            67.73863636363636,
            75.73863636363636,
            105.73863636363636
        ],
        [
            56.35294117647059,
            64.3529411764706,
            94.3529411764706
        ],
        [
            63.0,
            71.0,
            101.0
        ],
        [
            60.0,
            68.0,
            98.0
        ],
        [
            64.0,
            72.0,
            102.0
        ],
        [
            66.0,
            74.0,
            104.0
        ]
    ],
    "hex_colors": [
        "#414967",
        "#3e4664",
        "#3d4563",
        "#3a4260",
        "#434b69",
        "#38405e",
        "#3f4765",
        "#3c4462",
        "#404866",
        "#424a68"
    ],
    "hsl_color_values": [
        [
            0.6315789473684211,
            0.36893203883495146,
            103.0
        ],
        [
            0.6315789473684211,
            0.38,
            100.0
        ],
        [
            0.6315789473684211,
            0.3838383838383838,
            99.0
        ],
        [
            0.6315789473684211,
            0.3934209560173288,
            96.58865248226951
        ],
        [
            0.6315789473684211,
            0.35937667920472866,
            105.73863636363636
        ],
        [
            0.6315789473684211,
            0.40274314214463847,
            94.3529411764706
        ],
        [
            0.6315789473684211,
            0.37623762376237624,
            101.0
        ],
        [
            0.6315789473684211,
            0.3877551020408163,
            98.0
        ],
        [
            0.6315789473684211,
            0.37254901960784315,
            102.0
        ],
        [
            0.6315789473684211,
            0.36538461538461536,
            104.0
        ]
    ]
}