{
    "rgb_colors": [
        [
            78.0,
            86.0,
            114.0
        ],
        [
            81.0,
            89.0,
            117.0
        ],
        [
            74.578125,
            82.578125,
            110.578125
        ],
        [
            84.73809523809524,
            92.73809523809524,
            120.73809523809524
        ],
        [
            76.62903225806451,
            84.62903225806451,
            112.62903225806451
        ],
        [
            80.0,
            88.0,
            116.0
        ],
        [
            72.45,
            80.45,
            108.45
        ],
        [
            79.0,
            87.0,
            115.0
        ],
        [
            82.44845360824742,
            90.44845360824742,
            118.44845360824742
        ],
        [
            87.9375,
            95.9375,
            123.9375
        ]
    ],
    "hex_colors": [
        "#4e5672",
        "#515975",
        "#4a526e",
        "#545c78",
        "#4c5470",
        "#505874",
        "#48506c",
        "#4f5773",
        "#525a76",
        "#575f7b"
    ],
    "hsl_color_values": [
        [
            0.6296296296296297,
            0.3157894736842105,
            114.0
        ],
        [
            0.6296296296296297,
            0.3076923076923077,
            117.0
        ],
        [
            0.6296296296296297,
            0.3255616786774057,
            110.578125
        ],
        [
            0.6296296296296297,
            0.2981660422007493,
            120.73809523809524
        ],
        [
            0.6296296296296297,
            0.31963339538880137,
            112.62903225806451
        ],
        [
            0.6296296296296297,
            0.3103448275862069,
            116.0
        ],
        [
            0.6296296296296297,
            0.33195020746887965,
            108.45
        ],
        [
            0.6296296296296297,
            0.3130434782608696,
            115.0
        ],
        [
            0.6296296296296297,
            0.30392967492057965,
            118.44845360824742
        ],
        [
            0.6296296296296297,
            0.29046898638426627,
            123.9375
        ]
    ]
}