{
    "rgb_colors": [
        [
            68.0,
            83.0,
            121.0
        ],
        [
            70.0,
            85.0,
            123.0
        ],
        [
            67.0,
            82.0,
            120.0
        ],
        [
            72.0,
            87.0,
            125.0
        ],
        [
            75.23809523809524,
            90.23809523809524,
            128.23809523809524
        ],
        [
            69.0,
            84.0,
            122.0
        ],
        [
            73.31132075471699,
            88.31132075471699,
            126.31132075471699
        ],
        [
            66.0,
            81.0,
            119.0
        ],
        [
            71.0,
            86.0,
            124.0
        ],
        [
            64.68,
            79.68,
            117.68
        ]
    ],
    "hex_colors": [
        "#445379",
        "#46557b",
        "#435278",
        "#48577d",
        "#4b5a80",
        "#45547a",
        "#49587e",
        "#425177",
        "#47567c",
        "#404f75"
    ],
    "hsl_color_values": [
        [
            0.619496855345912,
            0.4380165289256198,
            121.0
        ],
        [
            0.619496855345912,
            0.43089430894308944,
            123.0
        ],
        [
            0.619496855345912,
            0.44166666666666665,
            120.0
        ],
        [
            0.619496855345912,
            0.424,
            125.0
        ],
        [
            0.619496855345912,
            0.41329372447085033,
            128.23809523809524
        ],
        [
            0.619496855345912,
            0.4344262295081967,
            122.0
        ],
        [
            0.619496855345912,
            0.41959817760848456,
            126.31132075471699
        ],
        [
            0.619496855345912,
            0.44537815126050423,
            119.0
        ],
        [
            0.619496855345912,
            0.4274193548387097,
            124.0
        ],
        [
            0.619496855345912,
            0.4503738953093134,
            117.68
        ]
    ]
}