{
    "rgb_colors": [
        [
            77.0,
            89.0,
            128.0
        ],
        [
            69.54545454545455,
            81.54545454545455,
            120.54545454545455
        ],
        [
            74.0,
            86.0,
            125.0
        ],
        [
            76.0,
            88.0,
            127.0
        ],
        [
            79.1,
            91.1,
            130.1
        ],
        [
            71.0,
            83.0,
            122.0
        ],
        [
            72.0,
            84.0,
            123.0
        ],
        [
            73.0,
            85.0,
            124.0
        ],
        [
            78.0,
            90.0,
            129.0
        ],
        [
            75.0,
            87.0,
            126.0
        ]
    ],
    "hex_colors": [
        "#4d5980",
        "#455178",
        "#4a567d",
        "#4c587f",
        "#4f5b82",
        "#47537a",
        "#48547b",
        "#49557c",
        "#4e5a81",
        "#4b577e"
    ],
    "hsl_color_values": [
        [
            0.6274509803921569,
            0.3984375,
            128.0
        ],
        [
            0.6274509803921569,
            0.4230769230769231,
            120.54545454545455
        ],
        [
            0.6274509803921569,
            0.408,
            125.0
        ],
        [
            0.6274509803921569,
            0.4015748031496063,
            127.0
        ],
        [
            0.6274509803921569,
            0.3920061491160646,
            130.1
        ],
        [
            0.6274509803921569,
            0.4180327868852459,
            122.0
        ],
        [
            0.6274509803921569,
            0.4146341463414634,
            123.0
        ],
        [
            0.6274509803921569,
            0.4112903225806452,
            124.0
        ],
        [
            0.6274509803921569,
            0.3953488372093023,
            129.0
        ],
        [
            0.6274509803921569,
            0.40476190476190477,
            126.0
        ]
    ]
}