{
    "rgb_colors": [
        [
            93.60416666666667,
            105.60416666666667,
            144.60416666666666
        ],
        [
            108.0,
            120.0,
            159.0
        ],
        [
            97.5126582278481,
            109.5126582278481,
            148.5126582278481
        ],
        [
            100.0,
            112.0,
            151.0
        ],
        [
            104.765625,
            116.765625,
            155.765625
        ],
        [
            103.0,
            115.0,
            154.0
        ],
        [
            102.0,
            114.0,
            153.0
        ],
        [
            95.60550458715596,
            107.60550458715596,
            146.60550458715596
        ],
        [
            99.0,
            111.0,
            150.0
        ],
        [
            101.0,
            113.0,
            152.0
        ]
    ],
    "hex_colors": [
        "#5d6990",
        "#6c789f",
        "#616d94",
        "#647097",
        "#68749b",
        "#67739a",
        "#667299",
        "#5f6b92",
        "#636f96",
        "#657198"
    ],
    "hsl_color_values": [
        [
            0.6274509803921569,
            0.3526869327186284,
            144.60416666666666
        ],
        [
            0.6274509803921569,
            0.32075471698113206,
            159.0
        ],
        [
            0.6274509803921569,
            0.3434050713829107,
            148.5126582278481
        ],
        [
            0.6274509803921569,
            0.33774834437086093,
            151.0
        ],
        [
            0.6274509803921569,
            0.32741498645801986,
            155.765625
        ],
        [
            0.6274509803921569,
            0.33116883116883117,
            154.0
        ],
        [
            0.6274509803921569,
            0.3333333333333333,
            153.0
        ],
        [
            0.6274509803921569,
            0.3478723404255319,
            146.60550458715596
        ],
        [
            0.6274509803921569,
            0.34,
            150.0
        ],
        [
            0.6274509803921569,
            0.3355263157894737,
            152.0
        ]
    ]
}