{
    "rgb_colors": [
        [
            84.38,
            94.9,
            125.34
        ],
        [
            80.0,
            91.0,
            120.0
        ],
        [
            75.3,
            85.68571428571428,
            116.52857142857142
        ],
        [
            82.41880341880342,
            93.41880341880342,
            122.41880341880342
        ],
        [
            78.1413043478261,
            89.1413043478261,
            118.1413043478261
        ],
        [
            82.37755102040816,
            92.37755102040816,
            124.37755102040816
        ],
        [
            79.0,
            89.0,
            121.0
        ],
        [
            80.47552447552448,
            90.47552447552448,
            122.47552447552448
        ],
        [
            81.0,
            92.0,
            121.0
        ],
        [
            77.46774193548387,
            87.46774193548387,
            119.46774193548387
        ]
    ],
    "hex_colors": [
        "#545e7d",
        "#505b78",
        "#4b5574",
        "#525d7a",
        "#4e5976",
        "#525c7c",
        "#4f5979",
        "#505a7a",
        "#515c79",
        "#4d5777"
    ],
    "hsl_color_values": [
        [
            0.6238606770833334,
            0.3267911281314824,
            125.34
        ],
        [
            0.6208333333333332,
            0.3333333333333333,
            120.0
        ],
        [
            0.6246823746823748,
            0.35380654652445753,
            116.52857142857142
        ],
        [
            0.6208333333333332,
            0.3267471898345319,
            122.41880341880342
        ],
        [
            0.6208333333333332,
            0.33857760603551385,
            118.1413043478261
        ],
        [
            0.626984126984127,
            0.3376815161210928,
            124.37755102040816
        ],
        [
            0.626984126984127,
            0.34710743801652894,
            121.0
        ],
        [
            0.626984126984127,
            0.34292565947242204,
            122.47552447552448
        ],
        [
            0.6208333333333332,
            0.3305785123966942,
            121.0
        ],
        [
            0.626984126984127,
            0.351559335763467,
            119.46774193548387
        ]
    ]
}