{
    "rgb_colors": [
        [
            83.0,
            94.0,
            133.0
        ],
        [
            82.0,
            93.0,
            132.0
        ],
        [
            84.35885167464114,
            95.35885167464114,
            133.64114832535884
        ],
        [
            81.08333333333333,
            92.08333333333333,
            130.36904761904762
        ],
        [
            83.6608695652174,
            94.6608695652174,
            131.66086956521738
        ],
        [
            86.39473684210526,
            97.39473684210526,
            135.60526315789474
        ],
        [
            87.74444444444444,
            98.74444444444444,
            137.1
        ],
        [
            79.0,
            90.0,
            128.84615384615384
        ],
        [
            91.2,
            102.2,
            140.8
        ],
        [
            85.39444444444445,
            96.39444444444445,
            134.60555555555555
        ]
    ],
    "hex_colors": [
        "#535e85",
        "#525d84",
        "#545f85",
        "#515c82",
        "#535e83",
        "#566187",
        "#576289",
        "#4f5a80",
        "#5b668c",
        "#556086"
    ],
    "hsl_color_values": [
        [
            0.63,
            0.37593984962406013,
            133.0
        ],
        [
            0.63,
            0.3787878787878788,
            132.0
        ],
        [
            0.6294660194174758,
            0.36876588736529303,
            133.64114832535884
        ],
        [
            0.6294685990338165,
            0.37804766687973707,
            130.36904761904762
        ],
        [
            0.6284722222222222,
            0.3645730136714879,
            131.66086956521738
        ],
        [
            0.6294117647058823,
            0.36289540073743454,
            135.60526315789474
        ],
        [
            0.6295212366801741,
            0.3599967582462112,
            137.1
        ],
        [
            0.6298868312757202,
            0.38686567164179103,
            128.84615384615384
        ],
        [
            0.6297043010752689,
            0.3522727272727273,
            140.8
        ],
        [
            0.6294122074207872,
            0.36559494820256716,
            134.60555555555555
        ]
    ]
}