{
    "rgb_colors": [
        [
            88.8157894736842,
            90.8157894736842,
            112.8157894736842
        ],
        [
            86.0,
            88.0,
            110.0
        ],
        [
            87.0,
            89.0,
            111.0
        ],
        [
            83.0,
            85.0,
            107.0
        ],
        [
            78.31372549019608,
            80.31372549019608,
            102.31372549019608
        ],
        [
            84.0,
            86.0,
            108.0
        ],
        [
            82.0,
            84.0,
            106.0
        ],
        [
            81.0,
            83.0,
            105.0
        ],
        [
            80.0,
            82.0,
            104.0
        ],
        [
            85.0,
            87.0,
            109.0
        ]
    ],
    "hex_colors": [
        "#585a70",
        "#56586e",
        "#57596f",
        "#53556b",
        "#4e5066",
        "#54566c",
        "#52546a",
        "#515369",
        "#505268",
        "#55576d"
    ],
    "hsl_color_values": [
        [
            0.6527777777777778,
            0.21273617914625614,
            112.8157894736842
        ],
        [
            0.6527777777777778,
            0.21818181818181817,
            110.0
        ],
        [
            0.6527777777777778,
            0.21621621621621623,
            111.0
        ],
        [
            0.6527777777777778,
            0.22429906542056074,
            107.0
        ],
        [
            0.6527777777777778,
            0.23457263319279417,
            102.31372549019608
        ],
        [
            0.6527777777777778,
            0.2222222222222222,
            108.0
        ],
        [
            0.6527777777777778,
            0.22641509433962265,
            106.0
        ],
        [
            0.6527777777777778,
            0.22857142857142856,
            105.0
        ],
        [
            0.6527777777777778,
            0.23076923076923078,
            104.0
        ],
        [
            0.6527777777777778,
            0.22018348623853212,
            109.0
        ]
    ]
}