{
    "rgb_colors": [
        [
            84.0,
            95.0,
            132.0
        ],
        [
            79.58536585365853,
            90.58536585365853,
            127.58536585365853
        ],
        [
            81.0,
            92.0,
            129.0
        ],
        [
            87.0,
            98.0,
            135.0
        ],
        [
            83.0,
            94.0,
            131.0
        ],
        [
            89.75,
            100.75,
            137.75
        ],
        [
            86.0,
            97.0,
            134.0
        ],
        [
            85.0,
            96.0,
            133.0
        ],
        [
            82.0,
            93.0,
            130.0
        ],
        [
            88.0,
            99.0,
            136.0
        ]
    ],
    "hex_colors": [
        "#545f84",
        "#4f5a7f",
        "#515c81",
        "#576287",
        "#535e83",
        "#596489",
        "#566186",
        "#556085",
        "#525d82",
        "#586388"
    ],
    "hsl_color_values": [
        [
            0.6284722222222222,
            0.36363636363636365,
            132.0
        ],
        [
            0.6284722222222222,
            0.3762186962339897,
            127.58536585365853
        ],
        [
            0.6284722222222222,
            0.37209302325581395,
            129.0
        ],
        [
            0.6284722222222222,
            0.35555555555555557,
            135.0
        ],
        [
            0.6284722222222222,
            0.366412213740458,
            131.0
        ],
        [
            0.6284722222222222,
            0.3484573502722323,
            137.75
        ],
        [
            0.6284722222222222,
            0.3582089552238806,
            134.0
        ],
        [
            0.6284722222222222,
            0.3609022556390977,
            133.0
        ],
        [
            0.6284722222222222,
            0.36923076923076925,
            130.0
        ],
        [
            0.6284722222222222,
            0.35294117647058826,
            136.0
        ]
    ]
}