{
    "rgb_colors": [
        [
            61.0,
            69.0,
            97.0
        ],
        [
            64.0,
            72.0,
            100.0
        ],
        [
            63.0,
            71.0,
            99.0
        ],
        [
            65.0,
            73.0,
            101.0
        ],
        [
            57.45945945945946,
            65.45945945945945,
            93.45945945945945
        ],
        [
            62.0,
            70.0,
            98.0
        ],
        [
            68.39024390243902,
            76.39024390243902,
            104.39024390243902
        ],
        [
            59.65573770491803,
            67.65573770491804,
            95.65573770491804
        ],
        [
            66.0,
            74.0,
            102.0
        ],
        [
            67.0,
            75.0,
            103.0
        ]
    ],
    "hex_colors": [
        "#3d4561",
        "#404864",
        "#3f4763",
        "#414965",
        "#39415d",
        "#3e4662",
        "#444c68",
        "#3b435f",
        "#424a66",
        "#434b67"
    ],
    "hsl_color_values": [
        [
            0.6296296296296297,
            0.3711340206185567,
            97.0
        ],
        [
            0.6296296296296297,
            0.36,
            100.0
        ],
        [
            0.6296296296296297,
            0.36363636363636365,
            99.0
        ],
        [
            0.6296296296296297,
            0.3564356435643564,
            101.0
        ],
        [
            0.6296296296296297,
            0.3851937536148062,
            93.45945945945945
        ],
        [
            0.6296296296296297,
            0.3673469387755102,
            98.0
        ],
        [
            0.6296296296296297,
            0.3448598130841121,
            104.39024390243902
        ],
        [
            0.6296296296296297,
            0.37634961439588693,
            95.65573770491804
        ],
        [
            0.6296296296296297,
            0.35294117647058826,
            102.0
        ],
        [
            0.6296296296296297,
            0.34951456310679613,
            103.0
        ]
    ]
}