{
    "rgb_colors": [
        [
            79.6875,
            83.6875,
            111.6875
        ],
        [
            70.0,
            74.0,
            102.0
        ],
        [
            76.0,
            80.0,
            108.0
        ],
        [
            75.0,
            79.0,
            107.0
        ],
        [
            73.0,
            77.0,
            105.0
        ],
        [
            74.0,
            78.0,
            106.0
        ],
        [
            72.0,
            76.0,
            104.0
        ],
        [
            71.0,
            75.0,
            103.0
        ],
        [
            68.85714285714286,
            72.85714285714286,
            100.85714285714286
        ],
        [
            77.33898305084746,
            81.33898305084746,
            109.33898305084746
        ]
    ],
    "hex_colors": [
        "#4f536f",
        "#464a66",
        "#4c506c",
        "#4b4f6b",
        "#494d69",
        "#4a4e6a",
        "#484c68",
        "#474b67",
        "#444864",
        "#4d516d"
    ],
    "hsl_color_values": [
        [
            0.6458333333333334,
            0.28651371012870736,
            111.6875
        ],
        [
            0.6458333333333334,
            0.3137254901960784,
            102.0
        ],
        [
            0.6458333333333334,
            0.2962962962962963,
            108.0
        ],
        [
            0.6458333333333334,
            0.29906542056074764,
            107.0
        ],
        [
            0.6458333333333334,
            0.3047619047619048,
            105.0
        ],
        [
            0.6458333333333334,
            0.3018867924528302,
            106.0
        ],
        [
            0.6458333333333334,
            0.3076923076923077,
            104.0
        ],
        [
            0.6458333333333334,
            0.3106796116504854,
            103.0
        ],
        [
            0.6458333333333334,
            0.31728045325779036,
            100.85714285714286
        ],
        [
            0.6458333333333334,
            0.2926678034413269,
            109.33898305084746
        ]
    ]
}