{
    "rgb_colors": [
        [
            77.675,
            89.675,
            128.675
        ],
        [
            84.0,
            96.0,
            135.0
        ],
        [
            81.0,
            93.0,
            132.0
        ],
        [
            85.0,
            97.0,
            136.0
        ],
        [
            79.0,
            91.0,
            130.0
        ],
        [
            75.45454545454545,
            87.45454545454545,
            126.45454545454545
        ],
        [
            82.0,
            94.0,
            133.0
        ],
        [
            83.0,
            95.0,
            134.0
        ],
        [
            80.0,
            92.0,
            131.0
        ],
        [
            86.38461538461539,
            98.38461538461539,
            137.3846153846154
        ]
    ],
    "hex_colors": [
        "#4d5980",
        "#546087",
        "#515d84",
        "#556188",
        "#4f5b82",
        "#4b577e",
        "#525e85",
        "#535f86",
        "#505c83",
        "#566289"
    ],
    "hsl_color_values": [
        [
            0.6274509803921569,
            0.3963473868272781,
            128.675
        ],
        [
            0.6274509803921569,
            0.37777777777777777,
            135.0
        ],
        [
            0.6274509803921569,
            0.38636363636363635,
            132.0
        ],
        [
            0.6274509803921569,
            0.375,
            136.0
        ],
        [
            0.6274509803921569,
            0.3923076923076923,
            130.0
        ],
        [
            0.6274509803921569,
            0.40330697340043137,
            126.45454545454545
        ],
        [
            0.6274509803921569,
            0.38345864661654133,
            133.0
        ],
        [
            0.6274509803921569,
            0.3805970149253731,
            134.0
        ],
        [
            0.6274509803921569,
            0.3893129770992366,
            131.0
        ],
        [
            0.6274509803921569,
            0.37122060470324747,
            137.3846153846154
        ]
    ]
}