{
    "rgb_colors": [
        [
            85.3108108108108,
            93.3108108108108,
            121.83783783783784
        ],
        [
            88.85483870967742,
            96.85483870967742,
            125.14516129032258
        ],
        [
            96.17391304347827,
            104.17391304347827,
            132.17391304347825
        ],
        [
            90.0,
            98.0,
            126.0
        ],
        [
            91.0,
            99.0,
            127.26666666666667
        ],
        [
            87.75,
            95.75,
            124.25
        ],
        [
            82.78333333333333,
            90.78333333333333,
            119.41666666666667
        ],
        [
            92.87567567567568,
            100.87567567567568,
            128.9837837837838
        ],
        [
            89.33333333333333,
            97.33333333333333,
            127.33333333333333
        ],
        [
            86.84070796460178,
            94.84070796460178,
            123.15929203539822
        ]
    ],
    "hex_colors": [
        "#555d79",
        "#58607d",
        "#606884",
        "#5a627e",
        "#5b637f",
        "#575f7c",
        "#525a77",
        "#5c6480",
        "#59617f",
        "#565e7b"
    ],
    "hsl_color_values": [
        [
            0.6301640152916512,
            0.29980035492457857,
            121.83783783783784
        ],
        [
            0.6299259259259259,
            0.2899858229153241,
            125.14516129032258
        ],
        [
            0.6296296296296297,
            0.2723684210526315,
            132.17391304347825
        ],
        [
            0.6296296296296297,
            0.2857142857142857,
            126.0
        ],
        [
            0.6299019607843137,
            0.28496595075956,
            127.26666666666667
        ],
        [
            0.6301369863013698,
            0.2937625754527163,
            124.25
        ],
        [
            0.6302699423718532,
            0.30676901605024426,
            119.41666666666667
        ],
        [
            0.6297405189620758,
            0.2799430056156232,
            128.9837837837838
        ],
        [
            0.6315789473684211,
            0.2984293193717278,
            127.33333333333333
        ],
        [
            0.6299545159194282,
            0.294891140331968,
            123.15929203539822
        ]
    ]
}