{
    "rgb_colors": [
        [
            68.0377358490566,
            73.0377358490566,
            97.9622641509434
        ],
        [
            66.28947368421052,
            71.28947368421052,
            96.02631578947368
        ],
        [
            77.74725274725274,
            82.74725274725274,
            107.74725274725274
        ],
        [
            69.01408450704226,
            74.01408450704226,
            98.98591549295774
        ],
        [
            73.00746268656717,
            78.0,
            103.00746268656717
        ],
        [
            75.40127388535032,
            80.39490445859873,
            105.37579617834395
        ],
        [
            71.02290076335878,
            76.02290076335878,
            100.97709923664122
        ],
        [
            72.0078125,
            77.0078125,
            101.9921875
        ],
        [
            70.02105263157895,
            75.0,
            100.02105263157895
        ],
        [
            74.01587301587301,
            79.01587301587301,
            103.98412698412699
        ]
    ],
    "hex_colors": [
        "#444961",
        "#424760",
        "#4d526b",
        "#454a62",
        "#494e67",
        "#4b5069",
        "#474c64",
        "#484d65",
        "#464b64",
        "#4a4f67"
    ],
    "hsl_color_values": [
        [
            0.6388188314417823,
            0.30546995377503855,
            97.9622641509434
        ],
        [
            0.6386430678466076,
            0.30967388325568657,
            96.02631578947368
        ],
        [
            0.6388888888888888,
            0.27842937276899543,
            107.74725274725274
        ],
        [
            0.6388627819548872,
            0.3027888446215139,
            98.98591549295774
        ],
        [
            0.6389303482587065,
            0.29124103455770484,
            103.00746268656717
        ],
        [
            0.6389006941493128,
            0.28445357833655704,
            105.37579617834395
        ],
        [
            0.638846415222562,
            0.2966434835198065,
            100.97709923664122
        ],
        [
            0.6388744137571652,
            0.2939869781692838,
            101.9921875
        ],
        [
            0.6390058479532165,
            0.2999368553988634,
            100.02105263157895
        ],
        [
            0.6388594632768362,
            0.28820027476721116,
            103.98412698412699
        ]
    ]
}