{
    "rgb_colors": [
        [
            65.8360655737705,
            73.8360655737705,
            103.8360655737705
        ],
        [
            59.0,
            67.0,
            97.0
        ],
        [
            63.0,
            71.0,
            101.0
        ],
        [
            62.0,
            70.0,
            100.0
        ],
        [
            55.391304347826086,
            63.391304347826086,
            93.3913043478261
        ],
        [
            64.0,
            72.0,
            102.0
        ],
        [
            58.0,
            66.0,
            96.0
        ],
        [
            60.0,
            68.0,
            98.0
        ],
        [
            61.0,
            69.0,
            99.0
        ],
        [
            57.0,
            65.0,
            95.0
        ]
    ],
    "hex_colors": [
        "#414967",
        "#3b4361",
        "#3f4765",
        "#3e4664",
        "#373f5d",
        "#404866",
        "#3a4260",
        "#3c4462",
        "#3d4563",
        "#39415f"
    ],
    "hsl_color_values": [
        [
            0.6315789473684211,
            0.3659614777391853,
            103.8360655737705
        ],
        [
            0.6315789473684211,
            0.3917525773195876,
            97.0
        ],
        [
            0.6315789473684211,
            0.37623762376237624,
            101.0
        ],
        [
            0.6315789473684211,
            0.38,
            100.0
        ],
        [
            0.6315789473684211,
            0.40689013035381755,
            93.3913043478261
        ],
        [
            0.6315789473684211,
            0.37254901960784315,
            102.0
        ],
        [
            0.6315789473684211,
            0.3958333333333333,
            96.0
        ],
        [
            0.6315789473684211,
            0.3877551020408163,
            98.0
        ],
        [
            0.6315789473684211,
            0.3838383838383838,
            99.0
        ],
        [
            0.6315789473684211,
            0.4,
            95.0
        ]
    ]
}