{
    "rgb_colors": [
        [
            88.4140625,
            96.4140625,
            124.4140625
        ],
        [
            85.0,
            93.0,
            121.0
        ],
        [
            90.35897435897436,
            98.35897435897436,
            126.35897435897436
        ],
        [
            81.14736842105263,
            89.14736842105263,
            117.14736842105263
        ],
        [
            78.61643835616438,
            86.61643835616438,
            114.61643835616438
        ],
        [
            86.0,
            94.0,
            122.0
        ],
        [
            83.615,
            91.615,
            119.615
        ],
        [
            93.11428571428571,
            101.11428571428571,
            129.1142857142857
        ],
        [
            76.15384615384616,
            84.15384615384616,
            112.15384615384616
        ],
        [
            87.0,
            95.0,
            123.0
        ]
    ],
    "hex_colors": [
        "#58607c",
        "#555d79",
        "#5a627e",
        "#515975",
        "#4e5672",
        "#565e7a",
        "#535b77",
        "#5d6581",
        "#4c5470",
        "#575f7b"
    ],
    "hsl_color_values": [
        [
            0.6296296296296297,
            0.2893563579277865,
            124.4140625
        ],
        [
            0.6296296296296297,
            0.2975206611570248,
            121.0
        ],
        [
            0.6296296296296297,
            0.2849025974025974,
            126.35897435897436
        ],
        [
            0.6296296296296297,
            0.30730523856590886,
            117.14736842105263
        ],
        [
            0.6296296296296297,
            0.3140910720688419,
            114.61643835616438
        ],
        [
            0.6296296296296297,
            0.29508196721311475,
            122.0
        ],
        [
            0.6296296296296297,
            0.30096559796012207,
            119.615
        ],
        [
            0.6296296296296297,
            0.2788227483956627,
            129.1142857142857
        ],
        [
            0.6296296296296297,
            0.32098765432098764,
            112.15384615384616
        ],
        [
            0.6296296296296297,
            0.2926829268292683,
            123.0
        ]
    ]
}