{
    "rgb_colors": [
        [
            87.6984126984127,
            98.6984126984127,
            136.3015873015873
        ],
        [
            84.56435643564356,
            95.56435643564356,
            132.66336633663366
        ],
        [
            90.5625,
            101.5625,
            140.1375
        ],
        [
            93.82022471910112,
            104.82022471910112,
            143.75280898876406
        ],
        [
            86.85567010309278,
            97.85567010309278,
            135.1443298969072
        ],
        [
            89.0,
            100.0,
            137.0
        ],
        [
            92.12676056338029,
            103.12676056338029,
            141.50704225352112
        ],
        [
            89.03260869565217,
            100.03260869565217,
            138.31521739130434
        ],
        [
            82.42857142857143,
            93.42857142857143,
            130.4857142857143
        ],
        [
            85.875,
            96.875,
            134.125
        ]
    ],
    "hex_colors": [
        "#576288",
        "#545f84",
        "#5a658c",
        "#5d688f",
        "#566187",
        "#596489",
        "#5c678d",
        "#59648a",
        "#525d82",
        "#556086"
    ],
    "hsl_color_values": [
        [
            0.6289462225125191,
            0.35658553627576567,
            136.3015873015873
        ],
        [
            0.6285508439687114,
            0.3625643704754086,
            132.66336633663366
        ],
        [
            0.6296856614557068,
            0.3537597002943537,
            140.1375
        ],
        [
            0.629950495049505,
            0.34735032046271697,
            143.75280898876406
        ],
        [
            0.6287005408482779,
            0.3573117705393241,
            135.1443298969072
        ],
        [
            0.6284722222222222,
            0.35036496350364965,
            137.0
        ],
        [
            0.6295398364708119,
            0.34895988852393744,
            141.50704225352112
        ],
        [
            0.6294662549625055,
            0.3563064833005894,
            138.31521739130434
        ],
        [
            0.6285176377328577,
            0.3682942850886797,
            130.4857142857143
        ],
        [
            0.6286701208981001,
            0.3597390493942218,
            134.125
        ]
    ]
}