{
    "rgb_colors": [
        [
            69.78260869565217,
            77.78260869565217,
            107.78260869565217
        ],
        [
            81.8989898989899,
            89.8989898989899,
            119.8989898989899
        ],
        [
            76.0,
            84.0,
            114.0
        ],
        [
            78.0,
            86.0,
            116.0
        ],
        [
            74.55238095238096,
            82.55238095238096,
            112.55238095238096
        ],
        [
            71.61176470588235,
            79.61176470588235,
            109.61176470588235
        ],
        [
            77.0,
            85.0,
            115.0
        ],
        [
            67.4,
            75.4,
            105.4
        ],
        [
            73.0,
            81.0,
            111.0
        ],
        [
            79.45774647887323,
            87.45774647887323,
            117.45774647887323
        ]
    ],
    "hex_colors": [
        "#454d6b",
        "#515977",
        "#4c5472",
        "#4e5674",
        "#4a5270",
        "#474f6d",
        "#4d5573",
        "#434b69",
        "#49516f",
        "#4f5775"
    ],
    "hsl_color_values": [
        [
            0.6315789473684211,
            0.35256151674062125,
            107.78260869565217
        ],
        [
            0.6315789473684211,
            0.3169334456613311,
            119.8989898989899
        ],
        [
            0.6315789473684211,
            0.3333333333333333,
            114.0
        ],
        [
            0.6315789473684211,
            0.3275862068965517,
            116.0
        ],
        [
            0.6315789473684211,
            0.337620578778135,
            112.55238095238096
        ],
        [
            0.6315789473684211,
            0.3466781152731566,
            109.61176470588235
        ],
        [
            0.6315789473684211,
            0.33043478260869563,
            115.0
        ],
        [
            0.6315789473684211,
            0.3605313092979127,
            105.4
        ],
        [
            0.6315789473684211,
            0.34234234234234234,
            111.0
        ],
        [
            0.6315789473684211,
            0.3235205947598777,
            117.45774647887323
        ]
    ]
}