{
    "rgb_colors": [
        [
            83.66666666666667,
            95.66666666666667,
            134.66666666666666
        ],
        [
            93.44444444444444,
            105.44444444444444,
            144.44444444444446
        ],
        [
            91.32857142857142,
            103.32857142857142,
            142.32857142857142
        ],
        [
            88.0,
            100.0,
            139.0
        ],
        [
            85.0,
            97.0,
            136.0
        ],
        [
            81.93333333333334,
            93.93333333333334,
            132.93333333333334
        ],
        [
            87.0,
            99.0,
            138.0
        ],
        [
            89.0,
            101.0,
            140.0
        ],
        [
            90.0,
            102.0,
            141.0
        ],
        [
            86.0,
            98.0,
            137.0
        ]
    ],
    "hex_colors": [
        "#535f86",
        "#5d6990",
        "#5b678e",
        "#58648b",
        "#556188",
        "#515d84",
        "#57638a",
        "#59658c",
        "#5a668d",
        "#566289"
    ],
    "hsl_color_values": [
        [
            0.6274509803921569,
            0.37871287128712866,
            134.66666666666666
        ],
        [
            0.6274509803921569,
            0.3530769230769231,
            144.44444444444446
        ],
        [
            0.6274509803921569,
            0.35832580548027704,
            142.32857142857142
        ],
        [
            0.6274509803921569,
            0.3669064748201439,
            139.0
        ],
        [
            0.6274509803921569,
            0.375,
            136.0
        ],
        [
            0.6274509803921569,
            0.3836509528585757,
            132.93333333333334
        ],
        [
            0.6274509803921569,
            0.3695652173913043,
            138.0
        ],
        [
            0.6274509803921569,
            0.36428571428571427,
            140.0
        ],
        [
            0.6274509803921569,
            0.3617021276595745,
            141.0
        ],
        [
            0.6274509803921569,
            0.3722627737226277,
            137.0
        ]
    ]
}