{
    "rgb_colors": [
        [
            81.0,
            93.55555555555556,
            132.37037037037038
        ],
        [
            89.63865546218487,
            102.11764705882354,
            140.9579831932773
        ],
        [
            85.0,
            100.0,
            138.0
        ],
        [
            83.58510638297872,
            95.58510638297872,
            134.58510638297872
        ],
        [
            85.0,
            97.0,
            136.0
        ],
        [
            87.4319526627219,
            99.4319526627219,
            138.4319526627219
        ],
        [
            81.64150943396227,
            96.64150943396227,
            134.64150943396226
        ],
        [
            86.0,
            98.0,
            137.0
        ],
        [
            86.38,
            101.38,
            139.38
        ],
        [
            83.54545454545455,
            98.54545454545455,
            136.54545454545453
        ]
    ],
    "hex_colors": [
        "#515d84",
        "#59668c",
        "#55648a",
        "#535f86",
        "#556188",
        "#57638a",
        "#516086",
        "#566289",
        "#56658b",
        "#536288"
    ],
    "hsl_color_values": [
        [
            0.6259312665224707,
            0.3880805819809737,
            132.37037037037038
        ],
        [
            0.6261394028710222,
            0.3640753547156313,
            140.9579831932773
        ],
        [
            0.619496855345912,
            0.38405797101449274,
            138.0
        ],
        [
            0.6274509803921569,
            0.37894237609675124,
            134.58510638297872
        ],
        [
            0.6274509803921569,
            0.375,
            136.0
        ],
        [
            0.6274509803921569,
            0.3684120538576619,
            138.4319526627219
        ],
        [
            0.619496855345912,
            0.3936378923766815,
            134.64150943396226
        ],
        [
            0.6274509803921569,
            0.3722627737226277,
            137.0
        ],
        [
            0.619496855345912,
            0.3802554168460324,
            139.38
        ],
        [
            0.619496855345912,
            0.3881491344873501,
            136.54545454545453
        ]
    ]
}