{
    "rgb_colors": [
        [
            89.96923076923076,
            96.96923076923076,
            123.96923076923076
        ],
        [
            100.47333333333333,
            107.47333333333333,
            134.47333333333333
        ],
        [
            92.54929577464789,
            99.54929577464789,
            126.54929577464789
        ],
        [
            105.14150943396227,
            112.14150943396227,
            139.14150943396226
        ],
        [
            99.0,
            106.0,
            133.0
        ],
        [
            109.43589743589743,
            116.43589743589743,
            143.43589743589743
        ],
        [
            96.0,
            103.0,
            130.0
        ],
        [
            102.36633663366337,
            109.36633663366337,
            136.36633663366337
        ],
        [
            94.46212121212122,
            101.46212121212122,
            128.46212121212122
        ],
        [
            97.51295336787565,
            104.51295336787565,
            131.51295336787564
        ]
    ],
    "hex_colors": [
        "#59607b",
        "#646b86",
        "#5c637e",
        "#69708b",
        "#636a85",
        "#6d748f",
        "#606782",
        "#666d88",
        "#5e6580",
        "#616883"
    ],
    "hsl_color_values": [
        [
            0.6323529411764706,
            0.27426160337552746,
            123.96923076923076
        ],
        [
            0.6323529411764706,
            0.2528382331069357,
            134.47333333333333
        ],
        [
            0.6323529411764706,
            0.2686700055648303,
            126.54929577464789
        ],
        [
            0.6323529411764706,
            0.24435554952878152,
            139.14150943396226
        ],
        [
            0.6323529411764706,
            0.2556390977443609,
            133.0
        ],
        [
            0.6323529411764706,
            0.23703968537718986,
            143.43589743589743
        ],
        [
            0.6323529411764706,
            0.26153846153846155,
            130.0
        ],
        [
            0.6323529411764706,
            0.2493283961373702,
            136.36633663366337
        ],
        [
            0.6323529411764706,
            0.26466945804092706,
            128.46212121212122
        ],
        [
            0.6323529411764706,
            0.2585296666929319,
            131.51295336787564
        ]
    ]
}