{
    "rgb_colors": [
        [
            84.12041884816755,
            87.75043630017451,
            119.74869109947645
        ],
        [
            135.25,
            135.5,
            148.5
        ],
        [
            252.7222222222222,
            250.83333333333331,
            253.5
        ],
        [
            58.13636363636364,
            61.29545454545455,
            83.36363636363636
        ],
        [
            71.0,
            75.21917808219177,
            99.10958904109589
        ],
        [
            225.66666666666666,
            224.0,
            233.0
        ],
        [
            190.5,
            188.83333333333331,
            196.83333333333331
        ],
        [
            31.81818181818182,
            33.45454545454545,
            53.27272727272727
        ],
        [
            79.57528957528957,
            83.10424710424711,
            114.07335907335907
        ],
        [
            3.8636363636363598,
            4.954545454545453,
            23.045454545454547
        ]
    ],
    "hex_colors": [
        "#545777",
        "#878794",
        "#fcfafd",
        "#3a3d53",
        "#474b63",
        "#e1e0e9",
        "#bebcc4",
        "#1f2135",
        "#4f5372",
        "#030417"
    ],
    "hsl_color_values": [
        [
            0.6496856886276432,
            0.29752535851696393,
            119.74869109947645
        ],
        [
            0.6635220125786163,
            0.08922558922558922,
            148.5
        ],
        [
            0.7847222222222211,
            0.010519395134779825,
            253.5
        ],
        [
            0.6457957957957957,
            0.30261723009814606,
            83.36363636363636
        ],
        [
            0.6416504223521767,
            0.2836212854181064,
            99.10958904109589
        ],
        [
            0.6975308641975307,
            0.03862660944206009,
            233.0
        ],
        [
            0.7013888888888893,
            0.04064352243861135,
            196.83333333333331
        ],
        [
            0.653954802259887,
            0.40273037542662116,
            53.27272727272727
        ],
        [
            0.6496176086551017,
            0.30242003723134203,
            114.07335907335907
        ],
        [
            0.6571879936808847,
            0.8323471400394479,
            23.045454545454547
        ]
    ]
}