{
    "rgb_colors": [
        [
            155.6098901098901,
            159.25274725274724,
            175.32967032967034
        ],
        [
            162.95876288659792,
            166.2680412371134,
            182.2164948453608
        ],
        [
            160.1951219512195,
            163.65853658536585,
            179.5487804878049
        ],
        [
            158.21374045801528,
            161.78625954198472,
            177.67175572519085
        ],
        [
            146.8181818181818,
            150.9090909090909,
            167.42424242424244
        ],
        [
            149.4113475177305,
            153.39007092198582,
            169.7872340425532
        ],
        [
            139.16,
            143.32,
            160.84
        ],
        [
            152.41326530612244,
            156.31632653061226,
            172.51530612244898
        ],
        [
            168.26086956521738,
            171.26086956521738,
            187.26086956521738
        ],
        [
            143.92592592592592,
            148.06172839506172,
            165.34567901234567
        ]
    ],
    "hex_colors": [
        "#9b9faf",
        "#a2a6b6",
        "#a0a3b3",
        "#9ea1b1",
        "#9296a7",
        "#9599a9",
        "#8b8fa0",
        "#989cac",
        "#a8abbb",
        "#8f94a5"
    ],
    "hsl_color_values": [
        [
            0.6358781461874247,
            0.11247257912879982,
            175.32967032967034
        ],
        [
            0.6380264097073517,
            0.10568599717114571,
            182.2164948453608
        ],
        [
            0.6368409997899601,
            0.1077905318209605,
            179.5487804878049
        ],
        [
            0.6360664312802409,
            0.10951664876476903,
            177.67175572519085
        ],
        [
            0.6335784313725491,
            0.12307692307692317,
            167.42424242424244
        ],
        [
            0.6341222879684417,
            0.12000835421888058,
            169.7872340425532
        ],
        [
            0.6346863468634686,
            0.13479234021387718,
            160.84
        ],
        [
            0.6343062605752959,
            0.11652323071008196,
            172.51530612244898
        ],
        [
            0.6403508771929824,
            0.10146273508242397,
            187.26086956521738
        ],
        [
            0.6344860710854947,
            0.1295452848502949,
            165.34567901234567
        ]
    ]
}