{
    "rgb_colors": [
        [
            100.0,
            108.77777777777777,
            135.22222222222223
        ],
        [
            94.0,
            102.84313725490196,
            129.15686274509804
        ],
        [
            90.69767441860465,
            99.6046511627907,
            125.79069767441861
        ],
        [
            98.0,
            106.78181818181818,
            133.21818181818182
        ],
        [
            95.0,
            103.8688524590164,
            130.13114754098362
        ],
        [
            96.0,
            104.74149659863946,
            131.25850340136054
        ],
        [
            97.0,
            105.8076923076923,
            132.19230769230768
        ],
        [
            99.0,
            107.72549019607843,
            134.27450980392157
        ],
        [
            101.8901098901099,
            110.74725274725274,
            137.03296703296704
        ],
        [
            92.63541666666667,
            101.53125,
            127.73958333333333
        ]
    ],
    "hex_colors": [
        "#646c87",
        "#5e6681",
        "#5a637d",
        "#626a85",
        "#5f6782",
        "#606883",
        "#616984",
        "#636b86",
        "#656e89",
        "#5c657f"
    ],
    "hsl_color_values": [
        [
            0.625131440588854,
            0.26047658175842237,
            135.22222222222223
        ],
        [
            0.6247443762781186,
            0.27220282374373767,
            129.15686274509804
        ],
        [
            0.6243649215816213,
            0.2789794786467,
            125.79069767441861
        ],
        [
            0.625107554637756,
            0.2643646785860516,
            133.21818181818182
        ],
        [
            0.6245916938870741,
            0.26996724615772244,
            130.13114754098362
        ],
        [
            0.6253456813943018,
            0.26861881316403213,
            131.25850340136054
        ],
        [
            0.6249544626593807,
            0.2662205411696246,
            132.19230769230768
        ],
        [
            0.6254400592921994,
            0.2627044392523365,
            134.27450980392157
        ],
        [
            0.6246612466124661,
            0.2564554931836407,
            137.03296703296704
        ],
        [
            0.6244312561819981,
            0.27481040528418815,
            127.73958333333333
        ]
    ]
}