{
    "rgb_colors": [
        [
            86.67647058823529,
            93.0,
            128.0
        ],
        [
            87.77777777777777,
            93.83333333333333,
            131.30555555555554
        ],
        [
            85.41304347826087,
            91.58695652173913,
            129.0
        ],
        [
            87.65789473684211,
            94.13157894736842,
            129.1315789473684
        ],
        [
            85.40853658536585,
            91.65853658536585,
            126.65853658536585
        ],
        [
            89.6,
            95.61428571428571,
            131.18571428571428
        ],
        [
            83.5233644859813,
            89.96261682242991,
            124.96261682242991
        ],
        [
            83.1044776119403,
            89.0,
            126.55223880597015
        ],
        [
            86.28846153846153,
            92.71153846153847,
            130.0
        ],
        [
            84.41935483870968,
            90.58064516129032,
            128.0
        ]
    ],
    "hex_colors": [
        "#565d80",
        "#575d83",
        "#555b81",
        "#575e81",
        "#555b7e",
        "#595f83",
        "#53597c",
        "#53597e",
        "#565c82",
        "#545a80"
    ],
    "hsl_color_values": [
        [
            0.6411625148279952,
            0.3228400735294118,
            128.0
        ],
        [
            0.6434801106147628,
            0.3314998942246668,
            131.30555555555554
        ],
        [
            0.6430590191188695,
            0.3378833838894506,
            129.0
        ],
        [
            0.6406514382402707,
            0.32117383329936816,
            129.1315789473684
        ],
        [
            0.6414141414141414,
            0.3256787983824379,
            126.65853658536585
        ],
        [
            0.6425626932325662,
            0.31699880213437875,
            131.18571428571428
        ],
        [
            0.6407683055179673,
            0.3316131927305363,
            124.96261682242991
        ],
        [
            0.6440512996679262,
            0.34331878759287654,
            126.55223880597015
        ],
        [
            0.6421762721806715,
            0.3362426035502959,
            130.0
        ],
        [
            0.6431038736738218,
            0.3404737903225806,
            128.0
        ]
    ]
}