{
    "rgb_colors": [
        [
            70.0,
            79.0,
            117.0
        ],
        [
            71.0,
            80.0,
            118.0
        ],
        [
            75.71223021582733,
            84.71223021582733,
            122.71223021582733
        ],
        [
            68.0,
            77.0,
            115.0
        ],
        [
            69.0,
            78.0,
            116.0
        ],
        [
            72.0,
            81.0,
            119.0
        ],
        [
            74.0,
            83.0,
            121.0
        ],
        [
            78.57142857142857,
            87.57142857142857,
            125.57142857142857
        ],
        [
            66.21818181818182,
            75.21818181818182,
            113.21818181818182
        ],
        [
            73.0,
            82.0,
            120.0
        ]
    ],
    "hex_colors": [
        "#464f75",
        "#475076",
        "#4b547a",
        "#444d73",
        "#454e74",
        "#485177",
        "#4a5379",
        "#4e577d",
        "#424b71",
        "#495278"
    ],
    "hsl_color_values": [
        [
            0.6347517730496454,
            0.4017094017094017,
            117.0
        ],
        [
            0.6347517730496454,
            0.3983050847457627,
            118.0
        ],
        [
            0.6347517730496454,
            0.383009907955678,
            122.71223021582733
        ],
        [
            0.6347517730496454,
            0.40869565217391307,
            115.0
        ],
        [
            0.6347517730496454,
            0.4051724137931034,
            116.0
        ],
        [
            0.6347517730496454,
            0.3949579831932773,
            119.0
        ],
        [
            0.6347517730496454,
            0.3884297520661157,
            121.0
        ],
        [
            0.6347517730496454,
            0.3742889647326507,
            125.57142857142857
        ],
        [
            0.6347517730496454,
            0.41512766982495586,
            113.21818181818182
        ],
        [
            0.6347517730496454,
            0.39166666666666666,
            120.0
        ]
    ]
}