{
    "rgb_colors": [
        [
            97.31343283582089,
            106.31343283582089,
            144.3134328358209
        ],
        [
            96.0,
            105.0,
            143.0
        ],
        [
            92.0,
            101.0,
            139.0
        ],
        [
            93.0,
            102.0,
            140.0
        ],
        [
            89.66176470588235,
            98.66176470588235,
            136.66176470588235
        ],
        [
            95.0,
            104.0,
            142.0
        ],
        [
            99.41666666666667,
            108.41666666666667,
            146.41666666666666
        ],
        [
            91.0,
            100.0,
            138.0
        ],
        [
            105.16666666666667,
            114.16666666666667,
            152.16666666666666
        ],
        [
            94.0,
            103.0,
            141.0
        ]
    ],
    "hex_colors": [
        "#616a90",
        "#60698f",
        "#5c658b",
        "#5d668c",
        "#596288",
        "#5f688e",
        "#636c92",
        "#5b648a",
        "#697298",
        "#5e678d"
    ],
    "hsl_color_values": [
        [
            0.6347517730496454,
            0.32568000827386495,
            144.3134328358209
        ],
        [
            0.6347517730496454,
            0.32867132867132864,
            143.0
        ],
        [
            0.6347517730496454,
            0.3381294964028777,
            139.0
        ],
        [
            0.6347517730496454,
            0.3357142857142857,
            140.0
        ],
        [
            0.6347517730496454,
            0.34391477456149794,
            136.66176470588235
        ],
        [
            0.6347517730496454,
            0.33098591549295775,
            142.0
        ],
        [
            0.6347517730496454,
            0.32100170745589063,
            146.41666666666666
        ],
        [
            0.6347517730496454,
            0.34057971014492755,
            138.0
        ],
        [
            0.6347517730496454,
            0.30887185104052567,
            152.16666666666666
        ],
        [
            0.6347517730496454,
            0.3333333333333333,
            141.0
        ]
    ]
}