{
    "rgb_colors": [
        [
            94.28108108108108,
            102.28108108108108,
            130.28108108108108
        ],
        [
            101.0,
            109.0,
            137.0
        ],
        [
            99.0,
            107.0,
            135.0
        ],
        [
            100.0,
            108.0,
            136.0
        ],
        [
            91.55882352941177,
            99.55882352941177,
            127.55882352941177
        ],
        [
            102.3855421686747,
            110.3855421686747,
            138.3855421686747
        ],
        [
            96.0,
            104.0,
            132.0
        ],
        [
            97.0,
            105.0,
            133.0
        ],
        [
            104.61290322580645,
            112.61290322580645,
            140.61290322580646
        ],
        [
            98.0,
            106.0,
            134.0
        ]
    ],
    "hex_colors": [
        "#5e6682",
        "#656d89",
        "#636b87",
        "#646c88",
        "#5b637f",
        "#666e8a",
        "#606884",
        "#616985",
        "#68708c",
        "#626a86"
    ],
    "hsl_color_values": [
        [
            0.6296296296296297,
            0.27632561613144135,
            130.28108108108108
        ],
        [
            0.6296296296296297,
            0.26277372262773724,
            137.0
        ],
        [
            0.6296296296296297,
            0.26666666666666666,
            135.0
        ],
        [
            0.6296296296296297,
            0.2647058823529412,
            136.0
        ],
        [
            0.6296296296296297,
            0.28222273460917685,
            127.55882352941177
        ],
        [
            0.6296296296296297,
            0.2601427825178478,
            138.3855421686747
        ],
        [
            0.6296296296296297,
            0.2727272727272727,
            132.0
        ],
        [
            0.6296296296296297,
            0.2706766917293233,
            133.0
        ],
        [
            0.6296296296296297,
            0.2560220233998624,
            140.61290322580646
        ],
        [
            0.6296296296296297,
            0.26865671641791045,
            134.0
        ]
    ]
}