{
    "rgb_colors": [
        [
            64.0,
            72.0,
            104.0
        ],
        [
            60.0,
            68.0,
            100.0
        ],
        [
            63.0,
            71.0,
            103.0
        ],
        [
            66.0,
            74.0,
            106.0
        ],
        [
            61.0,
            69.0,
            101.0
        ],
        [
            68.38461538461539,
            76.38461538461539,
            108.38461538461539
        ],
        [
            65.0,
            73.0,
            105.0
        ],
        [
            58.76086956521739,
            66.76086956521739,
            98.76086956521739
        ],
        [
            62.0,
            70.0,
            102.0
        ],
        [
            67.0,
            75.0,
            107.0
        ]
    ],
    "hex_colors": [
        "#404868",
        "#3c4464",
        "#3f4767",
        "#424a6a",
        "#3d4565",
        "#444c6c",
        "#414969",
        "#3a4262",
        "#3e4666",
        "#434b6b"
    ],
    "hsl_color_values": [
        [
            0.6333333333333333,
            0.38461538461538464,
            104.0
        ],
        [
            0.6333333333333333,
            0.4,
            100.0
        ],
        [
            0.6333333333333333,
            0.3883495145631068,
            103.0
        ],
        [
            0.6333333333333333,
            0.37735849056603776,
            106.0
        ],
        [
            0.6333333333333333,
            0.39603960396039606,
            101.0
        ],
        [
            0.6333333333333333,
            0.36905606813342795,
            108.38461538461539
        ],
        [
            0.6333333333333333,
            0.38095238095238093,
            105.0
        ],
        [
            0.6333333333333333,
            0.40501871010345586,
            98.76086956521739
        ],
        [
            0.6333333333333333,
            0.39215686274509803,
            102.0
        ],
        [
            0.6333333333333333,
            0.37383177570093457,
            107.0
        ]
    ]
}