{
    "rgb_colors": [
        [
            84.17647058823529,
            91.17647058823529,
            117.88235294117646
        ],
        [
            110.74509803921569,
            117.58823529411765,
            142.66666666666666
        ],
        [
            94.3225806451613,
            101.25806451612902,
            127.63440860215054
        ],
        [
            97.17164179104478,
            104.03731343283582,
            130.32089552238807
        ],
        [
            116.81818181818181,
            123.63636363636364,
            148.45454545454547
        ],
        [
            91.33540372670808,
            98.27329192546584,
            124.8136645962733
        ],
        [
            99.57291666666667,
            106.42708333333333,
            132.15625
        ],
        [
            102.10526315789474,
            108.89473684210526,
            134.31578947368422
        ],
        [
            88.42718446601941,
            95.33009708737865,
            121.90291262135922
        ],
        [
            105.9918699186992,
            112.76422764227642,
            137.84552845528455
        ]
    ],
    "hex_colors": [
        "#545b75",
        "#6e758e",
        "#5e657f",
        "#616882",
        "#747b94",
        "#5b627c",
        "#636a84",
        "#666c86",
        "#585f79",
        "#697089"
    ],
    "hsl_color_values": [
        [
            0.6320535194880744,
            0.28592814371257486,
            117.88235294117646
        ],
        [
            0.6309377559377559,
            0.22374931280923577,
            142.66666666666666
        ],
        [
            0.6319668603400044,
            0.2609941027801179,
            127.63440860215054
        ],
        [
            0.6321476812246737,
            0.2543663746206265,
            130.32089552238807
        ],
        [
            0.6307471264367815,
            0.2131047152480099,
            148.45454545454547
        ],
        [
            0.6321273964131108,
            0.2682259268474745,
            124.8136645962733
        ],
        [
            0.6316069906223359,
            0.2465515882399306,
            132.15625
        ],
        [
            0.6315359477124183,
            0.23981191222570536,
            134.31578947368422
        ],
        [
            0.6322989172467129,
            0.27460974832749285,
            121.90291262135922
        ],
        [
            0.6312319210481538,
            0.2310822766145679,
            137.84552845528455
        ]
    ]
}