{
    "rgb_colors": [
        [
            91.0,
            102.0,
            141.0
        ],
        [
            94.9090909090909,
            105.9090909090909,
            144.9090909090909
        ],
        [
            87.0,
            98.0,
            137.0
        ],
        [
            90.0,
            101.0,
            140.0
        ],
        [
            85.0,
            96.0,
            135.0
        ],
        [
            86.0,
            97.0,
            136.0
        ],
        [
            83.63414634146342,
            94.63414634146342,
            133.6341463414634
        ],
        [
            92.26229508196721,
            103.26229508196721,
            142.2622950819672
        ],
        [
            89.0,
            100.0,
            139.0
        ],
        [
            88.0,
            99.0,
            138.0
        ]
    ],
    "hex_colors": [
        "#5b668d",
        "#5e6990",
        "#576289",
        "#5a658c",
        "#556087",
        "#566188",
        "#535e85",
        "#5c678e",
        "#59648b",
        "#58638a"
    ],
    "hsl_color_values": [
        [
            0.63,
            0.3546099290780142,
            141.0
        ],
        [
            0.63,
            0.3450439146800502,
            144.9090909090909
        ],
        [
            0.63,
            0.36496350364963503,
            137.0
        ],
        [
            0.63,
            0.35714285714285715,
            140.0
        ],
        [
            0.63,
            0.37037037037037035,
            135.0
        ],
        [
            0.63,
            0.36764705882352944,
            136.0
        ],
        [
            0.63,
            0.37415586785909827,
            133.6341463414634
        ],
        [
            0.63,
            0.351463470845817,
            142.2622950819672
        ],
        [
            0.63,
            0.3597122302158273,
            139.0
        ],
        [
            0.63,
            0.36231884057971014,
            138.0
        ]
    ]
}