{
    "rgb_colors": [
        [
            101.57142857142857,
            99.42857142857143,
            122.98701298701299
        ],
        [
            106.02083333333333,
            103.625,
            127.32291666666667
        ],
        [
            110.66666666666667,
            108.15151515151516,
            131.9090909090909
        ],
        [
            99.49107142857143,
            98.49107142857143,
            121.375
        ],
        [
            102.54861111111111,
            100.45138888888889,
            123.96527777777777
        ],
        [
            104.66265060240964,
            102.33734939759036,
            125.95180722891567
        ],
        [
            108.16666666666667,
            105.64285714285714,
            129.4047619047619
        ],
        [
            97.52307692307693,
            95.78461538461538,
            119.03846153846153
        ],
        [
            103.59322033898304,
            101.40677966101696,
            124.95762711864407
        ],
        [
            100.60714285714286,
            97.60714285714286,
            121.60714285714286
        ]
    ],
    "hex_colors": [
        "#65637a",
        "#6a677f",
        "#6e6c83",
        "#636279",
        "#66647b",
        "#68667d",
        "#6c6981",
        "#615f77",
        "#67657c",
        "#646179"
    ],
    "hsl_color_values": [
        [
            0.6818265343623667,
            0.19155227032734953,
            122.98701298701299
        ],
        [
            0.6835164835164834,
            0.18612451934876875,
            127.32291666666667
        ],
        [
            0.6843112244897959,
            0.18010567424764526,
            131.9090909090909
        ],
        [
            0.6739497984133177,
            0.18853906135059584,
            121.375
        ],
        [
            0.6815317975979523,
            0.18968125035012043,
            123.96527777777777
        ],
        [
            0.6830782312925171,
            0.18748804285440987,
            125.95180722891567
        ],
        [
            0.68436873747495,
            0.18362465501379943,
            129.4047619047619
        ],
        [
            0.6791266953357593,
            0.19534733441033927,
            119.03846153846153
        ],
        [
            0.6821398584622765,
            0.18847066802305862,
            124.95762711864407
        ],
        [
            0.6875,
            0.1973568281938326,
            121.60714285714286
        ]
    ]
}