{
    "rgb_colors": [
        [
            71.46099290780141,
            76.46099290780141,
            101.46099290780141
        ],
        [
            66.09009009009009,
            71.02702702702703,
            96.21621621621621
        ],
        [
            66.57446808510639,
            70.57446808510639,
            98.57446808510639
        ],
        [
            76.06818181818181,
            80.5,
            107.20454545454545
        ],
        [
            72.84117647058824,
            77.18823529411765,
            104.1470588235294
        ],
        [
            69.05855855855856,
            74.05855855855856,
            99.05855855855856
        ],
        [
            71.0,
            75.0,
            103.0
        ],
        [
            68.54838709677419,
            72.54838709677419,
            100.54838709677419
        ],
        [
            70.0,
            74.0,
            102.0
        ],
        [
            63.1,
            67.975,
            93.35
        ]
    ],
    "hex_colors": [
        "#474c65",
        "#424760",
        "#424662",
        "#4c506b",
        "#484d68",
        "#454a63",
        "#474b67",
        "#444864",
        "#464a66",
        "#3f435d"
    ],
    "hsl_color_values": [
        [
            0.6388888888888888,
            0.29568013420942263,
            101.46099290780141
        ],
        [
            0.6393540669856459,
            0.31310861423220976,
            96.21621621621621
        ],
        [
            0.6458333333333334,
            0.3246276710554716,
            98.57446808510639
        ],
        [
            0.6429440389294404,
            0.29043883824464706,
            107.20454545454545
        ],
        [
            0.6435237379431292,
            0.30059305280994064,
            104.1470588235294
        ],
        [
            0.6388888888888888,
            0.3028511663862489,
            99.05855855855856
        ],
        [
            0.6458333333333334,
            0.3106796116504854,
            103.0
        ],
        [
            0.6458333333333334,
            0.3182547321142124,
            100.54838709677419
        ],
        [
            0.6458333333333334,
            0.3137254901960784,
            102.0
        ],
        [
            0.6398071625344354,
            0.3240492769148366,
            93.35
        ]
    ]
}