{
    "rgb_colors": [
        [
            91.0,
            100.0,
            126.0
        ],
        [
            89.19626168224299,
            98.19626168224299,
            124.19626168224299
        ],
        [
            96.45283018867924,
            105.45283018867924,
            131.45283018867926
        ],
        [
            98.87830687830687,
            107.87830687830687,
            133.8783068783069
        ],
        [
            92.0,
            101.0,
            127.0
        ],
        [
            95.0,
            104.0,
            130.0
        ],
        [
            101.47435897435898,
            110.47435897435898,
            136.47435897435898
        ],
        [
            104.15686274509804,
            113.15686274509804,
            139.15686274509804
        ],
        [
            86.15384615384616,
            95.15384615384616,
            121.15384615384616
        ],
        [
            93.47826086956522,
            102.47826086956522,
            128.47826086956522
        ]
    ],
    "hex_colors": [
        "#5b647e",
        "#59627c",
        "#606983",
        "#626b85",
        "#5c657f",
        "#5f6882",
        "#656e88",
        "#68718b",
        "#565f79",
        "#5d6680"
    ],
    "hsl_color_values": [
        [
            0.6238095238095238,
            0.2777777777777778,
            126.0
        ],
        [
            0.6238095238095238,
            0.2818120249830687,
            124.19626168224299
        ],
        [
            0.6238095238095238,
            0.2662552031003302,
            131.45283018867926
        ],
        [
            0.6238095238095238,
            0.26143145081610886,
            133.8783068783069
        ],
        [
            0.6238095238095238,
            0.2755905511811024,
            127.0
        ],
        [
            0.6238095238095238,
            0.2692307692307692,
            130.0
        ],
        [
            0.6238095238095238,
            0.2564584311883513,
            136.47435897435898
        ],
        [
            0.6238095238095238,
            0.2515147245314922,
            139.15686274509804
        ],
        [
            0.6238095238095238,
            0.28888888888888886,
            121.15384615384616
        ],
        [
            0.6238095238095238,
            0.272419627749577,
            128.47826086956522
        ]
    ]
}