{
    "rgb_colors": [
        [
            47.096774193548384,
            58.096774193548384,
            94.64516129032258
        ],
        [
            64.45,
            75.45,
            112.35
        ],
        [
            54.91139240506329,
            65.9113924050633,
            102.48101265822785
        ],
        [
            53.34615384615385,
            64.34615384615384,
            100.71538461538462
        ],
        [
            59.85572139303483,
            70.85572139303483,
            107.81094527363184
        ],
        [
            62.36363636363637,
            73.36363636363636,
            110.25757575757575
        ],
        [
            58.08888888888889,
            69.08888888888889,
            105.81111111111112
        ],
        [
            50.073170731707314,
            61.073170731707314,
            97.34146341463415
        ],
        [
            51.77049180327869,
            62.77049180327869,
            99.44262295081967
        ],
        [
            56.62162162162162,
            67.62162162162163,
            104.5081081081081
        ]
    ],
    "hex_colors": [
        "#2f3a5e",
        "#404b70",
        "#364166",
        "#354064",
        "#3b466b",
        "#3e496e",
        "#3a4569",
        "#323d61",
        "#333e63",
        "#384368"
    ],
    "hsl_color_values": [
        [
            0.6281094527363185,
            0.5023858214042263,
            94.64516129032258
        ],
        [
            0.6283924843423799,
            0.42634623943035155,
            112.35
        ],
        [
            0.62812666311868,
            0.46417984189723327,
            102.48101265822785
        ],
        [
            0.6279636245534265,
            0.470327655999389,
            100.71538461538462
        ],
        [
            0.6284365598091087,
            0.4448084910013844,
            107.81094527363184
        ],
        [
            0.6283876410418644,
            0.43438230039851583,
            110.25757575757575
        ],
        [
            0.6282499029879705,
            0.45101333613357136,
            105.81111111111112
        ],
        [
            0.6278809769521844,
            0.48559258331245303,
            97.34146341463415
        ],
        [
            0.6282095369096745,
            0.4793933399274645,
            99.44262295081967
        ],
        [
            0.6283816834104677,
            0.45820833764352953,
            104.5081081081081
        ]
    ]
}