{
    "rgb_colors": [
        [
            72.19463087248322,
            76.19463087248322,
            105.19463087248322
        ],
        [
            68.8688524590164,
            73.95081967213115,
            102.59016393442623
        ],
        [
            72.84210526315789,
            79.84210526315789,
            107.84210526315789
        ],
        [
            78.05555555555556,
            82.5,
            111.35185185185185
        ],
        [
            81.53125,
            85.53125,
            114.53125
        ],
        [
            70.19354838709677,
            77.19354838709677,
            105.19354838709677
        ],
        [
            74.0,
            78.0,
            107.0
        ],
        [
            76.35416666666667,
            80.5,
            109.45138888888889
        ],
        [
            88.7,
            92.7,
            121.7
        ],
        [
            75.0,
            79.0,
            108.0
        ]
    ],
    "hex_colors": [
        "#484c69",
        "#444966",
        "#484f6b",
        "#4e526f",
        "#515572",
        "#464d69",
        "#4a4e6b",
        "#4c506d",
        "#585c79",
        "#4b4f6c"
    ],
    "hsl_color_values": [
        [
            0.6464646464646465,
            0.31370422355493177,
            105.19463087248322
        ],
        [
            0.6415491816561335,
            0.32869926494087565,
            102.59016393442623
        ],
        [
            0.6333333333333333,
            0.3245485602733041,
            107.84210526315789
        ],
        [
            0.6444197256210605,
            0.2990187926159986,
            111.35185185185185
        ],
        [
            0.6464646464646465,
            0.28813096862210097,
            114.53125
        ],
        [
            0.6333333333333333,
            0.33272002453235205,
            105.19354838709677
        ],
        [
            0.6464646464646465,
            0.308411214953271,
            107.0
        ],
        [
            0.6457896209260037,
            0.3023919802043017,
            109.45138888888889
        ],
        [
            0.6464646464646465,
            0.27115858668857845,
            121.7
        ],
        [
            0.6464646464646465,
            0.3055555555555556,
            108.0
        ]
    ]
}