{
    "rgb_colors": [
        [
            50.98529411764706,
            57.98529411764706,
            83.16176470588235
        ],
        [
            59.732142857142854,
            66.73214285714286,
            93.57142857142857
        ],
        [
            52.48965517241379,
            59.48965517241379,
            84.71034482758621
        ],
        [
            55.839622641509436,
            62.839622641509436,
            89.52830188679245
        ],
        [
            51.99393939393939,
            59.99393939393939,
            81.9939393939394
        ],
        [
            49.660714285714285,
            56.660714285714285,
            81.66071428571429
        ],
        [
            55.094339622641506,
            62.270440251572325,
            87.22012578616352
        ],
        [
            57.85714285714286,
            64.85714285714286,
            91.20779220779221
        ],
        [
            53.79838709677419,
            61.064516129032256,
            85.66935483870968
        ],
        [
            49.30882352941177,
            57.220588235294116,
            79.48529411764706
        ]
    ],
    "hex_colors": [
        "#323953",
        "#3b425d",
        "#343b54",
        "#373e59",
        "#333b51",
        "#313851",
        "#373e57",
        "#39405b",
        "#353d55",
        "#31394f"
    ],
    "hsl_color_values": [
        [
            0.6304082876294942,
            0.3869142351900972,
            83.16176470588235
        ],
        [
            0.6321899736147757,
            0.3616412213740458,
            93.57142857142857
        ],
        [
            0.6304580479452055,
            0.3803631034763495,
            84.71034482758621
        ],
        [
            0.6320358443013161,
            0.37629083245521594,
            89.52830188679245
        ],
        [
            0.6222222222222222,
            0.3658807007169784,
            81.9939393939394
        ],
        [
            0.6302083333333334,
            0.3918652963043954,
            81.66071428571429
        ],
        [
            0.6294374836857218,
            0.36832996827228154,
            87.22012578616352
        ],
        [
            0.6316848390446522,
            0.3656557026911576,
            91.20779220779221
        ],
        [
            0.628669028340081,
            0.3720229690294644,
            85.66935483870968
        ],
        [
            0.6229694606887589,
            0.3796484736355226,
            79.48529411764706
        ]
    ]
}