{
    "rgb_colors": [
        [
            111.96638655462185,
            111.08403361344538,
            140.9327731092437
        ],
        [
            115.23611111111111,
            112.70833333333333,
            141.91666666666666
        ],
        [
            106.17123287671232,
            107.65068493150685,
            139.1027397260274
        ],
        [
            107.95808383233533,
            109.81437125748504,
            141.9760479041916
        ],
        [
            120.78125,
            118.1875,
            147.0625
        ],
        [
            111.61538461538461,
            112.85714285714286,
            144.47252747252747
        ],
        [
            101.75342465753425,
            103.28767123287672,
            134.36986301369862
        ],
        [
            116.47899159663865,
            114.98319327731093,
            145.0252100840336
        ],
        [
            109.92307692307692,
            108.94505494505495,
            138.43956043956044
        ],
        [
            104.55263157894737,
            105.83333333333333,
            137.0701754385965
        ]
    ],
    "hex_colors": [
        "#6f6f8c",
        "#73708d",
        "#6a6b8b",
        "#6b6d8d",
        "#787693",
        "#6f7090",
        "#656786",
        "#747291",
        "#6d6c8a",
        "#686989"
    ],
    "hsl_color_values": [
        [
            0.6715934684684685,
            0.21179416850515767,
            140.9327731092437
        ],
        [
            0.6810905056268823,
            0.20581327069876687,
            141.91666666666666
        ],
        [
            0.6591791458679978,
            0.23674233098626235,
            139.1027397260274
        ],
        [
            0.6575720237047468,
            0.23960354280894128,
            141.9760479041916
        ],
        [
            0.6816378066378066,
            0.1963450913727157,
            147.0625
        ],
        [
            0.6603678929765886,
            0.22742831064121094,
            144.47252747252747
        ],
        [
            0.6588268234635307,
            0.24273626261596482,
            134.36986301369862
        ],
        [
            0.674965034965035,
            0.2071503071039517,
            145.0252100840336
        ],
        [
            0.6721932439145554,
            0.21304969042705188,
            138.43956043956044
        ],
        [
            0.6601025087671971,
            0.23723281709970562,
            137.0701754385965
        ]
    ]
}