{
    "rgb_colors": [
        [
            108.06976744186046,
            106.06976744186046,
            136.06976744186048
        ],
        [
            107.13071895424837,
            107.59477124183006,
            138.4313725490196
        ],
        [
            100.93859649122807,
            101.4780701754386,
            132.32894736842104
        ],
        [
            103.31797235023042,
            103.59447004608295,
            134.40092165898616
        ],
        [
            98.02083333333333,
            98.8125,
            129.66666666666666
        ],
        [
            109.91011235955057,
            109.93258426966293,
            140.35955056179776
        ],
        [
            118.0,
            120.0,
            150.0
        ],
        [
            113.60975609756098,
            112.70731707317073,
            142.90243902439025
        ],
        [
            126.16666666666666,
            128.16666666666666,
            158.16666666666666
        ],
        [
            105.0,
            105.63350785340315,
            136.59685863874347
        ]
    ],
    "hex_colors": [
        "#6c6a88",
        "#6b6b8a",
        "#646584",
        "#676786",
        "#626281",
        "#6d6d8c",
        "#767896",
        "#71708e",
        "#7e809e",
        "#696988"
    ],
    "hsl_color_values": [
        [
            0.6777777777777777,
            0.2204751324559905,
            136.06976744186048
        ],
        [
            0.6641957263172548,
            0.22610953729933903,
            138.4313725490196
        ],
        [
            0.6638023380373527,
            0.23721454376719361,
            132.32894736842104
        ],
        [
            0.6651840869780085,
            0.23127035830618883,
            134.40092165898616
        ],
        [
            0.662497256967303,
            0.24405526992287915,
            129.66666666666666
        ],
        [
            0.6665436654366544,
            0.2169388408581492,
            140.35955056179776
        ],
        [
            0.65625,
            0.21333333333333335,
            150.0
        ],
        [
            0.6716478190630047,
            0.21129885646014682,
            142.90243902439025
        ],
        [
            0.65625,
            0.20231822971549,
            158.16666666666666
        ],
        [
            0.6633250483291908,
            0.23131467995400545,
            136.59685863874347
        ]
    ]
}