{
    "rgb_colors": [
        [
            78.28571428571429,
            86.28571428571429,
            114.28571428571429
        ],
        [
            83.59550561797752,
            91.59550561797752,
            119.59550561797752
        ],
        [
            87.0,
            95.0,
            123.0
        ],
        [
            86.0,
            94.0,
            122.0
        ],
        [
            96.04,
            104.04,
            132.04
        ],
        [
            85.0,
            93.0,
            121.0
        ],
        [
            90.47422680412372,
            98.47422680412372,
            126.47422680412372
        ],
        [
            81.224,
            89.224,
            117.224
        ],
        [
            92.71212121212122,
            100.71212121212122,
            128.71212121212122
        ],
        [
            88.4319526627219,
            96.4319526627219,
            124.4319526627219
        ]
    ],
    "hex_colors": [
        "#4e5672",
        "#535b77",
        "#575f7b",
        "#565e7a",
        "#606884",
        "#555d79",
        "#5a627e",
        "#515975",
        "#5c6480",
        "#58607c"
    ],
    "hsl_color_values": [
        [
            0.6296296296296297,
            0.315,
            114.28571428571429
        ],
        [
            0.6296296296296297,
            0.30101465614430667,
            119.59550561797752
        ],
        [
            0.6296296296296297,
            0.2926829268292683,
            123.0
        ],
        [
            0.6296296296296297,
            0.29508196721311475,
            122.0
        ],
        [
            0.6296296296296297,
            0.2726446531354134,
            132.04
        ],
        [
            0.6296296296296297,
            0.2975206611570248,
            121.0
        ],
        [
            0.6296296296296297,
            0.28464297358982715,
            126.47422680412372
        ],
        [
            0.6296296296296297,
            0.30710434723264857,
            117.224
        ],
        [
            0.6296296296296297,
            0.27969393761035904,
            128.71212121212122
        ],
        [
            0.6296296296296297,
            0.28931475581340055,
            124.4319526627219
        ]
    ]
}