{
    "rgb_colors": [
        [
            76.0,
            86.0,
            118.0
        ],
        [
            71.0,
            81.0,
            113.0
        ],
        [
            73.0,
            83.0,
            115.0
        ],
        [
            74.0,
            84.0,
            116.0
        ],
        [
            77.0,
            87.0,
            119.0
        ],
        [
            79.3125,
            89.3125,
            121.3125
        ],
        [
            72.0,
            82.0,
            114.0
        ],
        [
            69.72222222222223,
            79.72222222222223,
            111.72222222222223
        ],
        [
            75.0,
            85.0,
            117.0
        ],
        [
            78.0,
            88.0,
            120.0
        ]
    ],
    "hex_colors": [
        "#4c5676",
        "#475171",
        "#495373",
        "#4a5474",
        "#4d5777",
        "#4f5979",
        "#485272",
        "#454f6f",
        "#4b5575",
        "#4e5878"
    ],
    "hsl_color_values": [
        [
            0.626984126984127,
            0.3559322033898305,
            118.0
        ],
        [
            0.626984126984127,
            0.37168141592920356,
            113.0
        ],
        [
            0.626984126984127,
            0.3652173913043478,
            115.0
        ],
        [
            0.626984126984127,
            0.3620689655172414,
            116.0
        ],
        [
            0.626984126984127,
            0.35294117647058826,
            119.0
        ],
        [
            0.626984126984127,
            0.3462132921174652,
            121.3125
        ],
        [
            0.626984126984127,
            0.3684210526315789,
            114.0
        ],
        [
            0.626984126984127,
            0.3759323719542516,
            111.72222222222223
        ],
        [
            0.626984126984127,
            0.358974358974359,
            117.0
        ],
        [
            0.626984126984127,
            0.35,
            120.0
        ]
    ]
}