{
    "rgb_colors": [
        [
            82.0,
            86.0,
            117.0
        ],
        [
            84.0,
            88.0,
            119.0
        ],
        [
            87.0,
            91.0,
            122.0
        ],
        [
            90.58,
            94.58,
            125.58
        ],
        [
            86.0,
            90.0,
            121.0
        ],
        [
            89.0,
            93.0,
            124.0
        ],
        [
            88.0,
            92.0,
            123.0
        ],
        [
            83.0,
            87.0,
            118.0
        ],
        [
            80.41666666666667,
            84.41666666666667,
            115.41666666666667
        ],
        [
            85.0,
            89.0,
            120.0
        ]
    ],
    "hex_colors": [
        "#525675",
        "#545877",
        "#575b7a",
        "#5a5e7d",
        "#565a79",
        "#595d7c",
        "#585c7b",
        "#535776",
        "#505473",
        "#555978"
    ],
    "hsl_color_values": [
        [
            0.6476190476190476,
            0.29914529914529914,
            117.0
        ],
        [
            0.6476190476190476,
            0.29411764705882354,
            119.0
        ],
        [
            0.6476190476190476,
            0.28688524590163933,
            122.0
        ],
        [
            0.6476190476190476,
            0.2787068004459309,
            125.58
        ],
        [
            0.6476190476190476,
            0.2892561983471074,
            121.0
        ],
        [
            0.6476190476190476,
            0.28225806451612906,
            124.0
        ],
        [
            0.6476190476190476,
            0.2845528455284553,
            123.0
        ],
        [
            0.6476190476190476,
            0.2966101694915254,
            118.0
        ],
        [
            0.6476190476190476,
            0.30324909747292417,
            115.41666666666667
        ],
        [
            0.6476190476190476,
            0.2916666666666667,
            120.0
        ]
    ]
}