{
    "rgb_colors": [
        [
            107.0,
            114.0,
            141.0
        ],
        [
            90.0,
            97.0,
            124.0
        ],
        [
            86.16216216216216,
            93.16216216216216,
            120.16216216216216
        ],
        [
            83.58730158730158,
            90.58730158730158,
            117.58730158730158
        ],
        [
            99.62068965517241,
            106.62068965517241,
            133.6206896551724
        ],
        [
            91.89861751152074,
            98.89861751152074,
            125.89861751152074
        ],
        [
            81.79411764705883,
            88.79411764705883,
            115.79411764705883
        ],
        [
            88.52777777777777,
            95.52777777777777,
            122.52777777777777
        ],
        [
            79.08333333333333,
            86.08333333333333,
            113.08333333333333
        ],
        [
            95.29629629629629,
            102.29629629629629,
            129.2962962962963
        ]
    ],
    "hex_colors": [
        "#6b728d",
        "#5a617c",
        "#565d78",
        "#535a75",
        "#636a85",
        "#5b627d",
        "#515873",
        "#585f7a",
        "#4f5671",
        "#5f6681"
    ],
    "hsl_color_values": [
        [
            0.6323529411764706,
            0.24113475177304963,
            141.0
        ],
        [
            0.6323529411764706,
            0.27419354838709675,
            124.0
        ],
        [
            0.6323529411764706,
            0.2829509671614935,
            120.16216216216216
        ],
        [
            0.6323529411764706,
            0.28914686825054,
            117.58730158730158
        ],
        [
            0.6323529411764706,
            0.2544516129032258,
            133.6206896551724
        ],
        [
            0.6323529411764706,
            0.2700585651537335,
            125.89861751152074
        ],
        [
            0.6323529411764706,
            0.2936245872491745,
            115.79411764705883
        ],
        [
            0.6323529411764706,
            0.27748809793697576,
            122.52777777777777
        ],
        [
            0.6323529411764706,
            0.3006632277081798,
            113.08333333333333
        ],
        [
            0.6323529411764706,
            0.2629619020338013,
            129.2962962962963
        ]
    ]
}