{
    "rgb_colors": [
        [
            62.37301587301587,
            77.37301587301587,
            115.37301587301587
        ],
        [
            67.0,
            82.0,
            120.0
        ],
        [
            65.0,
            80.0,
            118.0
        ],
        [
            70.66666666666667,
            85.66666666666667,
            123.66666666666667
        ],
        [
            73.53333333333333,
            88.53333333333333,
            126.53333333333333
        ],
        [
            66.0,
            81.0,
            119.0
        ],
        [
            69.0,
            84.0,
            122.0
        ],
        [
            64.0,
            79.0,
            117.0
        ],
        [
            68.0,
            83.0,
            121.0
        ],
        [
            59.36842105263158,
            74.36842105263158,
            112.36842105263158
        ]
    ],
    "hex_colors": [
        "#3e4d73",
        "#435278",
        "#415076",
        "#46557b",
        "#49587e",
        "#425177",
        "#45547a",
        "#404f75",
        "#445379",
        "#3b4a70"
    ],
    "hsl_color_values": [
        [
            0.619496855345912,
            0.4593795143427117,
            115.37301587301587
        ],
        [
            0.619496855345912,
            0.44166666666666665,
            120.0
        ],
        [
            0.619496855345912,
            0.4491525423728814,
            118.0
        ],
        [
            0.619496855345912,
            0.42857142857142855,
            123.66666666666667
        ],
        [
            0.619496855345912,
            0.41886195995785036,
            126.53333333333333
        ],
        [
            0.619496855345912,
            0.44537815126050423,
            119.0
        ],
        [
            0.619496855345912,
            0.4344262295081967,
            122.0
        ],
        [
            0.619496855345912,
            0.452991452991453,
            117.0
        ],
        [
            0.619496855345912,
            0.4380165289256198,
            121.0
        ],
        [
            0.619496855345912,
            0.47166276346604213,
            112.36842105263158
        ]
    ]
}