{
    "rgb_colors": [
        [
            66.75,
            78.75,
            117.75
        ],
        [
            68.0,
            80.0,
            119.0
        ],
        [
            71.0,
            83.0,
            122.0
        ],
        [
            74.2,
            86.2,
            125.2
        ],
        [
            72.0,
            84.0,
            123.0
        ],
        [
            73.0,
            85.0,
            124.0
        ],
        [
            70.0,
            82.0,
            121.0
        ],
        [
            69.0,
            81.0,
            120.0
        ],
        [
            76.28571428571429,
            88.28571428571429,
            127.28571428571429
        ],
        [
            65.0,
            77.0,
            116.0
        ]
    ],
    "hex_colors": [
        "#424e75",
        "#445077",
        "#47537a",
        "#4a567d",
        "#48547b",
        "#49557c",
        "#465279",
        "#455178",
        "#4c587f",
        "#414d74"
    ],
    "hsl_color_values": [
        [
            0.6274509803921569,
            0.43312101910828027,
            117.75
        ],
        [
            0.6274509803921569,
            0.42857142857142855,
            119.0
        ],
        [
            0.6274509803921569,
            0.4180327868852459,
            122.0
        ],
        [
            0.6274509803921569,
            0.4073482428115016,
            125.2
        ],
        [
            0.6274509803921569,
            0.4146341463414634,
            123.0
        ],
        [
            0.6274509803921569,
            0.4112903225806452,
            124.0
        ],
        [
            0.6274509803921569,
            0.4214876033057851,
            121.0
        ],
        [
            0.6274509803921569,
            0.425,
            120.0
        ],
        [
            0.6274509803921569,
            0.4006734006734007,
            127.28571428571429
        ],
        [
            0.6274509803921569,
            0.4396551724137931,
            116.0
        ]
    ]
}