{
    "rgb_colors": [
        [
            95.31111111111112,
            98.31111111111112,
            132.35555555555555
        ],
        [
            90.84210526315789,
            96.21052631578948,
            131.0
        ],
        [
            95.5521472392638,
            101.5521472392638,
            136.5521472392638
        ],
        [
            100.34579439252336,
            103.34579439252336,
            137.3644859813084
        ],
        [
            98.66956521739131,
            104.66956521739131,
            139.6695652173913
        ],
        [
            97.0,
            103.0,
            138.0
        ],
        [
            93.2824427480916,
            99.2824427480916,
            134.2824427480916
        ],
        [
            98.06965174129353,
            101.06965174129353,
            135.07960199004975
        ],
        [
            102.3375,
            105.7875,
            139.9375
        ],
        [
            104.3529411764706,
            108.58823529411765,
            143.0
        ]
    ],
    "hex_colors": [
        "#5f6284",
        "#5a6083",
        "#5f6588",
        "#646789",
        "#62688b",
        "#61678a",
        "#5d6386",
        "#626587",
        "#66698b",
        "#686c8f"
    ],
    "hsl_color_values": [
        [
            0.6531693661267747,
            0.2798858294157152,
            132.35555555555555
        ],
        [
            0.6443861948449104,
            0.30654881478505425,
            131.0
        ],
        [
            0.6422764227642276,
            0.30025159493215925,
            136.5521472392638
        ],
        [
            0.6531599764369268,
            0.2694924479521023,
            137.3644859813084
        ],
        [
            0.6422764227642276,
            0.29354999377412516,
            139.6695652173913
        ],
        [
            0.6422764227642276,
            0.2971014492753623,
            138.0
        ],
        [
            0.6422764227642276,
            0.30532658745949637,
            134.2824427480916
        ],
        [
            0.6531567863064032,
            0.2739862251850761,
            135.07960199004975
        ],
        [
            0.6513741134751774,
            0.268691380080393,
            139.9375
        ],
        [
            0.6484018264840182,
            0.27025915261209377,
            143.0
        ]
    ]
}