{
    "rgb_colors": [
        [
            73.0,
            84.0,
            120.0
        ],
        [
            65.09615384615384,
            76.09615384615384,
            112.09615384615384
        ],
        [
            72.0,
            83.0,
            119.0
        ],
        [
            74.31818181818181,
            85.31818181818181,
            121.31818181818181
        ],
        [
            67.0,
            78.0,
            114.0
        ],
        [
            70.0,
            81.0,
            117.0
        ],
        [
            68.0,
            79.0,
            115.0
        ],
        [
            71.0,
            82.0,
            118.0
        ],
        [
            76.62962962962963,
            87.62962962962963,
            123.62962962962963
        ],
        [
            69.0,
            80.0,
            116.0
        ]
    ],
    "hex_colors": [
        "#495478",
        "#414c70",
        "#485377",
        "#4a5579",
        "#434e72",
        "#465175",
        "#444f73",
        "#475276",
        "#4c577b",
        "#455074"
    ],
    "hsl_color_values": [
        [
            0.6276595744680851,
            0.39166666666666666,
            120.0
        ],
        [
            0.6276595744680851,
            0.4192828958655001,
            112.09615384615384
        ],
        [
            0.6276595744680851,
            0.3949579831932773,
            119.0
        ],
        [
            0.6276595744680851,
            0.38741101536155864,
            121.31818181818181
        ],
        [
            0.6276595744680851,
            0.41228070175438597,
            114.0
        ],
        [
            0.6276595744680851,
            0.4017094017094017,
            117.0
        ],
        [
            0.6276595744680851,
            0.40869565217391307,
            115.0
        ],
        [
            0.6276595744680851,
            0.3983050847457627,
            118.0
        ],
        [
            0.6276595744680851,
            0.38016776512881967,
            123.62962962962963
        ],
        [
            0.6276595744680851,
            0.4051724137931034,
            116.0
        ]
    ]
}