{
    "rgb_colors": [
        [
            99.35658914728683,
            111.35658914728683,
            150.35658914728683
        ],
        [
            95.0,
            107.0,
            146.0
        ],
        [
            104.5,
            116.5,
            155.5
        ],
        [
            94.0,
            106.0,
            145.0
        ],
        [
            101.32307692307693,
            113.32307692307693,
            152.3230769230769
        ],
        [
            97.0,
            109.0,
            148.0
        ],
        [
            96.0,
            108.0,
            147.0
        ],
        [
            98.0,
            110.0,
            149.0
        ],
        [
            92.21052631578948,
            104.21052631578948,
            143.21052631578948
        ],
        [
            89.63157894736842,
            101.63157894736842,
            140.6315789473684
        ]
    ],
    "hex_colors": [
        "#636f96",
        "#5f6b92",
        "#68749b",
        "#5e6a91",
        "#657198",
        "#616d94",
        "#606c93",
        "#626e95",
        "#5c688f",
        "#59658c"
    ],
    "hsl_color_values": [
        [
            0.6274509803921569,
            0.3391936481748814,
            150.35658914728683
        ],
        [
            0.6274509803921569,
            0.3493150684931507,
            146.0
        ],
        [
            0.6274509803921569,
            0.3279742765273312,
            155.5
        ],
        [
            0.6274509803921569,
            0.35172413793103446,
            145.0
        ],
        [
            0.6274509803921569,
            0.33481466518533476,
            152.3230769230769
        ],
        [
            0.6274509803921569,
            0.34459459459459457,
            148.0
        ],
        [
            0.6274509803921569,
            0.3469387755102041,
            147.0
        ],
        [
            0.6274509803921569,
            0.3422818791946309,
            149.0
        ],
        [
            0.6274509803921569,
            0.35611907386990077,
            143.21052631578948
        ],
        [
            0.6274509803921569,
            0.3626497005988023,
            140.6315789473684
        ]
    ]
}