{
    "rgb_colors": [
        [
            89.63793103448276,
            96.63793103448276,
            134.32758620689654
        ],
        [
            79.44827586206897,
            87.41379310344827,
            125.06896551724138
        ],
        [
            81.41592920353982,
            88.91150442477876,
            126.67256637168141
        ],
        [
            81.50617283950618,
            90.50617283950618,
            128.50617283950618
        ],
        [
            84.0,
            91.0,
            128.62589928057554
        ],
        [
            84.0,
            93.0,
            131.0
        ],
        [
            83.0,
            90.0,
            127.67368421052632
        ],
        [
            86.0,
            93.0,
            130.68141592920355
        ],
        [
            87.23728813559322,
            94.51977401129943,
            132.29943502824858
        ],
        [
            85.0,
            92.0,
            129.61261261261262
        ]
    ],
    "hex_colors": [
        "#596086",
        "#4f577d",
        "#51587e",
        "#515a80",
        "#545b80",
        "#545d83",
        "#535a7f",
        "#565d82",
        "#575e84",
        "#555c81"
    ],
    "hsl_color_values": [
        [
            0.6405606995884773,
            0.3326915671929148,
            134.32758620689654
        ],
        [
            0.6375661375661377,
            0.36476426799007444,
            125.06896551724138
        ],
        [
            0.6390627036892192,
            0.35727260025150204,
            126.67256637168141
        ],
        [
            0.6347517730496454,
            0.3657411855125372,
            128.50617283950618
        ],
        [
            0.6405234026546295,
            0.34694334135018734,
            128.62589928057554
        ],
        [
            0.6347517730496454,
            0.35877862595419846,
            131.0
        ],
        [
            0.6405513666352497,
            0.34990518591804765,
            127.67368421052632
        ],
        [
            0.6405558856539249,
            0.3419110178099818,
            130.68141592920355
        ],
        [
            0.6397316950852557,
            0.3406072511423325,
            132.29943502824858
        ],
        [
            0.6405156165858913,
            0.3441996246611525,
            129.61261261261262
        ]
    ]
}