{
    "rgb_colors": [
        [
            83.0,
            95.0,
            134.0
        ],
        [
            86.0,
            98.0,
            137.0
        ],
        [
            87.36206896551724,
            99.36206896551724,
            138.36206896551724
        ],
        [
            81.0,
            93.0,
            132.0
        ],
        [
            84.0,
            96.0,
            135.0
        ],
        [
            82.0,
            94.0,
            133.0
        ],
        [
            80.0,
            92.0,
            131.0
        ],
        [
            78.78947368421052,
            90.78947368421052,
            129.78947368421052
        ],
        [
            75.92857142857143,
            87.92857142857143,
            126.92857142857143
        ],
        [
            85.0,
            97.0,
            136.0
        ]
    ],
    "hex_colors": [
        "#535f86",
        "#566289",
        "#57638a",
        "#515d84",
        "#546087",
        "#525e85",
        "#505c83",
        "#4e5a81",
        "#4b577e",
        "#556188"
    ],
    "hsl_color_values": [
        [
            0.6274509803921569,
            0.3805970149253731,
            134.0
        ],
        [
            0.6274509803921569,
            0.3722627737226277,
            137.0
        ],
        [
            0.6274509803921569,
            0.36859813084112153,
            138.36206896551724
        ],
        [
            0.6274509803921569,
            0.38636363636363635,
            132.0
        ],
        [
            0.6274509803921569,
            0.37777777777777777,
            135.0
        ],
        [
            0.6274509803921569,
            0.38345864661654133,
            133.0
        ],
        [
            0.6274509803921569,
            0.3893129770992366,
            131.0
        ],
        [
            0.6274509803921569,
            0.3929440389294404,
            129.78947368421052
        ],
        [
            0.6274509803921569,
            0.40180078784468204,
            126.92857142857143
        ],
        [
            0.6274509803921569,
            0.375,
            136.0
        ]
    ]
}