{
    "rgb_colors": [
        [
            68.0,
            78.0,
            110.0
        ],
        [
            66.0,
            76.0,
            108.0
        ],
        [
            69.0,
            79.0,
            111.0
        ],
        [
            65.0,
            75.0,
            107.0
        ],
        [
            70.0,
            80.0,
            112.0
        ],
        [
            67.0,
            77.0,
            109.0
        ],
        [
            63.59183673469388,
            73.59183673469389,
            105.59183673469389
        ],
        [
            61.388888888888886,
            71.38888888888889,
            103.38888888888889
        ],
        [
            71.72727272727273,
            81.72727272727273,
            113.72727272727273
        ],
        [
            74.35483870967742,
            84.35483870967742,
            116.35483870967742
        ]
    ],
    "hex_colors": [
        "#444e6e",
        "#424c6c",
        "#454f6f",
        "#414b6b",
        "#465070",
        "#434d6d",
        "#3f4969",
        "#3d4767",
        "#475171",
        "#4a5474"
    ],
    "hsl_color_values": [
        [
            0.626984126984127,
            0.38181818181818183,
            110.0
        ],
        [
            0.626984126984127,
            0.3888888888888889,
            108.0
        ],
        [
            0.626984126984127,
            0.3783783783783784,
            111.0
        ],
        [
            0.626984126984127,
            0.3925233644859813,
            107.0
        ],
        [
            0.626984126984127,
            0.375,
            112.0
        ],
        [
            0.626984126984127,
            0.3853211009174312,
            109.0
        ],
        [
            0.626984126984127,
            0.3977580208735988,
            105.59183673469389
        ],
        [
            0.626984126984127,
            0.4062332079527136,
            103.38888888888889
        ],
        [
            0.626984126984127,
            0.36930455635491605,
            113.72727272727273
        ],
        [
            0.626984126984127,
            0.3609647906847796,
            116.35483870967742
        ]
    ]
}