{
    "rgb_colors": [
        [
            83.57615894039735,
            95.57615894039735,
            134.57615894039736
        ],
        [
            89.27826086956522,
            101.41739130434783,
            140.0
        ],
        [
            87.0,
            99.18120805369128,
            137.63758389261744
        ],
        [
            84.14406779661017,
            97.14406779661017,
            133.14406779661016
        ],
        [
            96.33333333333333,
            108.33333333333333,
            147.33333333333334
        ],
        [
            81.80952380952381,
            94.28571428571429,
            131.85714285714286
        ],
        [
            86.0,
            98.26966292134831,
            136.46067415730337
        ],
        [
            85.0,
            97.0,
            136.0
        ],
        [
            88.0,
            100.17171717171718,
            138.65656565656565
        ],
        [
            91.36,
            103.36,
            142.36
        ]
    ],
    "hex_colors": [
        "#535f86",
        "#59658c",
        "#576389",
        "#546185",
        "#606c93",
        "#515e83",
        "#566288",
        "#556188",
        "#58648a",
        "#5b678e"
    ],
    "hsl_color_values": [
        [
            0.6274509803921569,
            0.37896757049357815,
            134.57615894039736
        ],
        [
            0.6267786730670325,
            0.3622981366459627,
            140.0
        ],
        [
            0.6265738899933732,
            0.3679052077238151,
            137.63758389261744
        ],
        [
            0.6224489795918368,
            0.3680224046846158,
            133.14406779661016
        ],
        [
            0.6274509803921569,
            0.3461538461538462,
            147.33333333333334
        ],
        [
            0.6251189343482397,
            0.37955940772842184,
            131.85714285714286
        ],
        [
            0.6261411712313517,
            0.369781803211198,
            136.46067415730337
        ],
        [
            0.6274509803921569,
            0.375,
            136.0
        ],
        [
            0.6266201395812562,
            0.3653383842063087,
            138.65656565656565
        ],
        [
            0.6274509803921569,
            0.3582466985108177,
            142.36
        ]
    ]
}