{
    "rgb_colors": [
        [
            86.0,
            98.0,
            137.0
        ],
        [
            85.0,
            97.0,
            136.0
        ],
        [
            88.0,
            100.0,
            139.0
        ],
        [
            90.0,
            102.0,
            141.0
        ],
        [
            89.0,
            101.0,
            140.0
        ],
        [
            83.53947368421052,
            95.53947368421052,
            134.53947368421052
        ],
        [
            91.0,
            103.0,
            142.0
        ],
        [
            92.30909090909091,
            104.30909090909091,
            143.3090909090909
        ],
        [
            87.0,
            99.0,
            138.0
        ],
        [
            94.7,
            106.7,
            145.7
        ]
    ],
    "hex_colors": [
        "#566289",
        "#556188",
        "#58648b",
        "#5a668d",
        "#59658c",
        "#535f86",
        "#5b678e",
        "#5c688f",
        "#57638a",
        "#5e6a91"
    ],
    "hsl_color_values": [
        [
            0.6274509803921569,
            0.3722627737226277,
            137.0
        ],
        [
            0.6274509803921569,
            0.375,
            136.0
        ],
        [
            0.6274509803921569,
            0.3669064748201439,
            139.0
        ],
        [
            0.6274509803921569,
            0.3617021276595745,
            141.0
        ],
        [
            0.6274509803921569,
            0.36428571428571427,
            140.0
        ],
        [
            0.6274509803921569,
            0.37907090464547677,
            134.53947368421052
        ],
        [
            0.6274509803921569,
            0.3591549295774648,
            142.0
        ],
        [
            0.6274509803921569,
            0.35587414361837094,
            143.3090909090909
        ],
        [
            0.6274509803921569,
            0.3695652173913043,
            138.0
        ],
        [
            0.6274509803921569,
            0.35003431708991073,
            145.7
        ]
    ]
}