{
    "rgb_colors": [
        [
            92.25409836065573,
            102.74590163934427,
            140.0
        ],
        [
            96.24489795918367,
            106.75510204081633,
            144.0
        ],
        [
            95.0,
            104.0,
            142.0
        ],
        [
            98.60227272727273,
            109.32954545454545,
            146.4659090909091
        ],
        [
            94.0,
            105.0,
            142.0
        ],
        [
            90.94736842105263,
            101.27368421052631,
            138.61052631578949
        ],
        [
            94.0,
            103.0,
            141.0
        ],
        [
            95.26744186046511,
            105.73255813953489,
            143.0
        ],
        [
            93.0,
            104.0,
            141.0
        ],
        [
            97.20652173913044,
            107.79347826086956,
            145.0
        ]
    ],
    "hex_colors": [
        "#5c668c",
        "#606a90",
        "#5f688e",
        "#626d92",
        "#5e698e",
        "#5a658a",
        "#5e678d",
        "#5f698f",
        "#5d688d",
        "#616b91"
    ],
    "hsl_color_values": [
        [
            0.6300429184549357,
            0.34104215456674475,
            140.0
        ],
        [
            0.6299857549857549,
            0.33163265306122447,
            144.0
        ],
        [
            0.6347517730496454,
            0.33098591549295775,
            142.0
        ],
        [
            0.6293130737575182,
            0.3267902862906354,
            146.4659090909091
        ],
        [
            0.6284722222222222,
            0.3380281690140845,
            142.0
        ],
        [
            0.6305580094228503,
            0.3438639125151884,
            138.61052631578949
        ],
        [
            0.6347517730496454,
            0.3333333333333333,
            141.0
        ],
        [
            0.6301258627689809,
            0.33379411286388033,
            143.0
        ],
        [
            0.6284722222222222,
            0.3404255319148936,
            141.0
        ],
        [
            0.6297475551512396,
            0.3296101949025487,
            145.0
        ]
    ]
}