{
    "rgb_colors": [
        [
            86.6241610738255,
            98.6241610738255,
            137.6241610738255
        ],
        [
            91.0,
            103.0,
            142.0
        ],
        [
            96.76470588235294,
            108.76470588235294,
            147.76470588235293
        ],
        [
            94.4342105263158,
            106.4342105263158,
            145.43421052631578
        ],
        [
            84.38235294117646,
            96.38235294117646,
            135.38235294117646
        ],
        [
            90.0,
            102.0,
            141.0
        ],
        [
            88.0,
            100.0,
            139.0
        ],
        [
            89.0,
            101.0,
            140.0
        ],
        [
            92.0,
            104.0,
            143.0
        ],
        [
            93.0,
            105.0,
            144.0
        ]
    ],
    "hex_colors": [
        "#566289",
        "#5b678e",
        "#606c93",
        "#5e6a91",
        "#546087",
        "#5a668d",
        "#58648b",
        "#59658c",
        "#5c688f",
        "#5d6990"
    ],
    "hsl_color_values": [
        [
            0.6274509803921569,
            0.37057446600994826,
            137.6241610738255
        ],
        [
            0.6274509803921569,
            0.3591549295774648,
            142.0
        ],
        [
            0.6274509803921569,
            0.34514331210191074,
            147.76470588235293
        ],
        [
            0.6274509803921569,
            0.3506740251515425,
            145.43421052631578
        ],
        [
            0.6274509803921569,
            0.3767108407560287,
            135.38235294117646
        ],
        [
            0.6274509803921569,
            0.3617021276595745,
            141.0
        ],
        [
            0.6274509803921569,
            0.3669064748201439,
            139.0
        ],
        [
            0.6274509803921569,
            0.36428571428571427,
            140.0
        ],
        [
            0.6274509803921569,
            0.35664335664335667,
            143.0
        ],
        [
            0.6274509803921569,
            0.3541666666666667,
            144.0
        ]
    ]
}