{
    "rgb_colors": [
        [
            155.30331753554503,
            160.260663507109,
            174.93364928909952
        ],
        [
            155.68421052631578,
            159.68421052631578,
            177.68421052631578
        ],
        [
            165.80882352941177,
            170.7941176470588,
            184.66176470588235
        ],
        [
            161.7909604519774,
            166.76271186440678,
            181.0225988700565
        ],
        [
            169.66666666666666,
            174.66666666666666,
            188.52380952380952
        ],
        [
            152.2122905027933,
            157.01117318435755,
            172.33519553072625
        ],
        [
            158.23295454545453,
            163.1931818181818,
            177.73295454545453
        ],
        [
            173.77777777777777,
            178.77777777777777,
            193.33333333333334
        ],
        [
            149.03636363636363,
            153.84545454545454,
            169.3272727272727
        ],
        [
            145.42592592592592,
            150.01851851851853,
            166.24074074074073
        ]
    ],
    "hex_colors": [
        "#9ba0ae",
        "#9b9fb1",
        "#a5aab8",
        "#a1a6b5",
        "#a9aebc",
        "#989dac",
        "#9ea3b1",
        "#adb2c1",
        "#9599a9",
        "#9196a6"
    ],
    "hsl_color_values": [
        [
            0.6245774987928537,
            0.11221587060767783,
            174.93364928909952
        ],
        [
            0.6363636363636364,
            0.12381516587677725,
            177.68421052631578
        ],
        [
            0.622594903796152,
            0.10209444931114116,
            184.66176470588235
        ],
        [
            0.6235801018409713,
            0.1062388814331637,
            181.0225988700565
        ],
        [
            0.6224747474747474,
            0.1000252589037636,
            188.52380952380952
        ],
        [
            0.6269202295021286,
            0.11676607883817418,
            172.33519553072625
        ],
        [
            0.6242715617715616,
            0.10971516255874174,
            177.73295454545453
        ],
        [
            0.6240530303030303,
            0.1011494252873564,
            193.33333333333334
        ],
        [
            0.6271654719235364,
            0.11983249221518304,
            169.3272727272727
        ],
        [
            0.6298932384341636,
            0.1252088671048234,
            166.24074074074073
        ]
    ]
}