{
    "rgb_colors": [
        [
            132.33823529411765,
            137.38235294117646,
            159.48529411764707
        ],
        [
            120.65053763440861,
            126.8763440860215,
            149.2311827956989
        ],
        [
            126.34831460674157,
            131.82022471910113,
            153.96629213483146
        ],
        [
            113.36781609195403,
            120.19540229885058,
            142.54022988505747
        ],
        [
            129.15573770491804,
            134.327868852459,
            156.54918032786884
        ],
        [
            123.77348066298343,
            129.2707182320442,
            151.67403314917127
        ],
        [
            142.33333333333334,
            147.33333333333334,
            168.33333333333334
        ],
        [
            108.64,
            116.52,
            138.56
        ],
        [
            136.58064516129033,
            141.67741935483872,
            162.7741935483871
        ],
        [
            117.17518248175182,
            123.66423357664233,
            145.8905109489051
        ]
    ],
    "hex_colors": [
        "#84899f",
        "#787e95",
        "#7e8399",
        "#71788e",
        "#81869c",
        "#7b8197",
        "#8e93a8",
        "#6c748a",
        "#888da2",
        "#757b91"
    ],
    "hsl_color_values": [
        [
            0.6356988082340195,
            0.17021668971876444,
            159.48529411764707
        ],
        [
            0.6303611738148985,
            0.19151925640378994,
            149.2311827956989
        ],
        [
            0.6336452400325467,
            0.17937677880756042,
            153.96629213483146
        ],
        [
            0.6276595744680851,
            0.20466091444238366,
            142.54022988505747
        ],
        [
            0.6351984839417515,
            0.17498298340227225,
            156.54918032786884
        ],
        [
            0.6338283828382839,
            0.1839507521946599,
            151.67403314917127
        ],
        [
            0.6346153846153846,
            0.15445544554455445,
            168.33333333333334
        ],
        [
            0.62277183600713,
            0.21593533487297922,
            138.56
        ],
        [
            0.6342364532019705,
            0.16091954022988503,
            162.7741935483871
        ],
        [
            0.6290035587188613,
            0.19682793815980387,
            145.8905109489051
        ]
    ]
}