{
    "rgb_colors": [
        [
            232.53333333333333,
            224.53333333333333,
            207.4
        ],
        [
            234.00507614213197,
            226.08121827411168,
            208.88324873096445
        ],
        [
            231.03125,
            223.03125,
            204.03125
        ],
        [
            228.59259259259258,
            222.59259259259258,
            205.59259259259258
        ],
        [
            230.77272727272728,
            222.2987012987013,
            206.12337662337663
        ],
        [
            228.08,
            220.06,
            203.2
        ],
        [
            237.77372262773721,
            229.32116788321167,
            212.67153284671534
        ],
        [
            240.55882352941177,
            232.38235294117646,
            215.3235294117647
        ],
        [
            235.61111111111111,
            227.9537037037037,
            210.66666666666666
        ],
        [
            225.92857142857142,
            217.625,
            201.10714285714286
        ]
    ],
    "hex_colors": [
        "#e8e0cf",
        "#eae2d0",
        "#e7dfcc",
        "#e4decd",
        "#e6dece",
        "#e4dccb",
        "#ede5d4",
        "#f0e8d7",
        "#ebe3d2",
        "#e1d9c9"
    ],
    "hsl_color_values": [
        [
            0.11361626878868257,
            0.10808486238532107,
            232.53333333333333
        ],
        [
            0.11409712399811418,
            0.10735590793726547,
            234.00507614213197
        ],
        [
            0.11728395061728396,
            0.11686730691194373,
            231.03125
        ],
        [
            0.12318840579710144,
            0.1006156837329877,
            228.59259259259258
        ],
        [
            0.10936951176677201,
            0.10681223444666424,
            230.77272727272728
        ],
        [
            0.11294212218649517,
            0.10908453174324809,
            228.08
        ],
        [
            0.11054570126974894,
            0.10557175748273208,
            237.77372262773721
        ],
        [
            0.11266511266511263,
            0.10490279985328285,
            240.55882352941177
        ],
        [
            0.1155035882207374,
            0.10587125677906159,
            235.61111111111111
        ],
        [
            0.11091127098321348,
            0.10986405311413208,
            225.92857142857142
        ]
    ]
}