{
    "rgb_colors": [
        [
            214.22222222222223,
            204.22222222222223,
            185.22222222222223
        ],
        [
            218.5530303030303,
            208.5530303030303,
            189.5530303030303
        ],
        [
            229.74545454545455,
            219.74545454545455,
            200.74545454545455
        ],
        [
            232.66666666666666,
            222.66666666666666,
            203.66666666666666
        ],
        [
            220.0,
            210.0,
            191.0
        ],
        [
            216.5151515151515,
            206.5151515151515,
            187.5151515151515
        ],
        [
            227.3679245283019,
            217.3679245283019,
            198.3679245283019
        ],
        [
            223.0,
            213.0,
            194.0
        ],
        [
            221.58064516129033,
            211.58064516129033,
            192.58064516129033
        ],
        [
            224.90697674418604,
            214.90697674418604,
            195.90697674418604
        ]
    ],
    "hex_colors": [
        "#d6ccb9",
        "#dad0bd",
        "#e5dbc8",
        "#e8decb",
        "#dcd2bf",
        "#d8cebb",
        "#e3d9c6",
        "#dfd5c2",
        "#ddd3c0",
        "#e0d6c3"
    ],
    "hsl_color_values": [
        [
            0.10919540229885057,
            0.13537344398340248,
            214.22222222222223
        ],
        [
            0.10919540229885057,
            0.1326909078304274,
            218.5530303030303
        ],
        [
            0.10919540229885057,
            0.12622665400443178,
            229.74545454545455
        ],
        [
            0.10919540229885057,
            0.12464183381088825,
            232.66666666666666
        ],
        [
            0.10919540229885057,
            0.1318181818181818,
            220.0
        ],
        [
            0.10919540229885057,
            0.13393981805458363,
            216.5151515151515
        ],
        [
            0.10919540229885057,
            0.12754657483091988,
            227.3679245283019
        ],
        [
            0.10919540229885057,
            0.13004484304932734,
            223.0
        ],
        [
            0.10919540229885057,
            0.13087785703887028,
            221.58064516129033
        ],
        [
            0.10919540229885057,
            0.12894219832488885,
            224.90697674418604
        ]
    ]
}