{
    "rgb_colors": [
        [
            151.44897959183675,
            182.40816326530611,
            224.16326530612244
        ],
        [
            155.7741935483871,
            148.41013824884791,
            135.78801843317973
        ],
        [
            241.02985074626866,
            252.7363184079602,
            254.00497512437812
        ],
        [
            108.22916666666667,
            140.875,
            181.17708333333334
        ],
        [
            90.27499999999999,
            95.1,
            101.625
        ],
        [
            85.93333333333334,
            113.35555555555555,
            148.55555555555554
        ],
        [
            125.6764705882353,
            125.85294117647058,
            123.70588235294117
        ],
        [
            200.6086956521739,
            222.81159420289856,
            244.72463768115944
        ],
        [
            182.16949152542372,
            181.67796610169492,
            180.94915254237287
        ],
        [
            168.40555555555557,
            160.48333333333332,
            147.73888888888888
        ]
    ],
    "hex_colors": [
        "#97b6e0",
        "#9b9487",
        "#f1fcfe",
        "#6c8cb5",
        "#5a5f65",
        "#557194",
        "#7d7d7b",
        "#c8def4",
        "#b6b5b4",
        "#a8a093"
    ],
    "hsl_color_values": [
        [
            0.5957058658433905,
            0.32438091769847044,
            224.16326530612244
        ],
        [
            0.10525709015448452,
            0.12830222169629915,
            155.7741935483871
        ],
        [
            0.5162960122699388,
            0.05108216629125454,
            254.00497512437812
        ],
        [
            0.5920795849397877,
            0.40263324325878225,
            181.17708333333334
        ],
        [
            0.5958149779735683,
            0.1116851168511686,
            101.625
        ],
        [
            0.5936834634492548,
            0.42154076290201936,
            148.55555555555554
        ],
        [
            0.18036529680365154,
            0.017060060761860202,
            125.85294117647058
        ],
        [
            0.5827858081471747,
            0.1802676773658653,
            244.72463768115944
        ],
        [
            0.09953703703703876,
            0.0066989207294380565,
            182.16949152542372
        ],
        [
            0.10277777777777763,
            0.12271962524329506,
            168.40555555555557
        ]
    ]
}