{
    "rgb_colors": [
        [
            33.625,
            27.625,
            20.95
        ],
        [
            20.764044943820224,
            14.640449438202246,
            9.842696629213483
        ],
        [
            28.89010989010989,
            22.802197802197803,
            16.35164835164835
        ],
        [
            3.212121212121211,
            0.10606060606060552,
            0.015151515151515582
        ],
        [
            7.161290322580644,
            2.516129032258064,
            0.9032258064516139
        ],
        [
            26.445945945945947,
            20.243243243243242,
            13.698198198198199
        ],
        [
            12.043478260869566,
            7.173913043478262,
            4.565217391304348
        ],
        [
            24.105882352941176,
            17.94705882352941,
            11.552941176470588
        ],
        [
            30.813131313131315,
            24.77777777777778,
            17.96969696969697
        ],
        [
            27.851063829787233,
            21.80851063829787,
            15.212765957446809
        ]
    ],
    "hex_colors": [
        "#211b14",
        "#140e09",
        "#1c1610",
        "#030000",
        "#070200",
        "#1a140d",
        "#0c0704",
        "#18110b",
        "#1e1811",
        "#1b150f"
    ],
    "hsl_color_values": [
        [
            0.08777120315581854,
            0.37695167286245357,
            33.625
        ],
        [
            0.07321673525377227,
            0.525974025974026,
            20.764044943820224
        ],
        [
            0.08574349985392932,
            0.4340053252187144,
            28.89010989010989
        ],
        [
            0.004739336492890951,
            0.9952830188679244,
            3.212121212121211
        ],
        [
            0.04295532646048108,
            0.8738738738738737,
            7.161290322580644
        ],
        [
            0.08557126030624261,
            0.48203031851473344,
            26.445945945945947
        ],
        [
            0.05813953488372094,
            0.6209386281588448,
            12.043478260869566
        ],
        [
            0.08489534520462354,
            0.5207418252806247,
            24.105882352941176
        ],
        [
            0.08834709660505964,
            0.41681691525979353,
            30.813131313131315
        ],
        [
            0.08698092031425364,
            0.45378151260504196,
            27.851063829787233
        ]
    ]
}