{
    "rgb_colors": [
        [
            92.42241379310344,
            87.94827586206897,
            84.83620689655172
        ],
        [
            104.55882352941177,
            101.29411764705883,
            98.13235294117646
        ],
        [
            69.41397849462365,
            60.994623655913976,
            48.04838709677419
        ],
        [
            54.53012048192771,
            46.265060240963855,
            33.67469879518072
        ],
        [
            83.0,
            78.24812030075188,
            74.50375939849624
        ],
        [
            130.78571428571428,
            128.78571428571428,
            124.5
        ],
        [
            44.125,
            35.75,
            23.25
        ],
        [
            75.5360824742268,
            70.62886597938144,
            65.51546391752578
        ],
        [
            63.66839378238342,
            55.020725388601036,
            41.523316062176164
        ],
        [
            73.2156862745098,
            66.01960784313725,
            55.705882352941174
        ]
    ],
    "hex_colors": [
        "#5c5754",
        "#686562",
        "#453c30",
        "#362e21",
        "#534e4a",
        "#82807c",
        "#2c2317",
        "#4b4641",
        "#3f3729",
        "#494237"
    ],
    "hsl_color_values": [
        [
            0.06837121212121232,
            0.0820818953455835,
            92.42241379310344
        ],
        [
            0.08199847444698714,
            0.06146272855133624,
            104.55882352941177
        ],
        [
            0.10098976681764808,
            0.3077995507706606,
            69.41397849462365
        ],
        [
            0.10061621413441173,
            0.3824569155987628,
            54.53012048192771
        ],
        [
            0.07345132743362827,
            0.1023643445964308,
            83.0
        ],
        [
            0.11363636363636358,
            0.04806116876024025,
            130.78571428571428
        ],
        [
            0.09980039920159682,
            0.4730878186968839,
            44.125
        ],
        [
            0.08504801097393688,
            0.13266002456667111,
            75.5360824742268
        ],
        [
            0.10158321634690377,
            0.3478190104166667,
            63.66839378238342
        ],
        [
            0.0981709593131765,
            0.23915372254954478,
            73.2156862745098
        ]
    ]
}