{
    "rgb_colors": [
        [
            51.86666666666667,
            44.43333333333334,
            32.666666666666664
        ],
        [
            108.96071428571429,
            82.31428571428572,
            50.653571428571425
        ],
        [
            30.933333333333337,
            23.06666666666667,
            11.166666666666664
        ],
        [
            14.328125,
            0.296875,
            0.625
        ],
        [
            97.33333333333333,
            70.17777777777778,
            38.922222222222224
        ],
        [
            103.3901098901099,
            76.54395604395604,
            44.92307692307692
        ],
        [
            49.66666666666667,
            32.19444444444445,
            14.583333333333336
        ],
        [
            114.41340782122904,
            87.91620111731844,
            56.67039106145251
        ],
        [
            120.02597402597402,
            95.0,
            67.75324675324676
        ],
        [
            130.44642857142856,
            103.96428571428571,
            74.89285714285714
        ]
    ],
    "hex_colors": [
        "#332c20",
        "#6c5232",
        "#1e170b",
        "#0e0000",
        "#614626",
        "#674c2c",
        "#31200e",
        "#725738",
        "#785f43",
        "#82674a"
    ],
    "hsl_color_values": [
        [
            0.10214120370370373,
            0.3701799485861183,
            51.86666666666667
        ],
        [
            0.09049981624402793,
            0.5351207840309418,
            108.96071428571429
        ],
        [
            0.1003372681281619,
            0.6390086206896552,
            30.933333333333337
        ],
        [
            0.9961024498886414,
            0.9792802617230099,
            14.328125
        ],
        [
            0.08918267706549998,
            0.6001141552511415,
            97.33333333333333
        ],
        [
            0.0901387714187263,
            0.5654992825636393,
            103.3901098901099
        ],
        [
            0.08366323568223806,
            0.7063758389261745,
            49.66666666666667
        ],
        [
            0.09018640350877194,
            0.5046875,
            114.41340782122904
        ],
        [
            0.0868737060041408,
            0.4355117939839861,
            120.02597402597402
        ],
        [
            0.08721740062145078,
            0.42587268993839833,
            130.44642857142856
        ]
    ]
}