{
    "rgb_colors": [
        [
            209.9124087591241,
            195.21167883211677,
            175.14598540145985
        ],
        [
            88.98717948717949,
            79.97435897435898,
            67.93589743589743
        ],
        [
            187.24137931034483,
            173.89655172413794,
            154.4022988505747
        ],
        [
            28.57142857142857,
            22.136054421768705,
            12.795918367346943
        ],
        [
            157.50746268656715,
            146.02985074626866,
            130.0
        ],
        [
            8.132231404958674,
            3.123966942148755,
            0.8842975206611499
        ],
        [
            246.82716049382714,
            235.50617283950618,
            217.85185185185185
        ],
        [
            57.91358024691358,
            49.8641975308642,
            38.543209876543216
        ],
        [
            121.96491228070175,
            110.15789473684211,
            95.85964912280701
        ],
        [
            230.23214285714283,
            214.59523809523807,
            192.66071428571428
        ]
    ],
    "hex_colors": [
        "#d1c3af",
        "#584f43",
        "#bbad9a",
        "#1c160c",
        "#9d9282",
        "#080300",
        "#f6ebd9",
        "#393126",
        "#796e5f",
        "#e6d6c0"
    ],
    "hsl_color_values": [
        [
            0.09619287563860301,
            0.1656234786841923,
            209.9124087591241
        ],
        [
            0.09531059683313037,
            0.23656533640685787,
            88.98717948717949
        ],
        [
            0.09893828024734574,
            0.17538367096378146,
            187.24137931034483
        ],
        [
            0.09867759091562452,
            0.5521428571428569,
            28.57142857142857
        ],
        [
            0.09712425393380368,
            0.1746422818155974,
            157.50746268656715
        ],
        [
            0.051501330292664405,
            0.8912601626016269,
            8.132231404958674
        ],
        [
            0.10154807555744934,
            0.11739108688040807,
            246.82716049382714
        ],
        [
            0.09740811557255154,
            0.33447026220422077,
            57.91358024691358
        ],
        [
            0.09128584229390685,
            0.21403912543153053,
            121.96491228070175
        ],
        [
            0.09730143641740598,
            0.16318932754207705,
            230.23214285714283
        ]
    ]
}