{
    "rgb_colors": [
        [
            172.76724137931035,
            99.62068965517241,
            46.85344827586207
        ],
        [
            81.02666666666667,
            46.33333333333333,
            16.36
        ],
        [
            109.47916666666667,
            79.3125,
            49.46875
        ],
        [
            85.68695652173913,
            53.25217391304348,
            24.565217391304348
        ],
        [
            91.37654320987654,
            59.9320987654321,
            30.0
        ],
        [
            73.15384615384616,
            31.307692307692307,
            0.9230769230769198
        ],
        [
            101.33928571428571,
            72.0,
            42.23809523809524
        ],
        [
            96.12359550561797,
            65.8314606741573,
            35.87078651685393
        ],
        [
            132.06666666666666,
            77.06666666666666,
            33.5
        ],
        [
            160.26760563380282,
            91.73239436619718,
            40.816901408450704
        ]
    ],
    "hex_colors": [
        "#ac632e",
        "#512e10",
        "#6d4f31",
        "#553518",
        "#5b3b1e",
        "#491f00",
        "#65482a",
        "#604123",
        "#844d21",
        "#a05b28"
    ],
    "hsl_color_values": [
        [
            0.0698457255009357,
            0.7288059478069957,
            172.76724137931035
        ],
        [
            0.0772508591065292,
            0.7980911634029949,
            81.02666666666667
        ],
        [
            0.08288491581322686,
            0.5481446241674596,
            109.47916666666667
        ],
        [
            0.07822355005453596,
            0.7133143900953928,
            85.68695652173913
        ],
        [
            0.08127996245264675,
            0.6716881713166251,
            91.37654320987654
        ],
        [
            0.0701100461483848,
            0.9873817034700316,
            73.15384615384616
        ],
        [
            0.0839292308725283,
            0.5832011747430249,
            101.33928571428571
        ],
        [
            0.08287490287490286,
            0.6268264172998246,
            96.12359550561797
        ],
        [
            0.0736670048472551,
            0.7463402322059566,
            132.06666666666666
        ],
        [
            0.07104115080768776,
            0.7453203269180069,
            160.26760563380282
        ]
    ]
}