{
    "rgb_colors": [
        [
            241.72435897435898,
            232.92307692307693,
            216.6346153846154
        ],
        [
            211.67307692307693,
            203.6346153846154,
            184.21153846153845
        ],
        [
            206.27906976744185,
            198.2325581395349,
            178.62790697674419
        ],
        [
            217.6865671641791,
            209.53731343283582,
            190.26865671641792
        ],
        [
            237.20472440944883,
            228.35433070866142,
            212.43307086614172
        ],
        [
            225.17567567567568,
            217.01351351351352,
            198.36486486486487
        ],
        [
            239.265625,
            230.4765625,
            214.28125
        ],
        [
            231.50335570469798,
            222.94630872483222,
            205.70469798657717
        ],
        [
            234.98742138364778,
            226.26415094339623,
            209.64779874213838
        ],
        [
            245.0,
            236.2753623188406,
            219.97101449275362
        ]
    ],
    "hex_colors": [
        "#f1e8d8",
        "#d3cbb8",
        "#cec6b2",
        "#d9d1be",
        "#ede4d4",
        "#e1d9c6",
        "#efe6d6",
        "#e7decd",
        "#eae2d1",
        "#f5ecdb"
    ],
    "hsl_color_values": [
        [
            0.10820132856412883,
            0.10379485003580048,
            241.72435897435898
        ],
        [
            0.11788048552754433,
            0.12973562278550022,
            211.67307692307693
        ],
        [
            0.1181665264928512,
            0.13404735062006762,
            206.27906976744185
        ],
        [
            0.11712937760841946,
            0.12595131984916005,
            217.6865671641791
        ],
        [
            0.10712015257469805,
            0.10443153526970964,
            237.20472440944883
        ],
        [
            0.1159274193548387,
            0.1190661945628038,
            225.17567567567568
        ],
        [
            0.108036272670419,
            0.10442108012799582,
            239.265625
        ],
        [
            0.11138570933055852,
            0.11143967066736245,
            231.50335570469798
        ],
        [
            0.1092909737734757,
            0.10783395337633477,
            234.98742138364778
        ],
        [
            0.1085697741748698,
            0.10215912451937297,
            245.0
        ]
    ]
}