{
    "rgb_colors": [
        [
            15.879120879120876,
            21.879120879120876,
            37.26373626373626
        ],
        [
            181.08695652173913,
            182.3695652173913,
            179.45652173913044
        ],
        [
            211.3968253968254,
            211.4126984126984,
            205.93650793650792
        ],
        [
            60.98039215686275,
            65.15686274509804,
            75.33333333333333
        ],
        [
            138.44736842105263,
            132.94736842105263,
            128.44736842105263
        ],
        [
            89.62068965517241,
            89.63793103448276,
            93.55172413793103
        ],
        [
            53.14545454545455,
            51.25454545454546,
            49.77727272727273
        ],
        [
            1.754491017964071,
            5.999999999999993,
            20.203592814371255
        ],
        [
            40.5,
            40.151315789473685,
            42.421052631578945
        ],
        [
            239.31914893617022,
            237.95744680851064,
            231.38297872340425
        ]
    ],
    "hex_colors": [
        "#0f1525",
        "#b5b6b3",
        "#d3d3cd",
        "#3c414b",
        "#8a8480",
        "#59595d",
        "#353331",
        "#010514",
        "#28282a",
        "#efede7"
    ],
    "hsl_color_values": [
        [
            0.6199040767386091,
            0.5738720141551166,
            37.26373626373626
        ],
        [
            0.24004975124378167,
            0.015973298366909073,
            182.3695652173913
        ],
        [
            0.16714975845410618,
            0.025902845558975925,
            211.4126984126984
        ],
        [
            0.6181693989071039,
            0.1905257678292555,
            75.33333333333333
        ],
        [
            0.075,
            0.07222961414179814,
            138.44736842105263
        ],
        [
            0.6659356725146197,
            0.042019904165130836,
            93.55172413793103
        ],
        [
            0.07309941520467834,
            0.06337666780704754,
            53.14545454545455
        ],
        [
            0.628313318186736,
            0.9131594546532307,
            20.203592814371255
        ],
        [
            0.6922705314009662,
            0.05350496277915626,
            42.421052631578945
        ],
        [
            0.13806970509383365,
            0.033161450924608885,
            239.31914893617022
        ]
    ]
}