{
    "rgb_colors": [
        [
            254.97530864197532,
            252.47530864197532,
            238.85802469135803
        ],
        [
            253.1086956521739,
            248.2173913043478,
            233.16304347826087
        ],
        [
            247.13385826771653,
            242.0551181102362,
            226.55905511811022
        ],
        [
            215.32692307692307,
            208.73076923076923,
            190.05769230769232
        ],
        [
            240.01639344262296,
            234.62295081967213,
            219.59016393442624
        ],
        [
            221.61290322580646,
            215.2741935483871,
            196.96774193548387
        ],
        [
            250.22155688622755,
            245.08383233532933,
            229.5568862275449
        ],
        [
            235.40540540540542,
            229.35135135135135,
            211.9189189189189
        ],
        [
            227.9818181818182,
            221.56363636363636,
            203.72727272727272
        ],
        [
            243.35897435897436,
            238.13675213675214,
            223.72649572649573
        ]
    ],
    "hex_colors": [
        "#fefcee",
        "#fdf8e9",
        "#f7f2e2",
        "#d7d0be",
        "#f0eadb",
        "#ddd7c4",
        "#faf5e5",
        "#ebe5d3",
        "#e3ddcb",
        "#f3eedf"
    ],
    "hsl_color_values": [
        [
            0.14081450274479765,
            0.06321115576429577,
            254.97530864197532
        ],
        [
            0.12579473206176195,
            0.07880271407712784,
            253.1086956521739
        ],
        [
            0.12552621507845382,
            0.0832536799847066,
            247.13385826771653
        ],
        [
            0.12316083206494166,
            0.11735286237385004,
            215.32692307692307
        ],
        [
            0.12265917602996246,
            0.08510347653848777,
            240.01639344262296
        ],
        [
            0.12380017452006979,
            0.11120815138282392,
            221.61290322580646
        ],
        [
            0.1252294021056698,
            0.08258549309593895,
            250.22155688622755
        ],
        [
            0.12370540851553508,
            0.0997703788748566,
            235.40540540540542
        ],
        [
            0.12256371814092946,
            0.10638806922402115,
            227.9818181818182
        ],
        [
            0.12233347845015234,
            0.08067291820321007,
            243.35897435897436
        ]
    ]
}