{
    "rgb_colors": [
        [
            235.88235294117646,
            229.0,
            217.41176470588235
        ],
        [
            253.16666666666666,
            247.11111111111111,
            235.66666666666666
        ],
        [
            246.2189349112426,
            239.81065088757396,
            228.19526627218934
        ],
        [
            243.79,
            237.21,
            225.72
        ],
        [
            239.112,
            232.496,
            220.928
        ],
        [
            242.2792207792208,
            235.86363636363637,
            224.4090909090909
        ],
        [
            248.12582781456953,
            241.74834437086093,
            230.13907284768212
        ],
        [
            244.67619047619047,
            238.32380952380953,
            226.72380952380954
        ],
        [
            240.97087378640776,
            234.4368932038835,
            222.79611650485438
        ],
        [
            250.29268292682926,
            243.9268292682927,
            232.35365853658536
        ]
    ],
    "hex_colors": [
        "#ebe5d9",
        "#fdf7eb",
        "#f6efe4",
        "#f3ede1",
        "#efe8dc",
        "#f2ebe0",
        "#f8f1e6",
        "#f4eee2",
        "#f0eade",
        "#faf3e8"
    ],
    "hsl_color_values": [
        [
            0.10456475583864124,
            0.07830423940149625,
            235.88235294117646
        ],
        [
            0.10899470899470913,
            0.06912442396313365,
            253.16666666666666
        ],
        [
            0.10740862333114465,
            0.07320179760159573,
            246.2189349112426
        ],
        [
            0.10597675705589386,
            0.07412116985930511,
            243.79
        ],
        [
            0.10602727672679291,
            0.07604804443106158,
            239.112
        ],
        [
            0.10683139534883723,
            0.07375840904827001,
            242.2792207792208
        ],
        [
            0.10757241040746206,
            0.07249045826994421,
            248.12582781456953
        ],
        [
            0.10769230769230775,
            0.07337199797594482,
            244.67619047619047
        ],
        [
            0.10674857549857551,
            0.07542304593070098,
            240.97087378640776
        ],
        [
            0.10752322682982117,
            0.07167218865718183,
            250.29268292682926
        ]
    ]
}