{
    "rgb_colors": [
        [
            123.28688524590164,
            80.65163934426229,
            21.729508196721312
        ],
        [
            129.96212121212122,
            87.34848484848484,
            28.549242424242426
        ],
        [
            145.75641025641025,
            103.74358974358974,
            45.64102564102564
        ],
        [
            142.82608695652175,
            107.78260869565217,
            64.34782608695653
        ],
        [
            115.8952380952381,
            73.24761904761905,
            14.38095238095238
        ],
        [
            80.71428571428572,
            46.714285714285715,
            5.0
        ],
        [
            155.25531914893617,
            112.85106382978724,
            54.95744680851064
        ],
        [
            112.92307692307692,
            78.0,
            34.84615384615385
        ],
        [
            136.69302325581396,
            94.47441860465116,
            36.69767441860465
        ],
        [
            161.10714285714286,
            122.96428571428572,
            73.53571428571428
        ]
    ],
    "hex_colors": [
        "#7b5015",
        "#81571c",
        "#91672d",
        "#8e6b40",
        "#73490e",
        "#502e05",
        "#9b7036",
        "#704e22",
        "#885e24",
        "#a17a49"
    ],
    "hsl_color_values": [
        [
            0.09669760559591067,
            0.8237484209826474,
            123.28688524590164
        ],
        [
            0.09663342422091907,
            0.7803264354415622,
            129.96212121212122
        ],
        [
            0.09672599991462842,
            0.6868677983991556,
            145.75641025641025
        ],
        [
            0.09224376731301936,
            0.5494672754946728,
            142.82608695652175
        ],
        [
            0.09664759045563999,
            0.8759142082340373,
            115.8952380952381
        ],
        [
            0.09182389937106916,
            0.9380530973451328,
            80.71428571428572
        ],
        [
            0.09620280016970727,
            0.6460189118815952,
            155.25531914893617
        ],
        [
            0.09211822660098523,
            0.69141689373297,
            112.92307692307692
        ],
        [
            0.09629905266911638,
            0.7315322059273878,
            136.69302325581396
        ],
        [
            0.09407286568787387,
            0.543560186211483,
            161.10714285714286
        ]
    ]
}