{
    "rgb_colors": [
        [
            218.17857142857142,
            203.17857142857142,
            183.17857142857142
        ],
        [
            203.0,
            188.0,
            168.0
        ],
        [
            205.57831325301206,
            190.57831325301206,
            170.57831325301206
        ],
        [
            204.0,
            189.0,
            169.0
        ],
        [
            213.43478260869566,
            198.43478260869566,
            178.43478260869566
        ],
        [
            201.1958762886598,
            186.1958762886598,
            166.1958762886598
        ],
        [
            215.39285714285714,
            200.39285714285714,
            180.39285714285714
        ],
        [
            210.93434343434345,
            195.93434343434345,
            175.93434343434345
        ],
        [
            207.92,
            192.92,
            172.92
        ],
        [
            197.9047619047619,
            182.9047619047619,
            162.9047619047619
        ]
    ],
    "hex_colors": [
        "#dacbb7",
        "#cbbca8",
        "#cdbeaa",
        "#ccbda9",
        "#d5c6b2",
        "#c9baa6",
        "#d7c8b4",
        "#d2c3af",
        "#cfc0ac",
        "#c5b6a2"
    ],
    "hsl_color_values": [
        [
            0.09523809523809523,
            0.1604190538549681,
            218.17857142857142
        ],
        [
            0.09523809523809523,
            0.1724137931034483,
            203.0
        ],
        [
            0.09523809523809523,
            0.17025142120377423,
            205.57831325301206
        ],
        [
            0.09523809523809523,
            0.1715686274509804,
            204.0
        ],
        [
            0.09523809523809523,
            0.16398451823181912,
            213.43478260869566
        ],
        [
            0.09523809523809523,
            0.17395982783357244,
            201.1958762886598
        ],
        [
            0.09523809523809523,
            0.16249378212568397,
            215.39285714285714
        ],
        [
            0.09523809523809523,
            0.16592840895486652,
            210.93434343434345
        ],
        [
            0.09523809523809523,
            0.16833397460561755,
            207.92
        ],
        [
            0.09523809523809523,
            0.1768527430221367,
            197.9047619047619
        ]
    ]
}