{
    "rgb_colors": [
        [
            150.38655462184875,
            105.3781512605042,
            43.983193277310924
        ],
        [
            162.67567567567568,
            118.65765765765767,
            58.17117117117117
        ],
        [
            144.2537313432836,
            98.91044776119404,
            37.76865671641791
        ],
        [
            128.1818181818182,
            82.8,
            22.70909090909091
        ],
        [
            118.7280701754386,
            73.3859649122807,
            13.850877192982459
        ],
        [
            156.8521739130435,
            112.14782608695653,
            50.85217391304348
        ],
        [
            137.16239316239316,
            91.53846153846153,
            30.504273504273502
        ],
        [
            178.5142857142857,
            135.45714285714286,
            76.28571428571428
        ],
        [
            106.04347826086956,
            60.565217391304344,
            2.1304347826086953
        ],
        [
            168.75925925925927,
            125.33333333333333,
            66.94444444444444
        ]
    ],
    "hex_colors": [
        "#96692b",
        "#a2763a",
        "#906225",
        "#805216",
        "#76490d",
        "#9c7032",
        "#895b1e",
        "#b2874c",
        "#6a3c02",
        "#a87d42"
    ],
    "hsl_color_values": [
        [
            0.09616700889801504,
            0.707532409476978,
            150.38655462184875
        ],
        [
            0.09646551724137932,
            0.6424101456498865,
            162.67567567567568
        ],
        [
            0.09569696544957601,
            0.738178996378686,
            144.2537313432836
        ],
        [
            0.09495489283456875,
            0.8228368794326241,
            128.1818181818182
        ],
        [
            0.0946107951377272,
            0.8833394902105651,
            118.7280701754386
        ],
        [
            0.0963768115942029,
            0.6757955427430978,
            156.8521739130435
        ],
        [
            0.09537356091567166,
            0.7776046859421735,
            137.16239316239316
        ],
        [
            0.09646916340599965,
            0.572663252240717,
            178.5142857142857
        ],
        [
            0.09372384937238494,
            0.979909799097991,
            106.04347826086956
        ],
        [
            0.095580210985813,
            0.6033139471085263,
            168.75925925925927
        ]
    ]
}