{
    "rgb_colors": [
        [
            121.97777777777777,
            100.54444444444445,
            98.92222222222222
        ],
        [
            61.01025641025641,
            43.712820512820514,
            37.62564102564102
        ],
        [
            88.7008547008547,
            64.90598290598291,
            62.982905982905976
        ],
        [
            226.83783783783784,
            219.31531531531533,
            217.1261261261261
        ],
        [
            157.60606060606062,
            148.0,
            148.3939393939394
        ],
        [
            154.42105263157896,
            60.75438596491228,
            59.10526315789474
        ],
        [
            193.27659574468083,
            183.74468085106383,
            182.27659574468083
        ],
        [
            43.730769230769226,
            14.884615384615387,
            13.41538461538461
        ],
        [
            12.384615384615373,
            1.8653846153846132,
            2.711538461538453
        ],
        [
            250.72857142857143,
            244.32857142857142,
            243.57142857142856
        ]
    ],
    "hex_colors": [
        "#796462",
        "#3d2b25",
        "#58403e",
        "#e2dbd9",
        "#9d9494",
        "#9a3c3b",
        "#c1b7b6",
        "#2b0e0d",
        "#0c0102",
        "#faf4f3"
    ],
    "hsl_color_values": [
        [
            0.01172690763052218,
            0.18901439242120607,
            121.97777777777777
        ],
        [
            0.04338450292397663,
            0.3832899050180718,
            61.01025641025641
        ],
        [
            0.012462612163509542,
            0.2899402582385817,
            88.7008547008547
        ],
        [
            0.03756957328385948,
            0.04281345565749243,
            226.83783783783784
        ],
        [
            0.9931650893796002,
            0.06094981734281879,
            157.60606060606062
        ],
        [
            0.0028836124915638806,
            0.6172460804362645,
            154.42105263157896
        ],
        [
            0.022243713733075765,
            0.05691325407309556,
            193.27659574468083
        ],
        [
            0.00807747610589532,
            0.6932277924362358,
            43.730769230769226
        ],
        [
            0.9865935405240708,
            0.8493788819875777,
            12.384615384615373
        ],
        [
            0.017631403858948957,
            0.02854538202951405,
            250.72857142857143
        ]
    ]
}