{
    "rgb_colors": [
        [
            16.445945945945944,
            11.797297297297296,
            10.95945945945946
        ],
        [
            24.743589743589745,
            19.82905982905983,
            19.264957264957268
        ],
        [
            11.216216216216216,
            7.27027027027027,
            10.14864864864865
        ],
        [
            2.4782608695652186,
            1.4855072463768106,
            7.079710144927536
        ],
        [
            30.42718446601942,
            25.04854368932039,
            22.42718446601942
        ],
        [
            23.544303797468356,
            18.151898734177216,
            15.278481012658228
        ],
        [
            35.74193548387097,
            30.129032258064516,
            27.451612903225808
        ],
        [
            9.0,
            3.688524590163933,
            1.4262295081967213
        ],
        [
            20.96153846153846,
            15.323076923076924,
            11.623076923076923
        ],
        [
            28.26086956521739,
            22.3768115942029,
            18.014492753623188
        ]
    ],
    "hex_colors": [
        "#100b0a",
        "#181313",
        "#0b070a",
        "#020107",
        "#1e1916",
        "#17120f",
        "#231e1b",
        "#090301",
        "#140f0b",
        "#1c1612"
    ],
    "hsl_color_values": [
        [
            0.02545155993431854,
            0.3336072308956449,
            16.445945945945944
        ],
        [
            0.01716068642745705,
            0.2214162348877374,
            24.743589743589745
        ],
        [
            0.8784246575342466,
            0.35180722891566263,
            11.216216216216216
        ],
        [
            0.6962435233160623,
            0.790174002047083,
            7.079710144927536
        ],
        [
            0.05461165048543689,
            0.26292278238672623,
            30.42718446601942
        ],
        [
            0.0579377233282287,
            0.35107526881720436,
            23.544303797468356
        ],
        [
            0.0538261997405966,
            0.23194945848375448,
            35.74193548387097
        ],
        [
            0.04978354978354974,
            0.8415300546448088,
            9.0
        ],
        [
            0.06603514552443716,
            0.4455045871559633,
            20.96153846153846
        ],
        [
            0.07095709570957097,
            0.3625641025641026,
            28.26086956521739
        ]
    ]
}