{
    "rgb_colors": [
        [
            88.0909090909091,
            75.0909090909091,
            60.09090909090909
        ],
        [
            74.51020408163265,
            61.38775510204081,
            45.93877551020408
        ],
        [
            67.95412844036697,
            54.85321100917431,
            39.37614678899082
        ],
        [
            58.04522613065327,
            44.44221105527638,
            28.185929648241206
        ],
        [
            64.75824175824175,
            51.68681318681319,
            36.29120879120879
        ],
        [
            79.78125,
            66.625,
            51.3125
        ],
        [
            61.859223300970875,
            48.26699029126213,
            32.05339805825243
        ],
        [
            100.4,
            87.4,
            72.4
        ],
        [
            53.12837837837838,
            39.479729729729726,
            23.155405405405403
        ],
        [
            70.97590361445783,
            57.8433734939759,
            42.31325301204819
        ]
    ],
    "hex_colors": [
        "#584b3c",
        "#4a3d2d",
        "#433627",
        "#3a2c1c",
        "#403324",
        "#4f4233",
        "#3d3020",
        "#645748",
        "#352717",
        "#46392a"
    ],
    "hsl_color_values": [
        [
            0.08928571428571429,
            0.3178534571723426,
            88.0909090909091
        ],
        [
            0.09011904761904761,
            0.3834565872363736,
            74.51020408163265
        ],
        [
            0.09026217228464418,
            0.42054813014715814,
            67.95412844036697
        ],
        [
            0.09073824750364634,
            0.5144143364210891,
            58.04522613065327
        ],
        [
            0.09013703918162523,
            0.4395893432886475,
            64.75824175824175
        ],
        [
            0.08964507866813026,
            0.35683509596553076,
            79.78125
        ],
        [
            0.09066232356134633,
            0.48183316330534415,
            61.859223300970875
        ],
        [
            0.08928571428571429,
            0.2788844621513944,
            100.4
        ],
        [
            0.09077246768860835,
            0.5641612616049854,
            53.12837837837838
        ],
        [
            0.09030404932044274,
            0.40383636054999156,
            70.97590361445783
        ]
    ]
}