{
    "rgb_colors": [
        [
            91.74242424242425,
            67.45454545454545,
            42.63636363636364
        ],
        [
            106.8582995951417,
            77.19838056680162,
            46.125506072874494
        ],
        [
            146.43859649122805,
            130.7719298245614,
            117.71929824561403
        ],
        [
            121.63461538461539,
            93.11538461538461,
            62.88461538461539
        ],
        [
            127.27777777777777,
            105.61111111111111,
            83.27777777777777
        ],
        [
            171.74725274725276,
            158.56043956043956,
            146.93406593406593
        ],
        [
            101.04878048780488,
            71.9451219512195,
            41.65853658536585
        ],
        [
            83.35483870967742,
            60.225806451612904,
            36.193548387096776
        ],
        [
            112.69067796610169,
            82.80084745762711,
            51.82203389830509
        ],
        [
            160.0483870967742,
            145.1290322580645,
            132.48387096774195
        ]
    ],
    "hex_colors": [
        "#5b432a",
        "#6a4d2e",
        "#928275",
        "#795d3e",
        "#7f6953",
        "#ab9e92",
        "#654729",
        "#533c24",
        "#705233",
        "#a09184"
    ],
    "hsl_color_values": [
        [
            0.08423326133909285,
            0.5352601156069364,
            91.74242424242425
        ],
        [
            0.08527209297157967,
            0.5683488671667803,
            106.8582995951417
        ],
        [
            0.0757483200977398,
            0.19611836587995685,
            146.43859649122805
        ],
        [
            0.0857610474631751,
            0.48300395256916995,
            121.63461538461539
        ],
        [
            0.08459595959595963,
            0.3457005674378001,
            127.27777777777777
        ],
        [
            0.07809270741068793,
            0.14447501439631463,
            171.74725274725276
        ],
        [
            0.08499315537303216,
            0.5877383538498673,
            101.04878048780488
        ],
        [
            0.08492932056543546,
            0.5657894736842105,
            83.35483870967742
        ],
        [
            0.08482422554820745,
            0.540139123895469,
            112.69067796610169
        ],
        [
            0.07645796762239115,
            0.17222614128791694,
            160.0483870967742
        ]
    ]
}