{
    "rgb_colors": [
        [
            230.0,
            224.0,
            209.0
        ],
        [
            240.0,
            234.0,
            219.0
        ],
        [
            243.0,
            237.0,
            222.0
        ],
        [
            236.51298701298703,
            230.51298701298703,
            215.51298701298703
        ],
        [
            244.75694444444446,
            238.75694444444446,
            223.75694444444446
        ],
        [
            241.5079365079365,
            235.5079365079365,
            220.5079365079365
        ],
        [
            238.0,
            232.0,
            217.0
        ],
        [
            239.0,
            233.0,
            218.0
        ],
        [
            233.93023255813952,
            227.93023255813952,
            212.93023255813952
        ],
        [
            247.64864864864865,
            241.64864864864865,
            226.64864864864865
        ]
    ],
    "hex_colors": [
        "#e6e0d1",
        "#f0eadb",
        "#f3edde",
        "#ece6d7",
        "#f4eedf",
        "#f1ebdc",
        "#eee8d9",
        "#efe9da",
        "#e9e3d4",
        "#f7f1e2"
    ],
    "hsl_color_values": [
        [
            0.11904761904761905,
            0.09130434782608696,
            230.0
        ],
        [
            0.11904761904761905,
            0.0875,
            240.0
        ],
        [
            0.11904761904761905,
            0.08641975308641975,
            243.0
        ],
        [
            0.11904761904761905,
            0.08879005024297833,
            236.51298701298703
        ],
        [
            0.11904761904761905,
            0.08579940417080437,
            244.75694444444446
        ],
        [
            0.11904761904761905,
            0.08695366414722314,
            241.5079365079365
        ],
        [
            0.11904761904761905,
            0.08823529411764706,
            238.0
        ],
        [
            0.11904761904761905,
            0.08786610878661087,
            239.0
        ],
        [
            0.11904761904761905,
            0.08977035490605428,
            233.93023255813952
        ],
        [
            0.11904761904761905,
            0.08479755538579069,
            247.64864864864865
        ]
    ]
}