{
    "rgb_colors": [
        [
            43.510416666666664,
            37.510416666666664,
            30.510416666666664
        ],
        [
            28.92,
            22.92,
            15.92
        ],
        [
            38.49032258064516,
            32.49032258064516,
            25.490322580645163
        ],
        [
            41.52066115702479,
            35.52066115702479,
            28.520661157024794
        ],
        [
            49.353846153846156,
            43.353846153846156,
            36.353846153846156
        ],
        [
            55.611111111111114,
            49.611111111111114,
            42.611111111111114
        ],
        [
            35.9766081871345,
            29.976608187134502,
            22.976608187134502
        ],
        [
            40.0,
            34.0,
            27.0
        ],
        [
            32.778481012658226,
            26.778481012658226,
            19.778481012658226
        ],
        [
            45.85576923076923,
            39.85576923076923,
            32.85576923076923
        ]
    ],
    "hex_colors": [
        "#2b251e",
        "#1c160f",
        "#262019",
        "#29231c",
        "#312b24",
        "#37312a",
        "#231d16",
        "#28221b",
        "#201a13",
        "#2d2720"
    ],
    "hsl_color_values": [
        [
            0.08974358974358974,
            0.2987790280105339,
            43.510416666666664
        ],
        [
            0.08974358974358976,
            0.44951590594744123,
            28.92
        ],
        [
            0.08974358974358974,
            0.33774723432785786,
            38.49032258064516
        ],
        [
            0.08974358974358972,
            0.3130971337579617,
            41.52066115702479
        ],
        [
            0.08974358974358974,
            0.26340399002493764,
            49.353846153846156
        ],
        [
            0.08974358974358974,
            0.23376623376623376,
            55.611111111111114
        ],
        [
            0.08974358974358974,
            0.36134590377113135,
            35.9766081871345
        ],
        [
            0.08974358974358974,
            0.325,
            40.0
        ],
        [
            0.08974358974358974,
            0.3966016605522302,
            32.778481012658226
        ],
        [
            0.08974358974358974,
            0.2834975885929964,
            45.85576923076923
        ]
    ]
}