{
    "rgb_colors": [
        [
            205.0,
            198.03,
            189.03
        ],
        [
            194.82142857142858,
            187.89285714285714,
            178.89285714285714
        ],
        [
            203.95604395604394,
            196.94505494505495,
            188.04395604395606
        ],
        [
            212.12121212121212,
            205.04545454545453,
            196.3181818181818
        ],
        [
            199.59782608695653,
            192.59782608695653,
            183.6304347826087
        ],
        [
            202.04897959183674,
            195.05714285714285,
            186.0938775510204
        ],
        [
            197.58695652173913,
            190.6086956521739,
            181.6086956521739
        ],
        [
            206.48333333333332,
            199.4611111111111,
            190.52777777777777
        ],
        [
            188.41666666666666,
            181.41666666666666,
            172.41666666666666
        ],
        [
            208.890243902439,
            201.8780487804878,
            192.9329268292683
        ]
    ],
    "hex_colors": [
        "#cdc6bd",
        "#c2bbb2",
        "#cbc4bc",
        "#d4cdc4",
        "#c7c0b7",
        "#cac3ba",
        "#c5beb5",
        "#cec7be",
        "#bcb5ac",
        "#d0c9c0"
    ],
    "hsl_color_values": [
        [
            0.0939261114589856,
            0.07790243902439024,
            205.0
        ],
        [
            0.09417040358744384,
            0.08175985334555462,
            194.82142857142858
        ],
        [
            0.09323204419889508,
            0.07801724137931021,
            203.95604395604394
        ],
        [
            0.09204218600191742,
            0.07450000000000004,
            212.12121212121212
        ],
        [
            0.09360108917631049,
            0.07999782170669288,
            199.59782608695653
        ],
        [
            0.09363008442056786,
            0.07896650640378174,
            202.04897959183674
        ],
        [
            0.09387755102040816,
            0.08086698206623391,
            197.58695652173913
        ],
        [
            0.09331476323119785,
            0.07727284957085584,
            206.48333333333332
        ],
        [
            0.09375,
            0.08491817779743477,
            188.41666666666666
        ],
        [
            0.09342758884218576,
            0.07639091599042551,
            208.890243902439
        ]
    ]
}