{
    "rgb_colors": [
        [
            229.67741935483872,
            220.67741935483872,
            204.67741935483872
        ],
        [
            237.0,
            228.0,
            212.0
        ],
        [
            239.95070422535213,
            230.95070422535213,
            214.95070422535213
        ],
        [
            232.5,
            223.5,
            207.5
        ],
        [
            234.0,
            225.0,
            209.0
        ],
        [
            227.17741935483872,
            218.17741935483872,
            202.17741935483872
        ],
        [
            235.0,
            226.0,
            210.0
        ],
        [
            238.0,
            229.0,
            213.0
        ],
        [
            236.0,
            227.0,
            211.0
        ],
        [
            231.0,
            222.0,
            206.0
        ]
    ],
    "hex_colors": [
        "#e5dccc",
        "#ede4d4",
        "#efe6d6",
        "#e8dfcf",
        "#eae1d1",
        "#e3daca",
        "#ebe2d2",
        "#eee5d5",
        "#ece3d3",
        "#e7dece"
    ],
    "hsl_color_values": [
        [
            0.10666666666666667,
            0.10884831460674158,
            229.67741935483872
        ],
        [
            0.10666666666666667,
            0.10548523206751055,
            237.0
        ],
        [
            0.10666666666666667,
            0.10418806679775774,
            239.95070422535213
        ],
        [
            0.10666666666666667,
            0.10752688172043011,
            232.5
        ],
        [
            0.10666666666666667,
            0.10683760683760683,
            234.0
        ],
        [
            0.10666666666666667,
            0.11004614838480653,
            227.17741935483872
        ],
        [
            0.10666666666666667,
            0.10638297872340426,
            235.0
        ],
        [
            0.10666666666666667,
            0.10504201680672269,
            238.0
        ],
        [
            0.10666666666666667,
            0.1059322033898305,
            236.0
        ],
        [
            0.10666666666666667,
            0.10822510822510822,
            231.0
        ]
    ]
}