{
    "rgb_colors": [
        [
            254.06172839506172,
            250.07407407407408,
            234.82716049382717
        ],
        [
            167.85294117647058,
            154.38235294117646,
            140.29411764705884
        ],
        [
            207.75438596491227,
            194.4736842105263,
            177.68421052631578
        ],
        [
            148.43333333333334,
            133.85,
            119.26666666666667
        ],
        [
            239.63333333333333,
            233.69166666666666,
            218.68333333333334
        ],
        [
            122.17073170731707,
            108.24390243902438,
            94.46341463414633
        ],
        [
            246.9047619047619,
            241.6095238095238,
            226.62857142857143
        ],
        [
            225.5121951219512,
            213.3658536585366,
            197.14634146341464
        ],
        [
            189.36363636363637,
            175.88636363636363,
            159.8181818181818
        ],
        [
            134.94623655913978,
            121.44086021505376,
            107.9247311827957
        ]
    ],
    "hex_colors": [
        "#fefaea",
        "#a79a8c",
        "#cfc2b1",
        "#948577",
        "#efe9da",
        "#7a6c5e",
        "#f6f1e2",
        "#e1d5c5",
        "#bdaf9f",
        "#86796b"
    ],
    "hsl_color_values": [
        [
            0.13211382113821143,
            0.07570824627046985,
            254.06172839506172
        ],
        [
            0.0852009960868018,
            0.16418433502715948,
            167.85294117647058
        ],
        [
            0.09305717619603264,
            0.14473906434723866,
            207.75438596491227
        ],
        [
            0.0833333333333333,
            0.19649674376824616,
            148.43333333333334
        ],
        [
            0.11939803765579422,
            0.0874252329948532,
            239.63333333333333
        ],
        [
            0.08289319248826288,
            0.22679177480535045,
            122.17073170731707
        ],
        [
            0.12314075465789887,
            0.08212150433944065,
            246.9047619047619
        ],
        [
            0.09529951275437094,
            0.12578412286394108,
            225.5121951219512
        ],
        [
            0.09064102564102557,
            0.15602496399423915,
            189.36363636363637
        ],
        [
            0.08336649423000399,
            0.20023904382470117,
            134.94623655913978
        ]
    ]
}