{
    "rgb_colors": [
        [
            56.2,
            46.44444444444444,
            36.355555555555554
        ],
        [
            146.88489208633092,
            136.9928057553957,
            123.72661870503597
        ],
        [
            78.25352112676056,
            68.2112676056338,
            56.54929577464789
        ],
        [
            173.27544910179643,
            163.07784431137725,
            149.2934131736527
        ],
        [
            112.95454545454545,
            103.64772727272727,
            92.05681818181819
        ],
        [
            95.27272727272728,
            86.55454545454546,
            74.94545454545454
        ],
        [
            160.2811059907834,
            150.25806451612902,
            137.2258064516129
        ],
        [
            131.97794117647058,
            122.81617647058823,
            110.11764705882354
        ],
        [
            37.81818181818181,
            27.212121212121204,
            17.575757575757578
        ],
        [
            24.944444444444457,
            13.333333333333343,
            4.333333333333343
        ]
    ],
    "hex_colors": [
        "#382e24",
        "#92887b",
        "#4e4438",
        "#ada395",
        "#70675c",
        "#5f564a",
        "#a09689",
        "#837a6e",
        "#251b11",
        "#180d04"
    ],
    "hsl_color_values": [
        [
            0.08473310936916757,
            0.35310399367338874,
            56.2
        ],
        [
            0.09547478512995766,
            0.15766273203702785,
            146.88489208633092
        ],
        [
            0.08955223880597007,
            0.27735781137508997,
            78.25352112676056
        ],
        [
            0.09579692051602155,
            0.1384041192936379,
            173.27544910179643
        ],
        [
            0.09244154431756384,
            0.185010060362173,
            112.95454545454545
        ],
        [
            0.09518485390578418,
            0.21335877862595434,
            95.27272727272728
        ],
        [
            0.09421014058231729,
            0.14384290273425146,
            160.2811059907834
        ],
        [
            0.09681578652315281,
            0.16563596857763654,
            131.97794117647058
        ],
        [
            0.0793413173652694,
            0.5352564102564101,
            37.81818181818181
        ],
        [
            0.07277628032345013,
            0.8262806236080176,
            24.944444444444457
        ]
    ]
}