{
    "rgb_colors": [
        [
            235.4879518072289,
            226.4879518072289,
            210.4879518072289
        ],
        [
            232.45876288659792,
            223.45876288659792,
            207.45876288659792
        ],
        [
            239.73469387755102,
            230.73469387755102,
            214.73469387755102
        ],
        [
            227.61290322580646,
            218.61290322580646,
            202.61290322580646
        ],
        [
            229.55714285714285,
            220.55714285714285,
            204.55714285714285
        ],
        [
            225.3448275862069,
            216.3448275862069,
            200.3448275862069
        ],
        [
            242.75,
            233.75,
            217.75
        ],
        [
            234.0,
            225.0,
            209.0
        ],
        [
            237.55555555555554,
            228.55555555555554,
            212.55555555555554
        ],
        [
            231.0,
            222.0,
            206.0
        ]
    ],
    "hex_colors": [
        "#ebe2d2",
        "#e8dfcf",
        "#efe6d6",
        "#e3daca",
        "#e5dccc",
        "#e1d8c8",
        "#f2e9d9",
        "#eae1d1",
        "#ede4d4",
        "#e7dece"
    ],
    "hsl_color_values": [
        [
            0.10666666666666667,
            0.10616254380803766,
            235.4879518072289
        ],
        [
            0.10666666666666667,
            0.10754595649378008,
            232.45876288659792
        ],
        [
            0.10666666666666667,
            0.10428194432621095,
            239.73469387755102
        ],
        [
            0.10666666666666667,
            0.10983560090702947,
            227.61290322580646
        ],
        [
            0.10666666666666667,
            0.10890534569668306,
            229.55714285714285
        ],
        [
            0.10666666666666667,
            0.11094108645753635,
            225.3448275862069
        ],
        [
            0.10666666666666667,
            0.10298661174047374,
            242.75
        ],
        [
            0.10666666666666667,
            0.10683760683760683,
            234.0
        ],
        [
            0.10666666666666667,
            0.10523854069223575,
            237.55555555555554
        ],
        [
            0.10666666666666667,
            0.10822510822510822,
            231.0
        ]
    ]
}