{
    "rgb_colors": [
        [
            81.68840579710145,
            69.22463768115942,
            50.565217391304344
        ],
        [
            73.36,
            60.848,
            42.152
        ],
        [
            89.63636363636364,
            77.63636363636364,
            58.63636363636364
        ],
        [
            75.8015873015873,
            63.36507936507937,
            44.642857142857146
        ],
        [
            86.83050847457628,
            74.66101694915254,
            55.79661016949152
        ],
        [
            78.17567567567568,
            65.75675675675676,
            47.067567567567565
        ],
        [
            83.94701986754967,
            71.56953642384106,
            52.88741721854305
        ],
        [
            79.67156862745098,
            67.24019607843137,
            48.588235294117645
        ],
        [
            77.15492957746478,
            64.78873239436619,
            46.056338028169016
        ],
        [
            70.0,
            57.30769230769231,
            38.723076923076924
        ]
    ],
    "hex_colors": [
        "#514532",
        "#493c2a",
        "#594d3a",
        "#4b3f2c",
        "#564a37",
        "#4e412f",
        "#534734",
        "#4f4330",
        "#4d402e",
        "#463926"
    ],
    "hsl_color_values": [
        [
            0.09992239037640667,
            0.38099884680209356,
            81.68840579710145
        ],
        [
            0.09984619328377338,
            0.4254089422028353,
            73.36
        ],
        [
            0.10215053763440861,
            0.345841784989858,
            89.63636363636364
        ],
        [
            0.10014433689930378,
            0.41105643388126895,
            75.8015873015873
        ],
        [
            0.10131075914800652,
            0.35740776888541875,
            86.83050847457628
        ],
        [
            0.10013032145960037,
            0.39792566983578226,
            78.17567567567568
        ],
        [
            0.10024875621890546,
            0.369990533291259,
            83.94701986754967
        ],
        [
            0.10001051358881352,
            0.39014335814926476,
            79.67156862745098
        ],
        [
            0.10039251207729467,
            0.4030668127053669,
            77.15492957746478
        ],
        [
            0.09903262829972126,
            0.4468131868131868,
            70.0
        ]
    ]
}