{
    "rgb_colors": [
        [
            154.77835051546393,
            145.6701030927835,
            133.03092783505156
        ],
        [
            149.31623931623932,
            140.05128205128204,
            128.23931623931622
        ],
        [
            123.0,
            113.0,
            104.71428571428572
        ],
        [
            170.56410256410257,
            161.56410256410257,
            147.56410256410257
        ],
        [
            165.67441860465115,
            156.6627906976744,
            142.80232558139534
        ],
        [
            137.01694915254237,
            127.35593220338983,
            116.88135593220339
        ],
        [
            59.777777777777786,
            49.777777777777786,
            41.777777777777786
        ],
        [
            102.0,
            92.0,
            84.0
        ],
        [
            160.5267175572519,
            151.45419847328245,
            138.1946564885496
        ],
        [
            143.98347107438016,
            134.49586776859505,
            123.6198347107438
        ]
    ],
    "hex_colors": [
        "#9a9185",
        "#958c80",
        "#7b7168",
        "#aaa193",
        "#a59c8e",
        "#897f74",
        "#3b3129",
        "#665c54",
        "#a0978a",
        "#8f867b"
    ],
    "hsl_color_values": [
        [
            0.09686339574938763,
            0.1405068771439038,
            154.77835051546393
        ],
        [
            0.09340362260070288,
            0.14115626788780777,
            149.31623931623932
        ],
        [
            0.0755208333333333,
            0.14866434378629495,
            123.0
        ],
        [
            0.10144927536231885,
            0.13484666265784725,
            170.56410256410257
        ],
        [
            0.10099983053719712,
            0.13805446378439082,
            165.67441860465115
        ],
        [
            0.08670033670033668,
            0.1469569520039584,
            137.01694915254237
        ],
        [
            0.07407407407407407,
            0.3011152416356877,
            59.777777777777786
        ],
        [
            0.07407407407407407,
            0.17647058823529413,
            102.0
        ],
        [
            0.09895744317210735,
            0.13911740929193026,
            160.5267175572519
        ],
        [
            0.08901515151515156,
            0.14143037538744113,
            143.98347107438016
        ]
    ]
}