{
    "rgb_colors": [
        [
            180.42857142857144,
            149.52380952380952,
            102.42857142857143
        ],
        [
            220.5418502202643,
            186.71806167400882,
            136.1718061674009
        ],
        [
            158.72727272727272,
            131.1818181818182,
            89.63636363636363
        ],
        [
            132.83333333333334,
            105.41666666666667,
            63.41666666666667
        ],
        [
            202.08771929824562,
            169.2982456140351,
            119.54385964912281
        ],
        [
            210.9939024390244,
            177.75,
            127.34146341463415
        ],
        [
            206.96396396396398,
            173.7927927927928,
            123.53153153153153
        ],
        [
            149.2173913043478,
            120.6086956521739,
            78.08695652173913
        ],
        [
            216.0344827586207,
            182.01293103448276,
            131.33189655172413
        ],
        [
            226.85211267605635,
            192.64788732394365,
            142.35211267605635
        ]
    ],
    "hex_colors": [
        "#b49566",
        "#dcba88",
        "#9e8359",
        "#84693f",
        "#caa977",
        "#d2b17f",
        "#cead7b",
        "#95784e",
        "#d8b683",
        "#e2c08e"
    ],
    "hsl_color_values": [
        [
            0.1006308506308506,
            0.43230403800475065,
            180.42857142857144
        ],
        [
            0.09985032024505712,
            0.38255797694904414,
            220.5418502202643
        ],
        [
            0.10021929824561408,
            0.43528064146620854,
            158.72727272727272
        ],
        [
            0.10084033613445377,
            0.5225846925972396,
            132.83333333333334
        ],
        [
            0.10046050301098124,
            0.40845559510374163,
            202.08771929824562
        ],
        [
            0.10043249022037563,
            0.39646851429066843,
            210.9939024390244
        ],
        [
            0.100403124212648,
            0.40312540808775527,
            206.96396396396398
        ],
        [
            0.09963325183374083,
            0.4766899766899767,
            149.2173913043478
        ],
        [
            0.09972350855766458,
            0.39207901037509985,
            216.0344827586207
        ],
        [
            0.09920271133705583,
            0.3724893676466023,
            226.85211267605635
        ]
    ]
}