{
    "rgb_colors": [
        [
            204.40178571428572,
            189.40178571428572,
            169.40178571428572
        ],
        [
            195.54098360655738,
            180.54098360655738,
            160.54098360655738
        ],
        [
            202.53293413173654,
            187.53293413173654,
            167.53293413173654
        ],
        [
            206.89830508474577,
            191.89830508474577,
            171.89830508474577
        ],
        [
            189.28571428571428,
            174.28571428571428,
            154.28571428571428
        ],
        [
            192.35135135135135,
            177.35135135135135,
            157.35135135135135
        ],
        [
            200.52763819095478,
            185.52763819095478,
            165.52763819095478
        ],
        [
            198.50520833333334,
            183.50520833333334,
            163.50520833333334
        ],
        [
            194.0,
            179.0,
            159.0
        ],
        [
            197.0,
            182.0,
            162.0
        ]
    ],
    "hex_colors": [
        "#ccbda9",
        "#c3b4a0",
        "#cabba7",
        "#cebfab",
        "#bdae9a",
        "#c0b19d",
        "#c8b9a5",
        "#c6b7a3",
        "#c2b39f",
        "#c5b6a2"
    ],
    "hsl_color_values": [
        [
            0.09523809523809523,
            0.17123138077141484,
            204.40178571428572
        ],
        [
            0.09523809523809523,
            0.1789906103286385,
            195.54098360655738
        ],
        [
            0.09523809523809523,
            0.1728114005262691,
            202.53293413173654
        ],
        [
            0.09523809523809523,
            0.16916523306299663,
            206.89830508474577
        ],
        [
            0.09523809523809523,
            0.1849056603773585,
            189.28571428571428
        ],
        [
            0.09523809523809523,
            0.18195869045946325,
            192.35135135135135
        ],
        [
            0.09523809523809523,
            0.17453953138704423,
            200.52763819095478
        ],
        [
            0.09523809523809523,
            0.17631779182955945,
            198.50520833333334
        ],
        [
            0.09523809523809523,
            0.18041237113402062,
            194.0
        ],
        [
            0.09523809523809523,
            0.17766497461928935,
            197.0
        ]
    ]
}