{
    "rgb_colors": [
        [
            224.5392156862745,
            215.91176470588235,
            197.22549019607843
        ],
        [
            228.5679012345679,
            220.4320987654321,
            201.5
        ],
        [
            226.85470085470087,
            218.27350427350427,
            199.56410256410257
        ],
        [
            230.24603174603175,
            221.29365079365078,
            202.76984126984127
        ],
        [
            234.7741935483871,
            226.16129032258064,
            207.46774193548387
        ],
        [
            237.03370786516854,
            228.62921348314606,
            209.8314606741573
        ],
        [
            221.36111111111111,
            212.91666666666666,
            194.13888888888889
        ],
        [
            244.2,
            236.2,
            217.2
        ],
        [
            231.25555555555556,
            222.74444444444444,
            204.0
        ],
        [
            232.6184971098266,
            224.2485549132948,
            205.4335260115607
        ]
    ],
    "hex_colors": [
        "#e0d7c5",
        "#e4dcc9",
        "#e2dac7",
        "#e6ddca",
        "#eae2cf",
        "#ede4d1",
        "#ddd4c2",
        "#f4ecd9",
        "#e7decc",
        "#e8e0cd"
    ],
    "hsl_color_values": [
        [
            0.11402249341947834,
            0.1216434528227743,
            224.5392156862745
        ],
        [
            0.11657164576206769,
            0.11842389543048502,
            228.5679012345679
        ],
        [
            0.1142603612068065,
            0.12029990204204659,
            226.85470085470087
        ],
        [
            0.11236279607163484,
            0.1193340457068009,
            230.24603174603175
        ],
        [
            0.11409726324079539,
            0.11630942566639188,
            234.7741935483871
        ],
        [
            0.11517279361145527,
            0.11476109215017061,
            237.03370786516854
        ],
        [
            0.11496598639455775,
            0.12297653406951942,
            221.36111111111111
        ],
        [
            0.11728395061728396,
            0.11056511056511056,
            244.2
        ],
        [
            0.11462155184128274,
            0.11785903041368377,
            231.25555555555556
        ],
        [
            0.11535190304061244,
            0.11686504485252092,
            232.6184971098266
        ]
    ]
}