{
    "rgb_colors": [
        [
            225.77891156462584,
            215.80612244897958,
            197.51360544217687
        ],
        [
            195.4047619047619,
            185.88095238095238,
            165.57142857142858
        ],
        [
            214.41666666666666,
            204.75,
            184.83333333333334
        ],
        [
            231.8939393939394,
            221.9469696969697,
            203.1439393939394
        ],
        [
            185.93333333333334,
            176.48888888888888,
            155.82222222222222
        ],
        [
            222.11363636363637,
            212.1931818181818,
            193.48863636363637
        ],
        [
            228.9090909090909,
            218.99604743083003,
            200.29249011857706
        ],
        [
            239.86486486486487,
            229.86486486486487,
            211.16216216216216
        ],
        [
            206.3181818181818,
            196.6818181818182,
            176.5909090909091
        ],
        [
            235.46464646464648,
            225.53535353535352,
            206.68686868686868
        ]
    ],
    "hex_colors": [
        "#e1d7c5",
        "#c3b9a5",
        "#d6ccb8",
        "#e7ddcb",
        "#b9b09b",
        "#ded4c1",
        "#e4dac8",
        "#efe5d3",
        "#cec4b0",
        "#ebe1ce"
    ],
    "hsl_color_values": [
        [
            0.10786201363818688,
            0.1251901956944214,
            225.77891156462584
        ],
        [
            0.11346102686884811,
            0.15267454611916648,
            195.4047619047619
        ],
        [
            0.11220657276995306,
            0.1379712397979012,
            214.41666666666666
        ],
        [
            0.1090030742204654,
            0.12397909180006533,
            231.8939393939394
        ],
        [
            0.11439114391143905,
            0.16194573921357716,
            185.93333333333334
        ],
        [
            0.10890565039036644,
            0.12887547324260717,
            222.11363636363637
        ],
        [
            0.1089318600368324,
            0.1250129502365577,
            228.9090909090909
        ],
        [
            0.10860012554927811,
            0.11966197183098594,
            239.86486486486487
        ],
        [
            0.11264016309887874,
            0.14408460013218768,
            206.3181818181818
        ],
        [
            0.10916110916110905,
            0.12221697910857544,
            235.46464646464648
        ]
    ]
}