{
    "rgb_colors": [
        [
            4.159793814432989,
            0.7886597938144329,
            0.7835051546391751
        ],
        [
            10.243589743589745,
            6.871794871794872,
            6.3076923076923075
        ],
        [
            5.260869565217392,
            1.9673913043478262,
            1.7282608695652175
        ],
        [
            6.934306569343065,
            3.759124087591241,
            3.627737226277372
        ],
        [
            15.761904761904761,
            12.238095238095237,
            11.404761904761905
        ],
        [
            27.2,
            22.766666666666666,
            19.133333333333333
        ],
        [
            2.4501347708894876,
            0.008086253369271823,
            0.005390835579514697
        ],
        [
            46.125,
            36.125,
            26.125
        ],
        [
            20.727272727272727,
            17.484848484848484,
            15.90909090909091
        ],
        [
            12.820512820512821,
            9.384615384615383,
            8.717948717948719
        ]
    ],
    "hex_colors": [
        "#040000",
        "#0a0606",
        "#050101",
        "#060303",
        "#0f0c0b",
        "#1b1613",
        "#020000",
        "#2e241a",
        "#14110f",
        "#0c0908"
    ],
    "hsl_color_values": [
        [
            0.0002544529262086444,
            0.8116480793060719,
            4.159793814432989
        ],
        [
            0.023887079261672124,
            0.3842302878598249,
            10.243589743589745
        ],
        [
            0.011282051282051267,
            0.671487603305785,
            5.260869565217392
        ],
        [
            0.006622516556291387,
            0.4768421052631579,
            6.934306569343065
        ],
        [
            0.031876138433515444,
            0.27643504531722046,
            15.761904761904761
        ],
        [
            0.07506887052341597,
            0.2965686274509804,
            27.2
        ],
        [
            0.00018375597206908104,
            0.9977997799779978,
            2.4501347708894876
        ],
        [
            0.08333333333333333,
            0.43360433604336046,
            46.125
        ],
        [
            0.05450733752620542,
            0.2324561403508771,
            20.727272727272727
        ],
        [
            0.027083333333333237,
            0.31999999999999995,
            12.820512820512821
        ]
    ]
}