{
    "rgb_colors": [
        [
            83.875,
            55.875,
            24.875
        ],
        [
            115.75,
            87.75,
            56.75
        ],
        [
            97.00689655172414,
            68.99310344827586,
            38.01379310344828
        ],
        [
            90.5945945945946,
            62.5945945945946,
            31.594594594594597
        ],
        [
            100.61971830985915,
            72.56338028169014,
            41.586854460093896
        ],
        [
            110.21126760563381,
            82.21126760563381,
            51.23943661971831
        ],
        [
            103.99350649350649,
            75.94155844155844,
            45.006493506493506
        ],
        [
            74.20454545454545,
            46.20454545454545,
            15.204545454545453
        ],
        [
            94.00833333333334,
            66.00833333333334,
            35.016666666666666
        ],
        [
            106.83333333333333,
            78.72222222222223,
            47.75555555555556
        ]
    ],
    "hex_colors": [
        "#533718",
        "#735738",
        "#614426",
        "#5a3e1f",
        "#644829",
        "#6e5233",
        "#674b2d",
        "#4a2e0f",
        "#5e4223",
        "#6a4e2f"
    ],
    "hsl_color_values": [
        [
            0.08757062146892654,
            0.7034277198211625,
            83.875
        ],
        [
            0.08757062146892654,
            0.509719222462203,
            115.75
        ],
        [
            0.08752240667134283,
            0.6081330868761552,
            97.00689655172414
        ],
        [
            0.08757062146892654,
            0.6512529832935561,
            90.5945945945946
        ],
        [
            0.08745559620380682,
            0.5866927958193355,
            100.61971830985915
        ],
        [
            0.08753283974205876,
            0.5350798722044728,
            110.21126760563381
        ],
        [
            0.08740642888595333,
            0.56721823290665,
            103.99350649350649
        ],
        [
            0.08757062146892654,
            0.7950995405819296,
            74.20454545454545
        ],
        [
            0.08755944813297549,
            0.6275152911975889,
            94.00833333333334
        ],
        [
            0.08736129396276097,
            0.5529901196047842,
            106.83333333333333
        ]
    ]
}