{
    "rgb_colors": [
        [
            80.22580645161291,
            71.29032258064517,
            72.29032258064517
        ],
        [
            240.58962264150944,
            233.14150943396226,
            225.41981132075472
        ],
        [
            253.2554347826087,
            247.84782608695653,
            240.90217391304347
        ],
        [
            168.4375,
            156.3125,
            148.5625
        ],
        [
            151.53191489361703,
            133.63829787234042,
            119.76595744680851
        ],
        [
            210.5891472868217,
            201.73643410852713,
            193.69767441860466
        ],
        [
            52.0,
            41.5,
            41.36842105263159
        ],
        [
            15.802816901408448,
            5.563380281690144,
            5.802816901408448
        ],
        [
            226.456,
            218.936,
            210.42000000000002
        ],
        [
            116.56666666666666,
            101.53333333333333,
            90.7
        ]
    ],
    "hex_colors": [
        "#504748",
        "#f0e9e1",
        "#fdf7f0",
        "#a89c94",
        "#978577",
        "#d2c9c1",
        "#342929",
        "#0f0505",
        "#e2dad2",
        "#74655a"
    ],
    "hsl_color_values": [
        [
            0.9813477737665464,
            0.11137917169280259,
            80.22580645161291
        ],
        [
            0.08483623548922044,
            0.06305264189785316,
            240.58962264150944
        ],
        [
            0.0937087549494063,
            0.048777870769759014,
            253.2554347826087
        ],
        [
            0.06498951781970651,
            0.11799628942486086,
            168.4375
        ],
        [
            0.07278410359455229,
            0.2096321258073575,
            151.53191489361703
        ],
        [
            0.0793177298454948,
            0.0802105573142899,
            210.5891472868217
        ],
        [
            0.002062706270626898,
            0.20445344129554635,
            52.0
        ],
        [
            0.9961027051811097,
            0.6479500891265595,
            15.802816901408448
        ],
        [
            0.08850918766109593,
            0.0708128731409191,
            226.456
        ],
        [
            0.06980240549828177,
            0.22190448956248207,
            116.56666666666666
        ]
    ]
}