{
    "rgb_colors": [
        [
            198.07692307692307,
            184.07692307692307,
            164.07692307692307
        ],
        [
            204.94214876033058,
            190.94214876033058,
            170.94214876033058
        ],
        [
            200.59183673469389,
            186.59183673469389,
            166.59183673469389
        ],
        [
            207.94117647058823,
            193.94117647058823,
            173.94117647058823
        ],
        [
            210.39285714285714,
            196.39285714285714,
            176.39285714285714
        ],
        [
            212.69135802469137,
            198.69135802469137,
            178.69135802469137
        ],
        [
            202.0,
            188.0,
            168.0
        ],
        [
            215.46666666666667,
            201.46666666666667,
            181.46666666666667
        ],
        [
            195.53846153846155,
            181.53846153846155,
            161.53846153846155
        ],
        [
            203.0,
            189.0,
            169.0
        ]
    ],
    "hex_colors": [
        "#c6b8a4",
        "#ccbeaa",
        "#c8baa6",
        "#cfc1ad",
        "#d2c4b0",
        "#d4c6b2",
        "#cabca8",
        "#d7c9b5",
        "#c3b5a1",
        "#cbbda9"
    ],
    "hsl_color_values": [
        [
            0.09803921568627451,
            0.1716504854368932,
            198.07692307692307
        ],
        [
            0.09803921568627451,
            0.1659004758448262,
            204.94214876033058
        ],
        [
            0.09803921568627451,
            0.16949842303387933,
            200.59183673469389
        ],
        [
            0.09803921568627451,
            0.1635077793493635,
            207.94117647058823
        ],
        [
            0.09803921568627451,
            0.1616024444067221,
            210.39285714285714
        ],
        [
            0.09803921568627451,
            0.15985604829347572,
            212.69135802469137
        ],
        [
            0.09803921568627451,
            0.16831683168316833,
            202.0
        ],
        [
            0.09803921568627451,
            0.1577970297029703,
            215.46666666666667
        ],
        [
            0.09803921568627451,
            0.17387883556254916,
            195.53846153846155
        ],
        [
            0.09803921568627451,
            0.16748768472906403,
            203.0
        ]
    ]
}