{
    "rgb_colors": [
        [
            50.2,
            41.74545454545454,
            35.49090909090909
        ],
        [
            27.25,
            17.5,
            10.571428571428573
        ],
        [
            66.8970588235294,
            55.82352941176471,
            45.23529411764706
        ],
        [
            55.72251308900523,
            43.8586387434555,
            28.486910994764397
        ],
        [
            35.44444444444444,
            24.913580246913583,
            14.567901234567902
        ],
        [
            43.98913043478261,
            31.913043478260867,
            16.826086956521742
        ],
        [
            59.14814814814815,
            48.17037037037037,
            35.74074074074074
        ],
        [
            50.41904761904762,
            38.8,
            23.50952380952381
        ],
        [
            63.84873949579832,
            52.15966386554622,
            39.39495798319328
        ],
        [
            41.08888888888889,
            32.51111111111111,
            26.11111111111111
        ]
    ],
    "hex_colors": [
        "#322923",
        "#1b110a",
        "#42372d",
        "#372b1c",
        "#23180e",
        "#2b1f10",
        "#3b3023",
        "#322617",
        "#3f3427",
        "#29201a"
    ],
    "hsl_color_values": [
        [
            0.07086938607334152,
            0.293009779065556,
            50.2
        ],
        [
            0.06923625981441826,
            0.6120576671035386,
            27.25
        ],
        [
            0.08146639511201635,
            0.32380743020444047,
            66.8970588235294
        ],
        [
            0.09406638472382421,
            0.4887719627924457,
            55.72251308900523
        ],
        [
            0.08259412576384784,
            0.5889933820968304,
            35.44444444444444
        ],
        [
            0.09257036147792448,
            0.6174944403261675,
            43.98913043478261
        ],
        [
            0.08850210970464134,
            0.395742016280526,
            59.14814814814815
        ],
        [
            0.09470300241845099,
            0.5337174159425765,
            50.41904761904762
        ],
        [
            0.08699885452462774,
            0.38299552513819424,
            63.84873949579832
        ],
        [
            0.07121661721068251,
            0.3645213628988643,
            41.08888888888889
        ]
    ]
}