{
    "rgb_colors": [
        [
            23.36842105263159,
            13.94736842105263,
            5.684210526315809
        ],
        [
            161.54901960784315,
            154.47058823529412,
            142.7983193277311
        ],
        [
            188.57868020304568,
            177.6497461928934,
            166.63959390862945
        ],
        [
            122.36,
            112.68,
            102.0
        ],
        [
            202.025,
            191.075,
            180.05
        ],
        [
            179.54268292682926,
            169.0,
            158.03658536585365
        ],
        [
            57.91428571428571,
            47.65714285714286,
            36.8
        ],
        [
            152.4,
            145.05384615384617,
            133.37692307692308
        ],
        [
            93.23809523809524,
            83.42857142857143,
            72.47619047619048
        ],
        [
            219.25,
            208.58333333333331,
            197.41666666666666
        ]
    ],
    "hex_colors": [
        "#170d05",
        "#a19a8e",
        "#bcb1a6",
        "#7a7066",
        "#cabfb4",
        "#b3a99e",
        "#392f24",
        "#989185",
        "#5d5348",
        "#dbd0c5"
    ],
    "hsl_color_values": [
        [
            0.07787698412698396,
            0.756756756756756,
            23.36842105263159
        ],
        [
            0.1037496265312219,
            0.11606817748339784,
            161.54901960784315
        ],
        [
            0.08364183248496056,
            0.1163391655450874,
            188.57868020304568
        ],
        [
            0.08742632612966607,
            0.16639424648577966,
            122.36
        ],
        [
            0.08361774744027288,
            0.10877366662541761,
            202.025
        ],
        [
            0.08496361402513945,
            0.11978264561046016,
            179.54268292682926
        ],
        [
            0.08570139828597206,
            0.36457819437592504,
            57.91428571428571
        ],
        [
            0.10230489284270124,
            0.12482333939026856,
            152.4
        ],
        [
            0.08792048929663605,
            0.22267620020429005,
            93.23809523809524
        ],
        [
            0.08524173027989812,
            0.0995819080197644,
            219.25
        ]
    ]
}