{
    "rgb_colors": [
        [
            235.0,
            226.0,
            210.0
        ],
        [
            236.48591549295776,
            227.48591549295776,
            211.48591549295776
        ],
        [
            231.44565217391303,
            222.44565217391303,
            206.44565217391303
        ],
        [
            238.33333333333334,
            229.33333333333334,
            213.33333333333334
        ],
        [
            230.0,
            221.0,
            205.0
        ],
        [
            240.5,
            231.5,
            215.5
        ],
        [
            228.53846153846155,
            219.53846153846155,
            203.53846153846155
        ],
        [
            222.28571428571428,
            213.28571428571428,
            197.28571428571428
        ],
        [
            226.43835616438355,
            217.43835616438355,
            201.43835616438355
        ],
        [
            233.509900990099,
            224.509900990099,
            208.509900990099
        ]
    ],
    "hex_colors": [
        "#ebe2d2",
        "#ece3d3",
        "#e7dece",
        "#eee5d5",
        "#e6ddcd",
        "#f0e7d7",
        "#e4dbcb",
        "#ded5c5",
        "#e2d9c9",
        "#e9e0d0"
    ],
    "hsl_color_values": [
        [
            0.10666666666666667,
            0.10638297872340426,
            235.0
        ],
        [
            0.10666666666666667,
            0.10571454096066227,
            236.48591549295776
        ],
        [
            0.10666666666666667,
            0.10801671910956653,
            231.44565217391303
        ],
        [
            0.10666666666666667,
            0.1048951048951049,
            238.33333333333334
        ],
        [
            0.10666666666666667,
            0.10869565217391304,
            230.0
        ],
        [
            0.10666666666666667,
            0.10395010395010396,
            240.5
        ],
        [
            0.10666666666666667,
            0.10939077751598787,
            228.53846153846155
        ],
        [
            0.10666666666666667,
            0.11246786632390746,
            222.28571428571428
        ],
        [
            0.10666666666666667,
            0.1104053236539625,
            226.43835616438355
        ],
        [
            0.10666666666666667,
            0.10706184146367317,
            233.509900990099
        ]
    ]
}