{
    "rgb_colors": [
        [
            249.8095238095238,
            242.8095238095238,
            230.8095238095238
        ],
        [
            244.86475409836066,
            237.86475409836066,
            225.86475409836066
        ],
        [
            240.0,
            233.0,
            221.0
        ],
        [
            233.16666666666666,
            226.16666666666666,
            214.16666666666666
        ],
        [
            238.53424657534248,
            231.53424657534248,
            219.53424657534248
        ],
        [
            243.0,
            236.0,
            224.0
        ],
        [
            236.39506172839506,
            229.39506172839506,
            217.39506172839506
        ],
        [
            241.0,
            234.0,
            222.0
        ],
        [
            242.0,
            235.0,
            223.0
        ],
        [
            247.4,
            240.4,
            228.4
        ]
    ],
    "hex_colors": [
        "#f9f2e6",
        "#f4ede1",
        "#f0e9dd",
        "#e9e2d6",
        "#eee7db",
        "#f3ece0",
        "#ece5d9",
        "#f1eade",
        "#f2ebdf",
        "#f7f0e4"
    ],
    "hsl_color_values": [
        [
            0.10526315789473684,
            0.07605794891345788,
            249.8095238095238
        ],
        [
            0.10526315789473684,
            0.07759385408472391,
            244.86475409836066
        ],
        [
            0.10526315789473684,
            0.07916666666666666,
            240.0
        ],
        [
            0.10526315789473684,
            0.08148677626876341,
            233.16666666666666
        ],
        [
            0.10526315789473684,
            0.07965313271693562,
            238.53424657534248
        ],
        [
            0.10526315789473684,
            0.07818930041152264,
            243.0
        ],
        [
            0.10526315789473684,
            0.08037392939210361,
            236.39506172839506
        ],
        [
            0.10526315789473684,
            0.07883817427385892,
            241.0
        ],
        [
            0.10526315789473684,
            0.07851239669421488,
            242.0
        ],
        [
            0.10526315789473684,
            0.07679870654810024,
            247.4
        ]
    ]
}