{
    "rgb_colors": [
        [
            71.64150943396227,
            42.867924528301884,
            17.49056603773585
        ],
        [
            85.05813953488372,
            54.97674418604651,
            25.162790697674417
        ],
        [
            125.38043478260869,
            93.1086956521739,
            56.673913043478265
        ],
        [
            92.15438596491228,
            61.91929824561404,
            31.431578947368422
        ],
        [
            50.733333333333334,
            22.444444444444443,
            3.155555555555555
        ],
        [
            138.03333333333333,
            108.0,
            72.83333333333334
        ],
        [
            104.66666666666667,
            74.6842105263158,
            44.56140350877193
        ],
        [
            60.61702127659575,
            32.212765957446805,
            7.170212765957448
        ],
        [
            35.33333333333333,
            6.911111111111111,
            0.022222222222222143
        ],
        [
            97.88383838383838,
            67.6919191919192,
            37.06060606060606
        ]
    ],
    "hex_colors": [
        "#472a11",
        "#553619",
        "#7d5d38",
        "#5c3d1f",
        "#321603",
        "#8a6c48",
        "#684a2c",
        "#3c2007",
        "#230600",
        "#614325"
    ],
    "hsl_color_values": [
        [
            0.07810685249709638,
            0.7558598893863577,
            71.64150943396227
        ],
        [
            0.08296123730020061,
            0.7041695146958306,
            85.05813953488372
        ],
        [
            0.08838263987765649,
            0.5479843953185956,
            125.38043478260869
        ],
        [
            0.08368003389961093,
            0.6589247639354249,
            92.15438596491228
        ],
        [
            0.06756967149307176,
            0.9378011388523873,
            50.733333333333334
        ],
        [
            0.08989434219495569,
            0.47234967399178934,
            138.03333333333333
        ],
        [
            0.0835279237205682,
            0.5742541066040898,
            104.66666666666667
        ],
        [
            0.07809182590233545,
            0.8817128817128818,
            60.61702127659575
        ],
        [
            0.03251520872666247,
            0.9993710691823898,
            35.33333333333333
        ],
        [
            0.08393534279941324,
            0.6213817656467674,
            97.88383838383838
        ]
    ]
}