{
    "rgb_colors": [
        [
            25.988326848249027,
            26.68093385214008,
            6.0
        ],
        [
            70.8170731707317,
            84.09756097560975,
            45.86585365853659
        ],
        [
            149.35483870967744,
            160.83870967741933,
            110.12903225806451
        ],
        [
            102.0,
            94.0125,
            63.325
        ],
        [
            54.1031746031746,
            59.92857142857143,
            30.23015873015873
        ],
        [
            39.798165137614674,
            44.92660550458716,
            17.678899082568805
        ],
        [
            121.44186046511628,
            131.27906976744185,
            86.04651162790697
        ],
        [
            84.6025641025641,
            64.11538461538461,
            42.83333333333333
        ],
        [
            181.7142857142857,
            188.7142857142857,
            162.07142857142856
        ],
        [
            13.485294117647058,
            12.725490196078432,
            0.3921568627451002
        ]
    ],
    "hex_colors": [
        "#191a06",
        "#46542d",
        "#95a06e",
        "#665e3f",
        "#363b1e",
        "#272c11",
        "#798356",
        "#54402a",
        "#b5bca2",
        "#0d0c00"
    ],
    "hsl_color_values": [
        [
            0.1722483537158984,
            0.7751203150065626,
            26.68093385214008
        ],
        [
            0.22456140350877196,
            0.4546113689095127,
            84.09756097560975
        ],
        [
            0.2044105173876165,
            0.3152827918170878,
            160.83870967741933
        ],
        [
            0.13224520577461754,
            0.37916666666666665,
            102.0
        ],
        [
            0.1993586317477285,
            0.49556350152297707,
            59.92857142857143
        ],
        [
            0.19803591470258142,
            0.6064937716969574,
            44.92660550458716
        ],
        [
            0.20291345329905738,
            0.34455270150575734,
            131.27906976744185
        ],
        [
            0.08491917331696337,
            0.4937111683588423,
            84.6025641025641
        ],
        [
            0.21045576407506705,
            0.14118092354277062,
            188.7142857142857
        ],
        [
            0.15699488331461378,
            0.970919665576154,
            13.485294117647058
        ]
    ]
}