{
    "rgb_colors": [
        [
            48.2251655629139,
            4.78145695364239,
            1.3377483443708655
        ],
        [
            100.13068181818181,
            17.44602272727272,
            16.482954545454547
        ],
        [
            229.55714285714285,
            211.28571428571428,
            196.1142857142857
        ],
        [
            184.1344537815126,
            166.56302521008405,
            151.89915966386553
        ],
        [
            252.31666666666666,
            239.66666666666666,
            223.43333333333334
        ],
        [
            58.33898305084746,
            24.864406779661017,
            15.779661016949156
        ],
        [
            167.51724137931035,
            148.74137931034483,
            133.18965517241378
        ],
        [
            82.51063829787233,
            51.53191489361702,
            44.297872340425535
        ],
        [
            128.0344827586207,
            102.55172413793103,
            95.24137931034483
        ],
        [
            203.67088607594937,
            185.21518987341773,
            172.18987341772151
        ]
    ],
    "hex_colors": [
        "#300401",
        "#641110",
        "#e5d3c4",
        "#b8a697",
        "#fcefdf",
        "#3a180f",
        "#a79485",
        "#52332c",
        "#80665f",
        "#cbb9ac"
    ],
    "hsl_color_values": [
        [
            0.012241054613935987,
            0.9722603680307607,
            48.2251655629139
        ],
        [
            0.0019188968890096285,
            0.8353855756681609,
            100.13068181818181
        ],
        [
            0.07560871422469033,
            0.14568423672910577,
            229.55714285714285
        ],
        [
            0.07581682307959692,
            0.17506389193136188,
            184.1344537815126
        ],
        [
            0.0936718599730717,
            0.11447255432987645,
            252.31666666666666
        ],
        [
            0.035576795433426255,
            0.7295177222545032,
            58.33898305084746
        ],
        [
            0.07550644567219154,
            0.20491972004940315,
            167.51724137931035
        ],
        [
            0.031551596139569406,
            0.46312532233109843,
            82.51063829787233
        ],
        [
            0.03715387311601822,
            0.2561271209264746,
            128.0344827586207
        ],
        [
            0.06895858464012872,
            0.15456805469235552,
            203.67088607594937
        ]
    ]
}