{
    "rgb_colors": [
        [
            22.481012658227847,
            18.493670886075947,
            14.531645569620252
        ],
        [
            78.13888888888889,
            73.13888888888889,
            68.36111111111111
        ],
        [
            71.15,
            66.15,
            62.05
        ],
        [
            54.763636363636365,
            52.24090909090909,
            48.95
        ],
        [
            39.599999999999994,
            35.577777777777776,
            31.822222222222223
        ],
        [
            82.65853658536585,
            77.65853658536585,
            72.70731707317073
        ],
        [
            89.6888888888889,
            84.6888888888889,
            79.91111111111111
        ],
        [
            50.631578947368425,
            47.95789473684211,
            44.578947368421055
        ],
        [
            60.5921052631579,
            57.46052631578947,
            54.26315789473684
        ],
        [
            85.97546012269939,
            81.0,
            76.06134969325153
        ]
    ],
    "hex_colors": [
        "#16120e",
        "#4e4944",
        "#47423e",
        "#363430",
        "#27231f",
        "#524d48",
        "#59544f",
        "#322f2c",
        "#3c3936",
        "#55514c"
    ],
    "hsl_color_values": [
        [
            0.08306794055201694,
            0.3536036036036036,
            22.481012658227847
        ],
        [
            0.08143939393939388,
            0.1251333096338428,
            78.13888888888889
        ],
        [
            0.07509157509157517,
            0.12789880534082934,
            71.15
        ],
        [
            0.09434454000521238,
            0.1061586985391766,
            54.763636363636365
        ],
        [
            0.08047619047619048,
            0.19640852974186293,
            39.599999999999994
        ],
        [
            0.08292483660130721,
            0.12038949542637949,
            82.65853658536585
        ],
        [
            0.08143939393939402,
            0.10901883052527263,
            89.6888888888889
        ],
        [
            0.09304347826086952,
            0.11954261954261956,
            50.631578947368425
        ],
        [
            0.08419958419958413,
            0.10445168295331166,
            60.5921052631579
        ],
        [
            0.0830239273927393,
            0.1153132581704011,
            85.97546012269939
        ]
    ]
}