{
    "rgb_colors": [
        [
            237.04615384615386,
            227.87179487179486,
            211.63076923076923
        ],
        [
            205.46153846153845,
            194.30769230769232,
            176.73076923076923
        ],
        [
            231.85185185185185,
            222.63888888888889,
            206.25
        ],
        [
            223.27272727272728,
            213.27272727272728,
            195.8409090909091
        ],
        [
            240.20994475138122,
            231.0,
            214.87845303867402
        ],
        [
            211.2741935483871,
            200.06451612903226,
            182.5
        ],
        [
            234.06091370558374,
            224.99492385786803,
            208.96446700507613
        ],
        [
            229.0625,
            219.7,
            203.2375
        ],
        [
            244.53333333333333,
            235.31666666666666,
            219.35
        ],
        [
            216.88888888888889,
            206.17777777777778,
            188.8
        ]
    ],
    "hex_colors": [
        "#ede3d3",
        "#cdc2b0",
        "#e7dece",
        "#dfd5c3",
        "#f0e7d6",
        "#d3c8b6",
        "#eae0d0",
        "#e5dbcb",
        "#f4ebdb",
        "#d8cebc"
    ],
    "hsl_color_values": [
        [
            0.10650390099542632,
            0.10721703011422641,
            237.04615384615386
        ],
        [
            0.10196340919232498,
            0.13983526769000373,
            205.46153846153845
        ],
        [
            0.10669077757685352,
            0.11042332268370605,
            231.85185185185185
        ],
        [
            0.10590996962165149,
            0.12286237785016288,
            223.27272727272728
        ],
        [
            0.10607051981097786,
            0.10545563273379643,
            240.20994475138122
        ],
        [
            0.10173766816143494,
            0.13619360256508134,
            211.2741935483871
        ],
        [
            0.10645900755124071,
            0.10722186076772934,
            234.06091370558374
        ],
        [
            0.10624394966118093,
            0.1127421555252387,
            229.0625
        ],
        [
            0.10566953452459739,
            0.10298527808069795,
            244.53333333333333
        ],
        [
            0.10311181434599155,
            0.12950819672131142,
            216.88888888888889
        ]
    ]
}