{
    "rgb_colors": [
        [
            242.96153846153845,
            236.96153846153845,
            219.96153846153845
        ],
        [
            231.0,
            225.0,
            208.0
        ],
        [
            233.0,
            227.0,
            210.0
        ],
        [
            245.68965517241378,
            239.68965517241378,
            222.68965517241378
        ],
        [
            234.56410256410257,
            228.56410256410257,
            211.56410256410257
        ],
        [
            240.45454545454547,
            234.45454545454547,
            217.45454545454547
        ],
        [
            237.4931506849315,
            231.4931506849315,
            214.4931506849315
        ],
        [
            239.0,
            233.0,
            216.0
        ],
        [
            236.0,
            230.0,
            213.0
        ],
        [
            248.3684210526316,
            242.3684210526316,
            225.3684210526316
        ]
    ],
    "hex_colors": [
        "#f2ecdb",
        "#e7e1d0",
        "#e9e3d2",
        "#f5efde",
        "#eae4d3",
        "#f0ead9",
        "#ede7d6",
        "#efe9d8",
        "#ece6d5",
        "#f8f2e1"
    ],
    "hsl_color_values": [
        [
            0.12318840579710144,
            0.09466518917207535,
            242.96153846153845
        ],
        [
            0.12318840579710144,
            0.09956709956709957,
            231.0
        ],
        [
            0.12318840579710144,
            0.09871244635193133,
            233.0
        ],
        [
            0.12318840579710144,
            0.0936140350877193,
            245.68965517241378
        ],
        [
            0.12318840579710144,
            0.09805421950153038,
            234.56410256410257
        ],
        [
            0.12318840579710144,
            0.09565217391304347,
            240.45454545454547
        ],
        [
            0.12318840579710144,
            0.09684489819461269,
            237.4931506849315
        ],
        [
            0.12318840579710144,
            0.09623430962343096,
            239.0
        ],
        [
            0.12318840579710144,
            0.09745762711864407,
            236.0
        ],
        [
            0.12318840579710144,
            0.09260436533163806,
            248.3684210526316
        ]
    ]
}