{
    "rgb_colors": [
        [
            2.434210526315791,
            0.344298245614036,
            1.4649122807017552
        ],
        [
            45.58620689655172,
            33.0,
            20.482758620689655
        ],
        [
            29.275229357798167,
            22.972477064220186,
            18.03669724770642
        ],
        [
            23.202247191011235,
            17.0,
            13.516853932584269
        ],
        [
            9.701754385964913,
            4.596491228070176,
            1.8596491228070189
        ],
        [
            52.357142857142854,
            42.46428571428571,
            33.39285714285714
        ],
        [
            16.869565217391305,
            10.782608695652174,
            7.550724637681159
        ],
        [
            60.45833333333333,
            52.5,
            43.875
        ],
        [
            34.166666666666664,
            27.879629629629626,
            23.10185185185185
        ],
        [
            41.599999999999994,
            35.0,
            30.363636363636363
        ]
    ],
    "hex_colors": [
        "#020001",
        "#2d2114",
        "#1d1612",
        "#17110d",
        "#090401",
        "#342a21",
        "#100a07",
        "#3c342b",
        "#221b17",
        "#29231e"
    ],
    "hsl_color_values": [
        [
            0.9106330884924799,
            0.8585585585585583,
            2.434210526315791
        ],
        [
            0.0831043956043956,
            0.5506807866868381,
            45.58620689655172
        ],
        [
            0.07319727891156465,
            0.38389219680350994,
            29.275229357798167
        ],
        [
            0.05993812838360404,
            0.41743341404358353,
            23.202247191011235
        ],
        [
            0.058165548098433995,
            0.8083182640144664,
            9.701754385964913
        ],
        [
            0.07972379158819835,
            0.36221009549795363,
            52.357142857142854
        ],
        [
            0.057801969932607555,
            0.5524054982817869,
            16.869565217391305
        ],
        [
            0.08668341708542715,
            0.27429359062715364,
            60.45833333333333
        ],
        [
            0.0719665271966527,
            0.3238482384823848,
            34.166666666666664
        ],
        [
            0.06877022653721687,
            0.270104895104895,
            41.599999999999994
        ]
    ]
}