{
    "rgb_colors": [
        [
            107.7032967032967,
            74.3076923076923,
            40.73626373626374
        ],
        [
            111.59310344827585,
            74.0,
            28.586206896551722
        ],
        [
            137.77272727272728,
            101.13636363636364,
            58.77272727272727
        ],
        [
            129.0253164556962,
            92.0126582278481,
            49.55696202531645
        ],
        [
            61.864583333333336,
            29.114583333333336,
            0.4375
        ],
        [
            94.0,
            58.403669724770644,
            18.44954128440367
        ],
        [
            102.86144578313252,
            66.80722891566265,
            24.52409638554217
        ],
        [
            118.23664122137404,
            80.58778625954199,
            35.48091603053435
        ],
        [
            124.072,
            86.696,
            42.696
        ],
        [
            78.0,
            45.016666666666666,
            9.399999999999999
        ]
    ],
    "hex_colors": [
        "#6b4a28",
        "#6f4a1c",
        "#89653a",
        "#815c31",
        "#3d1d00",
        "#5e3a12",
        "#664218",
        "#765023",
        "#7c562a",
        "#4e2d09"
    ],
    "hsl_color_values": [
        [
            0.08355212777595449,
            0.621773288439955,
            107.7032967032967
        ],
        [
            0.09118477899634432,
            0.743835362462147,
            111.59310344827585
        ],
        [
            0.0893747602608362,
            0.5734081161332893,
            137.77272727272728
        ],
        [
            0.08904109589041097,
            0.6159128813891888,
            129.0253164556962
        ],
        [
            0.07780792493358206,
            0.9929281023741371,
            61.864583333333336
        ],
        [
            0.08814005262092695,
            0.8037282842084716,
            94.0
        ],
        [
            0.08995949964113607,
            0.7615812591508053,
            102.86144578313252
        ],
        [
            0.09084340313009254,
            0.6999160694686551,
            118.23664122137404
        ],
        [
            0.09011666011272775,
            0.6558772325746342,
            124.072
        ],
        [
            0.08653223194039521,
            0.8794871794871794,
            78.0
        ]
    ]
}