{
    "rgb_colors": [
        [
            198.25,
            184.25,
            164.25
        ],
        [
            218.0,
            204.0,
            184.0
        ],
        [
            205.0,
            191.0,
            171.0
        ],
        [
            206.0,
            192.0,
            172.0
        ],
        [
            207.5568862275449,
            193.5568862275449,
            173.5568862275449
        ],
        [
            214.64102564102564,
            200.64102564102564,
            180.64102564102564
        ],
        [
            203.53846153846155,
            189.53846153846155,
            169.53846153846155
        ],
        [
            211.7941176470588,
            197.7941176470588,
            177.7941176470588
        ],
        [
            201.1769230769231,
            187.1769230769231,
            167.1769230769231
        ],
        [
            209.49019607843138,
            195.49019607843138,
            175.49019607843138
        ]
    ],
    "hex_colors": [
        "#c6b8a4",
        "#daccb8",
        "#cdbfab",
        "#cec0ac",
        "#cfc1ad",
        "#d6c8b4",
        "#cbbda9",
        "#d3c5b1",
        "#c9bba7",
        "#d1c3af"
    ],
    "hsl_color_values": [
        [
            0.09803921568627451,
            0.17150063051702397,
            198.25
        ],
        [
            0.09803921568627451,
            0.1559633027522936,
            218.0
        ],
        [
            0.09803921568627451,
            0.16585365853658537,
            205.0
        ],
        [
            0.09803921568627451,
            0.1650485436893204,
            206.0
        ],
        [
            0.09803921568627451,
            0.16381051295366683,
            207.5568862275449
        ],
        [
            0.09803921568627451,
            0.15840401385736472,
            214.64102564102564
        ],
        [
            0.09803921568627451,
            0.1670445956160242,
            203.53846153846155
        ],
        [
            0.09803921568627451,
            0.1605332592695459,
            211.7941176470588
        ],
        [
            0.09803921568627451,
            0.169005467823959,
            201.1769230769231
        ],
        [
            0.09803921568627451,
            0.16229876450767503,
            209.49019607843138
        ]
    ]
}