{
    "rgb_colors": [
        [
            86.43703703703704,
            71.73333333333333,
            51.81481481481482
        ],
        [
            73.10204081632654,
            61.173469387755105,
            43.224489795918366
        ],
        [
            76.96551724137932,
            64.183908045977,
            46.06896551724138
        ],
        [
            92.27586206896552,
            77.41379310344827,
            56.765517241379314
        ],
        [
            96.5,
            81.625,
            60.1875
        ],
        [
            89.12994350282486,
            74.28813559322035,
            53.909604519774014
        ],
        [
            83.81132075471699,
            69.40566037735849,
            50.339622641509436
        ],
        [
            64.68888888888888,
            52.355555555555554,
            34.91111111111111
        ],
        [
            69.01315789473685,
            57.631578947368425,
            39.76315789473684
        ],
        [
            81.53846153846153,
            67.24175824175825,
            47.64835164835165
        ]
    ],
    "hex_colors": [
        "#564733",
        "#493d2b",
        "#4c402e",
        "#5c4d38",
        "#60513c",
        "#594a35",
        "#534532",
        "#403422",
        "#453927",
        "#51432f"
    ],
    "hsl_color_values": [
        [
            0.09588503779774638,
            0.4005484617362242,
            86.43703703703704
        ],
        [
            0.10012522768670311,
            0.40871021775544397,
            73.10204081632654
        ],
        [
            0.09771825396825391,
            0.4014336917562724,
            76.96551724137932
        ],
        [
            0.09691202175179642,
            0.38482810164424514,
            92.27586206896552
        ],
        [
            0.09839357429718876,
            0.37629533678756477,
            96.5
        ],
        [
            0.09643353652015829,
            0.39515720081135897,
            89.12994350282486
        ],
        [
            0.09493611424276582,
            0.39936965330932017,
            83.81132075471699
        ],
        [
            0.09763681592039802,
            0.46032291308828577,
            64.68888888888888
        ],
        [
            0.10181436497225971,
            0.42383222116301245,
            69.01315789473685
        ],
        [
            0.0963575443147428,
            0.41563342318059293,
            81.53846153846153
        ]
    ]
}