{
    "rgb_colors": [
        [
            147.33333333333334,
            124.06060606060606,
            94.12121212121212
        ],
        [
            51.86885245901639,
            30.24590163934426,
            10.0983606557377
        ],
        [
            74.55882352941177,
            49.63235294117647,
            28.323529411764707
        ],
        [
            23.616666666666674,
            3.4666666666666686,
            1.1666666666666643
        ],
        [
            115.29432624113475,
            88.51418439716312,
            54.86524822695036
        ],
        [
            62.397260273972606,
            39.54794520547945,
            19.356164383561644
        ],
        [
            124.41232227488152,
            97.81516587677726,
            64.27488151658768
        ],
        [
            137.2093023255814,
            111.09302325581396,
            78.11627906976744
        ],
        [
            87.90697674418604,
            62.06976744186046,
            36.53488372093023
        ],
        [
            36.875,
            19.09375,
            5.015625
        ]
    ],
    "hex_colors": [
        "#937c5e",
        "#331e0a",
        "#4a311c",
        "#170301",
        "#735836",
        "#3e2713",
        "#7c6140",
        "#896f4e",
        "#573e24",
        "#241305"
    ],
    "hsl_color_values": [
        [
            0.0937737281700835,
            0.3611682435211847,
            147.33333333333334
        ],
        [
            0.08038984824699112,
            0.8053097345132744,
            51.86885245901639
        ],
        [
            0.07681297709923662,
            0.6201183431952663,
            74.55882352941177
        ],
        [
            0.017074981440237596,
            0.9505998588567397,
            23.616666666666674
        ],
        [
            0.09280558652661226,
            0.5241288100144558,
            115.29432624113475
        ],
        [
            0.07818799066412051,
            0.6897914379802415,
            62.397260273972606
        ],
        [
            0.09295452754354165,
            0.48337206201668503,
            124.41232227488152
        ],
        [
            0.09300800209891119,
            0.43067796610169495,
            137.2093023255814
        ],
        [
            0.08284291534631055,
            0.5843915343915344,
            87.90697674418604
        ],
        [
            0.07364721268595716,
            0.8639830508474576,
            36.875
        ]
    ]
}