{
    "rgb_colors": [
        [
            66.68217054263566,
            78.47286821705427,
            41.7906976744186
        ],
        [
            215.98000000000002,
            208.7,
            184.84
        ],
        [
            153.76612903225805,
            148.9516129032258,
            124.24193548387098
        ],
        [
            123.72222222222223,
            134.62962962962962,
            86.23148148148148
        ],
        [
            248.5,
            243.5892857142857,
            220.26785714285714
        ],
        [
            26.029411764705884,
            36.55882352941177,
            5.725490196078425
        ],
        [
            175.24271844660194,
            173.71844660194174,
            145.06796116504853
        ],
        [
            47.333333333333336,
            57.71527777777778,
            23.59027777777778
        ],
        [
            7.026086956521738,
            15.130434782608688,
            0.25217391304347814
        ],
        [
            92.96774193548387,
            104.21505376344086,
            62.817204301075265
        ]
    ],
    "hex_colors": [
        "#424e29",
        "#d7d0b8",
        "#99947c",
        "#7b8656",
        "#f8f3dc",
        "#1a2405",
        "#afad91",
        "#2f3917",
        "#070f00",
        "#5c683e"
    ],
    "hsl_color_values": [
        [
            0.22023809523809526,
            0.46745036056504996,
            78.47286821705427
        ],
        [
            0.1277028473560264,
            0.14418001666821006,
            215.98000000000002
        ],
        [
            0.13948830010015478,
            0.19200713274243444,
            153.76612903225805
        ],
        [
            0.20422804668069636,
            0.35949105914718016,
            134.62962962962962
        ],
        [
            0.13767657600674668,
            0.1136102328255246,
            248.5
        ],
        [
            0.22358240593534714,
            0.8433896486993834,
            36.55882352941177
        ],
        [
            0.15824753324753318,
            0.1721883656509696,
            175.24271844660194
        ],
        [
            0.2173721340388007,
            0.5912645890987848,
            57.71527777777778
        ],
        [
            0.25745178258328466,
            0.9833333333333333,
            15.130434782608688
        ],
        [
            0.21194805194805197,
            0.39723483285183664,
            104.21505376344086
        ]
    ]
}