{
    "rgb_colors": [
        [
            54.793103448275865,
            41.189655172413794,
            25.655172413793103
        ],
        [
            72.0,
            58.316326530612244,
            41.765306122448976
        ],
        [
            37.71951219512195,
            31.048780487804876,
            26.536585365853657
        ],
        [
            59.49586776859504,
            45.66942148760331,
            29.082644628099175
        ],
        [
            63.355670103092784,
            49.422680412371136,
            32.83505154639175
        ],
        [
            77.0,
            63.76470588235294,
            47.745098039215684
        ],
        [
            43.37931034482759,
            35.96551724137931,
            30.47126436781609
        ],
        [
            33.56962025316456,
            26.417721518987342,
            21.303797468354432
        ],
        [
            67.734375,
            53.84895833333333,
            37.260416666666664
        ],
        [
            41.67741935483871,
            30.774193548387096,
            21.387096774193548
        ]
    ],
    "hex_colors": [
        "#362919",
        "#483a29",
        "#251f1a",
        "#3b2d1d",
        "#3f3120",
        "#4d3f2f",
        "#2b231e",
        "#211a15",
        "#433525",
        "#291e15"
    ],
    "hsl_color_values": [
        [
            0.0888560157790927,
            0.5317809943360604,
            54.793103448275865
        ],
        [
            0.09123635954550569,
            0.41992630385487534,
            72.0
        ],
        [
            0.06724827335514356,
            0.296475913352732,
            37.71951219512195
        ],
        [
            0.09089673913043479,
            0.5111821086261981,
            59.49586776859504
        ],
        [
            0.09058154591003771,
            0.48173460255471484,
            63.355670103092784
        ],
        [
            0.09126452189454871,
            0.3799337916984976,
            77.0
        ],
        [
            0.0709409320273078,
            0.2975622681505035,
            43.37931034482759
        ],
        [
            0.06948744410044717,
            0.36538461538461536,
            33.56962025316456
        ],
        [
            0.09072523215404771,
            0.44990388312187624,
            67.734375
        ],
        [
            0.07710651828298887,
            0.4868421052631579,
            41.67741935483871
        ]
    ]
}