{
    "rgb_colors": [
        [
            169.27272727272725,
            176.05454545454546,
            141.25454545454545
        ],
        [
            215.39370078740157,
            216.67716535433073,
            202.68503937007873
        ],
        [
            112.78846153846155,
            120.48076923076923,
            89.57692307692308
        ],
        [
            145.25,
            154.33333333333331,
            111.75
        ],
        [
            33.84343434343434,
            37.686868686868685,
            2.111111111111107
        ],
        [
            199.1046511627907,
            208.43023255813955,
            153.40697674418604
        ],
        [
            9.582417582417577,
            13.7032967032967,
            7.4285714285714235
        ],
        [
            34.520833333333336,
            39.4375,
            39.54166666666667
        ],
        [
            57.003846153846155,
            62.57692307692307,
            12.776923076923076
        ],
        [
            71.83050847457628,
            76.5593220338983,
            67.33898305084746
        ]
    ],
    "hex_colors": [
        "#a9b08d",
        "#d7d8ca",
        "#707859",
        "#919a6f",
        "#212502",
        "#c7d099",
        "#090d07",
        "#222727",
        "#393e0c",
        "#474c43"
    ],
    "hsl_color_values": [
        [
            0.19914663880181135,
            0.19766601259940106,
            176.05454545454546
        ],
        [
            0.18195460513974884,
            0.06457591394723468,
            216.67716535433073
        ],
        [
            0.2081518357187305,
            0.25650438946528326,
            120.48076923076923
        ],
        [
            0.20221787345075012,
            0.27591792656587466,
            154.33333333333331
        ],
        [
            0.18467253454476626,
            0.9439828464218709,
            37.686868686868685
        ],
        [
            0.19491406029867572,
            0.2639888423988843,
            208.43023255813955
        ],
        [
            0.2761237594862814,
            0.4578989574979955,
            13.7032967032967
        ],
        [
            0.5034578146611343,
            0.12697576396206536,
            39.54166666666667
        ],
        [
            0.18531819586036455,
            0.795820528580209,
            62.57692307692307
        ],
        [
            0.2521446078431371,
            0.12043391631613891,
            76.5593220338983
        ]
    ]
}