{
    "rgb_colors": [
        [
            235.45575221238937,
            229.45575221238937,
            212.45575221238937
        ],
        [
            242.74285714285713,
            236.74285714285713,
            219.74285714285713
        ],
        [
            238.0,
            232.0,
            215.0
        ],
        [
            233.5529411764706,
            227.5529411764706,
            210.5529411764706
        ],
        [
            240.52252252252254,
            234.52252252252254,
            217.52252252252254
        ],
        [
            229.3939393939394,
            223.3939393939394,
            206.3939393939394
        ],
        [
            237.0,
            231.0,
            214.0
        ],
        [
            239.0,
            233.0,
            216.0
        ],
        [
            231.61764705882354,
            225.61764705882354,
            208.61764705882354
        ],
        [
            246.3,
            240.3,
            223.3
        ]
    ],
    "hex_colors": [
        "#ebe5d4",
        "#f2ecdb",
        "#eee8d7",
        "#e9e3d2",
        "#f0ead9",
        "#e5dfce",
        "#ede7d6",
        "#efe9d8",
        "#e7e1d0",
        "#f6f0df"
    ],
    "hsl_color_values": [
        [
            0.12318840579710144,
            0.09768289703643847,
            235.45575221238937
        ],
        [
            0.12318840579710144,
            0.09475047080979285,
            242.74285714285713
        ],
        [
            0.12318840579710144,
            0.09663865546218488,
            238.0
        ],
        [
            0.12318840579710144,
            0.09847874269595003,
            233.5529411764706
        ],
        [
            0.12318840579710144,
            0.09562514045995954,
            240.52252252252254
        ],
        [
            0.12318840579710144,
            0.10026420079260237,
            229.3939393939394
        ],
        [
            0.12318840579710144,
            0.0970464135021097,
            237.0
        ],
        [
            0.12318840579710144,
            0.09623430962343096,
            239.0
        ],
        [
            0.12318840579710144,
            0.0993015873015873,
            231.61764705882354
        ],
        [
            0.12318840579710144,
            0.09338205440519691,
            246.3
        ]
    ]
}