{
    "rgb_colors": [
        [
            219.1958762886598,
            207.2577319587629,
            188.2577319587629
        ],
        [
            226.94642857142858,
            215.00357142857143,
            196.00357142857143
        ],
        [
            231.80180180180182,
            219.87387387387386,
            200.87387387387386
        ],
        [
            222.9493670886076,
            211.0506329113924,
            192.0506329113924
        ],
        [
            223.9438202247191,
            212.0561797752809,
            193.0561797752809
        ],
        [
            221.60264900662253,
            209.6158940397351,
            190.6158940397351
        ],
        [
            229.375,
            217.46428571428572,
            198.46428571428572
        ],
        [
            235.0,
            223.0,
            204.0
        ],
        [
            216.61111111111111,
            204.61111111111111,
            185.61111111111111
        ],
        [
            224.97222222222223,
            213.02777777777777,
            194.02777777777777
        ]
    ],
    "hex_colors": [
        "#dbcfbc",
        "#e2d7c4",
        "#e7dbc8",
        "#ded3c0",
        "#dfd4c1",
        "#ddd1be",
        "#e5d9c6",
        "#ebdfcc",
        "#d8ccb9",
        "#e0d5c2"
    ],
    "hsl_color_values": [
        [
            0.10235477063201152,
            0.14114382466371933,
            219.1958762886598
        ],
        [
            0.10233918128654969,
            0.13634432292076484,
            226.94642857142858
        ],
        [
            0.10238858141567135,
            0.13342401865526632,
            231.80180180180182
        ],
        [
            0.10248532022395189,
            0.13859081360358833,
            222.9493670886076
        ],
        [
            0.10252212925912452,
            0.13792584416236017,
            223.9438202247191
        ],
        [
            0.10219420104010828,
            0.13983025521487058,
            221.60264900662253
        ],
        [
            0.10244559984594649,
            0.13476060724017125,
            229.375
        ],
        [
            0.10215053763440861,
            0.13191489361702127,
            235.0
        ],
        [
            0.10215053763440861,
            0.14311361887663504,
            216.61111111111111
        ],
        [
            0.10233393177737878,
            0.137547845413014,
            224.97222222222223
        ]
    ]
}