{
    "rgb_colors": [
        [
            208.58139534883722,
            196.31395348837208,
            175.48837209302326
        ],
        [
            206.1214953271028,
            193.39252336448598,
            172.7663551401869
        ],
        [
            220.57534246575344,
            208.82191780821918,
            187.73972602739727
        ],
        [
            215.73096446700507,
            204.03045685279187,
            182.93908629441626
        ],
        [
            210.56375838926175,
            198.50335570469798,
            177.5704697986577
        ],
        [
            218.1881188118812,
            206.8910891089109,
            185.66336633663366
        ],
        [
            202.3783783783784,
            189.13513513513513,
            168.75675675675674
        ],
        [
            213.5909090909091,
            202.39772727272728,
            181.13636363636363
        ],
        [
            212.28994082840237,
            200.5680473372781,
            179.49704142011834
        ],
        [
            222.7058823529412,
            211.76470588235293,
            190.41176470588235
        ]
    ],
    "hex_colors": [
        "#d0c4af",
        "#cec1ac",
        "#dcd0bb",
        "#d7ccb6",
        "#d2c6b1",
        "#daceb9",
        "#cabda8",
        "#d5cab5",
        "#d4c8b3",
        "#ded3be"
    ],
    "hsl_color_values": [
        [
            0.10488404778636673,
            0.15865759839446986,
            208.58139534883722
        ],
        [
            0.10306341645652384,
            0.16182271593742917,
            206.1214953271028
        ],
        [
            0.10700876095118896,
            0.14886349521798536,
            220.57534246575344
        ],
        [
            0.10719814241486066,
            0.15200357655474236,
            215.73096446700507
        ],
        [
            0.10574315161377812,
            0.1566902530757953,
            210.56375838926175
        ],
        [
            0.10877727042110608,
            0.14906747742433185,
            218.1881188118812
        ],
        [
            0.10101822079314038,
            0.16613247863247874,
            202.3783783783784
        ],
        [
            0.10918534080298792,
            0.1519472228133646,
            213.5909090909091
        ],
        [
            0.10709130277878022,
            0.15447222454497314,
            212.28994082840237
        ],
        [
            0.11020036429872486,
            0.14500792393026948,
            222.7058823529412
        ]
    ]
}