{
    "rgb_colors": [
        [
            242.54700854700855,
            236.54700854700855,
            221.54700854700855
        ],
        [
            248.92857142857142,
            242.16666666666666,
            229.45238095238096
        ],
        [
            240.47826086956522,
            234.47826086956522,
            219.47826086956522
        ],
        [
            238.21,
            231.21,
            219.21
        ],
        [
            246.6891891891892,
            240.6891891891892,
            225.6891891891892
        ],
        [
            235.3653846153846,
            228.96153846153845,
            215.17307692307693
        ],
        [
            238.3625,
            232.3625,
            217.3625
        ],
        [
            241.1184210526316,
            234.1184210526316,
            222.1184210526316
        ],
        [
            245.86315789473684,
            238.86315789473684,
            226.86315789473684
        ],
        [
            243.95,
            237.4409090909091,
            223.96818181818182
        ]
    ],
    "hex_colors": [
        "#f2ecdd",
        "#f8f2e5",
        "#f0eadb",
        "#eee7db",
        "#f6f0e1",
        "#ebe4d7",
        "#eee8d9",
        "#f1eade",
        "#f5eee2",
        "#f3eddf"
    ],
    "hsl_color_values": [
        [
            0.11904761904761905,
            0.0865811544153922,
            242.54700854700855
        ],
        [
            0.10880195599022001,
            0.07824007651841215,
            248.92857142857142
        ],
        [
            0.11904761904761905,
            0.08732598083529199,
            240.47826086956522
        ],
        [
            0.10526315789473684,
            0.07976155493052349,
            238.21
        ],
        [
            0.11904761904761905,
            0.08512736236647493,
            246.6891891891892
        ],
        [
            0.11380952380952374,
            0.08579132282049182,
            235.3653846153846
        ],
        [
            0.11904761904761905,
            0.08810110650794482,
            238.3625
        ],
        [
            0.10526315789473684,
            0.07879945429740791,
            241.1184210526316
        ],
        [
            0.10526315789473684,
            0.07727876011474076,
            245.86315789473684
        ],
        [
            0.11237488626023662,
            0.0819094821964262,
            243.95
        ]
    ]
}