{
    "rgb_colors": [
        [
            162.4663212435233,
            155.4663212435233,
            146.4663212435233
        ],
        [
            153.88888888888889,
            146.88888888888889,
            137.88888888888889
        ],
        [
            159.59803921568627,
            152.59803921568627,
            143.59803921568627
        ],
        [
            167.4,
            160.4,
            151.4
        ],
        [
            166.0,
            159.0,
            150.0
        ],
        [
            165.0,
            158.0,
            149.0
        ],
        [
            157.23076923076923,
            150.23076923076923,
            141.23076923076923
        ],
        [
            169.94285714285715,
            162.94285714285715,
            153.94285714285715
        ],
        [
            164.0,
            157.0,
            148.0
        ],
        [
            161.0,
            154.0,
            145.0
        ]
    ],
    "hex_colors": [
        "#a29b92",
        "#999289",
        "#9f988f",
        "#a7a097",
        "#a69f96",
        "#a59e95",
        "#9d968d",
        "#a9a299",
        "#a49d94",
        "#a19a91"
    ],
    "hsl_color_values": [
        [
            0.09375,
            0.09848194922821789,
            162.4663212435233
        ],
        [
            0.09375,
            0.10397111913357401,
            153.88888888888889
        ],
        [
            0.09375,
            0.10025185822224952,
            159.59803921568627
        ],
        [
            0.09375,
            0.09557945041816009,
            167.4
        ],
        [
            0.09375,
            0.0963855421686747,
            166.0
        ],
        [
            0.09375,
            0.09696969696969697,
            165.0
        ],
        [
            0.09375,
            0.10176125244618396,
            157.23076923076923
        ],
        [
            0.09375,
            0.0941492938802959,
            169.94285714285715
        ],
        [
            0.09375,
            0.0975609756097561,
            164.0
        ],
        [
            0.09375,
            0.09937888198757763,
            161.0
        ]
    ]
}