{
    "rgb_colors": [
        [
            73.80745341614907,
            43.13664596273292,
            10.838509316770187
        ],
        [
            62.85714285714286,
            32.49285714285715,
            3.25
        ],
        [
            86.09615384615384,
            55.25,
            20.35576923076923
        ],
        [
            116.92307692307692,
            84.51282051282051,
            38.02564102564102
        ],
        [
            104.91304347826087,
            73.32608695652173,
            29.652173913043477
        ],
        [
            125.11111111111111,
            93.11111111111111,
            47.11111111111111
        ],
        [
            68.36094674556213,
            38.04733727810651,
            7.34319526627219
        ],
        [
            55.88421052631579,
            25.642105263157895,
            0.40000000000000036
        ],
        [
            95.49090909090908,
            64.36363636363636,
            24.6
        ],
        [
            79.69680851063829,
            48.87765957446808,
            15.069148936170212
        ]
    ],
    "hex_colors": [
        "#492b0a",
        "#3e2003",
        "#563714",
        "#745426",
        "#68491d",
        "#7d5d2f",
        "#442607",
        "#371900",
        "#5f4018",
        "#4f300f"
    ],
    "hsl_color_values": [
        [
            0.08548694680081541,
            0.853151561053606,
            73.80745341614907
        ],
        [
            0.08176552826043539,
            0.9482954545454545,
            62.85714285714286
        ],
        [
            0.08846472624445421,
            0.7635693544784454,
            86.09615384615384
        ],
        [
            0.09820171162387607,
            0.674780701754386,
            116.92307692307692
        ],
        [
            0.09671673406508761,
            0.7173642768338169,
            104.91304347826087
        ],
        [
            0.09829059829059829,
            0.6234458259325044,
            125.11111111111111
        ],
        [
            0.08386669252650635,
            0.892582013329871,
            68.36094674556213
        ],
        [
            0.0758236893695061,
            0.9928423431908081,
            55.88421052631579
        ],
        [
            0.09348550910489868,
            0.7423838537699923,
            95.49090909090908
        ],
        [
            0.08718792866941016,
            0.8109190415804579,
            79.69680851063829
        ]
    ]
}