{
    "rgb_colors": [
        [
            158.48936170212767,
            147.93617021276594,
            133.1914893617021
        ],
        [
            132.4367816091954,
            121.16091954022988,
            109.98850574712644
        ],
        [
            168.64814814814815,
            158.77777777777777,
            145.22222222222223
        ],
        [
            76.73127753303964,
            49.06607929515418,
            22.546255506607928
        ],
        [
            104.29411764705883,
            91.85294117647058,
            79.38235294117646
        ],
        [
            145.72307692307692,
            134.01538461538462,
            122.27692307692308
        ],
        [
            84.7741935483871,
            71.03225806451613,
            57.25806451612903
        ],
        [
            70.38754325259515,
            42.69204152249135,
            15.7439446366782
        ],
        [
            58.266666666666666,
            32.28666666666666,
            5.693333333333328
        ],
        [
            117.2,
            106.025,
            95.05000000000001
        ]
    ],
    "hex_colors": [
        "#9e9385",
        "#84796d",
        "#a89e91",
        "#4c3116",
        "#685b4f",
        "#91867a",
        "#544739",
        "#462a0f",
        "#3a2005",
        "#756a5f"
    ],
    "hsl_color_values": [
        [
            0.09714045416316225,
            0.15961874077057336,
            158.48936170212767
        ],
        [
            0.08294930875576034,
            0.16950182260024302,
            132.4367816091954
        ],
        [
            0.0964426877470355,
            0.13890413967277918,
            168.64814814814815
        ],
        [
            0.08157181571815718,
            0.7061660351360661,
            76.73127753303964
        ],
        [
            0.08343171979535613,
            0.23886068809926686,
            104.29411764705883
        ],
        [
            0.08344269466316712,
            0.1608952702702702,
            145.72307692307692
        ],
        [
            0.08343102774521294,
            0.32458143074581436,
            84.7741935483871
        ],
        [
            0.08219351570415401,
            0.7763248451479697,
            70.38754325259515
        ],
        [
            0.08430552033138895,
            0.9022883295194509,
            58.266666666666666
        ],
        [
            0.08258088788562828,
            0.18899317406143337,
            117.2
        ]
    ]
}