{
    "rgb_colors": [
        [
            242.46511627906978,
            236.46511627906978,
            221.46511627906978
        ],
        [
            246.74603174603175,
            240.74603174603175,
            224.79365079365078
        ],
        [
            233.3684210526316,
            227.3684210526316,
            211.23157894736843
        ],
        [
            235.46315789473684,
            229.46315789473684,
            212.90526315789475
        ],
        [
            244.3728813559322,
            238.3728813559322,
            223.3728813559322
        ],
        [
            236.63636363636363,
            230.63636363636363,
            214.36363636363637
        ],
        [
            237.9754601226994,
            231.9754601226994,
            216.1042944785276
        ],
        [
            244.328125,
            238.328125,
            221.328125
        ],
        [
            239.98314606741573,
            233.98314606741573,
            218.11797752808988
        ],
        [
            241.93984962406014,
            235.93984962406014,
            219.64661654135338
        ]
    ],
    "hex_colors": [
        "#f2ecdd",
        "#f6f0e0",
        "#e9e3d3",
        "#ebe5d4",
        "#f4eedf",
        "#ece6d6",
        "#ede7d8",
        "#f4eedd",
        "#efe9da",
        "#f1ebdb"
    ],
    "hsl_color_values": [
        [
            0.11904761904761905,
            0.08661039708421255,
            242.46511627906978
        ],
        [
            0.1211135213304411,
            0.0889675136699904,
            246.74603174603175
        ],
        [
            0.12149310508796957,
            0.09485791610284167,
            233.3684210526316
        ],
        [
            0.12233628869186496,
            0.09580222629531934,
            235.46315789473684
        ],
        [
            0.11904761904761905,
            0.08593424885559717,
            244.3728813559322
        ],
        [
            0.12176870748299316,
            0.09412216673069526,
            236.63636363636363
        ],
        [
            0.12094436652641422,
            0.09190513018819285,
            237.9754601226994
        ],
        [
            0.12318840579710144,
            0.09413570377949734,
            244.328125
        ],
        [
            0.12093182596779721,
            0.09111126717700216,
            239.98314606741573
        ],
        [
            0.12181000562113546,
            0.09214370066505065,
            241.93984962406014
        ]
    ]
}