{
    "rgb_colors": [
        [
            119.63333333333334,
            124.48333333333333,
            84.76666666666667
        ],
        [
            3.7836734693877503,
            8.657142857142844,
            1.6244897959183646
        ],
        [
            166.3030303030303,
            157.0909090909091,
            146.57575757575756
        ],
        [
            63.391304347826086,
            73.23188405797102,
            31.52173913043478
        ],
        [
            210.3490566037736,
            201.6132075471698,
            189.24528301886792
        ],
        [
            197.84455958549222,
            189.04663212435233,
            175.02072538860102
        ],
        [
            140.28,
            139.1,
            117.44
        ],
        [
            27.591397849462354,
            35.677419354838705,
            11.666666666666657
        ],
        [
            251.12087912087912,
            244.41758241758242,
            231.04395604395606
        ],
        [
            96.0952380952381,
            94.61904761904762,
            70.0952380952381
        ]
    ],
    "hex_colors": [
        "#777c54",
        "#030801",
        "#a69d92",
        "#3f491f",
        "#d2c9bd",
        "#c5bdaf",
        "#8c8b75",
        "#1b230b",
        "#fbf4e7",
        "#605e46"
    ],
    "hsl_color_values": [
        [
            0.18701916351937334,
            0.3190520819386799,
            124.48333333333333
        ],
        [
            0.28216289417682333,
            0.8123526638378123,
            8.657142857142844
        ],
        [
            0.0888376856118792,
            0.11862244897959195,
            166.3030303030303
        ],
        [
            0.20598795459810057,
            0.5695626360577875,
            73.23188405797102
        ],
        [
            0.0976754582029502,
            0.1003273983047047,
            210.3490566037736
        ],
        [
            0.10242149073023084,
            0.11536245547873458,
            197.84455958549222
        ],
        [
            0.1580560420315236,
            0.16281722269746224,
            140.28
        ],
        [
            0.22279444693237802,
            0.6729957805907175,
            35.677419354838705
        ],
        [
            0.11101988688195584,
            0.07994923857868017,
            251.12087912087912
        ],
        [
            0.15720390720390717,
            0.27056491575817637,
            96.0952380952381
        ]
    ]
}