{
    "rgb_colors": [
        [
            27.555555555555557,
            3.805555555555557,
            0.3333333333333339
        ],
        [
            167.58536585365854,
            111.70731707317073,
            71.6829268292683
        ],
        [
            67.85576923076923,
            42.19230769230769,
            17.076923076923077
        ],
        [
            30.043478260869566,
            20.26086956521739,
            13.217391304347826
        ],
        [
            86.67647058823529,
            65.73529411764706,
            48.3235294117647
        ],
        [
            4.232993197278915,
            1.7874149659863967,
            1.2091836734693882
        ],
        [
            67.28378378378379,
            54.44594594594595,
            44.554054054054056
        ],
        [
            131.29166666666666,
            74.875,
            34.95833333333333
        ],
        [
            158.8,
            93.06666666666666,
            46.266666666666666
        ],
        [
            47.8,
            39.525,
            32.35
        ]
    ],
    "hex_colors": [
        "#1b0300",
        "#a76f47",
        "#432a11",
        "#1e140d",
        "#564130",
        "#040101",
        "#43362c",
        "#834a22",
        "#9e5d2e",
        "#2f2720"
    ],
    "hsl_color_values": [
        [
            0.02125850340136054,
            0.9879032258064515,
            27.555555555555557
        ],
        [
            0.06955747711088502,
            0.5722602241304031,
            167.58536585365854
        ],
        [
            0.0824338824717541,
            0.748334986538189,
            67.85576923076923
        ],
        [
            0.06976744186046512,
            0.5600578871201158,
            30.043478260869566
        ],
        [
            0.07566462167689163,
            0.44248388191381066,
            86.67647058823529
        ],
        [
            0.03187101612298469,
            0.7143431096826036,
            4.232993197278915
        ],
        [
            0.07253269916765755,
            0.3378188391243222,
            67.28378378378379
        ],
        [
            0.06905997693194926,
            0.733735322119962,
            131.29166666666666
        ],
        [
            0.0693127962085308,
            0.7086481947942905,
            158.8
        ],
        [
            0.07740021574973031,
            0.3232217573221757,
            47.8
        ]
    ]
}