{
    "rgb_colors": [
        [
            22.258503401360542,
            17.258503401360542,
            14.53061224489796
        ],
        [
            13.343915343915345,
            8.343915343915345,
            5.44973544973545
        ],
        [
            39.06,
            34.06,
            31.2
        ],
        [
            17.90909090909091,
            12.90909090909091,
            10.102272727272727
        ],
        [
            32.174418604651166,
            27.174418604651162,
            24.151162790697676
        ],
        [
            58.33333333333333,
            53.33333333333333,
            50.77777777777778
        ],
        [
            7.083333333333334,
            2.2361111111111125,
            0.5370370370370381
        ],
        [
            48.7,
            43.7,
            40.86666666666667
        ],
        [
            26.925925925925924,
            21.925925925925924,
            19.13888888888889
        ],
        [
            68.76923076923077,
            63.769230769230774,
            61.15384615384615
        ]
    ],
    "hex_colors": [
        "#16110e",
        "#0d0805",
        "#27221f",
        "#110c0a",
        "#201b18",
        "#3a3532",
        "#070200",
        "#302b28",
        "#1a1513",
        "#443f3d"
    ],
    "hsl_color_values": [
        [
            0.058832159624413106,
            0.34718826405867964,
            22.258503401360542
        ],
        [
            0.06110366398570153,
            0.591593973037272,
            13.343915343915345
        ],
        [
            0.06064461407972862,
            0.20122887864823355,
            39.06
        ],
        [
            0.059922367782629805,
            0.4359137055837564,
            17.90909090909091
        ],
        [
            0.0628019323671497,
            0.24936754607878572,
            32.174418604651166
        ],
        [
            0.056372549019607754,
            0.12952380952380943,
            58.33333333333333
        ],
        [
            0.04325789721829326,
            0.9241830065359475,
            7.083333333333334
        ],
        [
            0.06028368794326244,
            0.16084873374401099,
            48.7
        ],
        [
            0.05965120887831943,
            0.2892022008253094,
            26.925925925925924
        ],
        [
            0.05723905723905731,
            0.11073825503355711,
            68.76923076923077
        ]
    ]
}