{
    "rgb_colors": [
        [
            70.46666666666667,
            54.46666666666667,
            37.46666666666667
        ],
        [
            76.37142857142857,
            60.371428571428574,
            43.371428571428574
        ],
        [
            63.48235294117647,
            47.48235294117647,
            30.482352941176472
        ],
        [
            60.88073394495413,
            44.88073394495413,
            27.88073394495413
        ],
        [
            66.1356783919598,
            50.1356783919598,
            33.1356783919598
        ],
        [
            81.76,
            65.76,
            48.76
        ],
        [
            95.92307692307692,
            79.92307692307692,
            62.92307692307692
        ],
        [
            68.50887573964496,
            52.50887573964497,
            35.50887573964497
        ],
        [
            73.04878048780488,
            57.048780487804876,
            40.048780487804876
        ],
        [
            57.0,
            41.0,
            24.0
        ]
    ],
    "hex_colors": [
        "#463625",
        "#4c3c2b",
        "#3f2f1e",
        "#3c2c1b",
        "#423221",
        "#514130",
        "#5f4f3e",
        "#443423",
        "#493928",
        "#392918"
    ],
    "hsl_color_values": [
        [
            0.08585858585858586,
            0.46830652790917693,
            70.46666666666667
        ],
        [
            0.08585858585858587,
            0.4320987654320987,
            76.37142857142857
        ],
        [
            0.08585858585858586,
            0.5198295033358042,
            63.48235294117647
        ],
        [
            0.08585858585858586,
            0.5420433996383364,
            60.88073394495413
        ],
        [
            0.08585858585858586,
            0.49897424207886937,
            66.1356783919598
        ],
        [
            0.08585858585858587,
            0.4036203522504893,
            81.76
        ],
        [
            0.08585858585858586,
            0.3440256615878108,
            95.92307692307692
        ],
        [
            0.08585858585858587,
            0.48168941095180506,
            68.50887573964496
        ],
        [
            0.08585858585858586,
            0.4517529215358932,
            73.04878048780488
        ],
        [
            0.08585858585858586,
            0.5789473684210527,
            57.0
        ]
    ]
}