{
    "rgb_colors": [
        [
            75.56422018348624,
            59.87614678899082,
            42.93577981651376
        ],
        [
            90.1,
            74.8,
            57.8
        ],
        [
            67.33898305084746,
            51.80225988700565,
            34.85310734463277
        ],
        [
            79.88970588235294,
            64.61029411764706,
            47.705882352941174
        ],
        [
            62.88695652173913,
            47.54782608695652,
            30.652173913043477
        ],
        [
            107.88888888888889,
            91.88888888888889,
            74.88888888888889
        ],
        [
            57.355555555555554,
            42.422222222222224,
            25.511111111111113
        ],
        [
            71.44571428571429,
            55.74285714285714,
            38.794285714285714
        ],
        [
            84.25,
            68.94047619047619,
            51.98809523809524
        ],
        [
            98.28,
            82.36,
            65.36
        ]
    ],
    "hex_colors": [
        "#4b3b2a",
        "#5a4a39",
        "#433322",
        "#4f402f",
        "#3e2f1e",
        "#6b5b4a",
        "#392a19",
        "#473726",
        "#544433",
        "#625241"
    ],
    "hsl_color_values": [
        [
            0.08653170251651904,
            0.4317974867965763,
            75.56422018348624
        ],
        [
            0.08771929824561404,
            0.3584905660377358,
            90.1
        ],
        [
            0.08695652173913042,
            0.48242302206560955,
            67.33898305084746
        ],
        [
            0.08754093366841824,
            0.40285319834330424,
            79.88970588235294
        ],
        [
            0.08735725204567935,
            0.5125829646017699,
            62.88695652173913
        ],
        [
            0.08585858585858586,
            0.305870236869207,
            107.88888888888889
        ],
        [
            0.08850895557106304,
            0.5552111584657109,
            57.355555555555554
        ],
        [
            0.08651265896628163,
            0.45701031752379434,
            71.44571428571429
        ],
        [
            0.08757687576875768,
            0.38293062031934433,
            84.25
        ],
        [
            0.08606723369785337,
            0.33496133496133496,
            98.28
        ]
    ]
}