{
    "rgb_colors": [
        [
            245.52173913043478,
            236.52173913043478,
            220.52173913043478
        ],
        [
            240.4402985074627,
            231.4402985074627,
            215.4402985074627
        ],
        [
            238.43624161073825,
            229.43624161073825,
            213.43624161073825
        ],
        [
            233.04888888888888,
            224.04888888888888,
            208.04888888888888
        ],
        [
            242.9203539823009,
            233.9203539823009,
            217.9203539823009
        ],
        [
            237.0,
            228.0,
            212.0
        ],
        [
            236.0,
            227.0,
            211.0
        ],
        [
            227.6875,
            218.6875,
            202.6875
        ],
        [
            230.3125,
            221.3125,
            205.3125
        ],
        [
            235.0,
            226.0,
            210.0
        ]
    ],
    "hex_colors": [
        "#f5ecdc",
        "#f0e7d7",
        "#eee5d5",
        "#e9e0d0",
        "#f2e9d9",
        "#ede4d4",
        "#ece3d3",
        "#e3daca",
        "#e6ddcd",
        "#ebe2d2"
    ],
    "hsl_color_values": [
        [
            0.10666666666666667,
            0.10182397733309723,
            245.52173913043478
        ],
        [
            0.10666666666666667,
            0.10397591483286259,
            240.4402985074627
        ],
        [
            0.10666666666666667,
            0.10484983252174403,
            238.43624161073825
        ],
        [
            0.10666666666666667,
            0.10727362880463803,
            233.04888888888888
        ],
        [
            0.10666666666666667,
            0.1029143897996357,
            242.9203539823009
        ],
        [
            0.10666666666666667,
            0.10548523206751055,
            237.0
        ],
        [
            0.10666666666666667,
            0.1059322033898305,
            236.0
        ],
        [
            0.10666666666666667,
            0.10979961570134504,
            227.6875
        ],
        [
            0.10666666666666667,
            0.10854816824966079,
            230.3125
        ],
        [
            0.10666666666666667,
            0.10638297872340426,
            235.0
        ]
    ]
}