{
    "rgb_colors": [
        [
            252.056,
            248.144,
            239.912
        ],
        [
            225.7088607594937,
            220.13924050632912,
            209.20253164556962
        ],
        [
            89.22727272727272,
            83.13636363636364,
            75.36363636363636
        ],
        [
            42.66666666666666,
            38.28888888888889,
            33.888888888888886
        ],
        [
            163.33333333333334,
            157.93333333333334,
            147.46666666666667
        ],
        [
            131.125,
            125.875,
            118.5
        ],
        [
            209.74193548387098,
            203.752688172043,
            192.53763440860217
        ],
        [
            25.083333333333343,
            21.523148148148152,
            17.458333333333343
        ],
        [
            8.4368932038835,
            4.262135922330103,
            2.106796116504867
        ],
        [
            193.93506493506493,
            188.35064935064935,
            177.31168831168833
        ]
    ],
    "hex_colors": [
        "#fcf8ef",
        "#e1dcd1",
        "#59534b",
        "#2a2621",
        "#a39d93",
        "#837d76",
        "#d1cbc0",
        "#191511",
        "#080402",
        "#c1bcb1"
    ],
    "hsl_color_values": [
        [
            0.11297760210803683,
            0.048179769575015095,
            252.056
        ],
        [
            0.11042944785276064,
            0.07313106387751675,
            225.7088607594937
        ],
        [
            0.09344262295081979,
            0.15537442689760567,
            89.22727272727272
        ],
        [
            0.08354430379746852,
            0.20572916666666657,
            42.66666666666666
        ],
        [
            0.1099439775910364,
            0.09714285714285718,
            163.33333333333334
        ],
        [
            0.09735973597359737,
            0.09628217349857007,
            131.125
        ],
        [
            0.10864583333333318,
            0.08202604326873775,
            209.74193548387098
        ],
        [
            0.08884841125278271,
            0.30398671096345503,
            25.083333333333343
        ],
        [
            0.056748466257668585,
            0.7502876869965464,
            8.4368932038835
        ],
        [
            0.1106770833333333,
            0.08571619902229949,
            193.93506493506493
        ]
    ]
}