{
    "rgb_colors": [
        [
            86.98076923076923,
            56.96153846153846,
            33.30769230769231
        ],
        [
            199.0943396226415,
            159.6367924528302,
            34.59905660377359
        ],
        [
            133.6315789473684,
            110.42105263157895,
            27.526315789473685
        ],
        [
            172.9736842105263,
            140.6315789473684,
            133.07894736842104
        ],
        [
            239.45689655172413,
            223.61206896551724,
            217.17241379310346
        ],
        [
            126.875,
            86.3125,
            80.9375
        ],
        [
            6.927648578811372,
            2.178294573643413,
            2.126614987080103
        ],
        [
            29.299999999999997,
            21.88333333333334,
            13.916666666666664
        ],
        [
            215.90277777777777,
            180.81944444444446,
            68.69444444444444
        ],
        [
            216.27777777777777,
            185.3611111111111,
            179.72222222222223
        ]
    ],
    "hex_colors": [
        "#563821",
        "#c79f22",
        "#856e1b",
        "#ac8c85",
        "#efdfd9",
        "#7e5650",
        "#060202",
        "#1d150d",
        "#d7b444",
        "#d8b9b3"
    ],
    "hsl_color_values": [
        [
            0.073450376209244,
            0.6170683174883926,
            86.98076923076923
        ],
        [
            0.12668826886129672,
            0.8262177786201668,
            199.0943396226415
        ],
        [
            0.13020833333333334,
            0.7940133910988578,
            133.6315789473684
        ],
        [
            0.031552330694810914,
            0.23064049901110603,
            172.9736842105263
        ],
        [
            0.04816247582205022,
            0.093062605752961,
            239.45689655172413
        ],
        [
            0.019501133786848073,
            0.3620689655172414,
            126.875
        ],
        [
            0.0017940437746681859,
            0.6930249906751214,
            6.927648578811372
        ],
        [
            0.08631274828457937,
            0.525028441410694,
            29.299999999999997
        ],
        [
            0.12694593829606568,
            0.681826954004503,
            215.90277777777777
        ],
        [
            0.025709219858155885,
            0.16902132031852038,
            216.27777777777777
        ]
    ]
}