{
    "rgb_colors": [
        [
            155.0,
            158.76923076923077,
            156.19230769230768
        ],
        [
            29.08502024291498,
            29.97570850202429,
            6.036437246963565
        ],
        [
            60.0887573964497,
            64.98224852071006,
            17.893491124260354
        ],
        [
            127.53333333333333,
            132.53333333333333,
            104.64444444444445
        ],
        [
            195.94736842105263,
            200.73684210526315,
            201.26315789473682
        ],
        [
            175.3709677419355,
            180.7258064516129,
            130.16129032258064
        ],
        [
            89.58730158730158,
            93.9047619047619,
            71.11111111111111
        ],
        [
            4.1337792642140485,
            3.3578595317725757,
            1.9598662207357833
        ],
        [
            45.0188679245283,
            47.320754716981135,
            47.60377358490566
        ],
        [
            204.0487804878049,
            208.34146341463415,
            154.65853658536585
        ]
    ],
    "hex_colors": [
        "#9b9e9c",
        "#1d1d06",
        "#3c4011",
        "#7f8468",
        "#c3c8c9",
        "#afb482",
        "#595d47",
        "#040301",
        "#2d2f2f",
        "#ccd09a"
    ],
    "hsl_color_values": [
        [
            0.3860544217687068,
            0.023740310077519408,
            158.76923076923077
        ],
        [
            0.1728676926546028,
            0.7986223662884926,
            29.97570850202429
        ],
        [
            0.18398676384351176,
            0.7246403205244947,
            64.98224852071006
        ],
        [
            0.19654714475431603,
            0.21042924211938294,
            132.53333333333333
        ],
        [
            0.516501650165016,
            0.026412133891213295,
            201.26315789473682
        ],
        [
            0.18431685273790532,
            0.2797858099062918,
            180.7258064516129
        ],
        [
            0.1982358402971216,
            0.2427315753887761,
            93.9047619047619
        ],
        [
            0.1071794871794872,
            0.5258899676375413,
            4.1337792642140485
        ],
        [
            0.5182481751824816,
            0.054300435988902114,
            47.60377358490566
        ],
        [
            0.17999394214750866,
            0.2576679934441583,
            208.34146341463415
        ]
    ]
}