{
    "rgb_colors": [
        [
            102.27329192546584,
            64.94409937888199,
            22.024844720496894
        ],
        [
            115.51020408163265,
            77.65306122448979,
            31.224489795918366
        ],
        [
            97.42331288343559,
            60.22085889570552,
            17.263803680981596
        ],
        [
            90.87121212121212,
            54.20454545454545,
            10.984848484848484
        ],
        [
            121.37209302325581,
            83.46511627906978,
            36.348837209302324
        ],
        [
            106.07964601769912,
            68.50442477876106,
            25.265486725663717
        ],
        [
            85.45161290322581,
            49.03225806451613,
            6.064516129032258
        ],
        [
            110.43076923076923,
            72.81538461538462,
            29.8
        ],
        [
            94.72189349112426,
            57.532544378698226,
            14.023668639053255
        ],
        [
            100.56122448979592,
            62.56122448979592,
            18.285714285714285
        ]
    ],
    "hex_colors": [
        "#664016",
        "#734d1f",
        "#613c11",
        "#5a360a",
        "#795324",
        "#6a4419",
        "#553106",
        "#6e481d",
        "#5e390e",
        "#643e12"
    ],
    "hsl_color_values": [
        [
            0.08913828689370484,
            0.7846471517065469,
            102.27329192546584
        ],
        [
            0.09180790960451975,
            0.7296819787985865,
            115.51020408163265
        ],
        [
            0.08931578141741925,
            0.8227959697732997,
            97.42331288343559
        ],
        [
            0.09016911648490596,
            0.8791162984576907,
            90.87121212121212
        ],
        [
            0.09235959153902262,
            0.7005173404866832,
            121.37209302325581
        ],
        [
            0.08917360198569134,
            0.761825310753316,
            106.07964601769912
        ],
        [
            0.09020723283218203,
            0.9290298225745565,
            85.45161290322581
        ],
        [
            0.08891432932646443,
            0.7301476734466426,
            110.43076923076923
        ],
        [
            0.08985921689397273,
            0.8519490254872564,
            94.72189349112426
        ],
        [
            0.08968952829798667,
            0.8181633688483003,
            100.56122448979592
        ]
    ]
}