{
    "rgb_colors": [
        [
            123.43137254901961,
            80.23529411764706,
            24.5
        ],
        [
            42.778846153846146,
            12.625,
            0.28846153846153655
        ],
        [
            67.58108108108108,
            38.55405405405405,
            13.013513513513512
        ],
        [
            145.22857142857143,
            100.08571428571429,
            40.74285714285714
        ],
        [
            101.76,
            66.0,
            19.92
        ],
        [
            137.13333333333333,
            99.56666666666666,
            54.71666666666667
        ],
        [
            126.25225225225225,
            86.93693693693695,
            37.68468468468468
        ],
        [
            137.13529411764705,
            93.52941176470588,
            35.18235294117647
        ],
        [
            54.99300699300699,
            26.251748251748253,
            3.5524475524475534
        ],
        [
            132.1030303030303,
            88.03636363636363,
            28.545454545454547
        ]
    ],
    "hex_colors": [
        "#7b5018",
        "#2a0c00",
        "#43260d",
        "#916428",
        "#654213",
        "#896336",
        "#7e5625",
        "#895d23",
        "#361a03",
        "#84581c"
    ],
    "hsl_color_values": [
        [
            0.0938955504905361,
            0.8015091342335187,
            123.43137254901961
        ],
        [
            0.04838953005959118,
            0.993256911665543,
            42.778846153846146
        ],
        [
            0.07800891530460623,
            0.8074385122975405,
            67.58108108108108
        ],
        [
            0.0946586455200073,
            0.7194570135746607,
            145.22857142857143
        ],
        [
            0.09384164222873899,
            0.8042452830188679,
            101.76
        ],
        [
            0.09069767441860466,
            0.6009965969859018,
            137.13333333333333
        ],
        [
            0.09268300952768456,
            0.7015127729413444,
            126.25225225225225
        ],
        [
            0.09538233710285408,
            0.7434478617080599,
            137.13529411764705
        ],
        [
            0.07354540511147363,
            0.9354018311291963,
            54.99300699300699
        ],
        [
            0.09574530344706501,
            0.7839152176905079,
            132.1030303030303
        ]
    ]
}