{
    "rgb_colors": [
        [
            222.6086956521739,
            206.69565217391306,
            190.76086956521738
        ],
        [
            51.3932584269663,
            25.921348314606746,
            8.32584269662921
        ],
        [
            196.64968152866243,
            180.64331210191085,
            163.9171974522293
        ],
        [
            19.165517241379305,
            3.379310344827587,
            0.6413793103448313
        ],
        [
            254.0,
            243.51351351351352,
            229.32432432432432
        ],
        [
            98.25641025641025,
            71.92307692307692,
            48.63076923076923
        ],
        [
            237.0,
            221.40625,
            206.09375
        ],
        [
            207.58227848101265,
            191.56962025316454,
            175.0759493670886
        ],
        [
            77.39416058394161,
            50.97080291970803,
            29.291970802919707
        ],
        [
            114.26168224299066,
            88.88785046728972,
            67.60747663551402
        ]
    ],
    "hex_colors": [
        "#decebe",
        "#331908",
        "#c4b4a3",
        "#130300",
        "#fef3e5",
        "#624730",
        "#edddce",
        "#cfbfaf",
        "#4d321d",
        "#725843"
    ],
    "hsl_color_values": [
        [
            0.08339021615472142,
            0.14306640625000006,
            222.6086956521739
        ],
        [
            0.06809287764153406,
            0.8379973764757325,
            51.3932584269663
        ],
        [
            0.08516572614646183,
            0.1664507352464858,
            196.64968152866243
        ],
        [
            0.024633904194589218,
            0.9665347247211225,
            19.165517241379305
        ],
        [
            0.09583789704271634,
            0.09714832943179401,
            254.0
        ],
        [
            0.07822672315800351,
            0.505062630480167,
            98.25641025641025
        ],
        [
            0.08257499157398046,
            0.13040611814345993,
            237.0
        ],
        [
            0.08456645898234678,
            0.1565949143240441,
            207.58227848101265
        ],
        [
            0.07511380880121395,
            0.6215222106950864,
            77.39416058394161
        ],
        [
            0.07602163461538462,
            0.40831015867822673,
            114.26168224299066
        ]
    ]
}