{
    "rgb_colors": [
        [
            111.66666666666667,
            103.33333333333334,
            93.66666666666667
        ],
        [
            151.23529411764707,
            141.37254901960785,
            130.35294117647058
        ],
        [
            164.83050847457628,
            158.4406779661017,
            148.08474576271186
        ],
        [
            169.18721461187215,
            162.59360730593608,
            152.41095890410958
        ],
        [
            134.78947368421052,
            125.89473684210526,
            115.94736842105263
        ],
        [
            181.35593220338984,
            173.64406779661016,
            161.40677966101694
        ],
        [
            158.3913043478261,
            150.48695652173913,
            140.02608695652174
        ],
        [
            161.5536723163842,
            154.59887005649716,
            144.1581920903955
        ],
        [
            175.3125,
            168.1,
            157.075
        ],
        [
            189.7,
            181.5,
            167.9
        ]
    ],
    "hex_colors": [
        "#6f675d",
        "#978d82",
        "#a49e94",
        "#a9a298",
        "#867d73",
        "#b5ada1",
        "#9e968c",
        "#a19a90",
        "#afa89d",
        "#bdb5a7"
    ],
    "hsl_color_values": [
        [
            0.08950617283950622,
            0.16119402985074627,
            111.66666666666667
        ],
        [
            0.08794992175273864,
            0.13807856865033075,
            151.23529411764707
        ],
        [
            0.10307017543859653,
            0.10159383033419028,
            164.83050847457628
        ],
        [
            0.10116131373616406,
            0.09915794019216245,
            169.18721461187215
        ],
        [
            0.08798882681564246,
            0.13978914486528696,
            134.78947368421052
        ],
        [
            0.10223732653639184,
            0.1100000000000001,
            181.35593220338984
        ],
        [
            0.0949337121212121,
            0.11594839418062042,
            158.3913043478261
        ],
        [
            0.10003247807729759,
            0.1076761671620913,
            161.5536723163842
        ],
        [
            0.10075394105551745,
            0.1040285204991088,
            175.3125
        ],
        [
            0.10397553516819576,
            0.11491829204006318,
            189.7
        ]
    ]
}