{
    "rgb_colors": [
        [
            83.67692307692307,
            51.87692307692308,
            16.338461538461537
        ],
        [
            29.282608695652172,
            4.913043478260867,
            1.3260869565217401
        ],
        [
            58.11486486486486,
            25.66891891891892,
            0.33783783783783683
        ],
        [
            137.21428571428572,
            105.57142857142857,
            69.78571428571428
        ],
        [
            107.36363636363636,
            73.43636363636364,
            35.92727272727272
        ],
        [
            68.52777777777777,
            36.84444444444444,
            3.6166666666666654
        ],
        [
            76.36571428571429,
            44.72571428571428,
            9.474285714285713
        ],
        [
            90.58394160583941,
            58.722627737226276,
            21.81021897810219
        ],
        [
            119.51063829787233,
            85.61702127659575,
            47.29787234042553
        ],
        [
            98.56521739130434,
            64.59782608695652,
            26.836956521739133
        ]
    ],
    "hex_colors": [
        "#533310",
        "#1d0401",
        "#3a1900",
        "#896945",
        "#6b4923",
        "#442403",
        "#4c2c09",
        "#5a3a15",
        "#77552f",
        "#62401a"
    ],
    "hsl_color_values": [
        [
            0.0879597898103724,
            0.8047435190292332,
            83.67692307692307
        ],
        [
            0.02138413685847586,
            0.9547141796585003,
            29.282608695652172
        ],
        [
            0.07307137566756326,
            0.9941867224741309,
            58.11486486486486
        ],
        [
            0.08845338983050847,
            0.4914107235814681,
            137.21428571428572
        ],
        [
            0.08751166539407823,
            0.6653683319221,
            107.36363636363636
        ],
        [
            0.0853161017916239,
            0.9472233481961898,
            68.52777777777777
        ],
        [
            0.08783245059513638,
            0.8759353486979946,
            76.36571428571429
        ],
        [
            0.08945376070190336,
            0.7592264302981467,
            90.58394160583941
        ],
        [
            0.08844038499312516,
            0.6042371372618836,
            119.51063829787233
        ],
        [
            0.08774056675253827,
            0.7277238641376269,
            98.56521739130434
        ]
    ]
}