{
    "rgb_colors": [
        [
            103.57142857142857,
            63.628571428571426,
            59.57142857142857
        ],
        [
            84.33018867924528,
            7.566037735849058,
            6.981132075471699
        ],
        [
            66.34285714285714,
            3.685714285714287,
            2.4285714285714306
        ],
        [
            120.31428571428572,
            80.77142857142857,
            75.37142857142857
        ],
        [
            106.4920634920635,
            26.3015873015873,
            25.682539682539684
        ],
        [
            176.96774193548387,
            129.64516129032256,
            126.16129032258064
        ],
        [
            99.41333333333333,
            20.82,
            19.82
        ],
        [
            89.17777777777778,
            12.44074074074074,
            12.244444444444444
        ],
        [
            136.94736842105263,
            97.89473684210526,
            91.3157894736842
        ],
        [
            93.90357142857142,
            16.603571428571428,
            15.907142857142858
        ]
    ],
    "hex_colors": [
        "#673f3b",
        "#540706",
        "#420302",
        "#78504b",
        "#6a1a19",
        "#b0817e",
        "#631413",
        "#590c0c",
        "#88615b",
        "#5d100f"
    ],
    "hsl_color_values": [
        [
            0.015367965367965364,
            0.42482758620689653,
            103.57142857142857
        ],
        [
            0.0012603162987356125,
            0.917216690905023,
            84.33018867924528
        ],
        [
            0.0032781999701981626,
            0.9633936261843238,
            66.34285714285714
        ],
        [
            0.020025429116338218,
            0.37354547613393496,
            120.31428571428572
        ],
        [
            0.001276762914947956,
            0.7588314204799523,
            106.4920634920635
        ],
        [
            0.01142857142857138,
            0.28709442216551223,
            176.96774193548387
        ],
        [
            0.0020939777200770595,
            0.800630364806867,
            99.41333333333333
        ],
        [
            0.0004252519417164054,
            0.8626962372290058,
            89.17777777777778
        ],
        [
            0.024029219530949646,
            0.33320522674865494,
            136.94736842105263
        ],
        [
            0.0014881633774440257,
            0.830601300726429,
            93.90357142857142
        ]
    ]
}