{
    "rgb_colors": [
        [
            28.877192982456144,
            24.701754385964918,
            18.824561403508774
        ],
        [
            228.84057971014494,
            221.57971014492753,
            208.8695652173913
        ],
        [
            58.028985507246375,
            52.934782608695656,
            47.36231884057971
        ],
        [
            251.84615384615387,
            247.26923076923077,
            235.34615384615387
        ],
        [
            69.3170731707317,
            63.59756097560975,
            58.256097560975604
        ],
        [
            204.5948275862069,
            198.17241379310343,
            186.22413793103448
        ],
        [
            106.75,
            101.25,
            90.625
        ],
        [
            49.29457364341085,
            44.51937984496124,
            37.75968992248062
        ],
        [
            5.033333333333331,
            1.9857142857142804,
            1.6238095238095127
        ],
        [
            148.32,
            141.04,
            129.0
        ]
    ],
    "hex_colors": [
        "#1c1812",
        "#e4ddd0",
        "#3a342f",
        "#fbf7eb",
        "#453f3a",
        "#ccc6ba",
        "#6a655a",
        "#312c25",
        "#050101",
        "#948d81"
    ],
    "hsl_color_values": [
        [
            0.09744037230948228,
            0.34811664641555284,
            28.877192982456144
        ],
        [
            0.10607160135462013,
            0.08727042431918937,
            228.84057971014494
        ],
        [
            0.08706974637681165,
            0.18381618381618378,
            58.028985507246375
        ],
        [
            0.12043512043512027,
            0.06551618814905313,
            251.84615384615387
        ],
        [
            0.08048511576626242,
            0.15957072484166082,
            69.3170731707317
        ],
        [
            0.10839981229469724,
            0.08979058694644587,
            204.5948275862069
        ],
        [
            0.10981912144702843,
            0.15105386416861827,
            106.75
        ],
        [
            0.09767025089605742,
            0.23399905645541752,
            49.29457364341085
        ],
        [
            0.017690875232774905,
            0.6773888363292357,
            5.033333333333331
        ],
        [
            0.10386473429951688,
            0.13025889967637536,
            148.32
        ]
    ]
}