{
    "rgb_colors": [
        [
            84.41176470588235,
            55.955882352941174,
            52.705882352941174
        ],
        [
            155.8170731707317,
            132.2439024390244,
            126.2560975609756
        ],
        [
            189.3046875,
            176.2890625,
            168.3671875
        ],
        [
            213.13513513513516,
            192.8918918918919,
            187.56756756756758
        ],
        [
            31.015625,
            25.15625,
            20.8984375
        ],
        [
            126.7910447761194,
            91.88059701492537,
            86.22388059701493
        ],
        [
            12.652173913043484,
            6.58695652173914,
            3.967391304347828
        ],
        [
            174.95391705069125,
            162.7741935483871,
            154.20276497695852
        ],
        [
            47.800000000000004,
            7.349999999999994,
            4.916666666666671
        ],
        [
            50.682758620689654,
            38.220689655172414,
            34.827586206896555
        ]
    ],
    "hex_colors": [
        "#543734",
        "#9b847e",
        "#bdb0a8",
        "#d5c0bb",
        "#1f1914",
        "#7e5b56",
        "#0c0603",
        "#aea29a",
        "#2f0704",
        "#322622"
    ],
    "hsl_color_values": [
        [
            0.017084106369820662,
            0.375609756097561,
            84.41176470588235
        ],
        [
            0.03375962596259632,
            0.1897158957501761,
            155.8170731707317
        ],
        [
            0.06305970149253731,
            0.11060212124963889,
            189.3046875
        ],
        [
            0.034707540521493975,
            0.1199594217600812,
            213.13513513513516
        ],
        [
            0.07014157014157014,
            0.3261964735516373,
            31.015625
        ],
        [
            0.02324012754476329,
            0.3199529134785168,
            126.7910447761194
        ],
        [
            0.05027117229870683,
            0.686426116838488,
            12.652173913043484
        ],
        [
            0.06884299355984906,
            0.11860924535756621,
            174.95391705069125
        ],
        [
            0.009457183573001645,
            0.8971408647140864,
            47.800000000000004
        ],
        [
            0.03566768160069592,
            0.3128316777792896,
            50.682758620689654
        ]
    ]
}