{
    "rgb_colors": [
        [
            210.16666666666666,
            197.5,
            178.83333333333334
        ],
        [
            218.95275590551182,
            206.0236220472441,
            187.48818897637796
        ],
        [
            213.80769230769232,
            200.57692307692307,
            182.19230769230768
        ],
        [
            231.6231884057971,
            218.7826086956522,
            200.20289855072463
        ],
        [
            228.42857142857142,
            215.42176870748298,
            196.9251700680272
        ],
        [
            220.94444444444446,
            208.94444444444446,
            189.94444444444446
        ],
        [
            222.09649122807016,
            208.09649122807016,
            190.09649122807016
        ],
        [
            216.81512605042016,
            203.6890756302521,
            185.25210084033614
        ],
        [
            225.9241379310345,
            212.98620689655172,
            194.4551724137931
        ],
        [
            223.95705521472394,
            210.93865030674846,
            192.4478527607362
        ]
    ],
    "hex_colors": [
        "#d2c5b2",
        "#dacebb",
        "#d5c8b6",
        "#e7dac8",
        "#e4d7c4",
        "#dcd0bd",
        "#ded0be",
        "#d8cbb9",
        "#e1d4c2",
        "#dfd2c0"
    ],
    "hsl_color_values": [
        [
            0.09929078014184399,
            0.14908802537668508,
            210.16666666666666
        ],
        [
            0.09818151484818145,
            0.14370482252670194,
            218.95275590551182
        ],
        [
            0.09691808596918079,
            0.14786832164058294,
            213.80769230769232
        ],
        [
            0.09855473554735557,
            0.13565260918533353,
            231.6231884057971
        ],
        [
            0.09785503490966674,
            0.13791357693796719,
            228.42857142857142
        ],
        [
            0.10215053763440861,
            0.14030676389238117,
            220.94444444444446
        ],
        [
            0.09375,
            0.1440815198072594,
            222.09649122807016
        ],
        [
            0.09735534256301026,
            0.14557575287779537,
            216.81512605042016
        ],
        [
            0.098144495580393,
            0.1392899661161819,
            225.9241379310345
        ],
        [
            0.09780633437175486,
            0.14069305574578828,
            223.95705521472394
        ]
    ]
}