{
    "rgb_colors": [
        [
            15.063063063063062,
            1.1171171171171181,
            0.28828828828828534
        ],
        [
            98.81818181818181,
            85.89473684210526,
            70.00956937799043
        ],
        [
            37.27210884353742,
            16.421768707482997,
            13.136054421768709
        ],
        [
            92.84745762711864,
            80.22881355932203,
            64.4406779661017
        ],
        [
            45.72222222222223,
            30.944444444444446,
            26.166666666666668
        ],
        [
            30.54166666666667,
            10.666666666666671,
            8.541666666666671
        ],
        [
            73.3076923076923,
            63.23076923076923,
            48.73076923076923
        ],
        [
            104.51388888888889,
            91.92361111111111,
            77.52777777777777
        ],
        [
            41.324675324675326,
            20.253246753246753,
            17.5
        ],
        [
            117.92,
            107.03999999999999,
            96.6
        ]
    ],
    "hex_colors": [
        "#0f0100",
        "#625546",
        "#25100d",
        "#5c5040",
        "#2d1e1a",
        "#1e0a08",
        "#493f30",
        "#685b4d",
        "#291411",
        "#756b60"
    ],
    "hsl_color_values": [
        [
            0.009349593495935005,
            0.980861244019139,
            15.063063063063062
        ],
        [
            0.09190057022642972,
            0.29153149663487143,
            98.81818181818181
        ],
        [
            0.02268883878241264,
            0.6475634239824786,
            37.27210884353742
        ],
        [
            0.09263126491646777,
            0.3059510770354143,
            92.84745762711864
        ],
        [
            0.04071969696969696,
            0.4277035236938032,
            45.72222222222223
        ],
        [
            0.016098484848484845,
            0.7203274215552523,
            30.54166666666667
        ],
        [
            0.09833072509128848,
            0.3352570828961175,
            73.3076923076923
        ],
        [
            0.08890890375707673,
            0.25820598006644524,
            104.51388888888889
        ],
        [
            0.019260470609612057,
            0.5765241986172219,
            41.324675324675326
        ],
        [
            0.08161350844277669,
            0.1808005427408413,
            117.92
        ]
    ]
}