{
    "rgb_colors": [
        [
            58.05093833780161,
            54.1367292225201,
            51.447721179624665
        ],
        [
            169.56521739130434,
            164.08695652173913,
            157.30434782608694
        ],
        [
            35.53142857142857,
            28.64,
            21.817142857142855
        ],
        [
            88.64406779661017,
            82.16949152542372,
            76.33898305084746
        ],
        [
            240.3846153846154,
            233.6153846153846,
            223.23076923076923
        ],
        [
            195.21428571428572,
            189.28571428571428,
            179.53571428571428
        ],
        [
            15.142857142857146,
            8.785714285714292,
            2.9642857142857153
        ],
        [
            49.4,
            44.818867924528305,
            41.05660377358491
        ],
        [
            211.51724137931035,
            205.55172413793105,
            195.3793103448276
        ],
        [
            130.3548387096774,
            124.48387096774194,
            112.54838709677419
        ]
    ],
    "hex_colors": [
        "#3a3633",
        "#a9a49d",
        "#231c15",
        "#58524c",
        "#f0e9df",
        "#c3bdb3",
        "#0f0802",
        "#312c29",
        "#d3cdc3",
        "#827c70"
    ],
    "hsl_color_values": [
        [
            0.06787115983218284,
            0.11374867223941258,
            58.05093833780161
        ],
        [
            0.09219858156028375,
            0.07230769230769239,
            169.56521739130434
        ],
        [
            0.0829166666666667,
            0.3859761981344484,
            35.53142857142857
        ],
        [
            0.07897153351698794,
            0.13881453154875717,
            88.64406779661017
        ],
        [
            0.10089686098654709,
            0.07136000000000002,
            240.3846153846154
        ],
        [
            0.10364464692482905,
            0.08031467252103923,
            195.21428571428572
        ],
        [
            0.07966764418377327,
            0.8042452830188679,
            15.142857142857146
        ],
        [
            0.07515453037841101,
            0.1688946604537467,
            49.4
        ],
        [
            0.10505698005698015,
            0.07629605477665473,
            211.51724137931035
        ],
        [
            0.1117149758454107,
            0.13659985152190046,
            130.3548387096774
        ]
    ]
}