{
    "rgb_colors": [
        [
            75.91666666666667,
            70.91666666666667,
            65.91666666666667
        ],
        [
            72.8125,
            67.71875,
            62.71875
        ],
        [
            70.34545454545454,
            64.98181818181818,
            59.981818181818184
        ],
        [
            68.43478260869566,
            62.95652173913044,
            57.95652173913044
        ],
        [
            66.63398692810458,
            61.28104575163399,
            56.28104575163399
        ],
        [
            65.06439393939394,
            59.51893939393939,
            54.51893939393939
        ],
        [
            63.13513513513514,
            57.58918918918919,
            52.58918918918919
        ],
        [
            58.172413793103445,
            53.06896551724138,
            48.06896551724138
        ],
        [
            79.22222222222223,
            74.22222222222223,
            69.22222222222223
        ],
        [
            61.04464285714286,
            55.38392857142857,
            50.38392857142857
        ]
    ],
    "hex_colors": [
        "#4b4641",
        "#48433e",
        "#46403b",
        "#443e39",
        "#423d38",
        "#413b36",
        "#3f3934",
        "#3a3530",
        "#4f4a45",
        "#3d3732"
    ],
    "hsl_color_values": [
        [
            0.08333333333333333,
            0.13172338090010977,
            75.91666666666667
        ],
        [
            0.08255933952528378,
            0.1386266094420601,
            72.8125
        ],
        [
            0.08040935672514622,
            0.14732489015249414,
            70.34545454545454
        ],
        [
            0.07952973720608575,
            0.15311308767471413,
            68.43478260869566
        ],
        [
            0.08049242424242425,
            0.1553702795487984,
            66.63398692810458
        ],
        [
            0.07902298850574711,
            0.16207719625080053,
            65.06439393939394
        ],
        [
            0.07901930633862976,
            0.1670376712328767,
            63.13513513513514
        ],
        [
            0.08248009101251426,
            0.17368109069353876,
            58.172413793103445
        ],
        [
            0.08333333333333333,
            0.12622720897615708,
            79.22222222222223
        ],
        [
            0.07816862088218868,
            0.1746379991224222,
            61.04464285714286
        ]
    ]
}