{
    "rgb_colors": [
        [
            202.75,
            170.45833333333331,
            72.375
        ],
        [
            123.77777777777777,
            100.77777777777777,
            31.11111111111111
        ],
        [
            206.0566037735849,
            165.0943396226415,
            33.81132075471698
        ],
        [
            229.88888888888889,
            190.15873015873015,
            65.28571428571428
        ],
        [
            8.376681614349792,
            2.7399103139013476,
            2.0807174887892366
        ],
        [
            95.83333333333334,
            74.58333333333334,
            12.666666666666668
        ],
        [
            194.62369337979095,
            155.12891986062718,
            31.2404181184669
        ],
        [
            58.05,
            39.3,
            7.75
        ],
        [
            160.4,
            132.4,
            44.2
        ],
        [
            213.81132075471697,
            172.75471698113208,
            42.632075471698116
        ]
    ],
    "hex_colors": [
        "#caaa48",
        "#7b641f",
        "#cea521",
        "#e5be41",
        "#080202",
        "#5f4a0c",
        "#c29b1f",
        "#3a2707",
        "#a0842c",
        "#d5ac2a"
    ],
    "hsl_color_values": [
        [
            0.1253861723660381,
            0.6430332922318126,
            202.75
        ],
        [
            0.12529976019184652,
            0.748653500897666,
            123.77777777777777
        ],
        [
            0.12703107313688977,
            0.8359124622287336,
            206.0566037735849
        ],
        [
            0.12643844423015108,
            0.716011875992543,
            229.88888888888889
        ],
        [
            0.017450142450142498,
            0.7516059957173453,
            8.376681614349792
        ],
        [
            0.12408149632598531,
            0.8678260869565217,
            95.83333333333334
        ],
        [
            0.12637819624234928,
            0.8394829654295791,
            194.62369337979095
        ],
        [
            0.10453943008614976,
            0.8664944013781223,
            58.05
        ],
        [
            0.12650602409638553,
            0.7244389027431422,
            160.4
        ],
        [
            0.12669238541379627,
            0.800608895164137,
            213.81132075471697
        ]
    ]
}