{
    "rgb_colors": [
        [
            164.27649769585253,
            91.33179723502305,
            39.175115207373274
        ],
        [
            151.0,
            79.73469387755102,
            30.727891156462587
        ],
        [
            90.58947368421053,
            62.09473684210526,
            33.94736842105263
        ],
        [
            134.5142857142857,
            72.08571428571429,
            30.857142857142858
        ],
        [
            126.79411764705883,
            76.67647058823529,
            42.411764705882355
        ],
        [
            78.68852459016392,
            40.0327868852459,
            10.786885245901637
        ],
        [
            157.14356435643563,
            85.87128712871288,
            37.23267326732673
        ],
        [
            107.17391304347827,
            57.608695652173914,
            23.434782608695652
        ],
        [
            82.4766355140187,
            51.94392523364486,
            24.317757009345797
        ],
        [
            169.66990291262135,
            97.54368932038835,
            45.18446601941747
        ]
    ],
    "hex_colors": [
        "#a45b27",
        "#974f1e",
        "#5a3e21",
        "#86481e",
        "#7e4c2a",
        "#4e280a",
        "#9d5525",
        "#6b3917",
        "#523318",
        "#a9612d"
    ],
    "hsl_color_values": [
        [
            0.06948588548765365,
            0.7615293985637344,
            164.27649769585253
        ],
        [
            0.06791101055806938,
            0.7965040320764067,
            151.0
        ],
        [
            0.08282227590906276,
            0.6252614455031373,
            90.58947368421053
        ],
        [
            0.06628996692392503,
            0.7706032285471537,
            134.5142857142857
        ],
        [
            0.06767747182525848,
            0.6655068429598701,
            126.79411764705883
        ],
        [
            0.07178496700466765,
            0.8629166666666668,
            78.68852459016392
        ],
        [
            0.06760383122780944,
            0.7630658727908515,
            157.14356435643563
        ],
        [
            0.06801661474558669,
            0.7813387423935091,
            107.17391304347827
        ],
        [
            0.07916867534415341,
            0.705155807365439,
            82.4766355140187
        ],
        [
            0.0701008682992773,
            0.7336919203479058,
            169.66990291262135
        ]
    ]
}