{
    "rgb_colors": [
        [
            229.56626506024097,
            222.40963855421685,
            207.79518072289156
        ],
        [
            232.51960784313727,
            226.51960784313727,
            211.51960784313727
        ],
        [
            234.0,
            228.0,
            213.0
        ],
        [
            237.5625,
            228.5625,
            214.5625
        ],
        [
            235.9025974025974,
            229.9025974025974,
            214.9025974025974
        ],
        [
            234.93150684931507,
            225.93150684931507,
            211.93150684931507
        ],
        [
            232.06976744186048,
            224.15116279069767,
            209.7906976744186
        ],
        [
            240.5648148148148,
            232.9537037037037,
            218.49074074074073
        ],
        [
            239.03030303030303,
            230.96212121212122,
            216.65151515151516
        ],
        [
            242.48936170212767,
            235.3404255319149,
            220.72340425531914
        ]
    ],
    "hex_colors": [
        "#e5decf",
        "#e8e2d3",
        "#eae4d5",
        "#ede4d6",
        "#ebe5d6",
        "#eae1d3",
        "#e8e0d1",
        "#f0e8da",
        "#efe6d8",
        "#f2ebdc"
    ],
    "hsl_color_values": [
        [
            0.11187972698764058,
            0.09483573003043984,
            229.56626506024097
        ],
        [
            0.11904761904761905,
            0.09031496394990934,
            232.51960784313727
        ],
        [
            0.11904761904761905,
            0.08974358974358974,
            234.0
        ],
        [
            0.10144927536231885,
            0.09681662720336753,
            237.5625
        ],
        [
            0.11904761904761905,
            0.08901979135126208,
            235.9025974025974
        ],
        [
            0.10144927536231885,
            0.09790087463556851,
            234.93150684931507
        ],
        [
            0.10742867084203193,
            0.09600160336707093,
            232.06976744186048
        ],
        [
            0.10920022371364652,
            0.09175936261113891,
            240.5648148148148
        ],
        [
            0.10657865041751301,
            0.0936232251521298,
            239.03030303030303
        ],
        [
            0.1119257086999022,
            0.08976046327981055,
            242.48936170212767
        ]
    ]
}