{
    "rgb_colors": [
        [
            12.361111111111114,
            9.305555555555557,
            8.555555555555557
        ],
        [
            54.18181818181818,
            49.84090909090909,
            48.36363636363636
        ],
        [
            89.69543147208122,
            77.93401015228426,
            67.57360406091371
        ],
        [
            28.935483870967744,
            24.741935483870968,
            23.032258064516128
        ],
        [
            98.72258064516129,
            86.00645161290322,
            75.84516129032258
        ],
        [
            118.28915662650603,
            104.3855421686747,
            94.3855421686747
        ],
        [
            71.97087378640776,
            63.84466019417476,
            56.990291262135926
        ],
        [
            107.18452380952381,
            93.92857142857143,
            83.81547619047619
        ],
        [
            83.46511627906976,
            71.21511627906976,
            60.575581395348834
        ],
        [
            41.31428571428572,
            37.4,
            36.31428571428572
        ]
    ],
    "hex_colors": [
        "#0c0908",
        "#363130",
        "#594d43",
        "#1c1817",
        "#62564b",
        "#76685e",
        "#473f38",
        "#6b5d53",
        "#53473c",
        "#292524"
    ],
    "hsl_color_values": [
        [
            0.032846715328467134,
            0.3078651685393259,
            12.361111111111114
        ],
        [
            0.0423177083333335,
            0.10738255033557051,
            54.18181818181818
        ],
        [
            0.07805568303503128,
            0.24663271080928129,
            89.69543147208122
        ],
        [
            0.04826958105646632,
            0.2040133779264215,
            28.935483870967744
        ],
        [
            0.0740270727580372,
            0.23173441380211734,
            98.72258064516129
        ],
        [
            0.06972446236559139,
            0.20207781625585658,
            118.28915662650603
        ],
        [
            0.07625837113847482,
            0.2081478483744772,
            71.97087378640776
        ],
        [
            0.07212599762268639,
            0.21802632309657358,
            107.18452380952381
        ],
        [
            0.07747015494030986,
            0.27424073558094175,
            83.46511627906976
        ],
        [
            0.03619047619047607,
            0.1210235131396957,
            41.31428571428572
        ]
    ]
}