{
    "rgb_colors": [
        [
            172.41237113402062,
            165.659793814433,
            152.7319587628866
        ],
        [
            184.24742268041237,
            176.81443298969072,
            165.57731958762886
        ],
        [
            214.7741935483871,
            206.40322580645162,
            196.4516129032258
        ],
        [
            177.63953488372093,
            170.5581395348837,
            158.22093023255815
        ],
        [
            192.013698630137,
            184.34246575342465,
            175.35616438356163
        ],
        [
            133.01999999999998,
            124.06,
            111.82
        ],
        [
            204.6439393939394,
            198.09848484848484,
            188.67424242424244
        ],
        [
            160.7941176470588,
            153.86764705882354,
            140.36764705882354
        ],
        [
            168.15322580645162,
            161.13709677419354,
            148.18548387096774
        ],
        [
            197.76543209876544,
            190.61111111111111,
            181.51234567901236
        ]
    ],
    "hex_colors": [
        "#aca598",
        "#b8b0a5",
        "#d6cec4",
        "#b1aa9e",
        "#c0b8af",
        "#857c6f",
        "#ccc6bc",
        "#a0998c",
        "#a8a194",
        "#c5beb5"
    ],
    "hsl_color_values": [
        [
            0.10948140387637506,
            0.11414733317388187,
            172.41237113402062
        ],
        [
            0.10031290263206327,
            0.10133169203222919,
            184.24742268041237
        ],
        [
            0.09052230046948362,
            0.08531090417542814,
            214.7741935483871
        ],
        [
            0.10588822355289411,
            0.10931465601885182,
            177.63953488372093
        ],
        [
            0.08991228070175435,
            0.08675180138403372,
            192.013698630137
        ],
        [
            0.09622641509433975,
            0.15937453014584266,
            133.01999999999998
        ],
        [
            0.09835547122074621,
            0.07803650094398992,
            204.6439393939394
        ],
        [
            0.1101511879049677,
            0.12703493689409173,
            160.7941176470588
        ],
        [
            0.10810446957458254,
            0.11874730228766006,
            168.15322580645162
        ],
        [
            0.09330294974047339,
            0.08218365690742244,
            197.76543209876544
        ]
    ]
}