{
    "rgb_colors": [
        [
            121.93452380952381,
            115.42857142857143,
            103.95833333333333
        ],
        [
            29.884892086330936,
            23.467625899280577,
            15.38848920863309
        ],
        [
            149.47727272727272,
            139.23863636363637,
            126.31818181818181
        ],
        [
            86.73684210526316,
            77.84210526315789,
            66.28947368421052
        ],
        [
            60.18181818181818,
            52.88636363636363,
            43.590909090909086
        ],
        [
            132.4788732394366,
            125.32394366197184,
            114.52816901408451
        ],
        [
            104.38043478260869,
            95.30434782608695,
            82.8695652173913
        ],
        [
            165.28125,
            153.5625,
            140.234375
        ],
        [
            112.98550724637681,
            106.21014492753623,
            94.5
        ],
        [
            40.090090090090094,
            33.72072072072072,
            25.693693693693696
        ]
    ],
    "hex_colors": [
        "#797367",
        "#1d170f",
        "#958b7e",
        "#564d42",
        "#3c342b",
        "#847d72",
        "#685f52",
        "#a5998c",
        "#706a5e",
        "#282119"
    ],
    "hsl_color_values": [
        [
            0.10634657836644594,
            0.14742494508176718,
            121.93452380952381
        ],
        [
            0.0928866832092639,
            0.4850746268656718,
            29.884892086330936
        ],
        [
            0.09298331697742897,
            0.15493386042268512,
            149.47727272727272
        ],
        [
            0.09416559416559411,
            0.23574029126213605,
            86.73684210526316
        ],
        [
            0.09337899543378995,
            0.27567975830815716,
            60.18181818181818
        ],
        [
            0.10023538642604955,
            0.13549861790346576,
            132.4788732394366
        ],
        [
            0.09634495536466232,
            0.2060814328855566,
            104.38043478260869
        ],
        [
            0.08868787689748388,
            0.1515409340139913,
            165.28125
        ],
        [
            0.10557951130275711,
            0.16360954335556696,
            112.98550724637681
        ],
        [
            0.0929286608260325,
            0.3591011235955056,
            40.090090090090094
        ]
    ]
}