{
    "rgb_colors": [
        [
            227.4927536231884,
            215.31884057971016,
            196.0
        ],
        [
            214.00709219858157,
            200.5035460992908,
            180.39716312056737
        ],
        [
            221.66666666666666,
            208.57037037037037,
            188.8740740740741
        ],
        [
            233.21875,
            221.21875,
            202.15625
        ],
        [
            225.19736842105263,
            212.93421052631578,
            193.55263157894737
        ],
        [
            217.64864864864865,
            204.1216216216216,
            184.03378378378378
        ],
        [
            229.9375,
            217.0625,
            196.5
        ],
        [
            223.42857142857142,
            210.65714285714284,
            191.05714285714285
        ],
        [
            219.8608695652174,
            206.6782608695652,
            186.84347826086957
        ],
        [
            229.94736842105263,
            217.94736842105263,
            198.8684210526316
        ]
    ],
    "hex_colors": [
        "#e3d7c4",
        "#d6c8b4",
        "#ddd0bc",
        "#e9ddca",
        "#e1d4c1",
        "#d9ccb8",
        "#e5d9c4",
        "#dfd2bf",
        "#dbceba",
        "#e5d9c6"
    ],
    "hsl_color_values": [
        [
            0.10223960730173344,
            0.13843409568707396,
            227.4927536231884
        ],
        [
            0.0997045790251108,
            0.15705053852526935,
            214.00709219858157
        ],
        [
            0.10010541374896469,
            0.14793650793650784,
            221.66666666666666
        ],
        [
            0.102280348759222,
            0.13319040600294788,
            233.21875
        ],
        [
            0.10207900207900204,
            0.14052001168565584,
            225.19736842105263
        ],
        [
            0.09959798994974874,
            0.15444554824289086,
            217.64864864864865
        ],
        [
            0.10249221183800623,
            0.14541995107366132,
            229.9375
        ],
        [
            0.10091203295086788,
            0.1448849104859335,
            223.42857142857142
        ],
        [
            0.1001229040470546,
            0.15017402309761113,
            219.8608695652174
        ],
        [
            0.102314422805532,
            0.1351567864499885,
            229.94736842105263
        ]
    ]
}