{
    "rgb_colors": [
        [
            169.5257731958763,
            162.55670103092783,
            153.06701030927834
        ],
        [
            178.33333333333334,
            171.36666666666667,
            160.75
        ],
        [
            147.98181818181817,
            141.0,
            130.5090909090909
        ],
        [
            88.16666666666667,
            81.83333333333334,
            71.83333333333334
        ],
        [
            106.22222222222223,
            99.33333333333334,
            89.88888888888889
        ],
        [
            163.1869918699187,
            156.20054200542006,
            146.91869918699186
        ],
        [
            188.25,
            181.25,
            170.57142857142856
        ],
        [
            156.94535519125682,
            149.97267759562843,
            139.69398907103826
        ],
        [
            60.25,
            55.25,
            43.25
        ],
        [
            129.85294117647058,
            122.85294117647058,
            113.0
        ]
    ],
    "hex_colors": [
        "#a9a299",
        "#b2aba0",
        "#938d82",
        "#585147",
        "#6a6359",
        "#a39c92",
        "#bcb5aa",
        "#9c958b",
        "#3c372b",
        "#817a71"
    ],
    "hsl_color_values": [
        [
            0.0960956258482095,
            0.0970870834346875,
            169.5257731958763
        ],
        [
            0.10063191153238549,
            0.09859813084112154,
            178.33333333333334
        ],
        [
            0.10006937218175521,
            0.11807347339968054,
            147.98181818181817
        ],
        [
            0.10204081632653066,
            0.1852551984877126,
            88.16666666666667
        ],
        [
            0.09637188208616787,
            0.15376569037656912,
            106.22222222222223
        ],
        [
            0.09509134321728037,
            0.09969111199681155,
            163.1869918699187
        ],
        [
            0.10067340067340073,
            0.09391007398975536,
            188.25
        ],
        [
            0.09930313588850186,
            0.10991957104557631,
            156.94535519125682
        ],
        [
            0.1176470588235294,
            0.2821576763485477,
            60.25
        ],
        [
            0.09744037230948221,
            0.1297848244620611,
            129.85294117647058
        ]
    ]
}