{
    "rgb_colors": [
        [
            213.0,
            201.0,
            180.0
        ],
        [
            214.0,
            202.0,
            181.0
        ],
        [
            211.52083333333334,
            199.52083333333334,
            178.52083333333334
        ],
        [
            215.0,
            203.0,
            182.0
        ],
        [
            216.0,
            204.0,
            183.0
        ],
        [
            217.4852071005917,
            205.4852071005917,
            184.4852071005917
        ],
        [
            209.05454545454546,
            197.05454545454546,
            176.05454545454546
        ],
        [
            219.89719626168224,
            207.89719626168224,
            186.89719626168224
        ],
        [
            222.3913043478261,
            210.3913043478261,
            189.3913043478261
        ],
        [
            225.07142857142858,
            213.07142857142858,
            192.07142857142858
        ]
    ],
    "hex_colors": [
        "#d5c9b4",
        "#d6cab5",
        "#d3c7b2",
        "#d7cbb6",
        "#d8ccb7",
        "#d9cdb8",
        "#d1c5b0",
        "#dbcfba",
        "#ded2bd",
        "#e1d5c0"
    ],
    "hsl_color_values": [
        [
            0.10606060606060606,
            0.15492957746478872,
            213.0
        ],
        [
            0.10606060606060606,
            0.1542056074766355,
            214.0
        ],
        [
            0.10606060606060606,
            0.1560130010834236,
            211.52083333333334
        ],
        [
            0.10606060606060606,
            0.15348837209302327,
            215.0
        ],
        [
            0.10606060606060606,
            0.1527777777777778,
            216.0
        ],
        [
            0.10606060606060606,
            0.15173445789688478,
            217.4852071005917
        ],
        [
            0.10606060606060606,
            0.1578535397460428,
            209.05454545454546
        ],
        [
            0.10606060606060606,
            0.15007012622720897,
            219.89719626168224
        ],
        [
            0.10606060606060606,
            0.14838709677419354,
            222.3913043478261
        ],
        [
            0.10606060606060606,
            0.14662012059663598,
            225.07142857142858
        ]
    ]
}