{
    "rgb_colors": [
        [
            59.773972602739725,
            48.04109589041096,
            33.14383561643836
        ],
        [
            75.1775147928994,
            56.11834319526627,
            41.84023668639053
        ],
        [
            66.78787878787878,
            45.89393939393939,
            31.62121212121212
        ],
        [
            75.14117647058823,
            61.50588235294118,
            47.05882352941177
        ],
        [
            72.57943925233644,
            51.52336448598131,
            37.14018691588785
        ],
        [
            82.77215189873418,
            64.89873417721519,
            50.91139240506329
        ],
        [
            81.36752136752136,
            59.162393162393165,
            44.64957264957265
        ],
        [
            53.24324324324324,
            40.4954954954955,
            25.684684684684683
        ],
        [
            92.0,
            70.07142857142857,
            56.17857142857143
        ],
        [
            66.75862068965517,
            53.51724137931034,
            39.077586206896555
        ]
    ],
    "hex_colors": [
        "#3b3021",
        "#4b3829",
        "#422d1f",
        "#4b3d2f",
        "#483325",
        "#524032",
        "#513b2c",
        "#352819",
        "#5c4638",
        "#423527"
    ],
    "hsl_color_values": [
        [
            0.09323559670781893,
            0.44551392231007214,
            59.773972602739725
        ],
        [
            0.07138208496035973,
            0.4434474616292798,
            75.1775147928994
        ],
        [
            0.06764325721671692,
            0.5265426497277677,
            66.78787878787878
        ],
        [
            0.08574221477447284,
            0.3737278847659308,
            75.14117647058823
        ],
        [
            0.06764240506329117,
            0.48828225598763836,
            72.57943925233644
        ],
        [
            0.0731691166732883,
            0.38492124178008874,
            82.77215189873418
        ],
        [
            0.06587523277467415,
            0.4512605042016807,
            81.36752136752136
        ],
        [
            0.08957175547564566,
            0.5175972927241963,
            53.24324324324324
        ],
        [
            0.0646394150880691,
            0.3893633540372671,
            92.0
        ],
        [
            0.08694072459254643,
            0.41464359504132225,
            66.75862068965517
        ]
    ]
}