{
    "rgb_colors": [
        [
            106.34558823529412,
            70.38970588235294,
            26.404411764705884
        ],
        [
            97.98214285714286,
            62.06547619047619,
            17.75595238095238
        ],
        [
            94.38888888888889,
            58.43650793650794,
            14.277777777777779
        ],
        [
            89.70161290322581,
            53.70161290322581,
            9.620967741935484
        ],
        [
            84.56818181818181,
            48.56818181818182,
            4.613636363636363
        ],
        [
            102.01948051948052,
            66.06493506493507,
            22.07792207792208
        ],
        [
            77.28070175438597,
            41.280701754385966,
            0.5614035087719316
        ],
        [
            111.28571428571429,
            75.3076923076923,
            31.714285714285715
        ],
        [
            124.70270270270271,
            88.70270270270271,
            44.729729729729726
        ],
        [
            117.3953488372093,
            81.4186046511628,
            37.116279069767444
        ]
    ],
    "hex_colors": [
        "#6a461a",
        "#613e11",
        "#5e3a0e",
        "#593509",
        "#543004",
        "#664216",
        "#4d2900",
        "#6f4b1f",
        "#7c582c",
        "#755125"
    ],
    "hsl_color_values": [
        [
            0.09170345842531273,
            0.7517112632233977,
            106.34558823529412
        ],
        [
            0.09205124400257209,
            0.8187837919931961,
            97.98214285714286
        ],
        [
            0.09186975761178258,
            0.8487345497351384,
            94.38888888888889
        ],
        [
            0.091742195367573,
            0.8927447631034793,
            89.70161290322581
        ],
        [
            0.09162402880424485,
            0.945444772910508,
            84.56818181818181
        ],
        [
            0.09170660385021527,
            0.7835911145057602,
            102.01948051948052
        ],
        [
            0.08845948624132936,
            0.9927355278093076,
            77.28070175438597
        ],
        [
            0.09130875109331123,
            0.7150192554557125,
            111.28571428571429
        ],
        [
            0.09164132026585559,
            0.641309059384482,
            124.70270270270271
        ],
        [
            0.09197566628041716,
            0.6838351822503962,
            117.3953488372093
        ]
    ]
}