{
    "rgb_colors": [
        [
            162.18433179723502,
            151.4147465437788,
            136.93548387096774
        ],
        [
            186.37948717948717,
            176.6974358974359,
            163.63589743589745
        ],
        [
            155.31875,
            144.0,
            129.8
        ],
        [
            168.30921052631578,
            158.02631578947367,
            144.04605263157896
        ],
        [
            115.0,
            100.0,
            80.0
        ],
        [
            198.0958904109589,
            188.27397260273972,
            173.76712328767124
        ],
        [
            144.4318181818182,
            131.20454545454544,
            115.8409090909091
        ],
        [
            66.0,
            51.0,
            31.0
        ],
        [
            176.01226993865032,
            165.91411042944785,
            152.7914110429448
        ],
        [
            86.14285714285715,
            70.57142857142857,
            52.28571428571429
        ]
    ],
    "hex_colors": [
        "#a29788",
        "#bab0a3",
        "#9b9081",
        "#a89e90",
        "#736450",
        "#c6bcad",
        "#908373",
        "#42331f",
        "#b0a598",
        "#564634"
    ],
    "hsl_color_values": [
        [
            0.09557705177343791,
            0.1556799454452463,
            162.18433179723502
        ],
        [
            0.09571589627959413,
            0.12202839533347998,
            186.37948717948717
        ],
        [
            0.0927422646746673,
            0.1642992233712928,
            155.31875
        ],
        [
            0.09603217642805485,
            0.14415823007465883,
            168.30921052631578
        ],
        [
            0.09523809523809523,
            0.30434782608695654,
            115.0
        ],
        [
            0.09938063063063057,
            0.12281308346587369,
            198.0958904109589
        ],
        [
            0.08956014838367769,
            0.1979543666404406,
            144.4318181818182
        ],
        [
            0.09523809523809523,
            0.5303030303030303,
            66.0
        ],
        [
            0.09418758256274758,
            0.1319275008713838,
            176.01226993865032
        ],
        [
            0.09001406469760893,
            0.39303482587064675,
            86.14285714285715
        ]
    ]
}