{
    "rgb_colors": [
        [
            170.6153846153846,
            133.69230769230768,
            90.84615384615384
        ],
        [
            140.421875,
            101.7109375,
            52.6484375
        ],
        [
            106.60169491525424,
            68.37288135593221,
            19.915254237288135
        ],
        [
            113.24031007751938,
            74.74418604651163,
            26.72093023255814
        ],
        [
            131.61979166666666,
            92.203125,
            44.604166666666664
        ],
        [
            97.98989898989899,
            59.94949494949495,
            12.232323232323228
        ],
        [
            121.31496062992126,
            82.15748031496062,
            35.16535433070866
        ],
        [
            158.08,
            121.32,
            79.66666666666667
        ],
        [
            146.81443298969072,
            109.55670103092783,
            67.21649484536083
        ],
        [
            86.87878787878788,
            49.0,
            2.393939393939391
        ]
    ],
    "hex_colors": [
        "#aa855a",
        "#8c6534",
        "#6a4413",
        "#714a1a",
        "#835c2c",
        "#613b0c",
        "#795223",
        "#9e794f",
        "#926d43",
        "#563102"
    ],
    "hsl_color_values": [
        [
            0.08952105432336867,
            0.4675383228133454,
            170.6153846153846
        ],
        [
            0.09316125203975671,
            0.6250695448981862,
            140.421875
        ],
        [
            0.09316648743767719,
            0.8131806979887113,
            106.60169491525424
        ],
        [
            0.09250963175342712,
            0.7640334063526834,
            113.24031007751938
        ],
        [
            0.09116937012429922,
            0.6611135293419335,
            131.61979166666666
        ],
        [
            0.09273655280722419,
            0.8751675085042779,
            97.98989898989899
        ],
        [
            0.09091186058556498,
            0.7101317582916855,
            121.31496062992126
        ],
        [
            0.08853369608343249,
            0.4960357624831309,
            158.08
        ],
        [
            0.08865431938868022,
            0.5421669826557124,
            146.81443298969072
        ],
        [
            0.09194165471066477,
            0.9724450645273806,
            86.87878787878788
        ]
    ]
}