{
    "rgb_colors": [
        [
            225.73548387096776,
            216.4967741935484,
            198.11612903225807
        ],
        [
            237.98,
            229.26,
            210.62
        ],
        [
            230.12962962962962,
            221.03086419753086,
            202.58024691358025
        ],
        [
            233.97826086956522,
            224.90579710144928,
            206.44202898550725
        ],
        [
            235.8586956521739,
            226.92391304347825,
            208.3913043478261
        ],
        [
            228.02797202797203,
            218.86713286713288,
            200.44755244755245
        ],
        [
            219.88235294117646,
            210.11764705882354,
            192.0
        ],
        [
            221.41935483870967,
            212.90322580645162,
            194.16129032258064
        ],
        [
            223.41509433962264,
            213.67924528301887,
            195.54716981132074
        ],
        [
            232.02185792349727,
            223.0601092896175,
            204.54098360655738
        ]
    ],
    "hex_colors": [
        "#e1d8c6",
        "#ede5d2",
        "#e6ddca",
        "#e9e0ce",
        "#ebe2d0",
        "#e4dac8",
        "#dbd2c0",
        "#ddd4c2",
        "#dfd5c3",
        "#e8dfcc"
    ],
    "hsl_color_values": [
        [
            0.11091645254224086,
            0.12235273943239305,
            225.73548387096776
        ],
        [
            0.11354775828460036,
            0.11496764433986044,
            237.98
        ],
        [
            0.1116214803196654,
            0.11971245406507329,
            230.12962962962962
        ],
        [
            0.11175438596491231,
            0.11768713803462479,
            233.97826086956522
        ],
        [
            0.11245218308930216,
            0.11645697958431259,
            235.8586956521739
        ],
        [
            0.11130831643002037,
            0.1209519136408243,
            228.02797202797203
        ],
        [
            0.10829817158931089,
            0.12680577849117172,
            219.88235294117646
        ],
        [
            0.11459566074950699,
            0.12310606060606058,
            221.41935483870967
        ],
        [
            0.10844053261114878,
            0.12473608647918255,
            223.41509433962264
        ],
        [
            0.11231523828461591,
            0.11844088553933113,
            232.02185792349727
        ]
    ]
}