{
    "rgb_colors": [
        [
            232.0,
            222.0,
            204.0
        ],
        [
            233.83536585365854,
            223.83536585365854,
            205.83536585365854
        ],
        [
            227.50314465408806,
            217.50314465408806,
            199.50314465408806
        ],
        [
            219.15384615384616,
            209.15384615384616,
            191.15384615384616
        ],
        [
            229.55072463768116,
            219.55072463768116,
            201.55072463768116
        ],
        [
            222.24242424242425,
            212.24242424242425,
            194.24242424242425
        ],
        [
            231.0,
            221.0,
            203.0
        ],
        [
            236.6764705882353,
            226.6764705882353,
            208.6764705882353
        ],
        [
            240.05,
            230.05,
            212.05
        ],
        [
            225.0561797752809,
            215.0561797752809,
            197.0561797752809
        ]
    ],
    "hex_colors": [
        "#e8decc",
        "#e9dfcd",
        "#e3d9c7",
        "#dbd1bf",
        "#e5dbc9",
        "#ded4c2",
        "#e7ddcb",
        "#ece2d0",
        "#f0e6d4",
        "#e1d7c5"
    ],
    "hsl_color_values": [
        [
            0.10714285714285714,
            0.1206896551724138,
            232.0
        ],
        [
            0.10714285714285714,
            0.11974236616339409,
            233.83536585365854
        ],
        [
            0.10714285714285714,
            0.12307522185055152,
            227.50314465408806
        ],
        [
            0.10714285714285714,
            0.12776412776412777,
            219.15384615384616
        ],
        [
            0.10714285714285714,
            0.12197739756297746,
            229.55072463768116
        ],
        [
            0.10714285714285714,
            0.1259885464957731,
            222.24242424242425
        ],
        [
            0.10714285714285714,
            0.12121212121212122,
            231.0
        ],
        [
            0.10714285714285714,
            0.11830495836957872,
            236.6764705882353
        ],
        [
            0.10714285714285714,
            0.1166423661737138,
            240.05
        ],
        [
            0.10714285714285714,
            0.12441337993010484,
            225.0561797752809
        ]
    ]
}