{
    "rgb_colors": [
        [
            138.69230769230768,
            129.9230769230769,
            116.01923076923077
        ],
        [
            183.63736263736263,
            174.8131868131868,
            162.8901098901099
        ],
        [
            149.3,
            141.22,
            128.36
        ],
        [
            119.03125,
            110.21875,
            97.625
        ],
        [
            210.27173913043478,
            203.25,
            192.27173913043478
        ],
        [
            159.62790697674419,
            152.06976744186048,
            139.06976744186048
        ],
        [
            189.9878048780488,
            181.1829268292683,
            169.390243902439
        ],
        [
            169.03418803418802,
            161.94017094017093,
            149.88888888888889
        ],
        [
            176.43558282208588,
            168.15337423312883,
            156.3435582822086
        ],
        [
            199.2325581395349,
            192.37209302325581,
            181.71317829457365
        ]
    ],
    "hex_colors": [
        "#8a8174",
        "#b7aea2",
        "#958d80",
        "#776e61",
        "#d2cbc0",
        "#9f988b",
        "#bdb5a9",
        "#a9a195",
        "#b0a89c",
        "#c7c0b5"
    ],
    "hsl_color_values": [
        [
            0.10220525869380821,
            0.16347753743760388,
            138.69230769230768
        ],
        [
            0.09578036723163835,
            0.11297947459757038,
            183.63736263736263
        ],
        [
            0.1023559375994905,
            0.14025452109845946,
            149.3
        ],
        [
            0.09805352798053528,
            0.17983722761879758,
            119.03125
        ],
        [
            0.10165056360708535,
            0.08560351512018609,
            210.27173913043478
        ],
        [
            0.10539215686274517,
            0.1287878787878787,
            159.62790697674419
        ],
        [
            0.09542135385829882,
            0.10841517427306001,
            189.9878048780488
        ],
        [
            0.10491071428571429,
            0.11326288112453856,
            169.03418803418802
        ],
        [
            0.0979643765903308,
            0.11387739490246525,
            176.43558282208588
        ],
        [
            0.10140117994100291,
            0.08793432162172676,
            199.2325581395349
        ]
    ]
}