{
    "rgb_colors": [
        [
            198.45238095238096,
            191.76984126984127,
            182.76984126984127
        ],
        [
            196.31623931623932,
            189.96581196581195,
            180.96581196581195
        ],
        [
            199.97073170731707,
            193.4878048780488,
            184.4878048780488
        ],
        [
            202.51351351351352,
            196.0,
            187.0
        ],
        [
            207.29268292682926,
            200.8780487804878,
            191.8780487804878
        ],
        [
            190.0,
            183.28571428571428,
            174.28571428571428
        ],
        [
            193.87755102040816,
            187.3265306122449,
            178.3265306122449
        ],
        [
            204.768,
            198.288,
            189.288
        ],
        [
            201.54285714285714,
            195.0,
            186.0
        ],
        [
            203.43373493975903,
            197.0,
            188.0
        ]
    ],
    "hex_colors": [
        "#c6bfb6",
        "#c4bdb4",
        "#c7c1b8",
        "#cac4bb",
        "#cfc8bf",
        "#beb7ae",
        "#c1bbb2",
        "#ccc6bd",
        "#c9c3ba",
        "#cbc5bc"
    ],
    "hsl_color_values": [
        [
            0.09564777327935214,
            0.07902419516096788,
            198.45238095238096
        ],
        [
            0.09771714922048987,
            0.07819234620575567,
            196.31623931623932
        ],
        [
            0.09688090737240085,
            0.07742596477533291,
            199.97073170731707
        ],
        [
            0.09668989547038326,
            0.07660483117576405,
            202.51351351351352
        ],
        [
            0.09731012658227851,
            0.07436168961054239,
            207.29268292682926
        ],
        [
            0.0954545454545454,
            0.08270676691729327,
            190.0
        ],
        [
            0.09645669291338589,
            0.08021052631578941,
            193.87755102040816
        ],
        [
            0.09689922480620161,
            0.0755977496483825,
            204.768
        ],
        [
            0.09650735294117646,
            0.0771193648993479,
            201.54285714285714
        ],
        [
            0.0971896955503513,
            0.07586615339058335,
            203.43373493975903
        ]
    ]
}