{
    "rgb_colors": [
        [
            235.0,
            226.0,
            210.0
        ],
        [
            239.35294117647058,
            230.35294117647058,
            214.35294117647058
        ],
        [
            236.43589743589743,
            227.43589743589743,
            211.43589743589743
        ],
        [
            225.35714285714286,
            216.35714285714286,
            200.35714285714286
        ],
        [
            230.53508771929825,
            221.53508771929825,
            205.53508771929825
        ],
        [
            228.37037037037038,
            219.37037037037038,
            203.37037037037038
        ],
        [
            241.78571428571428,
            232.78571428571428,
            216.78571428571428
        ],
        [
            233.4367816091954,
            224.4367816091954,
            208.4367816091954
        ],
        [
            232.0,
            223.0,
            207.0
        ],
        [
            238.0,
            229.0,
            213.0
        ]
    ],
    "hex_colors": [
        "#ebe2d2",
        "#efe6d6",
        "#ece3d3",
        "#e1d8c8",
        "#e6ddcd",
        "#e4dbcb",
        "#f1e8d8",
        "#e9e0d0",
        "#e8dfcf",
        "#eee5d5"
    ],
    "hsl_color_values": [
        [
            0.10666666666666667,
            0.10638297872340426,
            235.0
        ],
        [
            0.10666666666666667,
            0.10444826738756452,
            239.35294117647058
        ],
        [
            0.10666666666666667,
            0.10573690489100965,
            236.43589743589743
        ],
        [
            0.10666666666666667,
            0.1109350237717908,
            225.35714285714286
        ],
        [
            0.10666666666666667,
            0.1084433621247289,
            230.53508771929825
        ],
        [
            0.10666666666666667,
            0.10947129419396691,
            228.37037037037038
        ],
        [
            0.10666666666666667,
            0.103397341211226,
            241.78571428571428
        ],
        [
            0.10666666666666667,
            0.10709537643409325,
            233.4367816091954
        ],
        [
            0.10666666666666667,
            0.10775862068965517,
            232.0
        ],
        [
            0.10666666666666667,
            0.10504201680672269,
            238.0
        ]
    ]
}