{
    "rgb_colors": [
        [
            236.47619047619048,
            229.86904761904762,
            216.6904761904762
        ],
        [
            241.90776699029126,
            235.7378640776699,
            221.24757281553397
        ],
        [
            244.4387755102041,
            238.4387755102041,
            223.4387755102041
        ],
        [
            238.88020833333334,
            232.70833333333334,
            218.22395833333334
        ],
        [
            246.81176470588235,
            239.81176470588235,
            227.81176470588235
        ],
        [
            240.072,
            233.072,
            221.072
        ],
        [
            249.52,
            242.68,
            230.2
        ],
        [
            233.7,
            227.25,
            213.6
        ],
        [
            244.03267973856208,
            237.03267973856208,
            225.03267973856208
        ],
        [
            246.66666666666666,
            240.66666666666666,
            225.66666666666666
        ]
    ],
    "hex_colors": [
        "#ece5d8",
        "#f1ebdd",
        "#f4eedf",
        "#eee8da",
        "#f6efe3",
        "#f0e9dd",
        "#f9f2e6",
        "#e9e3d5",
        "#f4ede1",
        "#f6f0e1"
    ],
    "hsl_color_values": [
        [
            0.1110108303249097,
            0.08366894885219489,
            236.47619047619048
        ],
        [
            0.11689379699248127,
            0.08540525354684651,
            241.90776699029126
        ],
        [
            0.11904761904761905,
            0.08591108328115216,
            244.4387755102041
        ],
        [
            0.11686838124054462,
            0.08647116537664885,
            238.88020833333334
        ],
        [
            0.10526315789473684,
            0.07698174364841032,
            246.81176470588235
        ],
        [
            0.10526315789473684,
            0.0791429237895298,
            240.072
        ],
        [
            0.10766045548654248,
            0.07742866303302348,
            249.52
        ],
        [
            0.11318407960199013,
            0.08600770218228496,
            233.7
        ],
        [
            0.10526315789473684,
            0.07785842461901063,
            244.03267973856208
        ],
        [
            0.11904761904761905,
            0.08513513513513514,
            246.66666666666666
        ]
    ]
}