{
    "rgb_colors": [
        [
            21.416666666666686,
            15.416666666666686,
            16.416666666666686
        ],
        [
            216.17241379310343,
            209.27586206896552,
            204.44827586206895
        ],
        [
            236.51999999999998,
            228.51999999999998,
            226.51999999999998
        ],
        [
            120.83333333333334,
            114.83333333333334,
            115.83333333333334
        ],
        [
            194.22875816993465,
            188.22875816993465,
            179.68627450980392
        ],
        [
            152.0909090909091,
            146.0909090909091,
            147.0909090909091
        ],
        [
            224.69230769230768,
            216.69230769230768,
            214.69230769230768
        ],
        [
            204.71323529411765,
            198.71323529411765,
            190.0514705882353
        ],
        [
            199.45974576271186,
            193.45974576271186,
            184.510593220339
        ],
        [
            2.8918918918918735,
            0.23648648648648418,
            1.0810810810810665
        ]
    ],
    "hex_colors": [
        "#150f10",
        "#d8d1cc",
        "#ece4e2",
        "#787273",
        "#c2bcb3",
        "#989293",
        "#e0d8d6",
        "#ccc6be",
        "#c7c1b8",
        "#020001"
    ],
    "hsl_color_values": [
        [
            0.9722222222222222,
            0.28015564202334603,
            21.416666666666686
        ],
        [
            0.06862745098039245,
            0.054235125219333206,
            216.17241379310343
        ],
        [
            0.033333333333333326,
            0.04227972264501945,
            236.51999999999998
        ],
        [
            0.9722222222222222,
            0.0496551724137931,
            120.83333333333334
        ],
        [
            0.09790262172284647,
            0.07487296833462333,
            194.22875816993465
        ],
        [
            0.9722222222222222,
            0.03945008965929468,
            152.0909090909091
        ],
        [
            0.033333333333333326,
            0.044505306401917154,
            224.69230769230768
        ],
        [
            0.09846205282514207,
            0.07162099062533671,
            204.71323529411765
        ],
        [
            0.09977324263038545,
            0.07494821817409311,
            199.45974576271186
        ],
        [
            0.9469889737065313,
            0.9182242990654208,
            2.8918918918918735
        ]
    ]
}