{
    "rgb_colors": [
        [
            237.39252336448598,
            228.39252336448598,
            213.60747663551402
        ],
        [
            241.5032258064516,
            232.5032258064516,
            217.50967741935483
        ],
        [
            236.53932584269663,
            227.53932584269663,
            211.53932584269663
        ],
        [
            239.60714285714286,
            230.60714285714286,
            215.97857142857143
        ],
        [
            235.61290322580646,
            226.61290322580646,
            212.61290322580646
        ],
        [
            234.24528301886792,
            225.24528301886792,
            209.9433962264151
        ],
        [
            232.07407407407408,
            223.07407407407408,
            207.59259259259258
        ],
        [
            229.42105263157896,
            220.42105263157896,
            205.10526315789474
        ],
        [
            243.70652173913044,
            234.70652173913044,
            219.81521739130434
        ],
        [
            238.46875,
            229.46875,
            214.53125
        ]
    ],
    "hex_colors": [
        "#ede4d5",
        "#f1e8d9",
        "#ece3d3",
        "#efe6d7",
        "#ebe2d4",
        "#eae1d1",
        "#e8dfcf",
        "#e5dccd",
        "#f3eadb",
        "#eee5d6"
    ],
    "hsl_color_values": [
        [
            0.10360183366077276,
            0.10019290579111059,
            237.39252336448598
        ],
        [
            0.10414986107376538,
            0.09935084016776644,
            241.5032258064516
        ],
        [
            0.10666666666666667,
            0.1056906707201216,
            236.53932584269663
        ],
        [
            0.10318419991938736,
            0.09861380235504548,
            239.60714285714286
        ],
        [
            0.10144927536231885,
            0.09761774370208105,
            235.61290322580646
        ],
        [
            0.10494306418219458,
            0.10374546919049532,
            234.24528301886792
        ],
        [
            0.10539586485123553,
            0.10548994573890845,
            232.07407407407408
        ],
        [
            0.104978354978355,
            0.10598761183757746,
            229.42105263157896
        ],
        [
            0.10388231725811344,
            0.09803309397439902,
            243.70652173913044
        ],
        [
            0.10400348128807659,
            0.10038002882977329,
            238.46875
        ]
    ]
}