{
    "rgb_colors": [
        [
            245.79470198675497,
            239.4569536423841,
            225.47019867549668
        ],
        [
            248.69444444444446,
            242.47222222222223,
            228.13888888888889
        ],
        [
            236.61111111111111,
            230.47222222222223,
            215.88888888888889
        ],
        [
            238.1304347826087,
            231.1304347826087,
            219.1304347826087
        ],
        [
            243.4108527131783,
            237.4108527131783,
            222.4108527131783
        ],
        [
            240.60493827160494,
            233.60493827160494,
            221.60493827160494
        ],
        [
            234.5,
            228.26923076923077,
            213.96153846153845
        ],
        [
            242.9578947368421,
            235.9578947368421,
            223.9578947368421
        ],
        [
            239.1556603773585,
            233.1556603773585,
            218.1556603773585
        ],
        [
            241.4313725490196,
            235.4313725490196,
            220.4313725490196
        ]
    ],
    "hex_colors": [
        "#f5efe1",
        "#f8f2e4",
        "#ece6d7",
        "#eee7db",
        "#f3edde",
        "#f0e9dd",
        "#eae4d5",
        "#f2ebdf",
        "#efe9da",
        "#f1ebdc"
    ],
    "hsl_color_values": [
        [
            0.11469534050179202,
            0.08268893978175947,
            245.79470198675497
        ],
        [
            0.11621621621621621,
            0.08265385904166207,
            248.69444444444446
        ],
        [
            0.11729222520107242,
            0.08757924395397983,
            236.61111111111111
        ],
        [
            0.10526315789473684,
            0.07978820522183677,
            238.1304347826087
        ],
        [
            0.11904761904761905,
            0.08627388535031848,
            243.4108527131783
        ],
        [
            0.10526315789473684,
            0.0789676227615578,
            240.60493827160494
        ],
        [
            0.11610486891385774,
            0.0875840577333115,
            234.5
        ],
        [
            0.10526315789473684,
            0.07820285082968675,
            242.9578947368421
        ],
        [
            0.11904761904761905,
            0.0878089189562336,
            239.1556603773585
        ],
        [
            0.11904761904761905,
            0.0869812393405344,
            241.4313725490196
        ]
    ]
}