{
    "rgb_colors": [
        [
            233.20689655172413,
            226.89655172413794,
            210.0
        ],
        [
            234.77894736842106,
            228.32105263157894,
            211.47368421052633
        ],
        [
            240.76158940397352,
            234.76158940397352,
            217.76158940397352
        ],
        [
            230.575,
            224.35,
            207.425
        ],
        [
            232.1969696969697,
            225.83333333333334,
            208.95454545454547
        ],
        [
            243.08,
            234.08,
            218.08
        ],
        [
            236.16363636363636,
            229.9181818181818,
            213.0
        ],
        [
            244.0,
            237.48076923076923,
            220.65384615384616
        ],
        [
            237.9388489208633,
            231.82014388489208,
            214.85971223021582
        ],
        [
            240.56,
            231.56,
            215.56
        ]
    ],
    "hex_colors": [
        "#e9e2d2",
        "#eae4d3",
        "#f0ead9",
        "#e6e0cf",
        "#e8e1d0",
        "#f3eada",
        "#ece5d5",
        "#f4eddc",
        "#ede7d6",
        "#f0e7d7"
    ],
    "hsl_color_values": [
        [
            0.12134720158494312,
            0.0995120508650007,
            233.20689655172413
        ],
        [
            0.12048328816621486,
            0.09926470588235291,
            234.77894736842106
        ],
        [
            0.12318840579710144,
            0.09553018841974968,
            240.76158940397352
        ],
        [
            0.1218502519798416,
            0.10040117098557944,
            230.575
        ],
        [
            0.12103433289873977,
            0.10009787928221851,
            232.1969696969697
        ],
        [
            0.10666666666666667,
            0.10284679940760243,
            243.08
        ],
        [
            0.12172946101517527,
            0.09808299330202476,
            236.16363636363636
        ],
        [
            0.12012630422844588,
            0.0956809583858764,
            244.0
        ],
        [
            0.12248025768911051,
            0.09699608447851,
            237.9388489208633
        ],
        [
            0.10666666666666667,
            0.1039241769205188,
            240.56
        ]
    ]
}