{
    "rgb_colors": [
        [
            170.32258064516128,
            172.3763440860215,
            166.66666666666666
        ],
        [
            109.0344827586207,
            110.24137931034483,
            105.83908045977012
        ],
        [
            208.9009900990099,
            210.83168316831683,
            201.73267326732673
        ],
        [
            249.04545454545456,
            245.72727272727272,
            93.68181818181817
        ],
        [
            20.0,
            21.26315789473685,
            0.8421052631578902
        ],
        [
            139.85714285714286,
            141.46666666666667,
            136.4857142857143
        ],
        [
            76.08571428571429,
            78.17142857142858,
            70.51428571428572
        ],
        [
            251.06741573033707,
            249.56179775280899,
            143.92134831460675
        ],
        [
            203.62,
            198.58,
            110.9
        ],
        [
            250.32267441860466,
            251.68023255813955,
            241.82267441860466
        ]
    ],
    "hex_colors": [
        "#aaaca6",
        "#6d6e69",
        "#d0d2c9",
        "#f9f55d",
        "#141500",
        "#8b8d88",
        "#4c4e46",
        "#fbf98f",
        "#cbc66e",
        "#fafbf1"
    ],
    "hsl_color_values": [
        [
            0.22661644695543015,
            0.03312332356060138,
            172.3763440860215
        ],
        [
            0.21235857267188826,
            0.03993327077468457,
            110.24137931034483
        ],
        [
            0.202031193326079,
            0.043157697003850845,
            210.83168316831683
        ],
        [
            0.16310708016383849,
            0.6238364665084869,
            249.04545454545456
        ],
        [
            0.17697594501718217,
            0.9603960396039606,
            21.26315789473685
        ],
        [
            0.22052262587635432,
            0.03520937121314119,
            141.46666666666667
        ],
        [
            0.2120646766169155,
            0.09795321637426901,
            78.17142857142858
        ],
        [
            0.1643246644295302,
            0.4267621391810248,
            251.06741573033707
        ],
        [
            0.15760713258556228,
            0.45535801984088004,
            203.62
        ],
        [
            0.18961958124447068,
            0.0391669939245536,
            251.68023255813955
        ]
    ]
}