{
    "rgb_colors": [
        [
            135.11304347826086,
            98.06086956521739,
            50.41739130434783
        ],
        [
            27.898305084745765,
            4.101694915254235,
            0.2881355932203391
        ],
        [
            107.65034965034965,
            72.72727272727272,
            24.937062937062937
        ],
        [
            68.19354838709677,
            39.096774193548384,
            9.935483870967742
        ],
        [
            113.0909090909091,
            86.9090909090909,
            62.09090909090909
        ],
        [
            185.28,
            151.4,
            115.76
        ],
        [
            1.5072886297376158,
            0.7638483965014586,
            1.854227405247812
        ],
        [
            122.23926380368098,
            84.84662576687117,
            35.12883435582822
        ],
        [
            155.48214285714283,
            122.03571428571428,
            83.32142857142857
        ],
        [
            93.37179487179488,
            58.91025641025641,
            12.628205128205128
        ]
    ],
    "hex_colors": [
        "#876232",
        "#1b0400",
        "#6b4818",
        "#442709",
        "#71563e",
        "#b99773",
        "#010001",
        "#7a5423",
        "#9b7a53",
        "#5d3a0c"
    ],
    "hsl_color_values": [
        [
            0.0937542778918549,
            0.6268503024842321,
            135.11304347826086
        ],
        [
            0.02302025782688764,
            0.9896719319562576,
            27.898305084745765
        ],
        [
            0.09629692255664524,
            0.768351305703521,
            107.65034965034965
        ],
        [
            0.08342561830933924,
            0.8543046357615893,
            68.19354838709677
        ],
        [
            0.08110516934046345,
            0.4509646302250804,
            113.0909090909091
        ],
        [
            0.08544303797468356,
            0.3752158894645941,
            185.28
        ],
        [
            0.7803030303030315,
            0.588050314465408,
            1.854227405247812
        ],
        [
            0.09512406977017163,
            0.7126223337515684,
            122.23926380368098
        ],
        [
            0.0894168110203745,
            0.4641093373148041,
            155.48214285714283
        ],
        [
            0.09553297343071875,
            0.8647535356309214,
            93.37179487179488
        ]
    ]
}