{
    "rgb_colors": [
        [
            236.41007194244605,
            230.41007194244605,
            213.41007194244605
        ],
        [
            235.0,
            229.0,
            212.0
        ],
        [
            233.0,
            227.0,
            210.0
        ],
        [
            228.0,
            222.0,
            205.0
        ],
        [
            231.46666666666667,
            225.46666666666667,
            208.46666666666667
        ],
        [
            230.0,
            224.0,
            207.0
        ],
        [
            226.17910447761193,
            220.17910447761193,
            203.17910447761193
        ],
        [
            239.25925925925927,
            233.25925925925927,
            216.25925925925927
        ],
        [
            234.0,
            228.0,
            211.0
        ],
        [
            229.0,
            223.0,
            206.0
        ]
    ],
    "hex_colors": [
        "#ece6d5",
        "#ebe5d4",
        "#e9e3d2",
        "#e4decd",
        "#e7e1d0",
        "#e6e0cf",
        "#e2dccb",
        "#efe9d8",
        "#eae4d3",
        "#e5dfce"
    ],
    "hsl_color_values": [
        [
            0.12318840579710144,
            0.09728857916679345,
            236.41007194244605
        ],
        [
            0.12318840579710144,
            0.09787234042553192,
            235.0
        ],
        [
            0.12318840579710144,
            0.09871244635193133,
            233.0
        ],
        [
            0.12318840579710144,
            0.10087719298245613,
            228.0
        ],
        [
            0.12318840579710144,
            0.0993663594470046,
            231.46666666666667
        ],
        [
            0.12318840579710144,
            0.1,
            230.0
        ],
        [
            0.12318840579710144,
            0.10168932295103604,
            226.17910447761193
        ],
        [
            0.12318840579710144,
            0.09613003095975232,
            239.25925925925927
        ],
        [
            0.12318840579710144,
            0.09829059829059829,
            234.0
        ],
        [
            0.12318840579710144,
            0.10043668122270742,
            229.0
        ]
    ]
}