{
    "rgb_colors": [
        [
            18.303370786516854,
            15.634831460674157,
            15.483146067415731
        ],
        [
            22.703703703703702,
            21.703703703703702,
            20.74074074074074
        ],
        [
            9.280000000000001,
            6.28,
            6.28
        ],
        [
            16.921739130434784,
            14.069565217391304,
            14.0
        ],
        [
            12.532374100719425,
            9.546762589928058,
            9.510791366906474
        ],
        [
            6.549999999999999,
            3.0999999999999996,
            2.75
        ],
        [
            11.0,
            8.0,
            8.0
        ],
        [
            15.942148760330578,
            13.074380165289256,
            12.991735537190083
        ],
        [
            14.479452054794521,
            11.575342465753424,
            11.525114155251142
        ],
        [
            20.210526315789473,
            18.017543859649123,
            17.56140350877193
        ]
    ],
    "hex_colors": [
        "#120f0f",
        "#161514",
        "#090606",
        "#100e0e",
        "#0c0909",
        "#060302",
        "#0b0808",
        "#0f0d0c",
        "#0e0b0b",
        "#141211"
    ],
    "hsl_color_values": [
        [
            0.008964143426294738,
            0.1540822590546347,
            18.303370786516854
        ],
        [
            0.08176100628930814,
            0.08646003262642736,
            22.703703703703702
        ],
        [
            0.0,
            0.3232758620689656,
            9.280000000000001
        ],
        [
            0.003968253968253936,
            0.17266187050359716,
            16.921739130434784
        ],
        [
            0.001984126984127014,
            0.24110218140068893,
            12.532374100719425
        ],
        [
            0.015350877192982448,
            0.5801526717557252,
            6.549999999999999
        ],
        [
            0.0,
            0.2727272727272727,
            11.0
        ],
        [
            0.004668534080298751,
            0.18506998444790046,
            15.942148760330578
        ],
        [
            0.0028335909325089745,
            0.20403658152002524,
            14.479452054794521
        ],
        [
            0.028697571743929323,
            0.13107638888888876,
            20.210526315789473
        ]
    ]
}