{
    "rgb_colors": [
        [
            199.8581081081081,
            190.9189189189189,
            178.33445945945945
        ],
        [
            166.47826086956522,
            154.14492753623188,
            136.36231884057972
        ],
        [
            186.15068493150685,
            173.83561643835617,
            155.4794520547945
        ],
        [
            147.04494382022472,
            134.25842696629212,
            116.82022471910112
        ],
        [
            227.26153846153846,
            217.13846153846154,
            202.66153846153847
        ],
        [
            91.59740259740259,
            79.94805194805194,
            63.54545454545455
        ],
        [
            73.0,
            61.22580645161291,
            44.0
        ],
        [
            210.72560975609755,
            201.8109756097561,
            188.65853658536585
        ],
        [
            107.67708333333334,
            95.41666666666667,
            78.80208333333334
        ],
        [
            125.984375,
            113.5625,
            96.96875
        ]
    ],
    "hex_colors": [
        "#c7beb2",
        "#a69a88",
        "#baad9b",
        "#938674",
        "#e3d9ca",
        "#5b4f3f",
        "#493d2c",
        "#d2c9bc",
        "#6b5f4e",
        "#7d7160"
    ],
    "hsl_color_values": [
        [
            0.09744676398262958,
            0.10769464823016328,
            199.8581081081081
        ],
        [
            0.09841193455245423,
            0.18090014799338378,
            166.47826086956522
        ],
        [
            0.09974691082328428,
            0.16476561925086472,
            186.15068493150685
        ],
        [
            0.09615861214374218,
            0.20554748987544894,
            147.04494382022472
        ],
        [
            0.0980821346675005,
            0.10824532900081232,
            227.26153846153846
        ],
        [
            0.09745370370370367,
            0.3062526584432156,
            91.59740259740259
        ],
        [
            0.09899888765294777,
            0.3972602739726027,
            73.0
        ],
        [
            0.09933683337938663,
            0.10471946526230502,
            210.72560975609755
        ],
        [
            0.09589947089947087,
            0.26816290993518427,
            107.67708333333334
        ],
        [
            0.09531502423263327,
            0.23031129852412255,
            125.984375
        ]
    ]
}