{
    "rgb_colors": [
        [
            140.85321100917432,
            97.79816513761469,
            42.10091743119266
        ],
        [
            63.492753623188406,
            37.391304347826086,
            8.855072463768115
        ],
        [
            130.01015228426397,
            85.22842639593908,
            27.736040609137056
        ],
        [
            51.87155963302752,
            23.69724770642202,
            2.266055045871557
        ],
        [
            37.74736842105263,
            9.715789473684211,
            0.6315789473684212
        ],
        [
            155.16666666666666,
            120.66666666666666,
            68.125
        ],
        [
            135.85714285714286,
            91.03361344537815,
            33.5672268907563
        ],
        [
            122.0,
            77.6978417266187,
            20.741007194244602
        ],
        [
            108.28571428571429,
            74.71428571428571,
            43.07142857142857
        ],
        [
            77.63333333333333,
            50.13333333333333,
            19.333333333333332
        ]
    ],
    "hex_colors": [
        "#8c612a",
        "#3f2508",
        "#82551b",
        "#331702",
        "#250900",
        "#9b7844",
        "#875b21",
        "#7a4d14",
        "#6c4a2b",
        "#4d3213"
    ],
    "hsl_color_values": [
        [
            0.09400161030595815,
            0.7011007620660457,
            140.85321100917432
        ],
        [
            0.08704686118479221,
            0.8605341246290801,
            63.492753623188406
        ],
        [
            0.09369002713255242,
            0.7866625019522099,
            130.01015228426397
        ],
        [
            0.07200542506627211,
            0.9563141139016625,
            51.87155963302752
        ],
        [
            0.04079221024768387,
            0.9832682654768543,
            37.74736842105263
        ],
        [
            0.1006063507260252,
            0.5609559613319012,
            155.16666666666666
        ],
        [
            0.09363318956664612,
            0.7529226201521618,
            135.85714285714286
        ],
        [
            0.09374777975133215,
            0.8299917443094704,
            122.0
        ],
        [
            0.0808689302665206,
            0.6022427440633246,
            108.28571428571429
        ],
        [
            0.08805031446540883,
            0.750966079862602,
            77.63333333333333
        ]
    ]
}