{
    "rgb_colors": [
        [
            78.13559322033899,
            74.1864406779661,
            72.64406779661016
        ],
        [
            40.291139240506325,
            30.753164556962027,
            19.753164556962027
        ],
        [
            66.01886792452831,
            61.509433962264154,
            57.660377358490564
        ],
        [
            20.16923076923077,
            16.476923076923075,
            13.46923076923077
        ],
        [
            3.7549019607843164,
            1.9313725490196063,
            1.5098039215686256
        ],
        [
            93.75510204081633,
            89.67346938775509,
            87.0
        ],
        [
            51.705882352941174,
            40.22794117647059,
            25.911764705882355
        ],
        [
            162.41176470588235,
            156.0,
            148.6470588235294
        ],
        [
            126.28125,
            122.5,
            116.78125
        ],
        [
            57.98684210526316,
            47.921052631578945,
            35.9671052631579
        ]
    ],
    "hex_colors": [
        "#4e4a48",
        "#281e13",
        "#423d39",
        "#14100d",
        "#030101",
        "#5d5957",
        "#332819",
        "#a29c94",
        "#7e7a74",
        "#392f23"
    ],
    "hsl_color_values": [
        [
            0.04681069958847761,
            0.07028199566160542,
            78.13559322033899
        ],
        [
            0.08926553672316388,
            0.5097392397109645,
            40.291139240506325
        ],
        [
            0.07674943566591425,
            0.12660760217204928,
            66.01886792452831
        ],
        [
            0.07481821660926136,
            0.3321891685736079,
            20.16923076923077
        ],
        [
            0.031295487627365316,
            0.5979112271540478,
            3.7549019607843164
        ],
        [
            0.06596173212487387,
            0.07205050065302568,
            93.75510204081633
        ],
        [
            0.09250285062713796,
            0.49886234357224113,
            51.705882352941174
        ],
        [
            0.08903133903133918,
            0.0847519014849693,
            162.41176470588235
        ],
        [
            0.10032894736842106,
            0.07522890373669884,
            126.28125
        ],
        [
            0.09047903595259434,
            0.3797367823916496,
            57.98684210526316
        ]
    ]
}