{
    "rgb_colors": [
        [
            240.9078947368421,
            231.9078947368421,
            216.3815789473684
        ],
        [
            245.3181818181818,
            236.3181818181818,
            221.13636363636363
        ],
        [
            239.3969465648855,
            230.3969465648855,
            214.67175572519085
        ],
        [
            233.17535545023696,
            224.17061611374407,
            208.3127962085308
        ],
        [
            234.95744680851064,
            225.9468085106383,
            210.03191489361703
        ],
        [
            230.54736842105262,
            221.54736842105262,
            205.7578947368421
        ],
        [
            228.0,
            218.97435897435898,
            202.97435897435898
        ],
        [
            235.93693693693695,
            226.92792792792793,
            211.32432432432432
        ],
        [
            237.46835443037975,
            228.44303797468353,
            212.51898734177215
        ],
        [
            242.816091954023,
            233.816091954023,
            218.13793103448276
        ]
    ],
    "hex_colors": [
        "#f0e7d8",
        "#f5ecdd",
        "#efe6d6",
        "#e9e0d0",
        "#eae1d2",
        "#e6ddcd",
        "#e4daca",
        "#ebe2d3",
        "#ede4d4",
        "#f2e9da"
    ],
    "hsl_color_values": [
        [
            0.10550786838340491,
            0.10180785406084446,
            240.9078947368421
        ],
        [
            0.10463659147869675,
            0.09857328145265891,
            245.3181818181818
        ],
        [
            0.10599979417515693,
            0.1032811453716399,
            239.3969465648855
        ],
        [
            0.1063032151480493,
            0.10662601626016256,
            233.17535545023696
        ],
        [
            0.10641627543035997,
            0.10608530290681878,
            234.95744680851064
        ],
        [
            0.10615711252653925,
            0.10752442699296866,
            230.54736842105262
        ],
        [
            0.10655737704918034,
            0.10976158344579395,
            228.0
        ],
        [
            0.10566129819424104,
            0.10431860704876096,
            235.93693693693695
        ],
        [
            0.10637578217486887,
            0.10506396588486143,
            237.46835443037975
        ],
        [
            0.10588417947523676,
            0.10163313609467456,
            242.816091954023
        ]
    ]
}