{
    "rgb_colors": [
        [
            42.71221532091097,
            20.87163561076604,
            19.41614906832298
        ],
        [
            230.7049180327869,
            223.19672131147541,
            219.65573770491804
        ],
        [
            64.4,
            55.4,
            57.4
        ],
        [
            216.83132530120483,
            207.6987951807229,
            200.66265060240966
        ],
        [
            206.75510204081633,
            196.75510204081633,
            187.32653061224488
        ],
        [
            195.125,
            185.15625,
            175.29166666666666
        ],
        [
            12.746376811594203,
            0.6014492753623131,
            1.1666666666666714
        ],
        [
            167.0,
            160.0,
            159.0
        ],
        [
            138.21428571428572,
            131.21428571428572,
            130.21428571428572
        ],
        [
            30.589041095890416,
            10.849315068493155,
            10.260273972602747
        ]
    ],
    "hex_colors": [
        "#2a1413",
        "#e6dfdb",
        "#403739",
        "#d8cfc8",
        "#cec4bb",
        "#c3b9af",
        "#0c0001",
        "#a7a09f",
        "#8a8382",
        "#1e0a0a"
    ],
    "hsl_color_values": [
        [
            0.010412963621282115,
            0.5454192922927775,
            42.71221532091097
        ],
        [
            0.05341246290801177,
            0.047893128686136634,
            230.7049180327869
        ],
        [
            0.962962962962963,
            0.13975155279503115,
            64.4
        ],
        [
            0.07252856433184295,
            0.07456798355281431,
            216.83132530120483
        ],
        [
            0.08088235294117653,
            0.09396900602112336,
            206.75510204081633
        ],
        [
            0.08289565826330536,
            0.10164424514200304,
            195.125
        ],
        [
            0.9922434367541765,
            0.9528140989198413,
            12.746376811594203
        ],
        [
            0.020833333333333332,
            0.04790419161676647,
            167.0
        ],
        [
            0.020833333333333332,
            0.05788113695090439,
            138.21428571428572
        ],
        [
            0.004829290206648684,
            0.6645768025078368,
            30.589041095890416
        ]
    ]
}