{
    "rgb_colors": [
        [
            233.72222222222223,
            225.7888888888889,
            209.43333333333334
        ],
        [
            226.1346153846154,
            220.1346153846154,
            203.1346153846154
        ],
        [
            227.632183908046,
            218.632183908046,
            202.632183908046
        ],
        [
            229.375,
            220.725,
            204.60833333333332
        ],
        [
            237.77906976744185,
            229.75581395348837,
            213.43023255813952
        ],
        [
            235.88571428571427,
            227.67857142857142,
            211.4142857142857
        ],
        [
            230.504,
            222.56,
            206.208
        ],
        [
            239.9655172413793,
            232.0,
            215.6551724137931
        ],
        [
            232.30967741935484,
            223.73548387096776,
            207.59354838709677
        ],
        [
            224.84,
            216.62,
            200.36
        ]
    ],
    "hex_colors": [
        "#e9e1d1",
        "#e2dccb",
        "#e3daca",
        "#e5dccc",
        "#ede5d5",
        "#ebe3d3",
        "#e6dece",
        "#efe8d7",
        "#e8dfcf",
        "#e0d8c8"
    ],
    "hsl_color_values": [
        [
            0.11222933821286978,
            0.10392203470406466,
            233.72222222222223
        ],
        [
            0.12318840579710144,
            0.10170932902457692,
            226.1346153846154
        ],
        [
            0.10666666666666667,
            0.10982629771763279,
            227.632183908046
        ],
        [
            0.10845670704351727,
            0.10797456857402367,
            229.375
        ],
        [
            0.11174785100286537,
            0.10240109540808845,
            237.77906976744185
        ],
        [
            0.11077057793345008,
            0.1037427325581395,
            235.88571428571427
        ],
        [
            0.11217209965975201,
            0.10540381077985629,
            230.504
        ],
        [
            0.11205673758865249,
            0.10130765914642903,
            239.9655172413793
        ],
        [
            0.10884886452623344,
            0.10639302377249502,
            232.30967741935484
        ],
        [
            0.11070261437908495,
            0.10887742394591705,
            224.84
        ]
    ]
}