{
    "rgb_colors": [
        [
            83.18181818181819,
            68.18181818181819,
            47.36363636363636
        ],
        [
            75.15384615384616,
            60.15384615384615,
            40.15384615384615
        ],
        [
            78.725,
            63.725,
            43.65
        ],
        [
            98.975,
            83.975,
            63.625
        ],
        [
            81.63380281690141,
            66.63380281690141,
            46.38028169014085
        ],
        [
            92.1063829787234,
            77.1063829787234,
            56.312056737588655
        ],
        [
            87.08839779005525,
            72.08839779005525,
            51.40331491712707
        ],
        [
            84.7984496124031,
            69.7984496124031,
            49.27131782945737
        ],
        [
            94.94594594594595,
            79.94594594594595,
            58.792792792792795
        ],
        [
            89.78212290502793,
            74.78212290502793,
            53.50837988826816
        ]
    ],
    "hex_colors": [
        "#53442f",
        "#4b3c28",
        "#4e3f2b",
        "#62533f",
        "#51422e",
        "#5c4d38",
        "#574833",
        "#544531",
        "#5e4f3a",
        "#594a35"
    ],
    "hsl_color_values": [
        [
            0.09686971235194587,
            0.43060109289617493,
            83.18181818181819
        ],
        [
            0.09523809523809522,
            0.46571136131013313,
            75.15384615384616
        ],
        [
            0.09539082917557618,
            0.4455382661162274,
            78.725
        ],
        [
            0.09594530881659595,
            0.35716089921697397,
            98.975
        ],
        [
            0.0957517645492076,
            0.4318495514147688,
            81.63380281690141
        ],
        [
            0.09682319529753647,
            0.3886193886193886,
            92.1063829787234
        ],
        [
            0.09660938225731537,
            0.4097570259468376,
            87.08839779005525
        ],
        [
            0.09629791257546004,
            0.4189596855288418,
            84.7984496124031
        ],
        [
            0.097516405017028,
            0.3807761647215106,
            94.94594594594595
        ],
        [
            0.09774629087735509,
            0.4040196627465621,
            89.78212290502793
        ]
    ]
}