{
    "rgb_colors": [
        [
            40.184210526315795,
            32.75438596491228,
            22.23684210526316
        ],
        [
            60.2,
            52.51891891891892,
            41.075675675675676
        ],
        [
            51.47445255474453,
            43.839416058394164,
            32.372262773722625
        ],
        [
            81.34693877551021,
            74.23469387755102,
            62.98979591836735
        ],
        [
            136.86666666666667,
            129.93333333333334,
            119.4
        ],
        [
            69.47133757961784,
            61.87898089171974,
            50.318471337579616
        ],
        [
            29.092307692307692,
            21.292307692307688,
            10.92307692307692
        ],
        [
            108.51546391752578,
            101.55670103092783,
            89.15463917525773
        ],
        [
            96.88888888888889,
            89.93333333333334,
            78.95555555555555
        ],
        [
            119.31818181818181,
            112.0909090909091,
            99.81818181818181
        ]
    ],
    "hex_colors": [
        "#282016",
        "#3c3429",
        "#332b20",
        "#514a3e",
        "#888177",
        "#453d32",
        "#1d150a",
        "#6c6559",
        "#60594e",
        "#777063"
    ],
    "hsl_color_values": [
        [
            0.0976702508960573,
            0.44662737393582186,
            40.184210526315795
        ],
        [
            0.09972677595628415,
            0.3176798060518991,
            60.2
        ],
        [
            0.10005094892370399,
            0.37110039705048226,
            51.47445255474453
        ],
        [
            0.10209375579025383,
            0.22566482689412948,
            81.34693877551021
        ],
        [
            0.10050890585241727,
            0.12761811982464685,
            136.86666666666667
        ],
        [
            0.10059860325906216,
            0.27569450811405527,
            69.47133757961784
        ],
        [
            0.09511713237369457,
            0.6245372818614491,
            29.092307692307692
        ],
        [
            0.10676251331203397,
            0.17841535246057388,
            108.51546391752578
        ],
        [
            0.10202395704254448,
            0.1850917431192661,
            96.88888888888889
        ],
        [
            0.10489510489510497,
            0.16342857142857142,
            119.31818181818181
        ]
    ]
}