{
    "rgb_colors": [
        [
            239.23076923076923,
            229.07692307692307,
            219.33333333333331
        ],
        [
            88.53543307086613,
            81.4724409448819,
            70.75590551181102
        ],
        [
            60.901785714285715,
            52.16964285714286,
            40.1875
        ],
        [
            27.21951219512195,
            18.268292682926827,
            9.0
        ],
        [
            75.35483870967742,
            67.25806451612902,
            56.12903225806452
        ],
        [
            211.45,
            200.95,
            190.76666666666665
        ],
        [
            110.70555555555555,
            104.29444444444445,
            94.50555555555556
        ],
        [
            124.00746268656717,
            117.7089552238806,
            108.59701492537313
        ],
        [
            100.47894736842105,
            93.58421052631579,
            82.8842105263158
        ],
        [
            191.13924050632912,
            180.32911392405063,
            169.78481012658227
        ]
    ],
    "hex_colors": [
        "#efe5db",
        "#585146",
        "#3c3428",
        "#1b1209",
        "#4b4338",
        "#d3c8be",
        "#6e685e",
        "#7c756c",
        "#645d52",
        "#bfb4a9"
    ],
    "hsl_color_values": [
        [
            0.08161512027491409,
            0.08317256162915333,
            239.23076923076923
        ],
        [
            0.10045763212282266,
            0.20081821415866233,
            88.53543307086613
        ],
        [
            0.09640804597701153,
            0.3401260812197625,
            60.901785714285715
        ],
        [
            0.08478357875948235,
            0.6693548387096774,
            27.21951219512195
        ],
        [
            0.096476510067114,
            0.2551369863013699,
            75.35483870967742
        ],
        [
            0.08205748052645717,
            0.09781666272562468,
            211.45
        ],
        [
            0.10070873342478291,
            0.14633411953630743,
            110.70555555555555
        ],
        [
            0.09854721549636801,
            0.12427032557019924,
            124.00746268656717
        ],
        [
            0.10135606740452685,
            0.1751086899586191,
            100.47894736842105
        ],
        [
            0.08229598893499308,
            0.11172185430463581,
            191.13924050632912
        ]
    ]
}