{
    "rgb_colors": [
        [
            254.81632653061223,
            253.51020408163265,
            248.7074829931973
        ],
        [
            38.932203389830505,
            37.5593220338983,
            35.72881355932202
        ],
        [
            200.66346153846155,
            194.5096153846154,
            185.98397435897436
        ],
        [
            81.16666666666667,
            76.5,
            73.66666666666667
        ],
        [
            137.22222222222223,
            131.22222222222223,
            128.66666666666669
        ],
        [
            172.25,
            166.89285714285714,
            158.92857142857142
        ],
        [
            245.57142857142856,
            241.16326530612244,
            235.0
        ],
        [
            232.7875,
            227.975,
            220.8375
        ],
        [
            191.3852140077821,
            184.83657587548637,
            176.09727626459144
        ],
        [
            8.549295774647874,
            5.577464788732385,
            4.633802816901408
        ]
    ],
    "hex_colors": [
        "#fefdf8",
        "#262523",
        "#c8c2b9",
        "#514c49",
        "#898380",
        "#aca69e",
        "#f5f1eb",
        "#e8e3dc",
        "#bfb8b0",
        "#080504"
    ],
    "hsl_color_values": [
        [
            0.13103192279138848,
            0.023973517005712968,
            254.81632653061223
        ],
        [
            0.09523809523809523,
            0.08228123639529848,
            38.932203389830505
        ],
        [
            0.09679767103347885,
            0.07315475905250213,
            200.66346153846155
        ],
        [
            0.06296296296296285,
            0.09240246406570841,
            81.16666666666667
        ],
        [
            0.04978354978354962,
            0.06234817813765173,
            137.22222222222223
        ],
        [
            0.0996425379803396,
            0.07733775658303967,
            172.25
        ],
        [
            0.09716859716859717,
            0.04304828388598016,
            245.57142857142856
        ],
        [
            0.09954672245467218,
            0.05133437147613162,
            232.7875
        ],
        [
            0.09527445490794928,
            0.07988045378766319,
            191.3852140077821
        ],
        [
            0.040167865707433824,
            0.4579901153212512,
            8.549295774647874
        ]
    ]
}