{
    "rgb_colors": [
        [
            212.03463203463204,
            198.03463203463204,
            178.03463203463204
        ],
        [
            219.8490566037736,
            205.8490566037736,
            185.8490566037736
        ],
        [
            209.23157894736843,
            195.23157894736843,
            175.23157894736843
        ],
        [
            214.0,
            200.0,
            180.0
        ],
        [
            216.48538011695908,
            202.48538011695908,
            182.48538011695908
        ],
        [
            215.0,
            201.0,
            181.0
        ],
        [
            222.86904761904762,
            208.86904761904762,
            188.86904761904762
        ],
        [
            225.95652173913044,
            211.95652173913044,
            191.95652173913044
        ],
        [
            218.0,
            204.0,
            184.0
        ],
        [
            206.32142857142858,
            192.32142857142858,
            172.32142857142858
        ]
    ],
    "hex_colors": [
        "#d4c6b2",
        "#dbcdb9",
        "#d1c3af",
        "#d6c8b4",
        "#d8cab6",
        "#d7c9b5",
        "#ded0bc",
        "#e1d3bf",
        "#daccb8",
        "#cec0ac"
    ],
    "hsl_color_values": [
        [
            0.09803921568627451,
            0.16035116374030217,
            212.03463203463204
        ],
        [
            0.09803921568627451,
            0.1546515619636114,
            219.8490566037736
        ],
        [
            0.09803921568627451,
            0.16249937113246465,
            209.23157894736843
        ],
        [
            0.09803921568627451,
            0.1588785046728972,
            214.0
        ],
        [
            0.09803921568627451,
            0.15705448553445528,
            216.48538011695908
        ],
        [
            0.09803921568627451,
            0.15813953488372093,
            215.0
        ],
        [
            0.09803921568627451,
            0.1525559532076278,
            222.86904761904762
        ],
        [
            0.09803921568627451,
            0.15047142582258996,
            225.95652173913044
        ],
        [
            0.09803921568627451,
            0.1559633027522936,
            218.0
        ],
        [
            0.09803921568627451,
            0.1647914142288385,
            206.32142857142858
        ]
    ]
}