{
    "rgb_colors": [
        [
            118.7741935483871,
            100.82258064516128,
            80.40322580645162
        ],
        [
            105.42424242424242,
            88.18181818181819,
            67.66666666666667
        ],
        [
            136.05882352941177,
            118.41176470588235,
            97.64705882352942
        ],
        [
            178.0,
            160.0,
            139.0
        ],
        [
            93.85443037974683,
            77.63924050632912,
            58.563291139240505
        ],
        [
            159.375,
            141.375,
            120.375
        ],
        [
            76.22897196261682,
            60.228971962616825,
            44.14018691588785
        ],
        [
            81.02057613168725,
            65.0082304526749,
            48.63374485596708
        ],
        [
            86.51461988304094,
            70.35087719298245,
            52.824561403508774
        ],
        [
            71.79220779220779,
            55.79220779220779,
            39.76623376623377
        ]
    ],
    "hex_colors": [
        "#766450",
        "#695843",
        "#887661",
        "#b2a08b",
        "#5d4d3a",
        "#9f8d78",
        "#4c3c2c",
        "#514130",
        "#564634",
        "#473727"
    ],
    "hsl_color_values": [
        [
            0.08869272803699028,
            0.3230581205866377,
            118.7741935483871
        ],
        [
            0.09055644729802036,
            0.3581488933601609,
            105.42424242424242
        ],
        [
            0.09009698825931593,
            0.2823173367920449,
            136.05882352941177
        ],
        [
            0.08974358974358974,
            0.21910112359550563,
            178.0
        ],
        [
            0.09008847441415595,
            0.37601996088745027,
            93.85443037974683
        ],
        [
            0.08974358974358974,
            0.2447058823529412,
            159.375
        ],
        [
            0.08356390466482211,
            0.42095261447924964,
            76.22897196261682
        ],
        [
            0.08426514188903005,
            0.39973587972368957,
            81.02057613168725
        ],
        [
            0.08670369727477867,
            0.38941462755171014,
            86.51461988304094
        ],
        [
            0.08340091916734253,
            0.4460926193921852,
            71.79220779220779
        ]
    ]
}