{
    "rgb_colors": [
        [
            198.26027397260273,
            183.3835616438356,
            174.52054794520546
        ],
        [
            53.034883720930225,
            6.569767441860478,
            7.6744186046511516
        ],
        [
            150.67567567567568,
            115.97297297297297,
            114.13513513513513
        ],
        [
            184.45454545454547,
            142.3181818181818,
            142.0681818181818
        ],
        [
            214.4345238095238,
            201.95833333333331,
            194.33928571428572
        ],
        [
            234.1263157894737,
            211.29473684210527,
            204.8421052631579
        ],
        [
            123.07894736842105,
            82.3421052631579,
            79.3421052631579
        ],
        [
            202.36708860759495,
            193.03481012658227,
            183.0854430379747
        ],
        [
            81.82278481012658,
            32.07594936708861,
            34.84810126582279
        ],
        [
            253.25,
            231.20454545454544,
            225.23863636363637
        ]
    ],
    "hex_colors": [
        "#c6b7ae",
        "#350607",
        "#967372",
        "#b88e8e",
        "#d6c9c2",
        "#ead3cc",
        "#7b524f",
        "#cac1b7",
        "#512022",
        "#fde7e1"
    ],
    "hsl_color_values": [
        [
            0.062223504520100024,
            0.11974020590064262,
            198.26027397260273
        ],
        [
            0.9960377043710378,
            0.8761236570927425,
            53.034883720930225
        ],
        [
            0.00838264299802762,
            0.24251121076233187,
            150.67567567567568
        ],
        [
            0.0009830205540661274,
            0.22979300147856094,
            184.45454545454547
        ],
        [
            0.06319115323854645,
            0.09371269951422613,
            214.4345238095238
        ],
        [
            0.03672417924754375,
            0.12507867997482247,
            234.1263157894737
        ],
        [
            0.011432009626955472,
            0.35535599743425267,
            123.07894736842105
        ],
        [
            0.08600032824552746,
            0.09528054043910676,
            202.36708860759495
        ],
        [
            0.9907124681933842,
            0.6079826732673267,
            81.82278481012658
        ],
        [
            0.035496957403650976,
            0.11060755631338055,
            253.25
        ]
    ]
}