{
    "rgb_colors": [
        [
            13.789473684210535,
            4.8421052631579045,
            1.0789473684210549
        ],
        [
            148.05725190839695,
            138.23282442748092,
            127.48473282442748
        ],
        [
            26.72580645161291,
            19.290322580645167,
            14.629032258064512
        ],
        [
            141.18548387096774,
            131.16129032258064,
            120.69354838709677
        ],
        [
            179.91071428571428,
            169.10714285714286,
            154.375
        ],
        [
            76.96000000000001,
            69.12,
            57.68
        ],
        [
            165.94117647058823,
            155.8941176470588,
            141.4470588235294
        ],
        [
            113.63636363636364,
            102.5,
            89.9090909090909
        ],
        [
            155.16564417177915,
            145.41104294478527,
            133.0920245398773
        ],
        [
            50.31999999999999,
            42.120000000000005,
            31.72
        ]
    ],
    "hex_colors": [
        "#0d0401",
        "#948a7f",
        "#1a130e",
        "#8d8378",
        "#b3a99a",
        "#4c4539",
        "#a59b8d",
        "#716659",
        "#9b9185",
        "#322a1f"
    ],
    "hsl_color_values": [
        [
            0.04934437543133202,
            0.9217557251908396,
            13.789473684210535
        ],
        [
            0.0870748299319728,
            0.13894975638679077,
            148.05725190839695
        ],
        [
            0.06422222222222229,
            0.4526252263126134,
            26.72580645161291
        ],
        [
            0.08513708513708511,
            0.14514194322271096,
            141.18548387096774
        ],
        [
            0.09615384615384621,
            0.14193548387096772,
            179.91071428571428
        ],
        [
            0.09889349930843706,
            0.2505197505197506,
            76.96000000000001
        ],
        [
            0.09830291386487344,
            0.14760723147819926,
            165.94117647058823
        ],
        [
            0.0884418901660281,
            0.20880000000000004,
            113.63636363636364
        ],
        [
            0.09301463776171941,
            0.14225842163529984,
            155.16564417177915
        ],
        [
            0.09318996415770618,
            0.36963434022257546,
            50.31999999999999
        ]
    ]
}