{
    "rgb_colors": [
        [
            219.98260869565217,
            209.98260869565217,
            191.0
        ],
        [
            228.4,
            218.4,
            199.44210526315788
        ],
        [
            223.9255319148936,
            213.9255319148936,
            195.06382978723406
        ],
        [
            240.75,
            230.75,
            211.75
        ],
        [
            222.51048951048952,
            212.51048951048952,
            193.53846153846155
        ],
        [
            215.46153846153845,
            205.46153846153845,
            186.46153846153845
        ],
        [
            234.18367346938774,
            224.18367346938774,
            205.20408163265307
        ],
        [
            225.0,
            215.0,
            196.09183673469389
        ],
        [
            226.43523316062175,
            216.43523316062175,
            197.52331606217618
        ],
        [
            230.888,
            220.888,
            201.968
        ]
    ],
    "hex_colors": [
        "#dbd1bf",
        "#e4dac7",
        "#dfd5c3",
        "#f0e6d3",
        "#ded4c1",
        "#d7cdba",
        "#eae0cd",
        "#e1d7c4",
        "#e2d8c5",
        "#e6dcc9"
    ],
    "hsl_color_values": [
        [
            0.10916091609160916,
            0.13174954541861017,
            219.98260869565217
        ],
        [
            0.10911183811947174,
            0.1267858788828464,
            228.4
        ],
        [
            0.108920014743826,
            0.12888973347902505,
            223.9255319148936
        ],
        [
            0.10919540229885057,
            0.12045690550363447,
            240.75
        ],
        [
            0.10913991471558453,
            0.13020522329425815,
            222.51048951048952
        ],
        [
            0.10919540229885057,
            0.13459478757586577,
            215.46153846153845
        ],
        [
            0.10915492957746475,
            0.12374727668845306,
            234.18367346938774
        ],
        [
            0.10901282503823978,
            0.12848072562358273,
            225.0
        ],
        [
            0.10902031063321381,
            0.12768294357237644,
            226.43523316062175
        ],
        [
            0.10903642231443063,
            0.12525553515124221,
            230.888
        ]
    ]
}