{
    "rgb_colors": [
        [
            162.48148148148147,
            155.23280423280423,
            143.25396825396825
        ],
        [
            134.9655172413793,
            127.41379310344828,
            114.89655172413794
        ],
        [
            153.5056818181818,
            146.05113636363637,
            133.9659090909091
        ],
        [
            158.301775147929,
            151.1360946745562,
            139.14792899408283
        ],
        [
            96.25,
            85.25,
            74.25
        ],
        [
            167.2622950819672,
            159.70491803278688,
            147.7622950819672
        ],
        [
            116.4,
            108.85,
            96.85
        ],
        [
            147.97297297297297,
            140.1891891891892,
            127.94594594594595
        ],
        [
            184.16,
            176.92000000000002,
            164.96
        ],
        [
            176.4468085106383,
            167.7872340425532,
            156.04255319148936
        ]
    ],
    "hex_colors": [
        "#a29b8f",
        "#867f72",
        "#999285",
        "#9e978b",
        "#60554a",
        "#a79f93",
        "#746c60",
        "#938c7f",
        "#b8b0a4",
        "#b0a79c"
    ],
    "hsl_color_values": [
        [
            0.10383415886993215,
            0.11833664398059193,
            162.48148148148147
        ],
        [
            0.10395189003436438,
            0.1486969851814,
            134.9655172413793
        ],
        [
            0.10308229136376863,
            0.12729022467335377,
            153.5056818181818
        ],
        [
            0.10431469467614041,
            0.12099577617463467,
            158.301775147929
        ],
        [
            0.08333333333333333,
            0.22857142857142856,
            96.25
        ],
        [
            0.10207370043435615,
            0.11658335783593061,
            167.2622950819672
        ],
        [
            0.10230179028132987,
            0.1679553264604812,
            116.4
        ],
        [
            0.10188933873144403,
            0.1353424657534246,
            147.97297297297297
        ],
        [
            0.10381944444444458,
            0.10425716768027796,
            184.16
        ],
        [
            0.09593326381647549,
            0.11563969612926568,
            176.4468085106383
        ]
    ]
}