{
    "rgb_colors": [
        [
            100.04347826086956,
            69.13043478260869,
            37.5
        ],
        [
            94.4,
            64.34838709677419,
            33.86451612903226
        ],
        [
            107.0,
            76.93333333333334,
            47.06666666666666
        ],
        [
            103.04761904761905,
            72.95238095238095,
            42.80952380952381
        ],
        [
            85.06944444444444,
            53.68055555555556,
            22.861111111111114
        ],
        [
            96.85096153846153,
            66.6875,
            36.11057692307692
        ],
        [
            88.63565891472868,
            57.70542635658915,
            26.992248062015506
        ],
        [
            92.73333333333333,
            62.266666666666666,
            31.68
        ],
        [
            90.97037037037038,
            60.31111111111111,
            29.622222222222224
        ],
        [
            99.41666666666667,
            69.75,
            39.72222222222222
        ]
    ],
    "hex_colors": [
        "#644525",
        "#5e4021",
        "#6b4c2f",
        "#67482a",
        "#553516",
        "#604224",
        "#58391a",
        "#5c3e1f",
        "#5a3c1d",
        "#634527"
    ],
    "hsl_color_values": [
        [
            0.08428919012860618,
            0.6251629726205997,
            100.04347826086956
        ],
        [
            0.08392838111478203,
            0.6412657189721159,
            94.4
        ],
        [
            0.08305524657026327,
            0.5601246105919003,
            107.0
        ],
        [
            0.08339920948616598,
            0.5845656192236599,
            103.04761904761905
        ],
        [
            0.0825705142516931,
            0.7312653061224489,
            85.06944444444444
        ],
        [
            0.08390058572107013,
            0.6271531397369075,
            96.85096153846153
        ],
        [
            0.08303990610328639,
            0.6954696519153402,
            88.63565891472868
        ],
        [
            0.08349712455412389,
            0.6583752695902229,
            92.73333333333333
        ],
        [
            0.08337358126056509,
            0.6743750508916212,
            90.97037037037038
        ],
        [
            0.08383744377229718,
            0.6004470522492317,
            99.41666666666667
        ]
    ]
}