{
    "rgb_colors": [
        [
            20.555844155844156,
            16.88051948051948,
            14.867532467532467
        ],
        [
            157.19230769230768,
            151.61538461538464,
            139.42307692307693
        ],
        [
            198.66666666666666,
            193.83333333333331,
            181.0
        ],
        [
            58.30769230769231,
            51.23076923076923,
            41.92307692307692
        ],
        [
            174.77777777777777,
            169.66666666666666,
            157.1111111111111
        ],
        [
            25.53191489361702,
            21.93036750483559,
            19.95938104448743
        ],
        [
            141.83333333333331,
            135.72222222222223,
            124.05555555555556
        ],
        [
            100.15384615384616,
            93.46153846153847,
            82.61538461538461
        ],
        [
            247.20000000000002,
            244.85000000000002,
            230.45000000000002
        ],
        [
            225.70588235294116,
            221.70588235294116,
            208.2941176470588
        ]
    ],
    "hex_colors": [
        "#14100e",
        "#9d978b",
        "#c6c1b5",
        "#3a3329",
        "#aea99d",
        "#191513",
        "#8d877c",
        "#645d52",
        "#f7f4e6",
        "#e1ddd0"
    ],
    "hsl_color_values": [
        [
            0.05898021308980217,
            0.27672479150871876,
            20.555844155844156
        ],
        [
            0.11435786435786466,
            0.11304135062392939,
            157.19230769230768
        ],
        [
            0.12106918238993698,
            0.08892617449664425,
            198.66666666666666
        ],
        [
            0.09467918622848205,
            0.28100263852242746,
            58.30769230769231
        ],
        [
            0.11844863731656186,
            0.10108073744437392,
            174.77777777777777
        ],
        [
            0.05894943885225037,
            0.21825757575757568,
            25.53191489361702
        ],
        [
            0.10937500000000017,
            0.12534273403838608,
            141.83333333333331
        ],
        [
            0.10307017543859652,
            0.17511520737327196,
            100.15384615384616
        ],
        [
            0.1432835820895523,
            0.0677588996763754,
            247.20000000000002
        ],
        [
            0.12837837837837837,
            0.07714360177221787,
            225.70588235294116
        ]
    ]
}