{
    "rgb_colors": [
        [
            39.515151515151516,
            37.21212121212121,
            34.65656565656566
        ],
        [
            91.04761904761904,
            86.28571428571428,
            78.47619047619048
        ],
        [
            66.13235294117646,
            63.529411764705884,
            57.64705882352941
        ],
        [
            16.874213836477985,
            14.421383647798741,
            13.30188679245283
        ],
        [
            29.159420289855074,
            26.992753623188406,
            24.60144927536232
        ],
        [
            48.921052631578945,
            47.368421052631575,
            43.131578947368425
        ],
        [
            57.52459016393443,
            55.606557377049185,
            50.91803278688525
        ],
        [
            77.61224489795919,
            73.0204081632653,
            64.91836734693877
        ],
        [
            116.0,
            115.5,
            110.75
        ],
        [
            4.441260744985673,
            1.7249283667621782,
            1.4355300859598863
        ]
    ],
    "hex_colors": [
        "#272522",
        "#5b564e",
        "#423f39",
        "#100e0d",
        "#1d1a18",
        "#302f2b",
        "#393732",
        "#4d4940",
        "#74736e",
        "#040101"
    ],
    "hsl_color_values": [
        [
            0.08766458766458755,
            0.12295501022494877,
            39.515151515151516
        ],
        [
            0.10353535353535348,
            0.1380753138075312,
            91.04761904761904
        ],
        [
            0.11554015020219538,
            0.12830776072937503,
            66.13235294117646
        ],
        [
            0.05223004694835681,
            0.21170331718225854,
            16.874213836477985
        ],
        [
            0.08744038155802858,
            0.15631212723658053,
            29.159420289855074
        ],
        [
            0.12196969696969688,
            0.11834319526627207,
            48.921052631578945
        ],
        [
            0.1182795698924732,
            0.1148475349102308,
            57.52459016393443
        ],
        [
            0.1063772775991425,
            0.16355508808835145,
            77.61224489795919
        ],
        [
            0.15079365079365079,
            0.04525862068965517,
            116.0
        ],
        [
            0.01604702891642834,
            0.6767741935483869,
            4.441260744985673
        ]
    ]
}