{
    "rgb_colors": [
        [
            236.0,
            230.0,
            215.0
        ],
        [
            231.24468085106383,
            225.24468085106383,
            210.24468085106383
        ],
        [
            234.0,
            228.0,
            213.0
        ],
        [
            242.7872340425532,
            236.7872340425532,
            221.7872340425532
        ],
        [
            233.0,
            227.0,
            212.0
        ],
        [
            237.0,
            231.0,
            216.0
        ],
        [
            241.0,
            235.0,
            220.0
        ],
        [
            239.5625,
            233.5625,
            218.5625
        ],
        [
            238.0,
            232.0,
            217.0
        ],
        [
            235.0,
            229.0,
            214.0
        ]
    ],
    "hex_colors": [
        "#ece6d7",
        "#e7e1d2",
        "#eae4d5",
        "#f2ecdd",
        "#e9e3d4",
        "#ede7d8",
        "#f1ebdc",
        "#efe9da",
        "#eee8d9",
        "#ebe5d6"
    ],
    "hsl_color_values": [
        [
            0.11904761904761905,
            0.08898305084745763,
            236.0
        ],
        [
            0.11904761904761905,
            0.09081289966416708,
            231.24468085106383
        ],
        [
            0.11904761904761905,
            0.08974358974358974,
            234.0
        ],
        [
            0.11904761904761905,
            0.08649548681097187,
            242.7872340425532
        ],
        [
            0.11904761904761905,
            0.09012875536480687,
            233.0
        ],
        [
            0.11904761904761905,
            0.08860759493670886,
            237.0
        ],
        [
            0.11904761904761905,
            0.08713692946058091,
            241.0
        ],
        [
            0.11904761904761905,
            0.08765979650404383,
            239.5625
        ],
        [
            0.11904761904761905,
            0.08823529411764706,
            238.0
        ],
        [
            0.11904761904761905,
            0.08936170212765958,
            235.0
        ]
    ]
}