{
    "rgb_colors": [
        [
            52.8125,
            49.125,
            45.125
        ],
        [
            82.4034090909091,
            77.53977272727273,
            72.58522727272727
        ],
        [
            90.82352941176471,
            86.23529411764706,
            81.37254901960785
        ],
        [
            79.70357142857142,
            74.73571428571428,
            69.74642857142857
        ],
        [
            75.6625,
            70.7,
            65.7125
        ],
        [
            34.666666666666664,
            30.799999999999997,
            26.733333333333334
        ],
        [
            18.42857142857143,
            14.857142857142861,
            10.714285714285715
        ],
        [
            87.73913043478261,
            82.84347826086956,
            77.87826086956522
        ],
        [
            84.7557251908397,
            79.93893129770993,
            75.0
        ],
        [
            69.875,
            65.25,
            60.375
        ]
    ],
    "hex_colors": [
        "#34312d",
        "#524d48",
        "#5a5651",
        "#4f4a45",
        "#4b4641",
        "#221e1a",
        "#120e0a",
        "#57524d",
        "#544f4b",
        "#45413c"
    ],
    "hsl_color_values": [
        [
            0.08672086720867207,
            0.1455621301775148,
            52.8125
        ],
        [
            0.08410493827160508,
            0.11914776253189006,
            82.4034090909091
        ],
        [
            0.08575380359612716,
            0.10405872193436962,
            90.82352941176471
        ],
        [
            0.08351267336202774,
            0.12492718555361383,
            79.70357142857142
        ],
        [
            0.08354271356783925,
            0.13150503882372364,
            75.6625
        ],
        [
            0.08543417366946775,
            0.22884615384615375,
            34.666666666666664
        ],
        [
            0.08950617283950624,
            0.4186046511627907,
            18.42857142857143
        ],
        [
            0.08392122281011154,
            0.1123885034687809,
            87.73913043478261
        ],
        [
            0.0843766301512781,
            0.11510402593893546,
            84.7557251908397
        ],
        [
            0.08552631578947367,
            0.13595706618962433,
            69.875
        ]
    ]
}