{
    "rgb_colors": [
        [
            239.72727272727272,
            226.22727272727272,
            215.11363636363637
        ],
        [
            113.16666666666667,
            99.3,
            90.93333333333334
        ],
        [
            199.62534435261708,
            192.38292011019283,
            183.22865013774106
        ],
        [
            166.11764705882354,
            147.70588235294116,
            137.41176470588235
        ],
        [
            57.40740740740742,
            48.62962962962965,
            40.55555555555557
        ],
        [
            218.78571428571428,
            209.08163265306123,
            199.5408163265306
        ],
        [
            140.0625,
            121.8125,
            113.875
        ],
        [
            35.68181818181819,
            26.22727272727272,
            18.22727272727272
        ],
        [
            205.56692913385825,
            198.51181102362204,
            189.49606299212599
        ],
        [
            78.07692307692307,
            71.65384615384615,
            63.69230769230768
        ]
    ],
    "hex_colors": [
        "#efe2d7",
        "#71635a",
        "#c7c0b7",
        "#a69389",
        "#393028",
        "#dad1c7",
        "#8c7971",
        "#231a12",
        "#cdc6bd",
        "#4e473f"
    ],
    "hsl_color_values": [
        [
            0.07525392428439513,
            0.10267349260523315,
            239.72727272727272
        ],
        [
            0.06271864067966011,
            0.19646539027982327,
            113.16666666666667
        ],
        [
            0.0930499551971325,
            0.08213733716052103,
            199.62534435261708
        ],
        [
            0.05976775956284144,
            0.17280453257790374,
            166.11764705882354
        ],
        [
            0.0798534798534799,
            0.29354838709677405,
            57.40740740740742
        ],
        [
            0.08262636974195846,
            0.08796231519052283,
            218.78571428571428
        ],
        [
            0.05051710421638822,
            0.18697010263275324,
            140.0625
        ],
        [
            0.07638888888888884,
            0.4891719745222933,
            35.68181818181819
        ],
        [
            0.09349991834068272,
            0.07817826636534256,
            205.56692913385825
        ],
        [
            0.09224598930481287,
            0.1842364532019705,
            78.07692307692307
        ]
    ]
}