{
    "rgb_colors": [
        [
            5.782608695652172,
            1.4347826086956559,
            0.4956521739130437
        ],
        [
            73.38461538461539,
            68.0,
            61.53846153846153
        ],
        [
            185.14673913043478,
            174.76086956521738,
            164.83152173913044
        ],
        [
            133.34065934065933,
            119.76923076923077,
            110.86813186813187
        ],
        [
            28.099999999999994,
            13.875,
            8.75
        ],
        [
            170.52201257861634,
            160.874213836478,
            151.19811320754718
        ],
        [
            105.64864864864865,
            89.72972972972973,
            82.27027027027027
        ],
        [
            59.8125,
            49.609375,
            43.046875
        ],
        [
            40.57377049180327,
            33.1639344262295,
            26.147540983606547
        ],
        [
            149.6451612903226,
            140.43548387096774,
            131.6290322580645
        ]
    ],
    "hex_colors": [
        "#050100",
        "#49443d",
        "#b9aea4",
        "#85776e",
        "#1c0d08",
        "#aaa097",
        "#695952",
        "#3b312b",
        "#28211a",
        "#958c83"
    ],
    "hsl_color_values": [
        [
            0.029605263157894857,
            0.9142857142857143,
            5.782608695652172
        ],
        [
            0.09090909090909094,
            0.16142557651991624,
            73.38461538461539
        ],
        [
            0.08146067415730324,
            0.10972495376757564,
            185.14673913043478
        ],
        [
            0.06601466992665043,
            0.1685346958958298,
            133.34065934065933
        ],
        [
            0.04414298018949183,
            0.6886120996441281,
            28.099999999999994
        ],
        [
            0.08345538378085167,
            0.11332202264596307,
            170.52201257861634
        ],
        [
            0.05317919075144506,
            0.2212842159119979,
            105.64864864864865
        ],
        [
            0.065237651444548,
            0.2803030303030303,
            59.8125
        ],
        [
            0.0810606060606061,
            0.35555555555555574,
            40.57377049180327
        ],
        [
            0.08146821844225603,
            0.12039232593231308,
            149.6451612903226
        ]
    ]
}