{
    "rgb_colors": [
        [
            133.24242424242425,
            88.21212121212122,
            24.439393939393938
        ],
        [
            191.20833333333331,
            145.60416666666666,
            76.16666666666666
        ],
        [
            156.36206896551724,
            110.98850574712644,
            45.310344827586206
        ],
        [
            177.27536231884056,
            131.97101449275362,
            64.3840579710145
        ],
        [
            106.83870967741936,
            66.12903225806451,
            14.774193548387096
        ],
        [
            137.94845360824743,
            94.50515463917526,
            35.371134020618555
        ],
        [
            88.51282051282053,
            48.8974358974359,
            1.8205128205128247
        ],
        [
            166.3240223463687,
            121.12849162011173,
            56.022346368715084
        ],
        [
            148.0909090909091,
            102.7062937062937,
            37.39160839160839
        ],
        [
            121.5,
            79.28205128205128,
            22.82051282051282
        ]
    ],
    "hex_colors": [
        "#855818",
        "#bf914c",
        "#9c6e2d",
        "#b18340",
        "#6a420e",
        "#895e23",
        "#583001",
        "#a67938",
        "#946625",
        "#794f16"
    ],
    "hsl_color_values": [
        [
            0.09768834424174906,
            0.8165794860131909,
            133.24242424242425
        ],
        [
            0.10059760956175301,
            0.601656134234038,
            191.20833333333331
        ],
        [
            0.09856992530490434,
            0.7102216341382732,
            156.36206896551724
        ],
        [
            0.09978175749406253,
            0.6368132766514061,
            177.27536231884056
        ],
        [
            0.0929689324924083,
            0.8617149758454106,
            106.83870967741936
        ],
        [
            0.09608040201005025,
            0.7435916598161573,
            137.94845360824743
        ],
        [
            0.09050576752440105,
            0.9794322132097335,
            88.51282051282053
        ],
        [
            0.09837587790383577,
            0.663173451565229,
            166.3240223463687
        ],
        [
            0.0983364918930301,
            0.7475090900505265,
            148.0909090909091
        ],
        [
            0.09536182928413668,
            0.8121768492138862,
            121.5
        ]
    ]
}