{
    "rgb_colors": [
        [
            211.74193548387098,
            200.74193548387098,
            189.74193548387098
        ],
        [
            188.70224719101122,
            177.70224719101122,
            166.70224719101122
        ],
        [
            245.92307692307693,
            234.92307692307693,
            223.92307692307693
        ],
        [
            179.16666666666666,
            168.16666666666666,
            157.16666666666666
        ],
        [
            223.9,
            212.9,
            201.9
        ],
        [
            195.82978723404256,
            184.82978723404256,
            173.82978723404256
        ],
        [
            203.33333333333334,
            192.33333333333334,
            181.33333333333334
        ],
        [
            191.91071428571428,
            180.91071428571428,
            169.91071428571428
        ],
        [
            183.1244635193133,
            172.1244635193133,
            161.1244635193133
        ],
        [
            185.92354740061162,
            174.92354740061162,
            163.92354740061162
        ]
    ],
    "hex_colors": [
        "#d3c8bd",
        "#bcb1a6",
        "#f5eadf",
        "#b3a89d",
        "#dfd4c9",
        "#c3b8ad",
        "#cbc0b5",
        "#bfb4a9",
        "#b7aca1",
        "#b9aea3"
    ],
    "hsl_color_values": [
        [
            0.08333333333333333,
            0.10390006093845217,
            211.74193548387098
        ],
        [
            0.08333333333333333,
            0.11658578701360565,
            188.70224719101122
        ],
        [
            0.08333333333333333,
            0.08945886768845793,
            245.92307692307693
        ],
        [
            0.08333333333333333,
            0.12279069767441861,
            179.16666666666666
        ],
        [
            0.08333333333333333,
            0.0982581509602501,
            223.9
        ],
        [
            0.08333333333333333,
            0.11234245980008692,
            195.82978723404256
        ],
        [
            0.08333333333333333,
            0.10819672131147541,
            203.33333333333334
        ],
        [
            0.08333333333333333,
            0.11463664278403275,
            191.91071428571428
        ],
        [
            0.08333333333333333,
            0.1201368707227899,
            183.1244635193133
        ],
        [
            0.08333333333333333,
            0.11832820698389723,
            185.92354740061162
        ]
    ]
}