{
    "rgb_colors": [
        [
            202.3125,
            191.375,
            172.78125
        ],
        [
            84.36842105263159,
            72.76315789473685,
            56.31578947368422
        ],
        [
            168.68686868686868,
            159.74747474747474,
            143.9949494949495
        ],
        [
            61.705882352941174,
            48.66666666666667,
            32.450980392156865
        ],
        [
            223.0769230769231,
            210.44230769230768,
            191.1346153846154
        ],
        [
            190.37362637362637,
            179.9835164835165,
            162.2032967032967
        ],
        [
            153.08860759493672,
            143.84810126582278,
            127.65822784810126
        ],
        [
            128.67692307692306,
            121.12307692307692,
            101.21538461538461
        ],
        [
            104.45454545454545,
            94.27272727272728,
            79.72727272727272
        ],
        [
            179.68049792531122,
            170.24896265560167,
            153.6721991701245
        ]
    ],
    "hex_colors": [
        "#cabfac",
        "#544838",
        "#a89f8f",
        "#3d3020",
        "#dfd2bf",
        "#beb3a2",
        "#998f7f",
        "#807965",
        "#685e4f",
        "#b3aa99"
    ],
    "hsl_color_values": [
        [
            0.10493827160493828,
            0.1459684893419833,
            202.3125
        ],
        [
            0.09771732332707943,
            0.33250155957579536,
            84.36842105263159
        ],
        [
            0.10632712892888792,
            0.1463772455089819,
            168.68686868686868
        ],
        [
            0.09238159070598752,
            0.4741023196695265,
            61.705882352941174
        ],
        [
            0.10074252458358406,
            0.14318965517241386,
            223.0769230769231
        ],
        [
            0.10519472075937857,
            0.14797390902793808,
            190.37362637362637
        ],
        [
            0.10610585697693703,
            0.16611542913841582,
            153.08860759493672
        ],
        [
            0.12082166199813267,
            0.21341463414634143,
            128.67692307692306
        ],
        [
            0.09803921568627459,
            0.23672758920800702,
            104.45454545454545
        ],
        [
            0.10622739842586686,
            0.14474747708010996,
            179.68049792531122
        ]
    ]
}