{
    "rgb_colors": [
        [
            51.66981132075472,
            49.66981132075472,
            45.04716981132076
        ],
        [
            49.145161290322584,
            47.145161290322584,
            42.96774193548387
        ],
        [
            64.28735632183908,
            62.287356321839084,
            57.39080459770115
        ],
        [
            58.84516129032258,
            56.84516129032258,
            51.50322580645161
        ],
        [
            53.78095238095238,
            51.78095238095238,
            47.13333333333333
        ],
        [
            61.604838709677416,
            59.604838709677416,
            54.266129032258064
        ],
        [
            43.50704225352113,
            41.50704225352113,
            37.50704225352113
        ],
        [
            67.6,
            65.6,
            61.06666666666666
        ],
        [
            46.64102564102564,
            44.64102564102564,
            40.51282051282051
        ],
        [
            56.15972222222222,
            54.15972222222222,
            49.395833333333336
        ]
    ],
    "hex_colors": [
        "#33312d",
        "#312f2a",
        "#403e39",
        "#3a3833",
        "#35332f",
        "#3d3b36",
        "#2b2925",
        "#43413d",
        "#2e2c28",
        "#383631"
    ],
    "hsl_color_values": [
        [
            0.11633428300094965,
            0.12817235712981556,
            51.66981132075472
        ],
        [
            0.11270670147954746,
            0.12569740728585496,
            49.145161290322584
        ],
        [
            0.11833333333333336,
            0.10727695333452537,
            64.28735632183908
        ],
        [
            0.12126537785588754,
            0.12476702115996056,
            58.84516129032258
        ],
        [
            0.11652340019102196,
            0.12360545422348146,
            53.78095238095238
        ],
        [
            0.12124542124542122,
            0.11912553999214553,
            61.604838709677416
        ],
        [
            0.11111111111111112,
            0.13790870831984461,
            43.50704225352113
        ],
        [
            0.11564625850340134,
            0.09664694280078893,
            67.6
        ],
        [
            0.11227336122733615,
            0.13139087410665207,
            46.64102564102564
        ],
        [
            0.11738535249828881,
            0.12044021268702851,
            56.15972222222222
        ]
    ]
}