{
    "rgb_colors": [
        [
            105.77380952380952,
            88.38095238095238,
            64.13095238095238
        ],
        [
            85.6951219512195,
            71.2560975609756,
            51.951219512195124
        ],
        [
            113.57142857142857,
            96.10714285714286,
            71.10714285714286
        ],
        [
            82.30357142857143,
            65.625,
            39.910714285714285
        ],
        [
            99.78151260504201,
            83.28571428571429,
            59.773109243697476
        ],
        [
            80.7910447761194,
            66.54477611940298,
            47.417910447761194
        ],
        [
            90.74117647058823,
            75.96470588235294,
            55.84705882352941
        ],
        [
            95.71532846715328,
            78.94160583941606,
            53.68613138686131
        ],
        [
            76.16666666666667,
            61.96666666666667,
            42.666666666666664
        ],
        [
            87.74509803921569,
            70.92156862745098,
            45.34313725490196
        ]
    ],
    "hex_colors": [
        "#695840",
        "#554733",
        "#716047",
        "#524127",
        "#63533b",
        "#50422f",
        "#5a4b37",
        "#5f4e35",
        "#4c3d2a",
        "#57462d"
    ],
    "hsl_color_values": [
        [
            0.09705546026300745,
            0.3936972425436128,
            105.77380952380952
        ],
        [
            0.09534995783640525,
            0.393766899103458,
            85.6951219512195
        ],
        [
            0.09812167087188113,
            0.37389937106918236,
            113.57142857142857
        ],
        [
            0.10109519797809603,
            0.5150791928834888,
            82.30357142857143
        ],
        [
            0.09794861023594488,
            0.4009600808489136,
            99.78151260504201
        ],
        [
            0.09552027429934405,
            0.4130796231295031,
            80.7910447761194
        ],
        [
            0.09608900876601488,
            0.38454557241021653,
            90.74117647058823
        ],
        [
            0.10015051522519391,
            0.4391062304583238,
            95.71532846715328
        ],
        [
            0.09601990049751245,
            0.4398249452954049,
            76.16666666666667
        ],
        [
            0.10053949903660886,
            0.48324022346368717,
            87.74509803921569
        ]
    ]
}