{
    "rgb_colors": [
        [
            221.2111111111111,
            211.2111111111111,
            192.65555555555557
        ],
        [
            227.3840579710145,
            217.3840579710145,
            198.69565217391303
        ],
        [
            233.53012048192772,
            223.53012048192772,
            205.20481927710844
        ],
        [
            223.56028368794327,
            213.56028368794327,
            194.99290780141843
        ],
        [
            225.53225806451613,
            215.53225806451613,
            196.94086021505376
        ],
        [
            231.44347826086957,
            221.44347826086957,
            203.04347826086956
        ],
        [
            230.0,
            220.0,
            201.41666666666666
        ],
        [
            228.68032786885246,
            218.68032786885246,
            200.31967213114754
        ],
        [
            240.75,
            230.75,
            212.75
        ],
        [
            235.9387755102041,
            225.9387755102041,
            207.85714285714286
        ]
    ],
    "hex_colors": [
        "#ddd3c0",
        "#e3d9c6",
        "#e9dfcd",
        "#dfd5c2",
        "#e1d7c4",
        "#e7ddcb",
        "#e6dcc9",
        "#e4dac8",
        "#f0e6d4",
        "#ebe1cf"
    ],
    "hsl_color_values": [
        [
            0.10830090791180284,
            0.12908734743081013,
            221.2111111111111
        ],
        [
            0.10857118801044037,
            0.1261671818732274,
            227.3840579710145
        ],
        [
            0.10782645682688219,
            0.1212918536862199,
            233.53012048192772
        ],
        [
            0.10832505792783849,
            0.12778377006535127,
            223.56028368794327
        ],
        [
            0.10837407546696753,
            0.12677298624520253,
            225.53225806451613
        ],
        [
            0.107981220657277,
            0.1227081454764052,
            231.44347826086957
        ],
        [
            0.10835762876579207,
            0.12427536231884062,
            230.0
        ],
        [
            0.10789980732177264,
            0.1240187820351984,
            228.68032786885246
        ],
        [
            0.10714285714285714,
            0.11630321910695743,
            240.75
        ],
        [
            0.10731589147286824,
            0.11902084594758243,
            235.9387755102041
        ]
    ]
}