{
    "rgb_colors": [
        [
            90.63207547169812,
            15.632075471698114,
            16.12264150943396
        ],
        [
            104.11764705882354,
            23.058823529411764,
            24.50588235294118
        ],
        [
            83.32631578947368,
            35.757894736842104,
            25.936842105263157
        ],
        [
            70.21393034825871,
            22.885572139303484,
            12.800995024875622
        ],
        [
            105.25,
            58.671052631578945,
            48.98684210526316
        ],
        [
            56.0,
            2.0,
            0.5632183908045967
        ],
        [
            121.70833333333333,
            77.10416666666666,
            64.10416666666666
        ],
        [
            75.0,
            7.399999999999999,
            5.858823529411765
        ],
        [
            95.27272727272728,
            44.82828282828283,
            36.73232323232323
        ],
        [
            126.25581395348837,
            40.46511627906977,
            40.348837209302324
        ]
    ],
    "hex_colors": [
        "#5a0f10",
        "#681718",
        "#532319",
        "#46160c",
        "#693a30",
        "#380200",
        "#794d40",
        "#4b0705",
        "#5f2c24",
        "#7e2828"
    ],
    "hsl_color_values": [
        [
            0.9989098532494759,
            0.8275215988341834,
            90.63207547169812
        ],
        [
            0.9970246734397679,
            0.7785310734463277,
            104.11764705882354
        ],
        [
            0.02852164343360236,
            0.6887316826680142,
            83.32631578947368
        ],
        [
            0.02927498555748124,
            0.8176858215829378,
            70.21393034825871
        ],
        [
            0.028687246647957593,
            0.5345668208526065,
            105.25
        ],
        [
            0.004319579791277913,
            0.9899425287356323,
            56.0
        ],
        [
            0.0376130198915009,
            0.4732968161588498,
            121.70833333333333
        ],
        [
            0.00371504735976406,
            0.9218823529411765,
            75.0
        ],
        [
            0.02304949242228166,
            0.6144508057675997,
            95.27272727272728
        ],
        [
            0.00022559104854719125,
            0.6804199668447227,
            126.25581395348837
        ]
    ]
}