{
    "rgb_colors": [
        [
            71.61538461538461,
            67.53846153846155,
            61.15384615384615
        ],
        [
            47.88235294117647,
            45.50267379679144,
            41.903743315508024
        ],
        [
            55.5875,
            53.3625,
            49.233333333333334
        ],
        [
            51.61477572559367,
            49.50395778364116,
            45.56992084432718
        ],
        [
            87.25,
            82.375,
            76.91666666666666
        ],
        [
            31.59090909090909,
            27.136363636363637,
            22.227272727272727
        ],
        [
            80.5909090909091,
            75.9090909090909,
            69.77272727272728
        ],
        [
            23.142857142857146,
            18.66666666666667,
            13.904761904761905
        ],
        [
            40.625,
            35.9375,
            31.4375
        ],
        [
            61.99,
            58.980000000000004,
            54.66
        ]
    ],
    "hex_colors": [
        "#47433d",
        "#2f2d29",
        "#373531",
        "#33312d",
        "#57524c",
        "#1f1b16",
        "#504b45",
        "#17120d",
        "#28231f",
        "#3d3a36"
    ],
    "hsl_color_values": [
        [
            0.10171568627450996,
            0.14607948442534907,
            71.61538461538461
        ],
        [
            0.10032796660703629,
            0.12486039758767027,
            47.88235294117647
        ],
        [
            0.1083060109289617,
            0.11430927216850308,
            55.5875
        ],
        [
            0.10846791793976433,
            0.11711481443615167,
            51.61477572559367
        ],
        [
            0.08803763440860223,
            0.11843361986628473,
            87.25
        ],
        [
            0.08737864077669905,
            0.29640287769784174,
            31.59090909090909
        ],
        [
            0.0945378151260503,
            0.13423575860124076,
            80.5909090909091
        ],
        [
            0.08591065292096227,
            0.39917695473251036,
            23.142857142857146
        ],
        [
            0.08163265306122448,
            0.22615384615384615,
            40.625
        ],
        [
            0.09822646657571632,
            0.11824487820616236,
            61.99
        ]
    ]
}