{
    "rgb_colors": [
        [
            135.57647058823528,
            99.37647058823529,
            53.95294117647059
        ],
        [
            164.87850467289718,
            126.97196261682242,
            70.94392523364485
        ],
        [
            120.92134831460675,
            84.21348314606742,
            38.168539325842694
        ],
        [
            84.70560747663552,
            50.20560747663552,
            11.69158878504673
        ],
        [
            150.70967741935485,
            114.0752688172043,
            61.66666666666667
        ],
        [
            189.92857142857144,
            151.21428571428572,
            95.0952380952381
        ],
        [
            104.90845070422534,
            68.79577464788733,
            24.04225352112676
        ],
        [
            175.8548387096774,
            138.48387096774195,
            86.43548387096774
        ],
        [
            68.71900826446281,
            34.96694214876033,
            3.1900826446280988
        ],
        [
            50.507246376811594,
            20.086956521739133,
            0.20289855072464036
        ]
    ],
    "hex_colors": [
        "#876335",
        "#a47e46",
        "#785426",
        "#54320b",
        "#96723d",
        "#bd975f",
        "#684418",
        "#af8a56",
        "#442203",
        "#321400"
    ],
    "hsl_color_values": [
        [
            0.09275007206687808,
            0.6020479000347101,
            135.57647058823528
        ],
        [
            0.09940967731237356,
            0.5697199863961002,
            164.87850467289718
        ],
        [
            0.09273591310251189,
            0.6843523508641517,
            120.92134831460675
        ],
        [
            0.08791466666666665,
            0.8619738511612511,
            84.70560747663552
        ],
        [
            0.09809604315098819,
            0.5908247716894978,
            150.70967741935485
        ],
        [
            0.09862750020922252,
            0.4993105177384982,
            189.92857142857144
        ],
        [
            0.09223780080699007,
            0.7708263408740015,
            104.90845070422534
        ],
        [
            0.09701178451178455,
            0.5084839035127946,
            175.8548387096774
        ],
        [
            0.08082145709841511,
            0.9535778713168973,
            68.71900826446281
        ],
        [
            0.06587918947469511,
            0.9959827833572453,
            50.507246376811594
        ]
    ]
}