{
    "rgb_colors": [
        [
            209.0,
            194.0,
            174.0
        ],
        [
            207.0222222222222,
            192.0222222222222,
            172.0222222222222
        ],
        [
            210.41,
            195.41,
            175.41
        ],
        [
            197.58,
            182.58,
            162.58
        ],
        [
            200.17857142857142,
            185.17857142857142,
            165.17857142857142
        ],
        [
            195.0392156862745,
            180.0392156862745,
            160.0392156862745
        ],
        [
            204.57894736842104,
            189.57894736842104,
            169.57894736842104
        ],
        [
            212.8923076923077,
            197.8923076923077,
            177.8923076923077
        ],
        [
            215.8,
            200.8,
            180.8
        ],
        [
            202.54961832061068,
            187.54961832061068,
            167.54961832061068
        ]
    ],
    "hex_colors": [
        "#d1c2ae",
        "#cfc0ac",
        "#d2c3af",
        "#c5b6a2",
        "#c8b9a5",
        "#c3b4a0",
        "#ccbda9",
        "#d4c5b1",
        "#d7c8b4",
        "#cabba7"
    ],
    "hsl_color_values": [
        [
            0.09523809523809523,
            0.1674641148325359,
            209.0
        ],
        [
            0.09523809523809523,
            0.16906397595534564,
            207.0222222222222
        ],
        [
            0.09523809523809523,
            0.1663419039019058,
            210.41
        ],
        [
            0.09523809523809523,
            0.17714343557040185,
            197.58
        ],
        [
            0.09523809523809523,
            0.17484388938447815,
            200.17857142857142
        ],
        [
            0.09523809523809523,
            0.17945109078114005,
            195.0392156862745
        ],
        [
            0.09523809523809523,
            0.1710830975045022,
            204.57894736842104
        ],
        [
            0.09523809523809523,
            0.1644023702847232,
            212.8923076923077
        ],
        [
            0.09523809523809523,
            0.16218721037998146,
            215.8
        ],
        [
            0.09523809523809523,
            0.17279716590035427,
            202.54961832061068
        ]
    ]
}