{
    "rgb_colors": [
        [
            166.96835443037975,
            155.9367088607595,
            140.44303797468353
        ],
        [
            22.0,
            8.025641025641036,
            1.0
        ],
        [
            105.97297297297297,
            89.33783783783784,
            70.03603603603604
        ],
        [
            189.13793103448276,
            174.27586206896552,
            156.19540229885058
        ],
        [
            46.28571428571429,
            31.08571428571429,
            16.42857142857143
        ],
        [
            68.83018867924528,
            53.37735849056604,
            38.0188679245283
        ],
        [
            176.3310344827586,
            163.7448275862069,
            147.16551724137932
        ],
        [
            130.77272727272728,
            116.4090909090909,
            98.81818181818181
        ],
        [
            92.16939890710383,
            75.55191256830601,
            58.80874316939891
        ],
        [
            157.5875,
            144.175,
            127.075
        ]
    ],
    "hex_colors": [
        "#a69b8c",
        "#160801",
        "#695946",
        "#bdae9c",
        "#2e1f10",
        "#443526",
        "#b0a393",
        "#827462",
        "#5c4b3a",
        "#9d907f"
    ],
    "hsl_color_values": [
        [
            0.09735146743020762,
            0.15886433417990226,
            166.96835443037975
        ],
        [
            0.05575905575905584,
            0.9545454545454546,
            22.0
        ],
        [
            0.08951700509735105,
            0.3391141715548754,
            105.97297297297297
        ],
        [
            0.09147476157245871,
            0.1741719841993315,
            189.13793103448276
        ],
        [
            0.0818181818181818,
            0.6450617283950617,
            46.28571428571429
        ],
        [
            0.08307817922024903,
            0.44764254385964913,
            68.83018867924528
        ],
        [
            0.09474264995664854,
            0.16540206508135158,
            176.3310344827586
        ],
        [
            0.09174964438122331,
            0.2443517553006605,
            130.77272727272728
        ],
        [
            0.08364728364728362,
            0.36194936858955357,
            92.16939890710383
        ],
        [
            0.09340434248258915,
            0.19362259062425638,
            157.5875
        ]
    ]
}