{
    "rgb_colors": [
        [
            240.04430379746836,
            233.04430379746836,
            221.04430379746836
        ],
        [
            250.80645161290323,
            243.80645161290323,
            231.80645161290323
        ],
        [
            248.3955223880597,
            241.3955223880597,
            229.3955223880597
        ],
        [
            242.0,
            235.0,
            223.0
        ],
        [
            246.0,
            239.0,
            227.0
        ],
        [
            243.51020408163265,
            236.51020408163265,
            224.51020408163265
        ],
        [
            237.57142857142858,
            230.57142857142858,
            218.57142857142858
        ],
        [
            245.0,
            238.0,
            226.0
        ],
        [
            247.0,
            240.0,
            228.0
        ],
        [
            235.5263157894737,
            228.5263157894737,
            216.5263157894737
        ]
    ],
    "hex_colors": [
        "#f0e9dd",
        "#faf3e7",
        "#f8f1e5",
        "#f2ebdf",
        "#f6efe3",
        "#f3ece0",
        "#ede6da",
        "#f5eee2",
        "#f7f0e4",
        "#ebe4d8"
    ],
    "hsl_color_values": [
        [
            0.10526315789473684,
            0.0791520552640599,
            240.04430379746836
        ],
        [
            0.10526315789473684,
            0.0757556270096463,
            250.80645161290323
        ],
        [
            0.10526315789473684,
            0.0764909118221421,
            248.3955223880597
        ],
        [
            0.10526315789473684,
            0.07851239669421488,
            242.0
        ],
        [
            0.10526315789473684,
            0.07723577235772358,
            246.0
        ],
        [
            0.10526315789473684,
            0.07802547770700637,
            243.51020408163265
        ],
        [
            0.10526315789473684,
            0.07997594708358388,
            237.57142857142858
        ],
        [
            0.10526315789473684,
            0.07755102040816327,
            245.0
        ],
        [
            0.10526315789473684,
            0.07692307692307693,
            247.0
        ],
        [
            0.10526315789473684,
            0.0806703910614525,
            235.5263157894737
        ]
    ]
}