{
    "rgb_colors": [
        [
            240.875,
            232.35,
            213.4
        ],
        [
            210.5,
            201.5,
            181.60714285714286
        ],
        [
            229.83006535947712,
            221.33333333333334,
            202.43790849673204
        ],
        [
            233.2263157894737,
            224.72105263157894,
            205.76315789473685
        ],
        [
            199.61764705882354,
            190.76470588235293,
            170.58823529411765
        ],
        [
            225.86729857819904,
            217.27014218009478,
            198.27014218009478
        ],
        [
            236.34126984126985,
            227.82539682539684,
            208.9126984126984
        ],
        [
            194.0,
            185.26923076923077,
            165.5
        ],
        [
            220.1875,
            211.375,
            191.84375
        ],
        [
            204.51612903225805,
            195.67741935483872,
            175.67741935483872
        ]
    ],
    "hex_colors": [
        "#f0e8d5",
        "#d2c9b5",
        "#e5ddca",
        "#e9e0cd",
        "#c7beaa",
        "#e1d9c6",
        "#ece3d0",
        "#c2b9a5",
        "#dcd3bf",
        "#ccc3af"
    ],
    "hsl_color_values": [
        [
            0.11495298756445249,
            0.1140633108458744,
            240.875
        ],
        [
            0.11475072105480015,
            0.1372582287071598,
            210.5
        ],
        [
            0.11496858347252055,
            0.11918439312933676,
            229.83006535947712
        ],
        [
            0.11505046633448313,
            0.11775325525240898,
            233.2263157894737
        ],
        [
            0.11583924349881786,
            0.14542507735376456,
            199.61764705882354
        ],
        [
            0.11474612170129946,
            0.12218305426161398,
            225.86729857819904
        ],
        [
            0.1149209104938272,
            0.11605493804358782,
            236.34126984126985
        ],
        [
            0.11560953666216826,
            0.14690721649484537,
            194.0
        ],
        [
            0.11484748254318267,
            0.128725518024411,
            220.1875
        ],
        [
            0.11558538404175998,
            0.14100946372239737,
            204.51612903225805
        ]
    ]
}