{
    "rgb_colors": [
        [
            88.21875,
            57.21875,
            28.21875
        ],
        [
            101.44081632653061,
            70.48163265306123,
            41.46938775510204
        ],
        [
            96.13333333333334,
            65.2060606060606,
            36.163636363636364
        ],
        [
            112.14285714285714,
            81.14285714285714,
            52.14285714285714
        ],
        [
            93.02631578947368,
            62.05263157894737,
            33.0
        ],
        [
            85.3,
            54.3,
            25.299999999999997
        ],
        [
            98.22727272727273,
            67.48701298701299,
            38.42857142857143
        ],
        [
            90.71153846153847,
            59.71153846153846,
            30.71153846153846
        ],
        [
            108.12987012987013,
            77.28571428571429,
            48.25974025974026
        ],
        [
            104.85064935064935,
            73.94805194805195,
            44.94155844155844
        ]
    ],
    "hex_colors": [
        "#58391c",
        "#654629",
        "#604124",
        "#705134",
        "#5d3e21",
        "#553619",
        "#624326",
        "#5a3b1e",
        "#6c4d30",
        "#68492c"
    ],
    "hsl_color_values": [
        [
            0.08055555555555555,
            0.6801275239107333,
            88.21875
        ],
        [
            0.0806279634292974,
            0.5911962338550678,
            101.44081632653061
        ],
        [
            0.08071416540340237,
            0.6238179296431724,
            96.13333333333334
        ],
        [
            0.08055555555555555,
            0.535031847133758,
            112.14285714285714
        ],
        [
            0.08066637439719421,
            0.6452616690240452,
            93.02631578947368
        ],
        [
            0.08055555555555555,
            0.7033997655334115,
            85.3
        ],
        [
            0.080989611611829,
            0.6087790044291664,
            98.22727272727273
        ],
        [
            0.08055555555555555,
            0.661437354250583,
            90.71153846153847
        ],
        [
            0.08080260303687636,
            0.5536872447754023,
            108.12987012987013
        ],
        [
            0.08069585952742253,
            0.5713754877066948,
            104.85064935064935
        ]
    ]
}