{
    "rgb_colors": [
        [
            38.231884057971016,
            46.31884057971014,
            21.985507246376812
        ],
        [
            89.96428571428572,
            88.41071428571429,
            72.03571428571429
        ],
        [
            167.94505494505495,
            161.01098901098902,
            148.69230769230768
        ],
        [
            141.44444444444446,
            134.76767676767676,
            122.58585858585859
        ],
        [
            122.48031496062993,
            116.5275590551181,
            103.91338582677166
        ],
        [
            151.80272108843536,
            145.36054421768708,
            133.02721088435374
        ],
        [
            14.159090909090907,
            18.840909090909093,
            2.318181818181813
        ],
        [
            67.32352941176471,
            73.11764705882354,
            50.26470588235294
        ],
        [
            133.47093023255815,
            126.93023255813954,
            114.70348837209302
        ],
        [
            108.30232558139535,
            102.69767441860465,
            89.83720930232558
        ]
    ],
    "hex_colors": [
        "#262e15",
        "#595848",
        "#a7a194",
        "#8d867a",
        "#7a7467",
        "#979185",
        "#0e1202",
        "#434932",
        "#857e72",
        "#6c6659"
    ],
    "hsl_color_values": [
        [
            0.22205677982926342,
            0.5253441802252815,
            46.31884057971014
        ],
        [
            0.15222443559096943,
            0.19928543072647878,
            89.96428571428572
        ],
        [
            0.10664003044140041,
            0.11463717856441807,
            167.94505494505495
        ],
        [
            0.10765934654525965,
            0.13332857244876103,
            141.44444444444446
        ],
        [
            0.11323155216284979,
            0.15159112825458051,
            122.48031496062993
        ],
        [
            0.10948067632850252,
            0.12368362088281422,
            151.80272108843536
        ],
        [
            0.21389270976616234,
            0.8769601930036192,
            18.840909090909093
        ],
        [
            0.20892320892320893,
            0.3125502815768303,
            73.11764705882354
        ],
        [
            0.1085811648079306,
            0.14061070697390782,
            133.47093023255815
        ],
        [
            0.11607892527287993,
            0.17049602748550577,
            108.30232558139535
        ]
    ]
}