{
    "rgb_colors": [
        [
            114.5625,
            107.125,
            93.375
        ],
        [
            168.77714285714285,
            161.98857142857142,
            148.74857142857144
        ],
        [
            99.74193548387098,
            92.61290322580645,
            78.93548387096774
        ],
        [
            189.04464285714286,
            182.08928571428572,
            168.36607142857142
        ],
        [
            199.83582089552237,
            193.12686567164178,
            179.82089552238807
        ],
        [
            160.4503311258278,
            153.88741721854305,
            140.35099337748343
        ],
        [
            150.88181818181818,
            144.05454545454546,
            130.13636363636363
        ],
        [
            208.82882882882882,
            202.42342342342343,
            188.63963963963965
        ],
        [
            178.2074074074074,
            171.34814814814814,
            157.84444444444443
        ],
        [
            134.12121212121212,
            126.96969696969697,
            112.69696969696969
        ]
    ],
    "hex_colors": [
        "#726b5d",
        "#a8a194",
        "#635c4e",
        "#bdb6a8",
        "#c7c1b3",
        "#a0998c",
        "#969082",
        "#d0cabc",
        "#b2ab9d",
        "#867e70"
    ],
    "hsl_color_values": [
        [
            0.10816125860373649,
            0.18494271685761046,
            114.5625
        ],
        [
            0.11017593913456959,
            0.11866874322860228,
            168.77714285714285
        ],
        [
            0.10956072351421182,
            0.2086028460543338,
            99.74193548387098
        ],
        [
            0.11060736902705821,
            0.10938459358617116,
            189.04464285714286
        ],
        [
            0.11080039771314935,
            0.10015684517140926,
            199.83582089552237
        ],
        [
            0.11224601867105999,
            0.12526828462935446,
            160.4503311258278
        ],
        [
            0.11181711948583124,
            0.1374947279628849,
            150.88181818181818
        ],
        [
            0.11378848728246327,
            0.09667817083692827,
            208.82882882882882
        ],
        [
            0.11052503940826967,
            0.11426552498129523,
            178.2074074074074
        ],
        [
            0.11103253182461104,
            0.1597379123361953,
            134.12121212121212
        ]
    ]
}