{
    "rgb_colors": [
        [
            148.26923076923077,
            160.56837606837607,
            59.82051282051282
        ],
        [
            67.96969696969697,
            71.39393939393939,
            15.626262626262623
        ],
        [
            130.41304347826087,
            140.82608695652175,
            52.78260869565217
        ],
        [
            86.54794520547945,
            90.47260273972603,
            27.226027397260275
        ],
        [
            200.83333333333331,
            211.83333333333331,
            110.5
        ],
        [
            97.20958083832335,
            101.01796407185628,
            39.047904191616766
        ],
        [
            174.3815789473684,
            185.2236842105263,
            84.86842105263158
        ],
        [
            55.22222222222223,
            58.24691358024691,
            5.5679012345679055
        ],
        [
            36.21739130434783,
            38.913043478260875,
            0.13043478260869534
        ],
        [
            159.92465753424656,
            171.71917808219177,
            68.37671232876713
        ]
    ],
    "hex_colors": [
        "#94a03b",
        "#43470f",
        "#828c34",
        "#565a1b",
        "#c8d36e",
        "#616527",
        "#aeb954",
        "#373a05",
        "#242600",
        "#9fab44"
    ],
    "hsl_color_values": [
        [
            0.18701307882644044,
            0.6274452399329306,
            160.56837606837607
        ],
        [
            0.17690031999033992,
            0.7811262026032825,
            71.39393939393939
        ],
        [
            0.18637860082304525,
            0.6251929607903675,
            140.82608695652175
        ],
        [
            0.17700888022525452,
            0.6990688167158755,
            90.47260273972603
        ],
        [
            0.18475877192982457,
            0.47836349331235245,
            211.83333333333331
        ],
        [
            0.17690920217734404,
            0.6134558387670421,
            101.01796407185628
        ],
        [
            0.18467287268913068,
            0.5418057824820629,
            185.2236842105263
        ],
        [
            0.1762362315444106,
            0.9044086477320898,
            58.24691358024691
        ],
        [
            0.1782511210762332,
            0.9966480446927375,
            38.913043478260875
        ],
        [
            0.18568840579710147,
            0.6018108571656495,
            171.71917808219177
        ]
    ]
}