{
    "rgb_colors": [
        [
            60.15625,
            51.1875,
            43.03125
        ],
        [
            97.82926829268293,
            88.14634146341464,
            78.26829268292683
        ],
        [
            174.41361256544502,
            163.85863874345551,
            147.32460732984293
        ],
        [
            15.309090909090912,
            6.2727272727272805,
            2.036363636363646
        ],
        [
            154.12444444444444,
            144.4177777777778,
            129.66666666666666
        ],
        [
            186.5,
            176.09615384615384,
            159.30769230769232
        ],
        [
            123.6923076923077,
            114.07692307692308,
            101.96153846153845
        ],
        [
            142.30107526881721,
            132.49462365591398,
            118.34408602150538
        ],
        [
            35.1025641025641,
            25.897435897435898,
            18.846153846153854
        ],
        [
            163.8237704918033,
            154.077868852459,
            138.79098360655738
        ]
    ],
    "hex_colors": [
        "#3c332b",
        "#61584e",
        "#aea393",
        "#0f0602",
        "#9a9081",
        "#bab09f",
        "#7b7265",
        "#8e8476",
        "#231912",
        "#a39a8a"
    ],
    "hsl_color_values": [
        [
            0.0793795620437956,
            0.2846753246753247,
            60.15625
        ],
        [
            0.0841645885286784,
            0.19995013712291201,
            97.82926829268293
        ],
        [
            0.10172658162607924,
            0.15531474199261547,
            174.41361256544502
        ],
        [
            0.053196347031963465,
            0.8669833729216146,
            15.309090909090912
        ],
        [
            0.10052092797867841,
            0.15868850568083512,
            154.12444444444444
        ],
        [
            0.10289957567185282,
            0.14580325840379452,
            186.5
        ],
        [
            0.09292035398230093,
            0.17568407960199012,
            123.6923076923077
        ],
        [
            0.09844404548174746,
            0.16835423908115466,
            142.30107526881721
        ],
        [
            0.07229232386961089,
            0.4631117604090575,
            35.1025641025641
        ],
        [
            0.10177908753547249,
            0.15280314212093168,
            163.8237704918033
        ]
    ]
}