{
    "rgb_colors": [
        [
            102.1941391941392,
            15.27838827838828,
            15.377289377289378
        ],
        [
            158.8,
            126.0,
            126.0
        ],
        [
            51.74285714285715,
            2.400000000000002,
            1.1714285714285708
        ],
        [
            130.48387096774195,
            52.41935483870968,
            49.70967741935483
        ],
        [
            111.06666666666666,
            27.7921568627451,
            26.53333333333333
        ],
        [
            120.6938775510204,
            38.244897959183675,
            36.87755102040816
        ],
        [
            126.5,
            78.625,
            77.5
        ],
        [
            84.79069767441861,
            23.53488372093023,
            18.13953488372093
        ],
        [
            200.10000000000002,
            171.1,
            166.0
        ],
        [
            107.0031746031746,
            21.955555555555556,
            21.285714285714285
        ]
    ],
    "hex_colors": [
        "#660f0f",
        "#9e7e7e",
        "#330201",
        "#823431",
        "#6f1b1a",
        "#782624",
        "#7e4e4d",
        "#541712",
        "#c8aba6",
        "#6b1515"
    ],
    "hsl_color_values": [
        [
            0.9998103506405934,
            0.850496433563927,
            102.1941391941392
        ],
        [
            0.0,
            0.20654911838790938,
            158.8
        ],
        [
            0.00404896421845576,
            0.97736057426836,
            51.74285714285715
        ],
        [
            0.005591054313099049,
            0.6190358467243512,
            130.48387096774195
        ],
        [
            0.0024819075895342415,
            0.7611044417767107,
            111.06666666666666
        ],
        [
            0.0027189351513675817,
            0.6944538383496788,
            120.6938775510204
        ],
        [
            0.0038265306122448974,
            0.38735177865612647,
            126.5
        ],
        [
            0.013491509653407766,
            0.7860669226549644,
            84.79069767441861
        ],
        [
            0.024926686217008758,
            0.17041479260369824,
            200.10000000000002
        ],
        [
            0.0013024208979914298,
            0.8010739927609327,
            107.0031746031746
        ]
    ]
}