{
    "rgb_colors": [
        [
            55.0,
            39.22222222222223,
            10.944444444444445
        ],
        [
            182.14110429447854,
            146.55828220858896,
            35.079754601226995
        ],
        [
            166.990099009901,
            131.2029702970297,
            21.564356435643564
        ],
        [
            93.76923076923077,
            76.07692307692307,
            24.846153846153847
        ],
        [
            210.01923076923077,
            176.6346153846154,
            69.63461538461539
        ],
        [
            149.77884615384616,
            113.8701923076923,
            7.764423076923077
        ],
        [
            228.6206896551724,
            193.86206896551724,
            84.0344827586207
        ],
        [
            145.91666666666666,
            126.5,
            66.58333333333333
        ],
        [
            5.535714285714306,
            1.8214285714285836,
            0.9345238095238102
        ],
        [
            203.8679245283019,
            165.44025157232704,
            37.47169811320755
        ]
    ],
    "hex_colors": [
        "#37270a",
        "#b69223",
        "#a68315",
        "#5d4c18",
        "#d2b045",
        "#957107",
        "#e4c154",
        "#917e42",
        "#050100",
        "#cba525"
    ],
    "hsl_color_values": [
        [
            0.10697772173182012,
            0.8010101010101011,
            55.0
        ],
        [
            0.1263401610279087,
            0.8074034154063795,
            182.14110429447854
        ],
        [
            0.1256524600580973,
            0.8708644610458912,
            166.990099009901
        ],
        [
            0.12388392857142853,
            0.7350287120590648,
            93.76923076923077
        ],
        [
            0.12703196347031964,
            0.6684369563226811,
            210.01923076923077
        ],
        [
            0.12452463974181026,
            0.9481607498234578,
            149.77884615384616
        ],
        [
            0.12659988870339453,
            0.6324283559577677,
            228.6206896551724
        ],
        [
            0.12587535014005605,
            0.5436893203883495,
            145.91666666666666
        ],
        [
            0.03212591634325168,
            0.8311827956989253,
            5.535714285714306
        ],
        [
            0.12817653803026294,
            0.816196205460435,
            203.8679245283019
        ]
    ]
}