{
    "rgb_colors": [
        [
            119.75,
            34.10714285714286,
            30.821428571428573
        ],
        [
            67.82644628099173,
            51.43388429752066,
            34.01652892561984
        ],
        [
            61.32835820895522,
            38.626865671641795,
            18.47761194029851
        ],
        [
            98.89473684210526,
            49.8421052631579,
            35.526315789473685
        ],
        [
            134.91489361702128,
            67.36170212765957,
            57.34042553191489
        ],
        [
            63.56306306306306,
            47.17567567567568,
            29.463963963963963
        ],
        [
            118.41463414634146,
            60.09756097560975,
            48.5609756097561
        ],
        [
            72.3391812865497,
            55.69590643274854,
            38.33918128654971
        ],
        [
            136.85384615384615,
            53.84615384615385,
            47.69230769230769
        ],
        [
            127.03508771929825,
            45.54385964912281,
            39.59649122807018
        ]
    ],
    "hex_colors": [
        "#77221e",
        "#433322",
        "#3d2612",
        "#623123",
        "#864339",
        "#3f2f1d",
        "#763c30",
        "#483726",
        "#88352f",
        "#7f2d27"
    ],
    "hsl_color_values": [
        [
            0.0061579651941097895,
            0.7426185505517447,
            119.75
        ],
        [
            0.08585920312881938,
            0.49847690995491645,
            67.82644628099173
        ],
        [
            0.07836990595611287,
            0.6987101484546118,
            61.32835820895522
        ],
        [
            0.037652270210409754,
            0.6407663650878126,
            98.89473684210526
        ],
        [
            0.02153044432254525,
            0.5749881722125848,
            134.91489361702128
        ],
        [
            0.08656979304271246,
            0.5364609170150946,
            63.56306306306306
        ],
        [
            0.027525605214152687,
            0.5899073120494336,
            118.41463414634146
        ],
        [
            0.08508198601077858,
            0.4700080840743734,
            72.3391812865497
        ],
        [
            0.011503177752854218,
            0.6515091900399078,
            136.85384615384615
        ],
        [
            0.0113362760834671,
            0.688302720618699,
            127.03508771929825
        ]
    ]
}