{
    "rgb_colors": [
        [
            151.46715328467153,
            142.4817518248175,
            128.55474452554745
        ],
        [
            160.65573770491804,
            151.72131147540983,
            138.08196721311475
        ],
        [
            157.9,
            150.4,
            138.7
        ],
        [
            149.01666666666668,
            140.01666666666668,
            126.09444444444445
        ],
        [
            158.12173913043478,
            149.2086956521739,
            135.6695652173913
        ],
        [
            143.34615384615384,
            134.34615384615384,
            120.34615384615384
        ],
        [
            163.14814814814815,
            154.8148148148148,
            141.8148148148148
        ],
        [
            153.38333333333333,
            144.42777777777778,
            130.75
        ],
        [
            155.9090909090909,
            146.94949494949495,
            133.1010101010101
        ],
        [
            146.275,
            137.275,
            123.375
        ]
    ],
    "hex_colors": [
        "#978e80",
        "#a0978a",
        "#9d968a",
        "#958c7e",
        "#9e9587",
        "#8f8678",
        "#a39a8d",
        "#999082",
        "#9b9285",
        "#92897b"
    ],
    "hsl_color_values": [
        [
            0.1013061484549219,
            0.1512698183220085,
            151.46715328467153
        ],
        [
            0.10070200919874119,
            0.1405102040816327,
            160.65573770491804
        ],
        [
            0.10156250000000006,
            0.12159594680177338,
            157.9
        ],
        [
            0.10122798513491682,
            0.1538232114230325,
            149.01666666666668
        ],
        [
            0.10050348567002321,
            0.14199296084469865,
            158.12173913043478
        ],
        [
            0.10144927536231885,
            0.16045076469009928,
            143.34615384615384
        ],
        [
            0.10156249999999996,
            0.13076049943246318,
            163.14814814814815
        ],
        [
            0.10072001309114714,
            0.14756057807236767,
            153.38333333333333
        ],
        [
            0.10119574844995571,
            0.14629089731130543,
            155.9090909090909
        ],
        [
            0.10116448326055315,
            0.15655443513929246,
            146.275
        ]
    ]
}