{
    "rgb_colors": [
        [
            138.06666666666666,
            127.1,
            115.73333333333333
        ],
        [
            192.06060606060606,
            182.99242424242425,
            171.2689393939394
        ],
        [
            221.1290322580645,
            211.29032258064515,
            198.8709677419355
        ],
        [
            199.34008097165992,
            190.83805668016194,
            179.57085020242914
        ],
        [
            121.34782608695653,
            111.21739130434783,
            97.47826086956522
        ],
        [
            209.08943089430895,
            199.1219512195122,
            188.3008130081301
        ],
        [
            102.57142857142857,
            92.14285714285715,
            78.42857142857143
        ],
        [
            182.90686274509804,
            173.7892156862745,
            161.81372549019608
        ],
        [
            170.67924528301887,
            161.20754716981133,
            149.26415094339623
        ],
        [
            155.6904761904762,
            145.16666666666669,
            132.95238095238096
        ]
    ],
    "hex_colors": [
        "#8a7f73",
        "#c0b6ab",
        "#ddd3c6",
        "#c7beb3",
        "#796f61",
        "#d1c7bc",
        "#665c4e",
        "#b6ada1",
        "#aaa195",
        "#9b9184"
    ],
    "hsl_color_values": [
        [
            0.08482587064676612,
            0.1617576050217286,
            138.06666666666666
        ],
        [
            0.09397583044877635,
            0.10825575891448401,
            192.06060606060606
        ],
        [
            0.09299516908212553,
            0.10065645514223191,
            221.1290322580645
        ],
        [
            0.09498941907297427,
            0.09917338586835106,
            199.34008097165992
        ],
        [
            0.09593199757134181,
            0.19670369043353642,
            121.34782608695653
        ],
        [
            0.08675531221483505,
            0.0994245275682401,
            209.08943089430895
        ],
        [
            0.09467455621301783,
            0.2353760445682451,
            102.57142857142857
        ],
        [
            0.09462390580215348,
            0.1153217377321577,
            182.90686274509804
        ],
        [
            0.09295154185022032,
            0.1254698209153217,
            170.67924528301887
        ],
        [
            0.08952879581151836,
            0.14604679614619973,
            155.6904761904762
        ]
    ]
}