{
    "rgb_colors": [
        [
            104.96969696969697,
            92.15151515151516,
            80.24242424242425
        ],
        [
            148.34728033472803,
            137.15062761506277,
            124.14225941422595
        ],
        [
            141.10629921259843,
            130.03937007874015,
            117.06299212598425
        ],
        [
            198.25,
            187.29166666666666,
            174.16666666666666
        ],
        [
            158.32432432432432,
            147.27027027027026,
            134.33783783783784
        ],
        [
            125.40506329113924,
            114.0253164556962,
            101.17721518987342
        ],
        [
            90.20689655172413,
            77.79310344827587,
            69.9655172413793
        ],
        [
            172.34615384615384,
            161.42307692307693,
            148.19230769230768
        ],
        [
            133.73728813559322,
            122.69067796610169,
            109.72033898305085
        ],
        [
            78.56666666666666,
            66.2,
            56.36666666666667
        ]
    ],
    "hex_colors": [
        "#685c50",
        "#94897c",
        "#8d8275",
        "#c6bbae",
        "#9e9386",
        "#7d7265",
        "#5a4d45",
        "#aca194",
        "#857a6d",
        "#4e4238"
    ],
    "hsl_color_values": [
        [
            0.08026960784313726,
            0.2355658198614318,
            104.96969696969697
        ],
        [
            0.0895707288965717,
            0.16316457481314334,
            148.34728033472803
        ],
        [
            0.08995142186561861,
            0.17039145113138587,
            141.10629921259843
        ],
        [
            0.09083044982698958,
            0.12147961328289202,
            198.25
        ],
        [
            0.0898591549295774,
            0.15150221918743598,
            158.32432432432432
        ],
        [
            0.08838383838383834,
            0.1931967295851418,
            125.40506329113924
        ],
        [
            0.06445201590005693,
            0.22438837920489296,
            90.20689655172413
        ],
        [
            0.09129511677282391,
            0.1401472885516626,
            172.34615384615384
        ],
        [
            0.09000823335685715,
            0.17958304289968946,
            133.73728813559322
        ],
        [
            0.07382382382382385,
            0.28256257955027575,
            78.56666666666666
        ]
    ]
}