{
    "rgb_colors": [
        [
            59.027522935779814,
            54.027522935779814,
            51.027522935779814
        ],
        [
            54.43589743589744,
            51.64102564102564,
            47.9059829059829
        ],
        [
            55.71544715447155,
            53.32520325203252,
            49.45528455284553
        ],
        [
            59.4,
            57.4,
            53.4
        ],
        [
            50.72727272727273,
            48.31818181818182,
            44.45454545454545
        ],
        [
            58.0,
            56.0,
            52.0
        ],
        [
            52.577586206896555,
            50.577586206896555,
            46.577586206896555
        ],
        [
            57.0,
            55.0,
            51.0
        ],
        [
            64.17460317460318,
            59.17460317460318,
            56.17460317460318
        ],
        [
            61.390243902439025,
            56.390243902439025,
            53.390243902439025
        ]
    ],
    "hex_colors": [
        "#3b3633",
        "#36332f",
        "#373531",
        "#3b3935",
        "#32302c",
        "#3a3834",
        "#34322e",
        "#393733",
        "#403b38",
        "#3d3835"
    ],
    "hsl_color_values": [
        [
            0.0625,
            0.13552999689151385,
            59.027522935779814
        ],
        [
            0.0953315881326353,
            0.11995603705448274,
            54.43589743589744
        ],
        [
            0.10303030303030307,
            0.11235955056179783,
            55.71544715447155
        ],
        [
            0.11111111111111112,
            0.10101010101010101,
            59.4
        ],
        [
            0.10265700483091796,
            0.12365591397849464,
            50.72727272727273
        ],
        [
            0.11111111111111112,
            0.10344827586206896,
            58.0
        ],
        [
            0.11111111111111112,
            0.11411706837186424,
            52.577586206896555
        ],
        [
            0.11111111111111112,
            0.10526315789473684,
            57.0
        ],
        [
            0.0625,
            0.12465990601038832,
            64.17460317460318
        ],
        [
            0.0625,
            0.13031386571315057,
            61.390243902439025
        ]
    ]
}