{
    "rgb_colors": [
        [
            43.28431372549019,
            38.28431372549019,
            33.65686274509804
        ],
        [
            47.21311475409836,
            42.21311475409836,
            38.622950819672134
        ],
        [
            61.1,
            56.1,
            53.1
        ],
        [
            52.417910447761194,
            47.417910447761194,
            44.417910447761194
        ],
        [
            58.03597122302158,
            53.03597122302158,
            50.03597122302158
        ],
        [
            38.234042553191486,
            33.234042553191486,
            28.361702127659576
        ],
        [
            55.09433962264151,
            50.09433962264151,
            47.09433962264151
        ],
        [
            50.043103448275865,
            45.043103448275865,
            41.974137931034484
        ],
        [
            41.080882352941174,
            36.080882352941174,
            31.169117647058826
        ],
        [
            45.08860759493671,
            40.08860759493671,
            36.0
        ]
    ],
    "hex_colors": [
        "#2b2621",
        "#2f2a26",
        "#3d3835",
        "#342f2c",
        "#3a3532",
        "#26211c",
        "#37322f",
        "#322d29",
        "#29241f",
        "#2d2824"
    ],
    "hsl_color_values": [
        [
            0.08010862186014933,
            0.2224235560588901,
            43.28431372549019
        ],
        [
            0.06965648854961831,
            0.18194444444444444,
            47.21311475409836
        ],
        [
            0.0625,
            0.1309328968903437,
            61.1
        ],
        [
            0.0625,
            0.15261958997722094,
            52.417910447761194
        ],
        [
            0.0625,
            0.13784554357257964,
            58.03597122302158
        ],
        [
            0.08225574712643674,
            0.258208124652198,
            38.234042553191486
        ],
        [
            0.0625,
            0.14520547945205478,
            55.09433962264151
        ],
        [
            0.06339031339031341,
            0.1612403100775194,
            50.043103448275865
        ],
        [
            0.08259149357072203,
            0.2412743869697511,
            41.080882352941174
        ],
        [
            0.07497678737233056,
            0.20157215047726001,
            45.08860759493671
        ]
    ]
}