{
    "rgb_colors": [
        [
            51.46875,
            28.15625,
            8.0
        ],
        [
            201.33085501858736,
            186.09293680297398,
            167.14126394052045
        ],
        [
            86.5,
            62.53333333333333,
            38.866666666666674
        ],
        [
            220.4310344827586,
            203.13793103448276,
            186.8793103448276
        ],
        [
            25.275000000000006,
            3.1999999999999886,
            0.07499999999998863
        ],
        [
            155.57142857142858,
            135.14285714285714,
            116.0
        ],
        [
            105.16129032258064,
            81.0,
            58.12903225806451
        ],
        [
            194.75483870967741,
            179.6494623655914,
            159.92903225806452
        ],
        [
            247.60784313725492,
            231.70588235294116,
            214.96078431372547
        ],
        [
            68.29268292682926,
            45.5609756097561,
            25.4390243902439
        ]
    ],
    "hex_colors": [
        "#331c08",
        "#c9baa7",
        "#563e26",
        "#dccbba",
        "#190300",
        "#9b8774",
        "#69513a",
        "#c2b39f",
        "#f7e7d6",
        "#442d19"
    ],
    "hsl_color_values": [
        [
            0.07728253055355859,
            0.8445658773527626,
            51.46875
        ],
        [
            0.09238519807183504,
            0.1698179401011854,
            201.33085501858736
        ],
        [
            0.08280849078609748,
            0.550674373795761,
            86.5
        ],
        [
            0.08076396026036319,
            0.1522096206491982,
            220.4310344827586
        ],
        [
            0.0206679894179894,
            0.9970326409495553,
            25.275000000000006
        ],
        [
            0.08062575210589647,
            0.2543617998163453,
            155.57142857142858
        ],
        [
            0.08104709647919527,
            0.447239263803681,
            105.16129032258064
        ],
        [
            0.09437651805195342,
            0.1788186967900089,
            194.75483870967741
        ],
        [
            0.0854854854854854,
            0.1318498574596137,
            247.60784313725492
        ],
        [
            0.07825839499146275,
            0.6275,
            68.29268292682926
        ]
    ]
}