{
    "rgb_colors": [
        [
            141.45454545454544,
            126.0,
            101.0909090909091
        ],
        [
            71.0,
            56.34782608695652,
            35.30434782608695
        ],
        [
            91.23970037453184,
            76.30337078651685,
            55.662921348314605
        ],
        [
            111.42857142857143,
            96.0,
            72.71428571428571
        ],
        [
            82.82857142857142,
            67.80952380952381,
            47.44761904761905
        ],
        [
            96.68932038834951,
            81.70873786407768,
            60.728155339805824
        ],
        [
            78.31468531468532,
            63.48251748251748,
            43.36363636363636
        ],
        [
            200.0,
            182.41666666666666,
            159.58333333333331
        ],
        [
            172.375,
            156.375,
            129.625
        ],
        [
            86.77631578947368,
            71.78947368421052,
            51.473684210526315
        ]
    ],
    "hex_colors": [
        "#8d7e65",
        "#473823",
        "#5b4c37",
        "#6f6048",
        "#52432f",
        "#60513c",
        "#4e3f2b",
        "#c8b69f",
        "#ac9c81",
        "#564733"
    ],
    "hsl_color_values": [
        [
            0.10285285285285288,
            0.28534704370179936,
            141.45454545454544
        ],
        [
            0.09825416159155502,
            0.5027556644213105,
            71.0
        ],
        [
            0.09669438888304031,
            0.38992652189975785,
            91.23970037453184
        ],
        [
            0.10024600246002462,
            0.3474358974358975,
            111.42857142857143
        ],
        [
            0.09591745177209514,
            0.4271587903874899,
            82.82857142857142
        ],
        [
            0.09723722102231824,
            0.3719248920574355,
            96.68932038834951
        ],
        [
            0.09593837535014005,
            0.4462898473077954,
            78.31468531468532
        ],
        [
            0.09415807560137457,
            0.20208333333333342,
            200.0
        ],
        [
            0.10428849902534114,
            0.2480058013052937,
            172.375
        ],
        [
            0.09591253571872278,
            0.40682335102350264,
            86.77631578947368
        ]
    ]
}