{
    "rgb_colors": [
        [
            49.3312101910828,
            41.19108280254777,
            29.191082802547772
        ],
        [
            44.08955223880597,
            34.87313432835821,
            22.97761194029851
        ],
        [
            41.58181818181818,
            31.92727272727273,
            19.945454545454545
        ],
        [
            63.94444444444444,
            57.388888888888886,
            44.05555555555556
        ],
        [
            46.97435897435897,
            38.26923076923077,
            26.28846153846154
        ],
        [
            54.02,
            46.69,
            34.68
        ],
        [
            38.831460674157306,
            28.60674157303371,
            16.40449438202247
        ],
        [
            57.53846153846154,
            50.215384615384615,
            38.16923076923077
        ],
        [
            34.390625,
            24.203125,
            11.765625
        ],
        [
            51.49618320610687,
            43.847328244274806,
            31.83969465648855
        ]
    ],
    "hex_colors": [
        "#31291d",
        "#2c2216",
        "#291f13",
        "#3f392c",
        "#2e261a",
        "#362e22",
        "#261c10",
        "#393226",
        "#22180b",
        "#332b1f"
    ],
    "hsl_color_values": [
        [
            0.09930423782416191,
            0.4082633957391866,
            49.3312101910828
        ],
        [
            0.09390833038765171,
            0.4788422477995938,
            44.08955223880597
        ],
        [
            0.09229691876750705,
            0.5203323130738959,
            41.58181818181818
        ],
        [
            0.11173184357541897,
            0.3110338835794961,
            63.94444444444444
        ],
        [
            0.096529284164859,
            0.4403657205240174,
            46.97435897435897
        ],
        [
            0.103498793519476,
            0.35801554979637173,
            54.02
        ],
        [
            0.09068136272545091,
            0.5775462962962964,
            38.831460674157306
        ],
        [
            0.10365369340746622,
            0.33663101604278073,
            57.53846153846154
        ],
        [
            0.0916206261510129,
            0.6578827805542935,
            34.390625
        ],
        [
            0.1018122977346278,
            0.38170767862437,
            51.49618320610687
        ]
    ]
}