{
    "rgb_colors": [
        [
            252.8272727272727,
            251.2090909090909,
            242.72727272727272
        ],
        [
            195.3,
            189.10000000000002,
            179.5
        ],
        [
            70.61111111111111,
            35.69444444444445,
            4.236111111111114
        ],
        [
            143.875,
            129.625,
            119.125
        ],
        [
            107.1151832460733,
            69.42408376963351,
            21.565445026178008
        ],
        [
            97.30281690140845,
            60.08450704225352,
            14.12676056338028
        ],
        [
            131.55084745762713,
            91.91525423728814,
            39.52542372881356
        ],
        [
            86.11,
            49.26,
            7.82
        ],
        [
            37.67567567567568,
            5.540540540540533,
            0.02702702702702453
        ],
        [
            118.78813559322035,
            79.55084745762711,
            28.635593220338983
        ]
    ],
    "hex_colors": [
        "#fcfbf2",
        "#c3bdb3",
        "#462304",
        "#8f8177",
        "#6b4515",
        "#613c0e",
        "#835b27",
        "#563107",
        "#250500",
        "#764f1c"
    ],
    "hsl_color_values": [
        [
            0.13996399639963986,
            0.039948221926575794,
            252.8272727272727
        ],
        [
            0.10126582278481029,
            0.08090117767537128,
            195.3
        ],
        [
            0.07899142079933041,
            0.9400078678206136,
            70.61111111111111
        ],
        [
            0.0707070707070707,
            0.17202432667245873,
            143.875
        ],
        [
            0.09323745410036721,
            0.7986705117552177,
            107.1151832460733
        ],
        [
            0.09208929528970168,
            0.8548165303611492,
            97.30281690140845
        ],
        [
            0.09488289283850569,
            0.6995426141854023,
            131.55084745762713
        ],
        [
            0.08821901477413036,
            0.9091859249796771,
            86.11
        ],
        [
            0.02440775305096911,
            0.9992826398852225,
            37.67567567567568
        ],
        [
            0.09412796891646298,
            0.7589355782264393,
            118.78813559322035
        ]
    ]
}