{
    "rgb_colors": [
        [
            216.04255319148936,
            201.04255319148936,
            181.04255319148936
        ],
        [
            207.46231155778895,
            192.46231155778895,
            172.46231155778895
        ],
        [
            209.0,
            194.0,
            174.0
        ],
        [
            213.34545454545454,
            198.34545454545454,
            178.34545454545454
        ],
        [
            199.3170731707317,
            184.3170731707317,
            164.3170731707317
        ],
        [
            196.55,
            181.55,
            161.55
        ],
        [
            210.80838323353294,
            195.80838323353294,
            175.80838323353294
        ],
        [
            201.58510638297872,
            186.58510638297872,
            166.58510638297872
        ],
        [
            203.56944444444446,
            188.56944444444446,
            168.56944444444446
        ],
        [
            205.5,
            190.5,
            170.5
        ]
    ],
    "hex_colors": [
        "#d8c9b5",
        "#cfc0ac",
        "#d1c2ae",
        "#d5c6b2",
        "#c7b8a4",
        "#c4b5a1",
        "#d2c3af",
        "#c9baa6",
        "#cbbca8",
        "#cdbeaa"
    ],
    "hsl_color_values": [
        [
            0.09523809523809523,
            0.16200512113452825,
            216.04255319148936
        ],
        [
            0.09523809523809523,
            0.16870534092285333,
            207.46231155778895
        ],
        [
            0.09523809523809523,
            0.1674641148325359,
            209.0
        ],
        [
            0.09523809523809523,
            0.1640531787966593,
            213.34545454545454
        ],
        [
            0.09523809523809523,
            0.1755996084189917,
            199.3170731707317
        ],
        [
            0.09523809523809523,
            0.17807173747138133,
            196.55
        ],
        [
            0.09523809523809523,
            0.16602755290441698,
            210.80838323353294
        ],
        [
            0.09523809523809523,
            0.1736239379386775,
            201.58510638297872
        ],
        [
            0.09523809523809523,
            0.17193150030702053,
            203.56944444444446
        ],
        [
            0.09523809523809523,
            0.170316301703163,
            205.5
        ]
    ]
}