{
    "rgb_colors": [
        [
            159.79888268156424,
            149.10055865921788,
            134.05027932960894
        ],
        [
            109.95959595959596,
            94.91919191919192,
            79.7070707070707
        ],
        [
            9.388059701492537,
            2.9253731343283533,
            0.9701492537313499
        ],
        [
            46.86363636363636,
            34.88636363636364,
            21.204545454545453
        ],
        [
            149.64754098360655,
            138.80327868852459,
            123.91803278688525
        ],
        [
            136.59595959595958,
            125.25252525252526,
            109.74747474747475
        ],
        [
            71.60377358490567,
            59.24528301886792,
            45.39622641509434
        ],
        [
            183.94915254237287,
            172.52542372881356,
            155.32203389830508
        ],
        [
            169.84313725490196,
            158.65359477124184,
            142.0
        ],
        [
            95.6219512195122,
            81.6829268292683,
            65.70731707317073
        ]
    ],
    "hex_colors": [
        "#9f9586",
        "#6d5e4f",
        "#090200",
        "#2e2215",
        "#958a7b",
        "#887d6d",
        "#473b2d",
        "#b7ac9b",
        "#a99e8e",
        "#5f5141"
    ],
    "hsl_color_values": [
        [
            0.09741809503146025,
            0.1611313103062508,
            159.79888268156424
        ],
        [
            0.08380634390651087,
            0.27512401249311047,
            109.95959595959596
        ],
        [
            0.03871158392434968,
            0.8966613672496019,
            9.388059701492537
        ],
        [
            0.08886920578683205,
            0.5475266731328807,
            46.86363636363636
        ],
        [
            0.09642136561537645,
            0.171934052692118,
            149.64754098360655
        ],
        [
            0.0962503135189366,
            0.1965540190786067,
            136.59595959595958
        ],
        [
            0.08807295416366688,
            0.36600790513834,
            71.60377358490567
        ],
        [
            0.10015788434971391,
            0.15562517276329124,
            183.94915254237287
        ],
        [
            0.09968701095461667,
            0.1639344262295082,
            169.84313725490196
        ],
        [
            0.089006658513385,
            0.3128427496492795,
            95.6219512195122
        ]
    ]
}