{
    "rgb_colors": [
        [
            230.6086956521739,
            221.6086956521739,
            205.6086956521739
        ],
        [
            236.0,
            227.0,
            211.0
        ],
        [
            235.0,
            226.0,
            210.0
        ],
        [
            242.7659574468085,
            233.7659574468085,
            217.7659574468085
        ],
        [
            232.0,
            223.0,
            207.0
        ],
        [
            238.45890410958904,
            229.45890410958904,
            213.45890410958904
        ],
        [
            240.3181818181818,
            231.3181818181818,
            215.3181818181818
        ],
        [
            237.0,
            228.0,
            212.0
        ],
        [
            233.51707317073172,
            224.51707317073172,
            208.51707317073172
        ],
        [
            228.35,
            219.35,
            203.35
        ]
    ],
    "hex_colors": [
        "#e6ddcd",
        "#ece3d3",
        "#ebe2d2",
        "#f2e9d9",
        "#e8dfcf",
        "#eee5d5",
        "#f0e7d7",
        "#ede4d4",
        "#e9e0d0",
        "#e4dbcb"
    ],
    "hsl_color_values": [
        [
            0.10666666666666667,
            0.10840874811463047,
            230.6086956521739
        ],
        [
            0.10666666666666667,
            0.1059322033898305,
            236.0
        ],
        [
            0.10666666666666667,
            0.10638297872340426,
            235.0
        ],
        [
            0.10666666666666667,
            0.10297984224364592,
            242.7659574468085
        ],
        [
            0.10666666666666667,
            0.10775862068965517,
            232.0
        ],
        [
            0.10666666666666667,
            0.10483986787304322,
            238.45890410958904
        ],
        [
            0.10666666666666667,
            0.10402874976357103,
            240.3181818181818
        ],
        [
            0.10666666666666667,
            0.10548523206751055,
            237.0
        ],
        [
            0.10666666666666667,
            0.10705855319504501,
            233.51707317073172
        ],
        [
            0.10666666666666667,
            0.10948105977665865,
            228.35
        ]
    ]
}