{
    "rgb_colors": [
        [
            151.4047619047619,
            105.35714285714286,
            40.595238095238095
        ],
        [
            125.25757575757575,
            80.75757575757575,
            17.272727272727273
        ],
        [
            141.54700854700855,
            96.26495726495726,
            32.205128205128204
        ],
        [
            137.2537313432836,
            91.82835820895522,
            27.61940298507463
        ],
        [
            155.13333333333333,
            109.07619047619048,
            44.81904761904762
        ],
        [
            165.13793103448276,
            118.77011494252874,
            54.42528735632184
        ],
        [
            146.69117647058823,
            100.96323529411765,
            36.51470588235294
        ],
        [
            132.3360655737705,
            86.88524590163934,
            22.24590163934426
        ],
        [
            172.9111111111111,
            126.28888888888889,
            61.71111111111111
        ],
        [
            159.90697674418604,
            113.76744186046511,
            49.19767441860465
        ]
    ],
    "hex_colors": [
        "#976928",
        "#7d5011",
        "#8d6020",
        "#895b1b",
        "#9b6d2c",
        "#a57636",
        "#926424",
        "#845616",
        "#ac7e3d",
        "#9f7131"
    ],
    "hsl_color_values": [
        [
            0.0974072482452371,
            0.731876081144834,
            151.4047619047619
        ],
        [
            0.09798419157195641,
            0.8621023345832829,
            125.25757575757575
        ],
        [
            0.09764454519398628,
            0.7724775073968964,
            141.54700854700855
        ],
        [
            0.09761078211149683,
            0.7987712048716833,
            137.2537313432836
        ],
        [
            0.09708193041526375,
            0.7110933758978452,
            155.13333333333333
        ],
        [
            0.09686461794019934,
            0.670425280155913,
            165.13793103448276
        ],
        [
            0.09749288129560423,
            0.751077694235589,
            146.69117647058823
        ],
        [
            0.09785818876727966,
            0.831898420563642,
            132.3360655737705
        ],
        [
            0.09678923527844392,
            0.6431049993574091,
            172.9111111111111
        ],
        [
            0.09720617582186745,
            0.6923356602675974,
            159.90697674418604
        ]
    ]
}