{
    "rgb_colors": [
        [
            145.05,
            138.85,
            131.55
        ],
        [
            205.39772727272728,
            197.76136363636363,
            187.77272727272728
        ],
        [
            191.27826086956523,
            184.27826086956523,
            173.97391304347826
        ],
        [
            64.66666666666667,
            59.83333333333334,
            54.33333333333334
        ],
        [
            49.75,
            44.625,
            40.25
        ],
        [
            102.53846153846153,
            98.3076923076923,
            94.15384615384615
        ],
        [
            195.15337423312883,
            188.1319018404908,
            177.99386503067484
        ],
        [
            218.58333333333334,
            209.75,
            202.25
        ],
        [
            199.2509225092251,
            192.2029520295203,
            181.79335793357933
        ],
        [
            186.12,
            179.0,
            169.02
        ]
    ],
    "hex_colors": [
        "#918a83",
        "#cdc5bb",
        "#bfb8ad",
        "#403b36",
        "#312c28",
        "#66625e",
        "#c3bcb1",
        "#dad1ca",
        "#c7c0b5",
        "#bab3a9"
    ],
    "hsl_color_values": [
        [
            0.09012345679012324,
            0.09307135470527404,
            145.05
        ],
        [
            0.09445519019987088,
            0.08580912863070539,
            205.39772727272728
        ],
        [
            0.09924623115577895,
            0.09046688184752472,
            191.27826086956523
        ],
        [
            0.08870967741935487,
            0.1597938144329896,
            64.66666666666667
        ],
        [
            0.07675438596491228,
            0.19095477386934673,
            49.75
        ],
        [
            0.08256880733944966,
            0.0817704426106527,
            102.53846153846153
        ],
        [
            0.09846859730663811,
            0.08792832442628105,
            195.15337423312883
        ],
        [
            0.07653061224489792,
            0.07472359893252005,
            218.58333333333334
        ],
        [
            0.09937997604452913,
            0.08761597866548144,
            199.2509225092251
        ],
        [
            0.09727095516569195,
            0.09187620889748546,
            186.12
        ]
    ]
}