{
    "rgb_colors": [
        [
            71.7910447761194,
            39.19402985074627,
            3.365671641791046
        ],
        [
            116.1063829787234,
            83.6063829787234,
            45.45744680851064
        ],
        [
            98.82394366197184,
            65.97887323943662,
            26.66901408450704
        ],
        [
            80.41573033707866,
            49.03370786516854,
            14.49438202247191
        ],
        [
            79.74489795918367,
            46.214285714285715,
            5.102040816326532
        ],
        [
            47.12244897959184,
            17.571428571428577,
            0.3265306122448983
        ],
        [
            90.12142857142857,
            57.392857142857146,
            17.814285714285713
        ],
        [
            108.17241379310344,
            75.37931034482759,
            35.6551724137931
        ],
        [
            61.57142857142857,
            29.857142857142858,
            1.0634920634920633
        ],
        [
            126.22857142857143,
            94.3,
            58.18571428571428
        ]
    ],
    "hex_colors": [
        "#472703",
        "#74532d",
        "#62411a",
        "#50310e",
        "#4f2e05",
        "#2f1100",
        "#5a3911",
        "#6c4b23",
        "#3d1d01",
        "#7e5e3a"
    ],
    "hsl_color_values": [
        [
            0.08726869524121132,
            0.9531185031185032,
            71.7910447761194
        ],
        [
            0.08999648647292074,
            0.6084845153014476,
            116.1063829787234
        ],
        [
            0.09079966165658143,
            0.7301361077460272,
            98.82394366197184
        ],
        [
            0.08732458383046415,
            0.8197568813748778,
            80.41573033707866
        ],
        [
            0.09179767600820232,
            0.9360204734484964,
            79.74489795918367
        ],
        [
            0.061418810873673534,
            0.9930705933304461,
            47.12244897959184
        ],
        [
            0.09122789686851725,
            0.8023301894269635,
            90.12142857142857
        ],
        [
            0.09129814550641942,
            0.6703857188396558,
            108.17241379310344
        ],
        [
            0.0793109478838755,
            0.982727507089456,
            61.57142857142857
        ],
        [
            0.0884596542795157,
            0.5390448166591217,
            126.22857142857143
        ]
    ]
}