{
    "rgb_colors": [
        [
            197.71428571428572,
            194.17142857142858,
            191.74285714285713
        ],
        [
            83.25,
            81.02941176470588,
            87.14705882352942
        ],
        [
            43.98214285714286,
            42.91071428571429,
            51.28571428571429
        ],
        [
            103.44696969696969,
            100.43560606060606,
            106.76136363636363
        ],
        [
            75.36734693877551,
            83.9795918367347,
            110.28571428571429
        ],
        [
            251.14689265536722,
            250.49152542372883,
            247.67796610169492
        ],
        [
            113.63559322033899,
            109.65677966101694,
            119.46186440677965
        ],
        [
            12.181818181818173,
            10.242424242424235,
            20.15151515151514
        ],
        [
            223.23214285714283,
            222.01785714285714,
            219.32142857142856
        ],
        [
            145.73333333333332,
            140.8,
            142.86666666666667
        ]
    ],
    "hex_colors": [
        "#c5c2bf",
        "#535157",
        "#2b2a33",
        "#67646a",
        "#4b536e",
        "#fbfaf7",
        "#716d77",
        "#0c0a14",
        "#dfdedb",
        "#918c8e"
    ],
    "hsl_color_values": [
        [
            0.06778309409888382,
            0.030202312138728413,
            197.71428571428572
        ],
        [
            0.7271634615384613,
            0.07019912251096869,
            87.14705882352942
        ],
        [
            0.6879886282871358,
            0.16330083565459608,
            51.28571428571429
        ],
        [
            0.746007984031936,
            0.05925137484477548,
            106.76136363636363
        ],
        [
            0.6255601013052795,
            0.3166173205033309,
            110.28571428571429
        ],
        [
            0.1351791530944636,
            0.013812341124333518,
            251.14689265536722
        ],
        [
            0.7342984730625183,
            0.08207711133969427,
            119.46186440677965
        ],
        [
            0.6992864424057084,
            0.4917293233082708,
            20.15151515151514
        ],
        [
            0.11491628614916362,
            0.017518598512118996,
            223.23214285714283
        ],
        [
            0.93018018018018,
            0.03385178408051218,
            145.73333333333332
        ]
    ]
}