{
    "rgb_colors": [
        [
            138.17751479289942,
            128.27514792899407,
            117.5828402366864
        ],
        [
            28.163265306122454,
            20.85714285714286,
            13.653061224489804
        ],
        [
            153.125,
            143.30769230769232,
            130.9519230769231
        ],
        [
            16.224999999999994,
            7.199999999999989,
            1.6499999999999915
        ],
        [
            164.74193548387098,
            156.80645161290323,
            142.46774193548387
        ],
        [
            37.92727272727274,
            31.145454545454555,
            24.909090909090907
        ],
        [
            144.73062730627305,
            134.81549815498155,
            123.9040590405904
        ],
        [
            47.37777777777778,
            40.71111111111111,
            35.3111111111111
        ],
        [
            105.29032258064517,
            95.19354838709677,
            81.61290322580645
        ],
        [
            66.6896551724138,
            61.275862068965516,
            54.96551724137931
        ]
    ],
    "hex_colors": [
        "#8a8075",
        "#1c140d",
        "#998f82",
        "#100701",
        "#a49c8e",
        "#251f18",
        "#90867b",
        "#2f2823",
        "#695f51",
        "#423d36"
    ],
    "hsl_color_values": [
        [
            0.08652971316381734,
            0.1490450496745461,
            138.17751479289942
        ],
        [
            0.08274730426629158,
            0.5152173913043476,
            28.163265306122454
        ],
        [
            0.09287366290835504,
            0.1448037676609104,
            153.125
        ],
        [
            0.06346483704974266,
            0.8983050847457632,
            16.224999999999994
        ],
        [
            0.10728940381366159,
            0.13520657920501275,
            164.74193548387098
        ],
        [
            0.07984171322160157,
            0.3432406519654844,
            37.92727272727274
        ],
        [
            0.08731986770611871,
            0.14389883228800163,
            144.73062730627305
        ],
        [
            0.07458563535911604,
            0.2546904315197,
            47.37777777777778
        ],
        [
            0.09559491371480466,
            0.22487745098039222,
            105.29032258064517
        ],
        [
            0.08970588235294115,
            0.17580144777662876,
            66.6896551724138
        ]
    ]
}