{
    "rgb_colors": [
        [
            57.78082191780822,
            54.445205479452056,
            52.15753424657534
        ],
        [
            157.71428571428572,
            146.57142857142856,
            138.85714285714283
        ],
        [
            34.05263157894737,
            29.94736842105263,
            27.71578947368421
        ],
        [
            84.5,
            76.72222222222223,
            73.0
        ],
        [
            49.325806451612905,
            46.26129032258065,
            44.10967741935484
        ],
        [
            42.83139534883721,
            39.66860465116279,
            37.61046511627907
        ],
        [
            12.445945945945944,
            8.567567567567565,
            8.108108108108105
        ],
        [
            189.78571428571428,
            177.92857142857142,
            169.28571428571428
        ],
        [
            26.43243243243243,
            20.91891891891892,
            18.0
        ],
        [
            4.614583333333336,
            1.5416666666666714,
            1.46875
        ]
    ],
    "hex_colors": [
        "#393634",
        "#9d928a",
        "#221d1b",
        "#544c49",
        "#312e2c",
        "#2a2725",
        "#0c0808",
        "#bdb1a9",
        "#1a1412",
        "#040101"
    ],
    "hsl_color_values": [
        [
            0.06780349167681703,
            0.09732100521574212,
            57.78082191780822
        ],
        [
            0.06818181818181814,
            0.11956521739130455,
            157.71428571428572
        ],
        [
            0.05869324473975631,
            0.1860896445131376,
            34.05263157894737
        ],
        [
            0.053945249597423604,
            0.13609467455621302,
            84.5
        ],
        [
            0.06874871160585456,
            0.10574847949774381,
            49.325806451612905
        ],
        [
            0.06570155902004436,
            0.12189493688068412,
            42.83139534883721
        ],
        [
            0.017653167185877467,
            0.3485342019543975,
            12.445945945945944
        ],
        [
            0.07026713124274096,
            0.10801656003010915,
            189.78571428571428
        ],
        [
            0.05769230769230771,
            0.31901840490797545,
            26.43243243243243
        ],
        [
            0.0038631346578368864,
            0.6817155756207677,
            4.614583333333336
        ]
    ]
}