{
    "rgb_colors": [
        [
            163.0,
            156.0,
            145.0
        ],
        [
            169.54430379746836,
            162.54430379746836,
            151.54430379746836
        ],
        [
            161.0,
            154.0,
            143.0
        ],
        [
            166.0,
            159.0,
            148.0
        ],
        [
            164.0,
            157.0,
            146.0
        ],
        [
            157.47222222222223,
            150.47222222222223,
            139.47222222222223
        ],
        [
            162.0,
            155.0,
            144.0
        ],
        [
            159.61052631578949,
            152.61052631578949,
            141.61052631578949
        ],
        [
            165.0,
            158.0,
            147.0
        ],
        [
            167.44099378881987,
            160.44099378881987,
            149.44099378881987
        ]
    ],
    "hex_colors": [
        "#a39c91",
        "#a9a297",
        "#a19a8f",
        "#a69f94",
        "#a49d92",
        "#9d968b",
        "#a29b90",
        "#9f988d",
        "#a59e93",
        "#a7a095"
    ],
    "hsl_color_values": [
        [
            0.10185185185185186,
            0.11042944785276074,
            163.0
        ],
        [
            0.10185185185185186,
            0.10616694042108406,
            169.54430379746836
        ],
        [
            0.10185185185185186,
            0.11180124223602485,
            161.0
        ],
        [
            0.10185185185185186,
            0.10843373493975904,
            166.0
        ],
        [
            0.10185185185185186,
            0.10975609756097561,
            164.0
        ],
        [
            0.10185185185185186,
            0.11430587405186099,
            157.47222222222223
        ],
        [
            0.10185185185185186,
            0.1111111111111111,
            162.0
        ],
        [
            0.10185185185185186,
            0.11277451691617753,
            159.61052631578949
        ],
        [
            0.10185185185185186,
            0.10909090909090909,
            165.0
        ],
        [
            0.10185185185185186,
            0.1075005564210995,
            167.44099378881987
        ]
    ]
}