{
    "rgb_colors": [
        [
            235.0,
            226.0,
            210.0
        ],
        [
            230.62025316455697,
            221.62025316455697,
            205.62025316455697
        ],
        [
            239.82584269662922,
            230.82584269662922,
            214.82584269662922
        ],
        [
            246.22222222222223,
            237.22222222222223,
            221.22222222222223
        ],
        [
            237.5,
            228.5,
            212.5
        ],
        [
            233.57627118644066,
            224.57627118644066,
            208.57627118644066
        ],
        [
            227.6341463414634,
            218.6341463414634,
            202.6341463414634
        ],
        [
            242.7311827956989,
            233.7311827956989,
            217.7311827956989
        ],
        [
            232.0,
            223.0,
            207.0
        ],
        [
            236.0,
            227.0,
            211.0
        ]
    ],
    "hex_colors": [
        "#ebe2d2",
        "#e6ddcd",
        "#efe6d6",
        "#f6eddd",
        "#ede4d4",
        "#e9e0d0",
        "#e3daca",
        "#f2e9d9",
        "#e8dfcf",
        "#ece3d3"
    ],
    "hsl_color_values": [
        [
            0.10666666666666667,
            0.10638297872340426,
            235.0
        ],
        [
            0.10666666666666667,
            0.10840331522037433,
            230.62025316455697
        ],
        [
            0.10666666666666667,
            0.10424231066551101,
            239.82584269662922
        ],
        [
            0.10666666666666667,
            0.10153429602888087,
            246.22222222222223
        ],
        [
            0.10666666666666667,
            0.10526315789473684,
            237.5
        ],
        [
            0.10666666666666667,
            0.10703142007111241,
            233.57627118644066
        ],
        [
            0.10666666666666667,
            0.10982535090538949,
            227.6341463414634
        ],
        [
            0.10666666666666667,
            0.10299459555240542,
            242.7311827956989
        ],
        [
            0.10666666666666667,
            0.10775862068965517,
            232.0
        ],
        [
            0.10666666666666667,
            0.1059322033898305,
            236.0
        ]
    ]
}