{
    "rgb_colors": [
        [
            163.61728395061726,
            125.50617283950618,
            124.06172839506172
        ],
        [
            109.51369863013699,
            88.75342465753425,
            85.16438356164383
        ],
        [
            86.83251231527093,
            77.54187192118226,
            72.52709359605912
        ],
        [
            108.52173913043478,
            44.47826086956522,
            51.391304347826086
        ],
        [
            150.21052631578948,
            102.7719298245614,
            101.6140350877193
        ],
        [
            241.28571428571428,
            211.42857142857142,
            209.14285714285714
        ],
        [
            38.7536231884058,
            22.3768115942029,
            19.43478260869565
        ],
        [
            71.08837209302325,
            61.609302325581396,
            56.13488372093023
        ],
        [
            124.72941176470589,
            114.12941176470588,
            109.61176470588235
        ],
        [
            55.02290076335878,
            42.24427480916031,
            39.38931297709924
        ]
    ],
    "hex_colors": [
        "#a37d7c",
        "#6d5855",
        "#564d48",
        "#6c2c33",
        "#966665",
        "#f1d3d1",
        "#261613",
        "#473d38",
        "#7c726d",
        "#372a27"
    ],
    "hsl_color_values": [
        [
            0.006086142322097439,
            0.24175658341507578,
            163.61728395061726
        ],
        [
            0.024566338490389195,
            0.22234035899681034,
            109.51369863013699
        ],
        [
            0.058425160697887925,
            0.16474726272196055,
            86.83251231527093
        ],
        [
            0.982009504412763,
            0.5901442307692307,
            108.52173913043478
        ],
        [
            0.003971119133573971,
            0.32352254146227516,
            150.21052631578948
        ],
        [
            0.011851851851851817,
            0.13321492007104793,
            241.28571428571428
        ],
        [
            0.02538134533633411,
            0.49850411368735986,
            38.7536231884058
        ],
        [
            0.06101607050285124,
            0.21035069353572358,
            71.08837209302325
        ],
        [
            0.049805447470817076,
            0.1212035465006603,
            124.72941176470589
        ],
        [
            0.030436197916666703,
            0.2841287458379578,
            55.02290076335878
        ]
    ]
}