{
    "rgb_colors": [
        [
            41.21311475409836,
            39.21311475409836,
            35.21311475409836
        ],
        [
            18.125,
            15.458333333333334,
            12.958333333333334
        ],
        [
            160.0,
            158.0,
            152.0
        ],
        [
            37.75,
            35.67777777777778,
            31.822222222222223
        ],
        [
            24.309090909090912,
            21.836363636363636,
            18.78181818181818
        ],
        [
            32.095238095238095,
            29.747619047619047,
            26.442857142857143
        ],
        [
            3.5428571428571445,
            1.0285714285714285,
            0.6571428571428584
        ],
        [
            45.411764705882355,
            43.411764705882355,
            39.411764705882355
        ],
        [
            28.762886597938145,
            26.381443298969074,
            23.144329896907216
        ],
        [
            34.98872180451128,
            32.796992481203006,
            29.18045112781955
        ]
    ],
    "hex_colors": [
        "#292723",
        "#120f0c",
        "#a09e98",
        "#25231f",
        "#181512",
        "#201d1a",
        "#030100",
        "#2d2b27",
        "#1c1a17",
        "#22201d"
    ],
    "hsl_color_values": [
        [
            0.11111111111111112,
            0.14558472553699284,
            41.21311475409836
        ],
        [
            0.08064516129032258,
            0.28505747126436776,
            18.125
        ],
        [
            0.125,
            0.05,
            160.0
        ],
        [
            0.10840362386754136,
            0.15702722590139806,
            37.75
        ],
        [
            0.09210526315789469,
            0.2273747195213165,
            24.309090909090912
        ],
        [
            0.09744453805110921,
            0.1761127596439169,
            32.095238095238095
        ],
        [
            0.02145214521452138,
            0.8145161290322578,
            3.5428571428571445
        ],
        [
            0.11111111111111112,
            0.13212435233160622,
            45.411764705882355
        ],
        [
            0.09602446483180434,
            0.19534050179211473,
            28.762886597938145
        ],
        [
            0.1037756202804746,
            0.1660040829483185,
            34.98872180451128
        ]
    ]
}