{
    "rgb_colors": [
        [
            231.0,
            225.0,
            208.0
        ],
        [
            236.0,
            230.0,
            213.0
        ],
        [
            234.48888888888888,
            228.48888888888888,
            211.48888888888888
        ],
        [
            232.46285714285713,
            226.46285714285713,
            209.46285714285713
        ],
        [
            228.58333333333334,
            222.58333333333334,
            205.58333333333334
        ],
        [
            237.46486486486486,
            231.46486486486486,
            214.46486486486486
        ],
        [
            239.35416666666666,
            233.35416666666666,
            216.35416666666666
        ],
        [
            226.45454545454547,
            220.45454545454547,
            203.45454545454547
        ],
        [
            230.0,
            224.0,
            207.0
        ],
        [
            241.92,
            235.92,
            218.92
        ]
    ],
    "hex_colors": [
        "#e7e1d0",
        "#ece6d5",
        "#eae4d3",
        "#e8e2d1",
        "#e4decd",
        "#ede7d6",
        "#efe9d8",
        "#e2dccb",
        "#e6e0cf",
        "#f1ebda"
    ],
    "hsl_color_values": [
        [
            0.12318840579710144,
            0.09956709956709957,
            231.0
        ],
        [
            0.12318840579710144,
            0.09745762711864407,
            236.0
        ],
        [
            0.12318840579710144,
            0.09808567096285065,
            234.48888888888888
        ],
        [
            0.12318840579710144,
            0.0989405373515892,
            232.46285714285713
        ],
        [
            0.12318840579710144,
            0.1006197593875319,
            228.58333333333334
        ],
        [
            0.12318840579710144,
            0.09685643395324486,
            237.46486486486486
        ],
        [
            0.12318840579710144,
            0.09609191400470016,
            239.35416666666666
        ],
        [
            0.12318840579710144,
            0.10156563629064633,
            226.45454545454547
        ],
        [
            0.12318840579710144,
            0.1,
            230.0
        ],
        [
            0.12318840579710144,
            0.09507275132275132,
            241.92
        ]
    ]
}