{
    "rgb_colors": [
        [
            232.0,
            224.0,
            205.0
        ],
        [
            230.55897435897435,
            222.55897435897435,
            203.55897435897435
        ],
        [
            237.525,
            229.525,
            210.525
        ],
        [
            223.08823529411765,
            215.08823529411765,
            196.08823529411765
        ],
        [
            225.58823529411765,
            217.58823529411765,
            198.58823529411765
        ],
        [
            235.35211267605635,
            227.35211267605635,
            208.35211267605635
        ],
        [
            227.49659863945578,
            219.49659863945578,
            200.49659863945578
        ],
        [
            229.0,
            221.0,
            202.0
        ],
        [
            234.0,
            226.0,
            207.0
        ],
        [
            233.0,
            225.0,
            206.0
        ]
    ],
    "hex_colors": [
        "#e8e0cd",
        "#e6decb",
        "#ede5d2",
        "#dfd7c4",
        "#e1d9c6",
        "#ebe3d0",
        "#e3dbc8",
        "#e5ddca",
        "#eae2cf",
        "#e9e1ce"
    ],
    "hsl_color_values": [
        [
            0.11728395061728396,
            0.11637931034482758,
            232.0
        ],
        [
            0.11728395061728396,
            0.11710669721301631,
            230.55897435897435
        ],
        [
            0.11728395061728396,
            0.11367224502683927,
            237.525
        ],
        [
            0.11728395061728396,
            0.12102834541858931,
            223.08823529411765
        ],
        [
            0.11728395061728396,
            0.11968709256844849,
            225.58823529411765
        ],
        [
            0.11728395061728396,
            0.11472172351885099,
            235.35211267605635
        ],
        [
            0.11728395061728396,
            0.1186830931164404,
            227.49659863945578
        ],
        [
            0.11728395061728396,
            0.11790393013100436,
            229.0
        ],
        [
            0.11728395061728396,
            0.11538461538461539,
            234.0
        ],
        [
            0.11728395061728396,
            0.11587982832618025,
            233.0
        ]
    ]
}