{
    "rgb_colors": [
        [
            97.26315789473685,
            89.88157894736842,
            84.30263157894737
        ],
        [
            233.62561576354682,
            222.5024630541872,
            208.11822660098522
        ],
        [
            58.17924528301887,
            50.23584905660378,
            44.58490566037736
        ],
        [
            249.60416666666666,
            238.50694444444446,
            223.0
        ],
        [
            202.89583333333331,
            190.72916666666666,
            176.40625
        ],
        [
            125.33333333333334,
            115.02777777777777,
            105.22222222222223
        ],
        [
            163.69565217391303,
            153.0,
            142.1304347826087
        ],
        [
            75.96,
            68.02,
            61.25999999999999
        ],
        [
            24.228571428571428,
            18.171428571428578,
            14.342857142857156
        ],
        [
            220.68387096774194,
            208.9225806451613,
            194.15483870967742
        ]
    ],
    "hex_colors": [
        "#615954",
        "#e9ded0",
        "#3a322c",
        "#f9eedf",
        "#cabeb0",
        "#7d7369",
        "#a3998e",
        "#4b443d",
        "#18120e",
        "#dcd0c2"
    ],
    "hsl_color_values": [
        [
            0.07174280879864636,
            0.13325216450216457,
            97.26315789473685
        ],
        [
            0.09398738251577175,
            0.10918061822628944,
            233.62561576354682
        ],
        [
            0.06928059218135563,
            0.23366304524079784,
            58.17924528301887
        ],
        [
            0.09714608892369281,
            0.10658542692596608,
            249.60416666666666
        ],
        [
            0.09011666011272775,
            0.13055755211007283,
            202.89583333333331
        ],
        [
            0.08126151012891332,
            0.16046099290780144,
            125.33333333333334
        ],
        [
            0.0840053763440861,
            0.13173970783532535,
            163.69565217391303
        ],
        [
            0.07664399092970525,
            0.19352290679304904,
            75.96
        ],
        [
            0.06454720616570325,
            0.40801886792452774,
            24.228571428571428
        ],
        [
            0.09277723735408568,
            0.12021282815880256,
            220.68387096774194
        ]
    ]
}