{
    "rgb_colors": [
        [
            240.0,
            234.0,
            217.0
        ],
        [
            237.0,
            231.0,
            214.0
        ],
        [
            239.0,
            233.0,
            216.0
        ],
        [
            238.0,
            232.0,
            215.0
        ],
        [
            235.0,
            229.0,
            212.0
        ],
        [
            241.41830065359477,
            235.41830065359477,
            218.41830065359477
        ],
        [
            230.57142857142858,
            224.57142857142858,
            207.57142857142858
        ],
        [
            243.88,
            237.88,
            220.88
        ],
        [
            233.05479452054794,
            227.05479452054794,
            210.05479452054794
        ],
        [
            236.0,
            230.0,
            213.0
        ]
    ],
    "hex_colors": [
        "#f0ead9",
        "#ede7d6",
        "#efe9d8",
        "#eee8d7",
        "#ebe5d4",
        "#f1ebda",
        "#e6e0cf",
        "#f3eddc",
        "#e9e3d2",
        "#ece6d5"
    ],
    "hsl_color_values": [
        [
            0.12318840579710144,
            0.09583333333333334,
            240.0
        ],
        [
            0.12318840579710144,
            0.0970464135021097,
            237.0
        ],
        [
            0.12318840579710144,
            0.09623430962343096,
            239.0
        ],
        [
            0.12318840579710144,
            0.09663865546218488,
            238.0
        ],
        [
            0.12318840579710144,
            0.09787234042553192,
            235.0
        ],
        [
            0.12318840579710144,
            0.09527032514822535,
            241.41830065359477
        ],
        [
            0.12318840579710144,
            0.09975216852540272,
            230.57142857142858
        ],
        [
            0.12318840579710144,
            0.09430867639822864,
            243.88
        ],
        [
            0.12318840579710144,
            0.09868923764180333,
            233.05479452054794
        ],
        [
            0.12318840579710144,
            0.09745762711864407,
            236.0
        ]
    ]
}