{
    "rgb_colors": [
        [
            118.96363636363637,
            89.25454545454545,
            55.981818181818184
        ],
        [
            107.96341463414635,
            70.3048780487805,
            22.71951219512195
        ],
        [
            39.64912280701755,
            6.526315789473685,
            0.0
        ],
        [
            172.23357664233578,
            131.1824817518248,
            77.16058394160584
        ],
        [
            133.92268041237114,
            93.08247422680412,
            39.11340206185567
        ],
        [
            93.10169491525424,
            55.50847457627118,
            10.677966101694917
        ],
        [
            148.47093023255815,
            108.52325581395348,
            55.66279069767442
        ],
        [
            121.95652173913044,
            81.21014492753623,
            24.202898550724637
        ],
        [
            66.21052631578948,
            34.719298245614034,
            5.350877192982459
        ],
        [
            52.95890410958904,
            20.561643835616444,
            2.301369863013697
        ]
    ],
    "hex_colors": [
        "#765937",
        "#6b4616",
        "#270600",
        "#ac834d",
        "#855d27",
        "#5d370a",
        "#946c37",
        "#795118",
        "#422205",
        "#341402"
    ],
    "hsl_color_values": [
        [
            0.08804849884526555,
            0.5294207550053492,
            118.96363636363637
        ],
        [
            0.09303767286599907,
            0.7895628600474416,
            107.96341463414635
        ],
        [
            0.027433628318584074,
            1.0,
            39.64912280701755
        ],
        [
            0.0947024952015355,
            0.5520003390405154,
            172.23357664233578
        ],
        [
            0.09487304952971239,
            0.7079404179977675,
            133.92268041237114
        ],
        [
            0.09065049009527726,
            0.8853085745494265,
            93.10169491525424
        ],
        [
            0.09492785399569836,
            0.6250930023103732,
            148.47093023255815
        ],
        [
            0.09719545342228812,
            0.8015448603683898,
            121.95652173913044
        ],
        [
            0.08042663591813203,
            0.9191838897721251,
            66.21052631578948
        ],
        [
            0.06007751937984498,
            0.9565442317640973,
            52.95890410958904
        ]
    ]
}