{
    "rgb_colors": [
        [
            45.32142857142858,
            24.773809523809526,
            7.44047619047619
        ],
        [
            122.31140350877193,
            95.76754385964912,
            62.666666666666664
        ],
        [
            128.3306451612903,
            102.31451612903226,
            71.9758064516129
        ],
        [
            57.59090909090909,
            35.52727272727273,
            16.60909090909091
        ],
        [
            101.6923076923077,
            74.9423076923077,
            48.32692307692308
        ],
        [
            23.133333333333326,
            2.9599999999999937,
            0.27999999999999403
        ],
        [
            70.78787878787878,
            46.45454545454545,
            24.272727272727273
        ],
        [
            115.58288770053476,
            88.88770053475936,
            55.95187165775401
        ],
        [
            83.42857142857143,
            57.61904761904762,
            34.214285714285715
        ],
        [
            138.82142857142856,
            113.10714285714286,
            82.07142857142857
        ]
    ],
    "hex_colors": [
        "#2d1807",
        "#7a5f3e",
        "#806647",
        "#392310",
        "#654a30",
        "#170200",
        "#462e18",
        "#735837",
        "#533922",
        "#8a7152"
    ],
    "hsl_color_values": [
        [
            0.07626230882044836,
            0.8358287365379564,
            45.32142857142858
        ],
        [
            0.09249454616761037,
            0.48764657367232045,
            122.31140350877193
        ],
        [
            0.08972524327418434,
            0.43913781185194495,
            128.3306451612903
        ],
        [
            0.07693729665779357,
            0.7116022099447514,
            57.59090909090909
        ],
        [
            0.08312312312312313,
            0.5247730711043873,
            101.6923076923077
        ],
        [
            0.019544924154025662,
            0.9878962536023057,
            23.133333333333326
        ],
        [
            0.07947882736156353,
            0.6571061643835616,
            70.78787878787878
        ],
        [
            0.0920545242579141,
            0.515915610252614,
            115.58288770053476
        ],
        [
            0.0792614094500887,
            0.5898972602739726,
            83.42857142857143
        ],
        [
            0.09114747220474097,
            0.4087985593002315,
            138.82142857142856
        ]
    ]
}