{
    "rgb_colors": [
        [
            162.5664739884393,
            156.5664739884393,
            147.5664739884393
        ],
        [
            165.0,
            159.0,
            150.0
        ],
        [
            171.53521126760563,
            165.53521126760563,
            156.53521126760563
        ],
        [
            168.0,
            162.0,
            153.0
        ],
        [
            160.26771653543307,
            154.26771653543307,
            145.26771653543307
        ],
        [
            169.47101449275362,
            163.47101449275362,
            154.47101449275362
        ],
        [
            164.0,
            158.0,
            149.0
        ],
        [
            166.5054347826087,
            160.5054347826087,
            151.5054347826087
        ],
        [
            157.42857142857142,
            151.42857142857142,
            142.42857142857142
        ],
        [
            174.78571428571428,
            168.78571428571428,
            159.78571428571428
        ]
    ],
    "hex_colors": [
        "#a29c93",
        "#a59f96",
        "#aba59c",
        "#a8a299",
        "#a09a91",
        "#a9a39a",
        "#a49e95",
        "#a6a097",
        "#9d978e",
        "#aea89f"
    ],
    "hsl_color_values": [
        [
            0.09999999999999999,
            0.0922699473759067,
            162.5664739884393
        ],
        [
            0.09999999999999999,
            0.09090909090909091,
            165.0
        ],
        [
            0.09999999999999999,
            0.08744560308728139,
            171.53521126760563
        ],
        [
            0.09999999999999999,
            0.08928571428571429,
            168.0
        ],
        [
            0.09999999999999999,
            0.09359339687530707,
            160.26771653543307
        ],
        [
            0.09999999999999999,
            0.08851071107880447,
            169.47101449275362
        ],
        [
            0.09999999999999999,
            0.09146341463414634,
            164.0
        ],
        [
            0.09999999999999999,
            0.09008714952508405,
            166.5054347826087
        ],
        [
            0.09999999999999999,
            0.09528130671506353,
            157.42857142857142
        ],
        [
            0.09999999999999999,
            0.08581937065794851,
            174.78571428571428
        ]
    ]
}