{
    "rgb_colors": [
        [
            33.625,
            25.875,
            1.875
        ],
        [
            104.83333333333333,
            109.83333333333333,
            49.0
        ],
        [
            119.0576923076923,
            127.28846153846155,
            48.519230769230774
        ],
        [
            61.390625,
            61.71875,
            20.8125
        ],
        [
            112.22051282051282,
            121.29743589743589,
            34.41538461538462
        ],
        [
            76.375,
            76.94642857142857,
            35.01785714285714
        ],
        [
            106.13662790697674,
            115.1046511627907,
            27.822674418604652
        ],
        [
            139.76923076923077,
            142.69230769230768,
            76.0
        ],
        [
            99.04516129032258,
            108.10967741935484,
            21.67741935483871
        ],
        [
            48.05797101449275,
            40.73913043478261,
            15.101449275362318
        ]
    ],
    "hex_colors": [
        "#211901",
        "#686d31",
        "#777f30",
        "#3d3d14",
        "#707922",
        "#4c4c23",
        "#6a731b",
        "#8b8e4c",
        "#636c15",
        "#30280f"
    ],
    "hsl_color_values": [
        [
            0.12598425196850394,
            0.9442379182156134,
            33.625
        ],
        [
            0.18036529680365296,
            0.5538694992412746,
            109.83333333333333
        ],
        [
            0.18408203125,
            0.6188245958604018,
            127.28846153846155
        ],
        [
            0.16800356506238856,
            0.6627848101265823,
            61.71875
        ],
        [
            0.18407901467752721,
            0.7162727772375597,
            121.29743589743589
        ],
        [
            0.1689381033503691,
            0.5449060106753307,
            76.94642857142857
        ],
        [
            0.18379128504024425,
            0.7582836650166683,
            115.1046511627907
        ],
        [
            0.1739715494040753,
            0.4673854447439353,
            142.69230769230768
        ],
        [
            0.18414570426214824,
            0.7994867816434923,
            108.10967741935484
        ],
        [
            0.1296540603928467,
            0.6857659831121833,
            48.05797101449275
        ]
    ]
}