{
    "rgb_colors": [
        [
            138.77777777777777,
            127.42222222222222,
            114.8
        ],
        [
            149.96296296296296,
            139.8148148148148,
            126.12037037037037
        ],
        [
            115.6125,
            103.4625,
            90.1875
        ],
        [
            157.53237410071944,
            147.9136690647482,
            133.84892086330936
        ],
        [
            122.95535714285714,
            110.86607142857143,
            97.84821428571429
        ],
        [
            164.06382978723406,
            154.81560283687944,
            140.70921985815602
        ],
        [
            107.5,
            95.6025641025641,
            82.83333333333334
        ],
        [
            130.10135135135135,
            118.45270270270271,
            105.5
        ],
        [
            170.98913043478262,
            162.41304347826087,
            148.45652173913044
        ],
        [
            98.58333333333334,
            85.63888888888889,
            71.97222222222223
        ]
    ],
    "hex_colors": [
        "#8a7f72",
        "#958b7e",
        "#73675a",
        "#9d9385",
        "#7a6e61",
        "#a49a8c",
        "#6b5f52",
        "#827669",
        "#aaa294",
        "#625547"
    ],
    "hsl_color_values": [
        [
            0.08773555761507568,
            0.17277822257806244,
            138.77777777777777
        ],
        [
            0.09572815533980579,
            0.1589898740429736,
            149.96296296296296
        ],
        [
            0.08702064896755167,
            0.21991566655854686,
            115.6125
        ],
        [
            0.09897731875253135,
            0.15034022925514914,
            157.53237410071944
        ],
        [
            0.0864153627311522,
            0.20419722605475266,
            122.95535714285714
        ],
        [
            0.10066808381415122,
            0.14235075433363606,
            164.06382978723406
        ],
        [
            0.08627858627858624,
            0.22945736434108518,
            107.5
        ],
        [
            0.08775061796209836,
            0.18909374188522463,
            130.10135135135135
        ],
        [
            0.1032320308731307,
            0.13177801792638744,
            170.98913043478262
        ],
        [
            0.08559498956158657,
            0.2699351930121161,
            98.58333333333334
        ]
    ]
}