{
    "rgb_colors": [
        [
            230.54418604651164,
            220.54418604651164,
            202.54418604651164
        ],
        [
            231.9908256880734,
            221.9908256880734,
            204.0091743119266
        ],
        [
            235.48,
            225.48,
            207.48
        ],
        [
            233.43636363636364,
            223.43636363636364,
            205.46060606060607
        ],
        [
            222.1304347826087,
            212.1304347826087,
            194.1304347826087
        ],
        [
            239.26315789473685,
            229.26315789473685,
            211.26315789473685
        ],
        [
            237.46969696969697,
            227.46969696969697,
            209.46969696969697
        ],
        [
            228.54421768707482,
            218.54421768707482,
            200.54421768707482
        ],
        [
            226.48453608247422,
            216.48453608247422,
            198.50515463917526
        ],
        [
            224.60344827586206,
            214.60344827586206,
            196.60344827586206
        ]
    ],
    "hex_colors": [
        "#e6dcca",
        "#e7ddcc",
        "#ebe1cf",
        "#e9dfcd",
        "#ded4c2",
        "#efe5d3",
        "#ede3d1",
        "#e4dac8",
        "#e2d8c6",
        "#e0d6c4"
    ],
    "hsl_color_values": [
        [
            0.10714285714285714,
            0.12145177234853834,
            230.54418604651164
        ],
        [
            0.10710382513661199,
            0.12061533594337004,
            231.9908256880734
        ],
        [
            0.10714285714285714,
            0.11890606420927467,
            235.48
        ],
        [
            0.10709127671865971,
            0.11984318612560685,
            233.43636363636364
        ],
        [
            0.10714285714285714,
            0.1260520649833627,
            222.1304347826087
        ],
        [
            0.10714285714285714,
            0.11702595688517378,
            239.26315789473685
        ],
        [
            0.10714285714285714,
            0.11790978115230014,
            237.46969696969697
        ],
        [
            0.10714285714285714,
            0.12251458506965116,
            228.54421768707482
        ],
        [
            0.10709899287644313,
            0.12353771223087075,
            226.48453608247422
        ],
        [
            0.10714285714285714,
            0.1246641590542719,
            224.60344827586206
        ]
    ]
}