{
    "rgb_colors": [
        [
            28.82142857142857,
            21.452380952380963,
            12.0
        ],
        [
            13.63333333333334,
            5.549999999999997,
            0.6833333333333371
        ],
        [
            188.0925925925926,
            177.7962962962963,
            167.02777777777777
        ],
        [
            161.81617647058823,
            152.90441176470588,
            141.8014705882353
        ],
        [
            112.64444444444445,
            103.35555555555555,
            92.44444444444444
        ],
        [
            42.71681415929204,
            36.008849557522126,
            26.106194690265482
        ],
        [
            76.72222222222223,
            66.80555555555556,
            58.30555555555556
        ],
        [
            173.30708661417322,
            164.85826771653544,
            153.43307086614175
        ],
        [
            140.00934579439252,
            129.6728971962617,
            118.81308411214954
        ],
        [
            55.14814814814815,
            48.50617283950618,
            38.061728395061735
        ]
    ],
    "hex_colors": [
        "#1c150c",
        "#0d0500",
        "#bcb1a7",
        "#a1988d",
        "#70675c",
        "#2a241a",
        "#4c423a",
        "#ada499",
        "#8c8176",
        "#373026"
    ],
    "hsl_color_values": [
        [
            0.0936541637178581,
            0.5836431226765799,
            28.82142857142857
        ],
        [
            0.06263406263406253,
            0.9498777506112467,
            13.63333333333334
        ],
        [
            0.08520146520146522,
            0.11199172984148874,
            188.0925925925926
        ],
        [
            0.09245652706343373,
            0.12368791748080148,
            161.81617647058823
        ],
        [
            0.09002566923359001,
            0.17932531071217206,
            112.64444444444445
        ],
        [
            0.09936068193926478,
            0.3888543608866793,
            42.71681415929204
        ],
        [
            0.07692307692307691,
            0.24004344677769737,
            76.72222222222223
        ],
        [
            0.09581352350765986,
            0.11467514766015433,
            173.30708661417322
        ],
        [
            0.08539094650205765,
            0.15139176289967282,
            140.00934579439252
        ],
        [
            0.10187861271676302,
            0.309827624804119,
            55.14814814814815
        ]
    ]
}