{
    "rgb_colors": [
        [
            198.85714285714283,
            179.85714285714283,
            165.14285714285714
        ],
        [
            105.75909090909092,
            67.88636363636364,
            22.322727272727274
        ],
        [
            223.57142857142856,
            204.28571428571428,
            191.57142857142856
        ],
        [
            130.62385321100916,
            91.6788990825688,
            46.321100917431195
        ],
        [
            33.480769230769226,
            5.25,
            0.4615384615384599
        ],
        [
            117.69791666666667,
            79.234375,
            32.91666666666667
        ],
        [
            254.8828125,
            254.265625,
            248.4296875
        ],
        [
            69.25,
            32.641304347826086,
            3.032608695652172
        ],
        [
            156.66666666666666,
            131.0,
            117.33333333333333
        ],
        [
            92.4375,
            55.09134615384615,
            10.456730769230766
        ]
    ],
    "hex_colors": [
        "#c6b3a5",
        "#694316",
        "#dfccbf",
        "#825b2e",
        "#210500",
        "#754f20",
        "#fefef8",
        "#452003",
        "#9c8375",
        "#5c370a"
    ],
    "hsl_color_values": [
        [
            0.07274011299435022,
            0.1695402298850574,
            198.85714285714283
        ],
        [
            0.09101474540568026,
            0.7889285253792925,
            105.75909090909092
        ],
        [
            0.06622023809523814,
            0.14313099041533547,
            223.57142857142856
        ],
        [
            0.08967243443247362,
            0.6453855878634639,
            130.62385321100916
        ],
        [
            0.024170064065230073,
            0.9862148190695004,
            33.480769230769226
        ],
        [
            0.09105336445918825,
            0.720329232675458,
            117.69791666666667
        ],
        [
            0.15072639225181597,
            0.02531800766283525,
            254.8828125
        ],
        [
            0.07452396585686145,
            0.9562078166692827,
            69.25
        ],
        [
            0.05790960451977404,
            0.251063829787234,
            156.66666666666666
        ],
        [
            0.09074204394401438,
            0.8868778280542986,
            92.4375
        ]
    ]
}