{
    "rgb_colors": [
        [
            233.66917293233084,
            224.2330827067669,
            205.95112781954887
        ],
        [
            229.20754716981133,
            219.86163522012578,
            201.53459119496856
        ],
        [
            231.25396825396825,
            221.83597883597884,
            203.54497354497354
        ],
        [
            227.72093023255815,
            218.27906976744185,
            200.0
        ],
        [
            220.4,
            210.4,
            192.4
        ],
        [
            238.63888888888889,
            228.75,
            210.69444444444446
        ],
        [
            226.12213740458014,
            216.42748091603053,
            198.27480916030535
        ],
        [
            236.11702127659575,
            226.7127659574468,
            208.41489361702128
        ],
        [
            241.4,
            231.4,
            213.4
        ],
        [
            223.22916666666666,
            213.22916666666666,
            195.22916666666666
        ]
    ],
    "hex_colors": [
        "#e9e0cd",
        "#e5dbc9",
        "#e7ddcb",
        "#e3dac8",
        "#dcd2c0",
        "#eee4d2",
        "#e2d8c6",
        "#ece2d0",
        "#f1e7d5",
        "#dfd5c3"
    ],
    "hsl_color_values": [
        [
            0.10992811609928106,
            0.1186208893751207,
            233.66917293233084
        ],
        [
            0.11037878787878776,
            0.12073317967292288,
            229.20754716981133
        ],
        [
            0.11001845840493922,
            0.11982062369872103,
            231.25396825396825
        ],
        [
            0.10989932885906034,
            0.12173202614379088,
            227.72093023255815
        ],
        [
            0.10714285714285714,
            0.12704174228675136,
            220.4
        ],
        [
            0.10768721007289594,
            0.11709928995460359,
            238.63888888888889
        ],
        [
            0.10864400584795324,
            0.1231517115657281,
            226.12213740458014
        ],
        [
            0.11008704557091649,
            0.11732372155890967,
            236.11702127659575
        ],
        [
            0.10714285714285714,
            0.115990057995029,
            241.4
        ],
        [
            0.10714285714285714,
            0.12543163789080727,
            223.22916666666666
        ]
    ]
}