{
    "rgb_colors": [
        [
            234.56034482758622,
            225.56034482758622,
            211.56034482758622
        ],
        [
            243.78378378378378,
            234.78378378378378,
            220.78378378378378
        ],
        [
            232.2962962962963,
            223.2962962962963,
            209.2962962962963
        ],
        [
            238.55675675675676,
            229.55675675675676,
            215.55675675675676
        ],
        [
            241.0,
            232.0,
            218.0
        ],
        [
            240.0,
            231.0,
            217.0
        ],
        [
            242.0,
            233.0,
            219.0
        ],
        [
            246.58,
            237.58,
            223.58
        ],
        [
            236.0,
            227.0,
            213.0
        ],
        [
            237.0,
            228.0,
            214.0
        ]
    ],
    "hex_colors": [
        "#eae1d3",
        "#f3eadc",
        "#e8dfd1",
        "#eee5d7",
        "#f1e8da",
        "#f0e7d9",
        "#f2e9db",
        "#f6eddf",
        "#ece3d5",
        "#ede4d6"
    ],
    "hsl_color_values": [
        [
            0.10144927536231885,
            0.09805579036348266,
            234.56034482758622
        ],
        [
            0.10144927536231885,
            0.09434589800443459,
            243.78378378378378
        ],
        [
            0.10144927536231885,
            0.09901147959183673,
            232.2962962962963
        ],
        [
            0.10144927536231885,
            0.09641311490268054,
            238.55675675675676
        ],
        [
            0.10144927536231885,
            0.0954356846473029,
            241.0
        ],
        [
            0.10144927536231885,
            0.09583333333333334,
            240.0
        ],
        [
            0.10144927536231885,
            0.09504132231404959,
            242.0
        ],
        [
            0.10144927536231885,
            0.09327601589747749,
            246.58
        ],
        [
            0.10144927536231885,
            0.09745762711864407,
            236.0
        ],
        [
            0.10144927536231885,
            0.0970464135021097,
            237.0
        ]
    ]
}