{
    "rgb_colors": [
        [
            30.558441558441558,
            16.77922077922078,
            1.9220779220779178
        ],
        [
            64.31932773109244,
            50.65546218487395,
            35.470588235294116
        ],
        [
            102.60919540229885,
            92.40229885057471,
            82.183908045977
        ],
        [
            116.45614035087719,
            106.49122807017544,
            97.71929824561403
        ],
        [
            72.24615384615385,
            60.892307692307696,
            49.13846153846154
        ],
        [
            135.02083333333331,
            125.02083333333333,
            117.02083333333333
        ],
        [
            57.035353535353536,
            43.28787878787879,
            28.727272727272727
        ],
        [
            49.578680203045685,
            36.47208121827411,
            22.51776649746193
        ],
        [
            87.10958904109589,
            76.6027397260274,
            66.1917808219178
        ],
        [
            41.92233009708738,
            27.902912621359224,
            13.077669902912625
        ]
    ],
    "hex_colors": [
        "#1e1001",
        "#403223",
        "#665c52",
        "#746a61",
        "#483c31",
        "#877d75",
        "#392b1c",
        "#312416",
        "#574c42",
        "#291b0d"
    ],
    "hsl_color_values": [
        [
            0.08647014361300076,
            0.9371015724606886,
            30.558441558441558
        ],
        [
            0.0877269637828915,
            0.4485236477658741,
            64.31932773109244
        ],
        [
            0.08338022885012192,
            0.1990590343900527,
            102.60919540229885
        ],
        [
            0.07802746566791514,
            0.16089183489002717,
            116.45614035087719
        ],
        [
            0.0847758544163338,
            0.31984667802385003,
            72.24615384615385
        ],
        [
            0.07407407407407413,
            0.133312760376485,
            135.02083333333331
        ],
        [
            0.0857270294380018,
            0.4963251571770123,
            57.035353535353536
        ],
        [
            0.08594385043456514,
            0.5458175488891164,
            49.578680203045685
        ],
        [
            0.08295132067234229,
            0.24013209624154744,
            87.10958904109589
        ],
        [
            0.08566139347021202,
            0.6880500231588698,
            41.92233009708738
        ]
    ]
}