{
    "rgb_colors": [
        [
            67.55555555555556,
            65.55555555555556,
            59.48148148148148
        ],
        [
            73.20952380952382,
            71.20952380952382,
            65.20952380952382
        ],
        [
            78.89028213166144,
            76.89028213166144,
            70.90282131661442
        ],
        [
            31.53333333333333,
            29.53333333333333,
            23.53333333333333
        ],
        [
            40.94117647058824,
            38.94117647058824,
            32.8235294117647
        ],
        [
            55.73529411764706,
            53.73529411764706,
            47.67647058823529
        ],
        [
            76.11673151750973,
            74.11673151750973,
            68.10894941634241
        ],
        [
            82.0204081632653,
            80.0204081632653,
            74.09183673469387
        ],
        [
            86.8,
            84.8,
            78.93333333333334
        ],
        [
            21.66666666666667,
            19.66666666666667,
            13.666666666666671
        ]
    ],
    "hex_colors": [
        "#43413b",
        "#494741",
        "#4e4c46",
        "#1f1d17",
        "#282620",
        "#37352f",
        "#4c4a44",
        "#52504a",
        "#56544e",
        "#15130d"
    ],
    "hsl_color_values": [
        [
            0.1253822629969419,
            0.11951754385964915,
            67.55555555555556
        ],
        [
            0.125,
            0.10927540002601795,
            73.20952380952382
        ],
        [
            0.12493458922030347,
            0.10124771517126274,
            78.89028213166144
        ],
        [
            0.125,
            0.25369978858350956,
            31.53333333333333
        ],
        [
            0.12560386473429955,
            0.19827586206896566,
            40.94117647058824
        ],
        [
            0.12530413625304138,
            0.14459102902374676,
            55.73529411764706
        ],
        [
            0.1250404923874312,
            0.10520396687455279,
            76.11673151750973
        ],
        [
            0.12462462462462465,
            0.0966658372729535,
            82.0204081632653
        ],
        [
            0.12429378531073443,
            0.0906298003072196,
            86.8
        ],
        [
            0.125,
            0.36923076923076914,
            21.66666666666667
        ]
    ]
}