{
    "rgb_colors": [
        [
            33.766129032258064,
            26.991935483870975,
            16.943548387096783
        ],
        [
            147.93457943925233,
            139.48598130841123,
            129.196261682243
        ],
        [
            60.5,
            53.51086956521739,
            43.391304347826086
        ],
        [
            48.67883211678832,
            41.8978102189781,
            31.686131386861312
        ],
        [
            164.28440366972478,
            156.6605504587156,
            146.13761467889907
        ],
        [
            111.61842105263158,
            102.22368421052632,
            92.1842105263158
        ],
        [
            17.37142857142858,
            10.971428571428575,
            3.9285714285714306
        ],
        [
            130.16,
            121.52,
            110.81
        ],
        [
            85.80357142857143,
            76.58928571428572,
            67.39285714285714
        ],
        [
            179.90849673202615,
            171.84313725490196,
            161.11764705882354
        ]
    ],
    "hex_colors": [
        "#211a10",
        "#938b81",
        "#3c352b",
        "#30291f",
        "#a49c92",
        "#6f665c",
        "#110a03",
        "#82796e",
        "#554c43",
        "#b3aba1"
    ],
    "hsl_color_values": [
        [
            0.09955257270693517,
            0.4982087413422496,
            33.766129032258064
        ],
        [
            0.09152119700748136,
            0.12666624549876795,
            147.93457943925233
        ],
        [
            0.09858110969927997,
            0.28278835788717216,
            60.5
        ],
        [
            0.10015750286368842,
            0.3490778227620333,
            48.67883211678832
        ],
        [
            0.09664644421975054,
            0.11045959680571857,
            164.28440366972478
        ],
        [
            0.08609794628751972,
            0.17411293174584455,
            111.61842105263158
        ],
        [
            0.08731845554374777,
            0.7738486842105263,
            17.37142857142858
        ],
        [
            0.09224806201550384,
            0.1486631837738168,
            130.16
        ],
        [
            0.08325250565793736,
            0.21456815816857447,
            85.80357142857143
        ],
        [
            0.09513043478260863,
            0.1044467049335174,
            179.90849673202615
        ]
    ]
}