{
    "rgb_colors": [
        [
            138.5328947368421,
            128.2763157894737,
            113.11184210526316
        ],
        [
            154.9099099099099,
            145.06306306306305,
            131.48648648648648
        ],
        [
            142.07692307692307,
            131.5897435897436,
            117.11538461538461
        ],
        [
            163.56521739130434,
            154.56521739130434,
            140.56521739130434
        ],
        [
            158.85714285714286,
            149.66666666666666,
            135.76190476190476
        ],
        [
            128.44285714285715,
            118.42857142857143,
            102.47142857142858
        ],
        [
            144.94594594594594,
            134.33333333333334,
            120.66666666666667
        ],
        [
            151.10852713178295,
            140.86821705426357,
            127.48837209302326
        ],
        [
            147.7117117117117,
            137.03603603603602,
            123.78378378378379
        ],
        [
            134.19387755102042,
            124.10204081632654,
            108.37755102040816
        ]
    ],
    "hex_colors": [
        "#8a8071",
        "#9a9183",
        "#8e8375",
        "#a39a8c",
        "#9e9587",
        "#807666",
        "#908678",
        "#978c7f",
        "#93897b",
        "#867c6c"
    ],
    "hsl_color_values": [
        [
            0.09942201518288481,
            0.18350192335090468,
            138.5328947368421
        ],
        [
            0.09660256410256403,
            0.15120674614713583,
            154.9099099099099
        ],
        [
            0.09664441020373231,
            0.17569030860855436,
            142.07692307692307
        ],
        [
            0.10144927536231885,
            0.1406166932482722,
            163.56521739130434
        ],
        [
            0.10034364261168377,
            0.1453836930455636,
            158.85714285714286
        ],
        [
            0.10240190685735238,
            0.20220220220220222,
            128.44285714285715
        ],
        [
            0.09381570810142248,
            0.16750574926968728,
            144.94594594594594
        ],
        [
            0.0944098019910294,
            0.15631252244395424,
            151.10852713178295
        ],
        [
            0.09230672690763046,
            0.1619907294462063,
            147.7117117117117
        ],
        [
            0.1015151515151515,
            0.1923808075431527,
            134.19387755102042
        ]
    ]
}