{
    "rgb_colors": [
        [
            110.74576271186442,
            24.372881355932204,
            24.71186440677966
        ],
        [
            87.69444444444444,
            42.111111111111114,
            30.38888888888889
        ],
        [
            82.75280898876404,
            25.674157303370787,
            16.191011235955056
        ],
        [
            67.52525252525253,
            50.343434343434346,
            31.414141414141415
        ],
        [
            131.0625,
            68.5,
            59.625
        ],
        [
            115.63157894736842,
            52.68421052631579,
            45.73684210526316
        ],
        [
            104.04428044280442,
            17.822878228782287,
            17.73431734317343
        ],
        [
            77.46666666666667,
            56.94074074074074,
            39.74814814814815
        ],
        [
            95.66666666666667,
            14.312056737588653,
            12.666666666666666
        ],
        [
            66.36585365853658,
            22.390243902439025,
            12.780487804878048
        ]
    ],
    "hex_colors": [
        "#6e1818",
        "#572a1e",
        "#521910",
        "#43321f",
        "#83443b",
        "#73342d",
        "#681111",
        "#4d3827",
        "#5f0e0c",
        "#42160c"
    ],
    "hsl_color_values": [
        [
            0.999345892203035,
            0.7799204162840526,
            110.74576271186442
        ],
        [
            0.03409274519308453,
            0.6534684827367755,
            87.69444444444444
        ],
        [
            0.02374521719558857,
            0.8043448744059741,
            82.75280898876404
        ],
        [
            0.0873659673659674,
            0.5347793567688857,
            67.52525252525253
        ],
        [
            0.020705745115193925,
            0.5450643776824035,
            131.0625
        ],
        [
            0.016566265060240948,
            0.6044606281292672,
            115.63157894736842
        ],
        [
            0.00017101325352714136,
            0.8295502908213931,
            104.04428044280442
        ],
        [
            0.07596884001047395,
            0.48689998087588454,
            77.46666666666667
        ],
        [
            0.003303996126349351,
            0.867595818815331,
            95.66666666666667
        ],
        [
            0.02988924290699439,
            0.8074237412715913,
            66.36585365853658
        ]
    ]
}