{
    "rgb_colors": [
        [
            14.476190476190482,
            1.827380952380956,
            0.2678571428571459
        ],
        [
            71.16666666666667,
            47.2463768115942,
            28.28985507246377
        ],
        [
            246.97297297297297,
            233.51351351351352,
            217.91891891891893
        ],
        [
            140.0806451612903,
            83.30645161290323,
            43.79032258064516
        ],
        [
            100.23809523809524,
            78.34013605442176,
            61.36054421768708
        ],
        [
            56.31404958677686,
            34.3305785123967,
            18.0
        ],
        [
            212.84126984126982,
            197.6031746031746,
            178.9206349206349
        ],
        [
            40.086021505376344,
            19.505376344086017,
            7.354838709677416
        ],
        [
            85.0679012345679,
            61.401234567901234,
            42.141975308641975
        ],
        [
            122.54545454545455,
            108.72727272727272,
            99.36363636363637
        ]
    ],
    "hex_colors": [
        "#0e0100",
        "#472f1c",
        "#f6e9d9",
        "#8c532b",
        "#644e3d",
        "#382212",
        "#d4c5b2",
        "#281307",
        "#553d2a",
        "#7a6c63"
    ],
    "hsl_color_values": [
        [
            0.018293534422566687,
            0.9814967105263156,
            14.476190476190482
        ],
        [
            0.07368598952171708,
            0.6024844720496895,
            71.16666666666667
        ],
        [
            0.08945736434108527,
            0.11764062158021442,
            246.97297297297297
        ],
        [
            0.06839754327191516,
            0.687392055267703,
            140.0806451612903
        ],
        [
            0.0727909011373578,
            0.3878520529351883,
            100.23809523809524
        ],
        [
            0.07103825136612024,
            0.6803639565600235,
            56.31404958677686
        ],
        [
            0.09179535173919835,
            0.15937057200387797,
            212.84126984126982
        ],
        [
            0.061870346035917644,
            0.8165236051502147,
            40.086021505376344
        ],
        [
            0.0747771067011792,
            0.5046077933386547,
            85.0679012345679
        ],
        [
            0.06732026143790838,
            0.1891691394658753,
            122.54545454545455
        ]
    ]
}