{
    "rgb_colors": [
        [
            64.64705882352942,
            56.64705882352941,
            60.64705882352941
        ],
        [
            42.54716981132076,
            21.655660377358494,
            19.714622641509436
        ],
        [
            149.71875,
            142.15625,
            144.84375
        ],
        [
            96.93333333333334,
            89.86666666666667,
            91.06666666666666
        ],
        [
            215.013698630137,
            206.2876712328767,
            201.04109589041096
        ],
        [
            13.0,
            0.7439999999999998,
            1.0
        ],
        [
            31.27472527472527,
            12.0,
            11.406593406593402
        ],
        [
            206.375,
            196.79545454545456,
            189.8068181818182
        ],
        [
            197.23469387755102,
            187.90816326530611,
            181.1530612244898
        ],
        [
            220.5409836065574,
            212.70491803278688,
            208.7704918032787
        ]
    ],
    "hex_colors": [
        "#40383c",
        "#2a1513",
        "#958e90",
        "#60595b",
        "#d7cec9",
        "#0d0001",
        "#1f0c0b",
        "#cec4bd",
        "#c5bbb5",
        "#dcd4d0"
    ],
    "hsl_color_values": [
        [
            0.9166666666666667,
            0.12374886260236588,
            64.64705882352942
        ],
        [
            0.014168646489687705,
            0.5366407982261641,
            42.54716981132076
        ],
        [
            0.940771349862259,
            0.05051137549572114,
            149.71875
        ],
        [
            0.9716981132075474,
            0.07290233837689129,
            96.93333333333334
        ],
        [
            0.06258169934640513,
            0.06498470948012233,
            215.013698630137
        ],
        [
            0.9965187119234117,
            0.9427692307692308,
            13.0
        ],
        [
            0.00497787610619473,
            0.635277582572031,
            31.27472527472527
        ],
        [
            0.07030178326474636,
            0.08028192280160781,
            206.375
        ],
        [
            0.07000846023688657,
            0.08153551658130276,
            197.23469387755102
        ],
        [
            0.055710306406684874,
            0.05337099531702971,
            220.5409836065574
        ]
    ]
}