{
    "rgb_colors": [
        [
            75.29411764705883,
            45.76470588235294,
            13.352941176470589
        ],
        [
            129.5222222222222,
            89.23333333333333,
            36.91666666666667
        ],
        [
            38.14444444444444,
            12.322222222222223,
            0.12222222222222001
        ],
        [
            116.22680412371133,
            75.20618556701031,
            22.309278350515463
        ],
        [
            95.23376623376623,
            60.311688311688314,
            18.31168831168831
        ],
        [
            135.94594594594594,
            97.75675675675676,
            49.20270270270271
        ],
        [
            46.12605042016807,
            20.142857142857146,
            2.042016806722689
        ],
        [
            61.125,
            32.125,
            5.916666666666668
        ],
        [
            123.88687782805431,
            83.32579185520362,
            30.83710407239819
        ],
        [
            106.55813953488372,
            74.0,
            36.372093023255815
        ]
    ],
    "hex_colors": [
        "#4b2d0d",
        "#815924",
        "#260c00",
        "#744b16",
        "#5f3c12",
        "#876131",
        "#2e1402",
        "#3d2005",
        "#7b531e",
        "#6a4a24"
    ],
    "hsl_color_values": [
        [
            0.08721114276669832,
            0.82265625,
            75.29411764705883
        ],
        [
            0.09415681804547364,
            0.7149781247319207,
            129.5222222222222
        ],
        [
            0.053477498538866186,
            0.9967958054180018,
            38.14444444444444
        ],
        [
            0.09387120380534213,
            0.8080539293950684,
            116.22680412371133
        ],
        [
            0.0910011818335303,
            0.8077185326605755,
            95.23376623376623
        ],
        [
            0.09329075141506986,
            0.6380715705765407,
            135.94594594594594
        ],
        [
            0.06843309187952727,
            0.9557296411003827,
            46.12605042016807
        ],
        [
            0.0791194968553459,
            0.9032038173142467,
            61.125
        ],
        [
            0.09401543149841145,
            0.7510865992183791,
            123.88687782805431
        ],
        [
            0.08935277225535675,
            0.6586643387167176,
            106.55813953488372
        ]
    ]
}