{
    "rgb_colors": [
        [
            40.5,
            24.404761904761905,
            11.166666666666666
        ],
        [
            31.95238095238095,
            17.142857142857142,
            6.619047619047619
        ],
        [
            3.197080291970803,
            0.20985401459854103,
            0.15875912408759163
        ],
        [
            26.955357142857142,
            21.94642857142857,
            18.57142857142857
        ],
        [
            18.885714285714286,
            13.742857142857144,
            10.657142857142857
        ],
        [
            33.54455445544555,
            27.415841584158414,
            23.475247524752476
        ],
        [
            59.08695652173913,
            41.78260869565217,
            28.434782608695652
        ],
        [
            63.92857142857142,
            52.214285714285715,
            43.285714285714285
        ],
        [
            43.541666666666664,
            33.916666666666664,
            28.5
        ],
        [
            16.508474576271187,
            4.864406779661017,
            1.2203389830508478
        ]
    ],
    "hex_colors": [
        "#28180b",
        "#1f1106",
        "#030000",
        "#1a1512",
        "#120d0a",
        "#211b17",
        "#3b291c",
        "#3f342b",
        "#2b211c",
        "#100401"
    ],
    "hsl_color_values": [
        [
            0.07521645021645022,
            0.7242798353909465,
            40.5
        ],
        [
            0.06923558897243108,
            0.7928464977645305,
            31.95238095238095
        ],
        [
            0.002802802802802836,
            0.9503424657534245,
            3.197080291970803
        ],
        [
            0.06709265175718848,
            0.3110301424312687,
            26.955357142857142
        ],
        [
            0.06250000000000001,
            0.43570347957639943,
            18.885714285714286
        ],
        [
            0.06522451655195012,
            0.3001770956316412,
            33.54455445544555
        ],
        [
            0.07257683215130022,
            0.5187637969094923,
            59.08695652173913
        ],
        [
            0.07208765859284894,
            0.32290502793296083,
            63.92857142857142
        ],
        [
            0.06001846722068327,
            0.3454545454545454,
            43.541666666666664
        ],
        [
            0.03972653362897266,
            0.9260780287474333,
            16.508474576271187
        ]
    ]
}