{
    "rgb_colors": [
        [
            216.98058252427185,
            205.0097087378641,
            184.0
        ],
        [
            211.56410256410257,
            199.56410256410257,
            178.56410256410257
        ],
        [
            225.83783783783784,
            213.86486486486487,
            192.85585585585585
        ],
        [
            223.4496124031008,
            211.4496124031008,
            190.4496124031008
        ],
        [
            228.73809523809524,
            216.73809523809524,
            195.73809523809524
        ],
        [
            215.50413223140495,
            203.52892561983472,
            182.5206611570248
        ],
        [
            218.0,
            206.0,
            185.0
        ],
        [
            213.55,
            201.55,
            180.55
        ],
        [
            219.472049689441,
            207.472049689441,
            186.472049689441
        ],
        [
            221.43790849673204,
            209.45751633986927,
            188.45098039215685
        ]
    ],
    "hex_colors": [
        "#d8cdb8",
        "#d3c7b2",
        "#e1d5c0",
        "#dfd3be",
        "#e4d8c3",
        "#d7cbb6",
        "#daceb9",
        "#d5c9b4",
        "#dbcfba",
        "#ddd1bc"
    ],
    "hsl_color_values": [
        [
            0.1061721126484153,
            0.15199785225289725,
            216.98058252427185
        ],
        [
            0.10606060606060606,
            0.15598109320082415,
            211.56410256410257
        ],
        [
            0.10616407174724578,
            0.14604276368278285,
            225.83783783783784
        ],
        [
            0.10606060606060606,
            0.14768430182133563,
            223.4496124031008
        ],
        [
            0.10606060606060606,
            0.1442698032684501,
            228.73809523809524
        ],
        [
            0.10615551657896943,
            0.1530526154318147,
            215.50413223140495
        ],
        [
            0.10606060606060606,
            0.15137614678899083,
            218.0
        ],
        [
            0.10606060606060606,
            0.15453055490517442,
            213.55
        ],
        [
            0.10606060606060606,
            0.1503608320362247,
            219.472049689441
        ],
        [
            0.1061356581467538,
            0.1489669421487604,
            221.43790849673204
        ]
    ]
}