{
    "rgb_colors": [
        [
            192.81283422459893,
            185.82887700534758,
            174.35294117647058
        ],
        [
            93.92,
            86.74,
            80.78
        ],
        [
            210.1658031088083,
            203.40932642487047,
            192.440414507772
        ],
        [
            156.38709677419354,
            152.48387096774195,
            146.41935483870967
        ],
        [
            126.47916666666667,
            121.45833333333334,
            115.66666666666667
        ],
        [
            6.300000000000011,
            3.414285714285711,
            1.671428571428578
        ],
        [
            179.06666666666666,
            173.01333333333332,
            163.69333333333333
        ],
        [
            220.74782608695654,
            215.83478260869566,
            205.05217391304348
        ],
        [
            45.548387096774206,
            43.0,
            38.38709677419355
        ],
        [
            202.20089285714286,
            194.94196428571428,
            183.64285714285714
        ]
    ],
    "hex_colors": [
        "#c0b9ae",
        "#5d5650",
        "#d2cbc0",
        "#9c9892",
        "#7e7973",
        "#060301",
        "#b3ada3",
        "#dcd7cd",
        "#2d2b26",
        "#cac2b7"
    ],
    "hsl_color_values": [
        [
            0.10361143298570867,
            0.09573996006212562,
            192.81283422459893
        ],
        [
            0.0755961440892947,
            0.13990630323679729,
            93.92
        ],
        [
            0.10313748416642317,
            0.08434002268132743,
            210.1658031088083
        ],
        [
            0.10140237324703387,
            0.06373762376237625,
            156.38709677419354
        ],
        [
            0.08927424534360957,
            0.08548838741558228,
            126.47916666666667
        ],
        [
            0.06275720164609011,
            0.7346938775510199,
            6.300000000000011
        ],
        [
            0.10104076322636592,
            0.08585256887565154,
            179.06666666666666
        ],
        [
            0.11449676823638044,
            0.07110218230520766,
            220.74782608695654
        ],
        [
            0.10735735735735714,
            0.1572237960339945,
            45.548387096774206
        ],
        [
            0.10147542298131658,
            0.09178018678382976,
            202.20089285714286
        ]
    ]
}