{
    "rgb_colors": [
        [
            102.47567567567567,
            75.92972972972973,
            44.58918918918919
        ],
        [
            107.48847926267281,
            80.89861751152074,
            49.55299539170507
        ],
        [
            131.0,
            103.78571428571428,
            75.95238095238095
        ],
        [
            16.4179104477612,
            0.9850746268656678,
            1.253731343283583
        ],
        [
            119.7,
            96.7,
            80.5
        ],
        [
            119.36697247706422,
            92.24770642201835,
            63.73394495412845
        ],
        [
            51.44086021505376,
            37.27956989247311,
            24.591397849462364
        ],
        [
            92.56410256410257,
            64.92307692307692,
            33.743589743589745
        ],
        [
            98.0379746835443,
            70.46835443037975,
            39.43037974683544
        ],
        [
            113.17919075144509,
            86.21965317919074,
            55.959537572254334
        ]
    ],
    "hex_colors": [
        "#664b2c",
        "#6b5031",
        "#83674b",
        "#100001",
        "#776050",
        "#775c3f",
        "#332518",
        "#5c4021",
        "#624627",
        "#715637"
    ],
    "hsl_color_values": [
        [
            0.09023562735393904,
            0.5648802616309737,
            102.47567567567567
        ],
        [
            0.09017393148796267,
            0.5389924973204716,
            107.48847926267281
        ],
        [
            0.08427047289504035,
            0.4202108324245729,
            131.0
        ],
        [
            0.9970986460348162,
            0.9400000000000003,
            16.4179104477612
        ],
        [
            0.06887755102040817,
            0.3274853801169591,
            119.7
        ],
        [
            0.0854221635883905,
            0.4660671739297517,
            119.36697247706422
        ],
        [
            0.07876118008276596,
            0.5219481605351171,
            51.44086021505376
        ],
        [
            0.08834641092705607,
            0.6354570637119114,
            92.56410256410257
        ],
        [
            0.08826493880489561,
            0.5978050355067785,
            98.0379746835443
        ],
        [
            0.08814021618345284,
            0.5055669050051073,
            113.17919075144509
        ]
    ]
}