{
    "rgb_colors": [
        [
            246.90452261306532,
            240.96482412060303,
            226.3718592964824
        ],
        [
            122.8,
            117.8,
            105.39999999999999
        ],
        [
            162.08333333333334,
            152.58333333333334,
            139.16666666666669
        ],
        [
            254.73400673400673,
            253.65656565656565,
            238.31649831649833
        ],
        [
            239.62962962962962,
            233.21296296296296,
            219.60185185185185
        ],
        [
            202.29787234042553,
            193.19148936170214,
            179.68085106382978
        ],
        [
            252.68072289156626,
            246.43975903614458,
            231.52409638554218
        ],
        [
            178.8181818181818,
            169.70454545454544,
            156.6590909090909
        ],
        [
            150.8,
            141.53333333333333,
            128.73333333333335
        ],
        [
            226.15,
            218.325,
            204.175
        ]
    ],
    "hex_colors": [
        "#f6f0e2",
        "#7a7569",
        "#a2988b",
        "#fefdee",
        "#efe9db",
        "#cac1b3",
        "#fcf6e7",
        "#b2a99c",
        "#968d80",
        "#e2dacc"
    ],
    "hsl_color_values": [
        [
            0.11845325501713182,
            0.08316033703748936,
            246.90452261306532
        ],
        [
            0.11877394636015326,
            0.14169381107491863,
            122.8
        ],
        [
            0.09757575757575754,
            0.14138817480719787,
            162.08333333333334
        ],
        [
            0.15572873940388293,
            0.06444961404250814,
            254.73400673400673
        ],
        [
            0.11326860841423954,
            0.08357805255023182,
            239.62962962962962
        ],
        [
            0.09956099090624033,
            0.11180058897770302,
            202.29787234042553
        ],
        [
            0.11750189825360668,
            0.0837286923352008,
            252.68072289156626
        ],
        [
            0.09811965811965802,
            0.1239196746314184,
            178.8181818181818
        ],
        [
            0.09667673716012075,
            0.1463306808134394,
            150.8
        ],
        [
            0.10731892301858158,
            0.09717001989829756,
            226.15
        ]
    ]
}