{
    "rgb_colors": [
        [
            117.83206106870229,
            80.54198473282443,
            35.145038167938935
        ],
        [
            101.32666666666667,
            64.08666666666667,
            19.03333333333333
        ],
        [
            132.27906976744185,
            95.23255813953489,
            49.6046511627907
        ],
        [
            94.95121951219512,
            57.796747967479675,
            12.886178861788617
        ],
        [
            124.15254237288136,
            86.73728813559322,
            41.41525423728814
        ],
        [
            56.69565217391305,
            23.456521739130437,
            0.0
        ],
        [
            112.72784810126582,
            75.20886075949367,
            29.38607594936709
        ],
        [
            106.96575342465754,
            69.63013698630137,
            24.184931506849313
        ],
        [
            69.67857142857143,
            36.32142857142857,
            1.6071428571428577
        ],
        [
            86.65432098765433,
            49.308641975308646,
            3.802469135802472
        ]
    ],
    "hex_colors": [
        "#755023",
        "#654013",
        "#845f31",
        "#5e390c",
        "#7c5629",
        "#381700",
        "#704b1d",
        "#6a4518",
        "#452401",
        "#563103"
    ],
    "hsl_color_values": [
        [
            0.09150356967011325,
            0.7017362010883649,
            117.83206106870229
        ],
        [
            0.0912454093756751,
            0.8121586946509639,
            101.32666666666667
        ],
        [
            0.09198312236286921,
            0.625,
            132.27906976744185
        ],
        [
            0.09120929925368204,
            0.8642863258840654,
            94.95121951219512
        ],
        [
            0.09129707398682098,
            0.6664163822525597,
            124.15254237288136
        ],
        [
            0.06895449897750511,
            1.0,
            56.69565217391305
        ],
        [
            0.09163628999594979,
            0.7393183987423503,
            112.72784810126582
        ],
        [
            0.09149704892713333,
            0.7739002369213037,
            106.96575342465754
        ],
        [
            0.0849947534102833,
            0.9769349051768323,
            69.67857142857143
        ],
        [
            0.09154125068295833,
            0.9561191052856532,
            86.65432098765433
        ]
    ]
}