{
    "rgb_colors": [
        [
            57.05232558139535,
            55.0,
            50.48255813953489
        ],
        [
            25.05357142857143,
            23.017857142857142,
            18.482142857142858
        ],
        [
            61.10625,
            59.0875,
            54.65625
        ],
        [
            32.76190476190476,
            30.714285714285715,
            26.23809523809524
        ],
        [
            53.51123595505618,
            51.46067415730337,
            47.061797752808985
        ],
        [
            49.475,
            47.45,
            42.94166666666666
        ],
        [
            44.29126213592233,
            42.29126213592233,
            37.74757281553398
        ],
        [
            4.603448275862071,
            2.603448275862071,
            0.3793103448275872
        ],
        [
            16.378378378378375,
            14.378378378378375,
            9.945945945945944
        ],
        [
            38.62337662337662,
            36.58441558441558,
            32.246753246753244
        ]
    ],
    "hex_colors": [
        "#393732",
        "#191712",
        "#3d3b36",
        "#201e1a",
        "#35332f",
        "#312f2a",
        "#2c2a25",
        "#040200",
        "#100e09",
        "#262420"
    ],
    "hsl_color_values": [
        [
            0.11460176991150435,
            0.11515336798124932,
            57.05232558139535
        ],
        [
            0.11503623188405791,
            0.26229508196721313,
            25.05357142857143
        ],
        [
            0.11450258397932807,
            0.10555385087450142,
            61.10625
        ],
        [
            0.11435523114355235,
            0.19912790697674404,
            32.76190476190476
        ],
        [
            0.11367595818815342,
            0.12052493438320215,
            53.51123595505618
        ],
        [
            0.11500850340136064,
            0.13205322553478197,
            49.475
        ],
        [
            0.11572700296735909,
            0.147742218325296,
            44.29126213592233
        ],
        [
            0.08775510204081634,
            0.9176029962546814,
            4.603448275862071
        ],
        [
            0.11484593837535013,
            0.3927392739273928,
            16.378378378378375
        ],
        [
            0.11337406653088929,
            0.16509751176866178,
            38.62337662337662
        ]
    ]
}