{
    "rgb_colors": [
        [
            239.44444444444446,
            232.77777777777777,
            216.0
        ],
        [
            229.890243902439,
            223.70731707317074,
            206.76829268292684
        ],
        [
            236.0,
            230.0,
            213.0
        ],
        [
            233.01242236024845,
            226.17391304347825,
            209.45341614906832
        ],
        [
            243.75,
            235.875,
            219.5
        ],
        [
            236.9904761904762,
            227.9904761904762,
            211.9904761904762
        ],
        [
            237.4954128440367,
            230.75229357798165,
            214.0
        ],
        [
            241.0120481927711,
            234.0,
            217.33734939759037
        ],
        [
            234.56185567010309,
            228.56185567010309,
            211.56185567010309
        ],
        [
            238.4271844660194,
            231.7864077669903,
            215.0
        ]
    ],
    "hex_colors": [
        "#efe8d8",
        "#e5dfce",
        "#ece6d5",
        "#e9e2d1",
        "#f3ebdb",
        "#ece3d3",
        "#ede6d6",
        "#f1ead9",
        "#eae4d3",
        "#eee7d7"
    ],
    "hsl_color_values": [
        [
            0.11927330173775659,
            0.09791183294663577,
            239.44444444444446
        ],
        [
            0.12209915611814359,
            0.10057821866213984,
            229.890243902439
        ],
        [
            0.12318840579710144,
            0.09745762711864407,
            236.0
        ],
        [
            0.11828807452324448,
            0.1011062241769959,
            233.01242236024845
        ],
        [
            0.11254295532646048,
            0.09948717948717949,
            243.75
        ],
        [
            0.10666666666666667,
            0.105489471146118,
            236.9904761904762
        ],
        [
            0.11883378888455022,
            0.09892996484722065,
            237.4954128440367
        ],
        [
            0.11730279898218825,
            0.09823035392921413,
            241.0120481927711
        ],
        [
            0.12318840579710144,
            0.09805515877376113,
            234.56185567010309
        ],
        [
            0.11942257217847774,
            0.09825718706735075,
            238.4271844660194
        ]
    ]
}