{
    "rgb_colors": [
        [
            226.5681818181818,
            213.9318181818182,
            204.57954545454544
        ],
        [
            72.02777777777779,
            18.5,
            19.861111111111114
        ],
        [
            209.09677419354838,
            198.747311827957,
            189.55376344086022
        ],
        [
            80.08823529411765,
            60.470588235294116,
            51.294117647058826
        ],
        [
            99.86363636363636,
            85.4090909090909,
            74.62121212121212
        ],
        [
            189.72950819672133,
            179.4344262295082,
            169.24590163934425
        ],
        [
            127.53521126760563,
            113.02816901408451,
            105.2112676056338
        ],
        [
            172.6338028169014,
            162.28169014084506,
            152.77464788732394
        ],
        [
            199.59450171821305,
            189.8659793814433,
            179.82817869415808
        ],
        [
            155.135593220339,
            144.03389830508473,
            135.61016949152543
        ]
    ],
    "hex_colors": [
        "#e2d5cc",
        "#481213",
        "#d1c6bd",
        "#503c33",
        "#63554a",
        "#bdb3a9",
        "#7f7169",
        "#aca298",
        "#c7bdb3",
        "#9b9087"
    ],
    "hsl_color_values": [
        [
            0.07088716623600357,
            0.09705085765874215,
            226.5681818181818
        ],
        [
            0.9957619788963847,
            0.7431546471268801,
            72.02777777777779
        ],
        [
            0.07840440165061897,
            0.0934639514553121,
            209.09677419354838
        ],
        [
            0.05311542390194072,
            0.35952993022401764,
            80.08823529411765
        ],
        [
            0.07122849139655861,
            0.2527689273251403,
            99.86363636363636
        ],
        [
            0.08289982659730562,
            0.10796215492288429,
            189.72950819672133
        ],
        [
            0.05835962145110418,
            0.1750414135836555,
            127.53521126760563
        ],
        [
            0.07978723404255311,
            0.11503630578444973,
            172.6338028169014
        ],
        [
            0.08463722763096904,
            0.09903240246547977,
            199.59450171821305
        ],
        [
            0.07190393518518505,
            0.1258603736479843,
            155.135593220339
        ]
    ]
}