{
    "rgb_colors": [
        [
            105.39473684210526,
            77.00657894736842,
            47.88815789473685
        ],
        [
            155.03174603174602,
            139.9206349206349,
            125.87301587301587
        ],
        [
            169.2280701754386,
            156.37719298245614,
            144.0
        ],
        [
            138.63793103448276,
            122.63793103448276,
            107.5
        ],
        [
            189.76582278481013,
            177.9240506329114,
            166.2278481012658
        ],
        [
            181.1844262295082,
            170.0122950819672,
            158.88524590163934
        ],
        [
            213.63636363636363,
            197.0909090909091,
            181.0909090909091
        ],
        [
            80.44642857142857,
            55.30357142857143,
            37.41071428571429
        ],
        [
            111.96153846153845,
            86.76923076923077,
            62.26923076923077
        ],
        [
            96.75,
            68.6,
            40.650000000000006
        ]
    ],
    "hex_colors": [
        "#694d2f",
        "#9b8b7d",
        "#a99c90",
        "#8a7a6b",
        "#bdb1a6",
        "#b5aa9e",
        "#d5c5b5",
        "#503725",
        "#6f563e",
        "#604428"
    ],
    "hsl_color_values": [
        [
            0.08439156465698051,
            0.5456304619225967,
            105.39473684210526
        ],
        [
            0.08029395753946648,
            0.18808231800962422,
            155.03174603174602
        ],
        [
            0.08176866017617057,
            0.14907733775658308,
            169.2280701754386
        ],
        [
            0.08102620893318568,
            0.22459893048128343,
            138.63793103448276
        ],
        [
            0.08281796181769296,
            0.12403695427408874,
            189.76582278481013
        ],
        [
            0.0831648594008454,
            0.1230744870953879,
            181.1844262295082
        ],
        [
            0.08193668528864062,
            0.15234042553191485,
            213.63636363636363
        ],
        [
            0.06929460580912862,
            0.5349611542730299,
            80.44642857142857
        ],
        [
            0.08217234262125907,
            0.443833734111989,
            111.96153846153845
        ],
        [
            0.08303624480095066,
            0.57984496124031,
            96.75
        ]
    ]
}