{
    "rgb_colors": [
        [
            130.2391304347826,
            90.09420289855072,
            37.76086956521739
        ],
        [
            105.30555555555556,
            65.27777777777777,
            11.805555555555557
        ],
        [
            95.57142857142857,
            55.28571428571429,
            3.571428571428573
        ],
        [
            139.6216216216216,
            99.37837837837839,
            47.67567567567568
        ],
        [
            117.12435233160622,
            77.0880829015544,
            23.93782383419689
        ],
        [
            134.2,
            93.93333333333334,
            42.22222222222222
        ],
        [
            125.61576354679804,
            85.55172413793103,
            32.724137931034484
        ],
        [
            112.11304347826086,
            72.08695652173913,
            18.8
        ],
        [
            149.25,
            109.25,
            56.25
        ],
        [
            121.52791878172589,
            81.46192893401015,
            28.477157360406093
        ]
    ],
    "hex_colors": [
        "#825a25",
        "#69410b",
        "#5f3703",
        "#8b632f",
        "#754d17",
        "#865d2a",
        "#7d5520",
        "#704812",
        "#956d38",
        "#79511c"
    ],
    "hsl_color_values": [
        [
            0.09431646032492295,
            0.7100650976464696,
            130.2391304347826
        ],
        [
            0.09531590413943354,
            0.8878923766816144,
            105.30555555555556
        ],
        [
            0.09368530020703936,
            0.9626307922272048,
            95.57142857142857
        ],
        [
            0.09371938075641782,
            0.6585365853658536,
            139.6216216216216
        ],
        [
            0.0950606987304235,
            0.7956204379562044,
            117.12435233160622
        ],
        [
            0.09370218249174521,
            0.685378373902964,
            134.2
        ],
        [
            0.09478354633999753,
            0.7394901960784315,
            125.61576354679804
        ],
        [
            0.09517596993135154,
            0.832312107345071,
            112.11304347826086
        ],
        [
            0.09498207885304659,
            0.6231155778894473,
            149.25
        ],
        [
            0.094902987652974,
            0.7656739484566225,
            121.52791878172589
        ]
    ]
}