{
    "rgb_colors": [
        [
            47.333333333333336,
            13.583333333333336,
            3.2333333333333343
        ],
        [
            156.7443181818182,
            87.9715909090909,
            37.0625
        ],
        [
            101.30434782608695,
            69.1413043478261,
            39.76086956521739
        ],
        [
            138.86206896551724,
            76.89655172413794,
            31.413793103448278
        ],
        [
            72.89411764705883,
            43.358823529411765,
            16.741176470588236
        ],
        [
            22.15686274509804,
            1.470588235294116,
            1.2156862745098032
        ],
        [
            176.5625,
            114.40625,
            69.71875
        ],
        [
            140.44736842105263,
            96.07894736842104,
            64.21052631578948
        ],
        [
            166.13385826771653,
            97.92125984251967,
            48.04724409448819
        ],
        [
            88.7396449704142,
            57.03550295857988,
            27.035502958579883
        ]
    ],
    "hex_colors": [
        "#2f0d03",
        "#9c5725",
        "#654527",
        "#8a4c1f",
        "#482b10",
        "#160101",
        "#b07245",
        "#8c6040",
        "#a66130",
        "#58391b"
    ],
    "hsl_color_values": [
        [
            0.03911564625850341,
            0.9316901408450704,
            47.333333333333336
        ],
        [
            0.07089505000632991,
            0.7635480479936202,
            156.7443181818182
        ],
        [
            0.07956552454962913,
            0.6075107296137339,
            101.30434782608695
        ],
        [
            0.07054985023534445,
            0.7737770052148001,
            138.86206896551724
        ],
        [
            0.07900342202667782,
            0.7703357004519045,
            72.89411764705883
        ],
        [
            0.0020287141073657886,
            0.9451327433628319,
            22.15686274509804
        ],
        [
            0.06970849176172371,
            0.6051327433628318,
            176.5625
        ],
        [
            0.06966977332873085,
            0.5428143151583286,
            140.44736842105263
        ],
        [
            0.07039185614900756,
            0.7107919806625906,
            166.13385826771653
        ],
        [
            0.08103183736095128,
            0.6953390678135627,
            88.7396449704142
        ]
    ]
}