{
    "rgb_colors": [
        [
            205.13333333333333,
            195.22222222222223,
            176.24444444444444
        ],
        [
            188.96296296296296,
            179.03703703703704,
            160.03703703703704
        ],
        [
            232.98765432098764,
            224.65843621399176,
            205.75720164609052
        ],
        [
            197.75925925925927,
            187.87037037037038,
            168.96296296296296
        ],
        [
            215.71428571428572,
            205.71428571428572,
            186.8857142857143
        ],
        [
            225.5463917525773,
            216.57731958762886,
            197.84536082474227
        ],
        [
            237.75,
            229.42391304347825,
            210.47826086956522
        ],
        [
            235.6578947368421,
            227.37719298245614,
            208.44736842105263
        ],
        [
            242.08695652173913,
            233.5072463768116,
            214.63768115942028
        ],
        [
            229.7983870967742,
            221.48387096774192,
            202.58064516129033
        ]
    ],
    "hex_colors": [
        "#cdc3b0",
        "#bcb3a0",
        "#e8e0cd",
        "#c5bba8",
        "#d7cdba",
        "#e1d8c5",
        "#ede5d2",
        "#ebe3d0",
        "#f2e9d6",
        "#e5ddca"
    ],
    "hsl_color_values": [
        [
            0.10948717948717956,
            0.14082981258801863,
            205.13333333333333
        ],
        [
            0.10947503201024329,
            0.15307722461779694,
            188.96296296296296
        ],
        [
            0.1156868671603446,
            0.11687508831425747,
            232.98765432098764
        ],
        [
            0.10943193997856382,
            0.1456128851016013,
            197.75925925925927
        ],
        [
            0.10885365047902212,
            0.13364238410596024,
            215.71428571428572
        ],
        [
            0.11270313856841585,
            0.1228174421793582,
            225.5463917525773
        ],
        [
            0.11578318055001986,
            0.11470763041192338,
            237.75
        ],
        [
            0.11594670105308398,
            0.11546621998883308,
            235.6578947368421
        ],
        [
            0.1145723336853221,
            0.11338601532567051,
            242.08695652173913
        ],
        [
            0.11575308641975292,
            0.11844183190033339,
            229.7983870967742
        ]
    ]
}