{
    "rgb_colors": [
        [
            48.30769230769229,
            47.19999999999999,
            64.29230769230769
        ],
        [
            253.1361386138614,
            252.18564356435644,
            243.95544554455444
        ],
        [
            146.1304347826087,
            139.34782608695653,
            133.73913043478262
        ],
        [
            232.61983471074382,
            225.77685950413223,
            214.1487603305785
        ],
        [
            188.58163265306123,
            179.5,
            168.29591836734693
        ],
        [
            9.953125,
            10.390625,
            36.8125
        ],
        [
            211.72072072072072,
            202.99099099099098,
            191.23423423423424
        ],
        [
            7.14705882352942,
            1.7058823529411882,
            4.205882352941188
        ],
        [
            99.44642857142857,
            93.25,
            89.76785714285715
        ],
        [
            96.57142857142857,
            107.35714285714286,
            163.85714285714286
        ]
    ],
    "hex_colors": [
        "#302f40",
        "#fdfcf3",
        "#928b85",
        "#e8e1d6",
        "#bcb3a8",
        "#090a24",
        "#d3cabf",
        "#070104",
        "#635d59",
        "#606ba3"
    ],
    "hsl_color_values": [
        [
            0.6774677467746774,
            0.2658530748983012,
            64.29230769230769
        ],
        [
            0.14941134178125284,
            0.03626780877506928,
            253.1361386138614
        ],
        [
            0.07543859649122812,
            0.08479619160963985,
            146.1304347826087
        ],
        [
            0.10492170022371357,
            0.07940455465946644,
            232.61983471074382
        ],
        [
            0.09205231388329978,
            0.10756993669173756,
            188.58163265306123
        ],
        [
            0.6639519100252085,
            0.7296264855687606,
            36.8125
        ],
        [
            0.09564643799472287,
            0.09676183992170545,
            211.72072072072072
        ],
        [
            0.9234234234234233,
            0.7613168724279822,
            7.14705882352942
        ],
        [
            0.05996309963099622,
            0.09732447477105392,
            99.44642857142857
        ],
        [
            0.6399504600141542,
            0.41063644289450746,
            163.85714285714286
        ]
    ]
}