{
    "rgb_colors": [
        [
            29.066666666666666,
            22.866666666666667,
            17.8
        ],
        [
            7.10526315789474,
            2.1578947368421098,
            0.7017543859649109
        ],
        [
            73.41258741258741,
            61.86013986013986,
            50.48251748251748
        ],
        [
            53.164556962025316,
            44.924050632911396,
            38.29113924050633
        ],
        [
            80.925,
            69.125,
            57.825
        ],
        [
            60.17460317460318,
            49.36507936507937,
            38.37301587301587
        ],
        [
            68.62745098039215,
            57.19607843137255,
            46.22549019607843
        ],
        [
            46.175,
            39.6625,
            34.85
        ],
        [
            39.471428571428575,
            33.4,
            27.685714285714287
        ],
        [
            64.14761904761905,
            52.98571428571429,
            41.92857142857143
        ]
    ],
    "hex_colors": [
        "#1d1611",
        "#070200",
        "#493d32",
        "#352c26",
        "#504539",
        "#3c3126",
        "#44392e",
        "#2e2722",
        "#27211b",
        "#403429"
    ],
    "hsl_color_values": [
        [
            0.07495069033530571,
            0.3876146788990825,
            29.066666666666666
        ],
        [
            0.03789954337899556,
            0.9012345679012348,
            7.10526315789474
        ],
        [
            0.08269797702551591,
            0.31234520861116405,
            73.41258741258741
        ],
        [
            0.0743262411347518,
            0.2797619047619047,
            53.164556962025316
        ],
        [
            0.08152958152958152,
            0.2854494902687673,
            80.925
        ],
        [
            0.08403106419123892,
            0.36230546030071226,
            60.17460317460318
        ],
        [
            0.08161925601750547,
            0.3264285714285714,
            68.62745098039215
        ],
        [
            0.07082413539367184,
            0.24526258798050884,
            46.175
        ],
        [
            0.08080808080808076,
            0.2985884907709012,
            39.471428571428575
        ],
        [
            0.08294042006000858,
            0.34637369163388015,
            64.14761904761905
        ]
    ]
}