{
    "rgb_colors": [
        [
            224.8181818181818,
            218.8181818181818,
            201.8181818181818
        ],
        [
            235.0,
            229.0,
            212.0
        ],
        [
            234.0,
            228.0,
            211.0
        ],
        [
            227.552,
            221.552,
            204.552
        ],
        [
            231.0,
            225.0,
            208.0
        ],
        [
            232.44,
            226.44,
            209.44
        ],
        [
            229.0,
            223.0,
            206.0
        ],
        [
            236.39837398373984,
            230.39837398373984,
            213.39837398373984
        ],
        [
            230.0,
            224.0,
            207.0
        ],
        [
            238.72151898734177,
            232.72151898734177,
            215.72151898734177
        ]
    ],
    "hex_colors": [
        "#e0dac9",
        "#ebe5d4",
        "#eae4d3",
        "#e3ddcc",
        "#e7e1d0",
        "#e8e2d1",
        "#e5dfce",
        "#ece6d5",
        "#e6e0cf",
        "#eee8d7"
    ],
    "hsl_color_values": [
        [
            0.12318840579710144,
            0.10230489284270118,
            224.8181818181818
        ],
        [
            0.12318840579710144,
            0.09787234042553192,
            235.0
        ],
        [
            0.12318840579710144,
            0.09829059829059829,
            234.0
        ],
        [
            0.12318840579710144,
            0.10107579805934468,
            227.552
        ],
        [
            0.12318840579710144,
            0.09956709956709957,
            231.0
        ],
        [
            0.12318840579710144,
            0.09895026673550164,
            232.44
        ],
        [
            0.12318840579710144,
            0.10043668122270742,
            229.0
        ],
        [
            0.12318840579710144,
            0.09729339340372115,
            236.39837398373984
        ],
        [
            0.12318840579710144,
            0.1,
            230.0
        ],
        [
            0.12318840579710144,
            0.0963465719285222,
            238.72151898734177
        ]
    ]
}