{
    "rgb_colors": [
        [
            89.16666666666667,
            50.574074074074076,
            7.592592592592595
        ],
        [
            51.5,
            12.541666666666671,
            0.04166666666666785
        ],
        [
            68.12903225806451,
            29.67741935483871,
            1.096774193548388
        ],
        [
            113.3546511627907,
            74.75581395348837,
            29.093023255813954
        ],
        [
            97.05940594059406,
            58.633663366336634,
            14.217821782178218
        ],
        [
            108.48993288590604,
            70.00671140939598,
            24.093959731543624
        ],
        [
            118.8,
            80.49444444444444,
            34.81666666666667
        ],
        [
            126.89655172413794,
            88.87586206896552,
            43.15172413793103
        ],
        [
            136.87272727272727,
            98.5090909090909,
            54.127272727272725
        ],
        [
            103.42477876106194,
            64.54867256637168,
            19.743362831858406
        ]
    ],
    "hex_colors": [
        "#593207",
        "#330c00",
        "#441d01",
        "#714a1d",
        "#613a0e",
        "#6c4618",
        "#765022",
        "#7e582b",
        "#886236",
        "#674013"
    ],
    "hsl_color_values": [
        [
            0.08781687476352629,
            0.9148494288681205,
            89.16666666666667
        ],
        [
            0.040485829959514184,
            0.9991909385113268,
            51.5
        ],
        [
            0.07106191851138917,
            0.9839015151515151,
            68.12903225806451
        ],
        [
            0.0903194645691023,
            0.743345130020003,
            113.3546511627907
        ],
        [
            0.08935898968168599,
            0.8535142303376517,
            97.05940594059406
        ],
        [
            0.09066931742876078,
            0.7779152489947417,
            108.48993288590604
        ],
        [
            0.09064849727679652,
            0.7069304152637486,
            118.8
        ],
        [
            0.0909989294243597,
            0.659945652173913,
            126.89655172413794
        ],
        [
            0.08939427232110157,
            0.6045430393198725,
            136.87272727272727
        ],
        [
            0.0892378736604625,
            0.809104132797125,
            103.42477876106194
        ]
    ]
}