{
    "rgb_colors": [
        [
            244.35849056603774,
            238.35849056603774,
            223.35849056603774
        ],
        [
            246.34,
            240.34,
            225.34
        ],
        [
            235.59154929577466,
            229.59154929577466,
            214.59154929577466
        ],
        [
            233.31746031746033,
            227.31746031746033,
            212.31746031746033
        ],
        [
            237.0,
            231.0,
            216.0
        ],
        [
            248.9375,
            242.9375,
            227.9375
        ],
        [
            242.0,
            236.0,
            221.0
        ],
        [
            238.55191256830602,
            232.55191256830602,
            217.55191256830602
        ],
        [
            240.57142857142858,
            234.57142857142858,
            219.57142857142858
        ],
        [
            243.0,
            237.0,
            222.0
        ]
    ],
    "hex_colors": [
        "#f4eedf",
        "#f6f0e1",
        "#ebe5d6",
        "#e9e3d4",
        "#ede7d8",
        "#f8f2e3",
        "#f2ecdd",
        "#eee8d9",
        "#f0eadb",
        "#f3edde"
    ],
    "hsl_color_values": [
        [
            0.11904761904761905,
            0.08593930970581422,
            244.35849056603774
        ],
        [
            0.11904761904761905,
            0.08524803117642282,
            246.34
        ],
        [
            0.11904761904761905,
            0.08913732289113409,
            235.59154929577466
        ],
        [
            0.11904761904761905,
            0.09000612286550105,
            233.31746031746033
        ],
        [
            0.11904761904761905,
            0.08860759493670886,
            237.0
        ],
        [
            0.11904761904761905,
            0.0843585237258348,
            248.9375
        ],
        [
            0.11904761904761905,
            0.08677685950413223,
            242.0
        ],
        [
            0.11904761904761905,
            0.08803115336158515,
            238.55191256830602
        ],
        [
            0.11904761904761905,
            0.08729216152019002,
            240.57142857142858
        ],
        [
            0.11904761904761905,
            0.08641975308641975,
            243.0
        ]
    ]
}