{
    "rgb_colors": [
        [
            116.85526315789474,
            157.32894736842104,
            206.11842105263156
        ],
        [
            196.96666666666667,
            226.3777777777778,
            246.96666666666667
        ],
        [
            10.857894736842113,
            5.768421052631595,
            3.242105263157896
        ],
        [
            160.58823529411765,
            188.21176470588236,
            217.0705882352941
        ],
        [
            93.80555555555556,
            134.33333333333334,
            182.69444444444446
        ],
        [
            113.55844155844156,
            119.16883116883116,
            121.35064935064935
        ],
        [
            159.33684210526314,
            161.8421052631579,
            162.93684210526317
        ],
        [
            217.34920634920633,
            207.74603174603175,
            195.14285714285714
        ],
        [
            238.555,
            252.815,
            253.98000000000002
        ],
        [
            69.575,
            62.05,
            47.474999999999994
        ]
    ],
    "hex_colors": [
        "#749dce",
        "#c4e2f6",
        "#0a0503",
        "#a0bcd9",
        "#5d86b6",
        "#717779",
        "#9fa1a2",
        "#d9cfc3",
        "#eefcfd",
        "#453e2f"
    ],
    "hsl_color_values": [
        [
            0.5910966981132075,
            0.4330673475901691,
            206.11842105263156
        ],
        [
            0.5686296296296295,
            0.2024564718585504,
            246.96666666666667
        ],
        [
            0.05528680027643429,
            0.7014057198254969,
            10.857894736842113
        ],
        [
            0.5851558703047975,
            0.26020269904070237,
            217.0705882352941
        ],
        [
            0.5906770833333334,
            0.4865440170290406,
            182.69444444444446
        ],
        [
            0.5466666666666669,
            0.06421232876712327,
            121.35064935064935
        ],
        [
            0.5506822612085772,
            0.022094450545901038,
            162.93684210526317
        ],
        [
            0.09459137479151787,
            0.10216899145548813,
            217.34920634920633
        ],
        [
            0.5125877903835767,
            0.060733128592802624,
            253.98000000000002
        ],
        [
            0.10991704374057314,
            0.3176428314768237,
            69.575
        ]
    ]
}