{
    "rgb_colors": [
        [
            202.05050505050505,
            188.96969696969697,
            166.010101010101
        ],
        [
            193.08695652173913,
            180.08695652173913,
            157.08695652173913
        ],
        [
            201.0,
            188.0,
            165.0
        ],
        [
            199.02020202020202,
            185.96969696969697,
            163.02020202020202
        ],
        [
            197.66071428571428,
            184.63690476190476,
            161.64880952380952
        ],
        [
            205.8137931034483,
            192.77241379310345,
            169.79310344827587
        ],
        [
            200.0,
            187.0,
            164.0
        ],
        [
            195.4625,
            182.45,
            159.4875
        ],
        [
            203.52205882352942,
            190.4485294117647,
            167.48529411764707
        ],
        [
            209.31578947368422,
            195.94736842105263,
            173.0
        ]
    ],
    "hex_colors": [
        "#cabca6",
        "#c1b49d",
        "#c9bca5",
        "#c7b9a3",
        "#c5b8a1",
        "#cdc0a9",
        "#c8bba4",
        "#c3b69f",
        "#cbbea7",
        "#d1c3ad"
    ],
    "hsl_color_values": [
        [
            0.10617526158445441,
            0.178373244013398,
            202.05050505050505
        ],
        [
            0.10648148148148147,
            0.1864444944832245,
            193.08695652173913
        ],
        [
            0.10648148148148147,
            0.1791044776119403,
            201.0
        ],
        [
            0.10624766180321736,
            0.1808861594681013,
            199.02020202020202
        ],
        [
            0.10639118457300278,
            0.18219050200258982,
            197.66071428571428
        ],
        [
            0.10632458995468756,
            0.1750159166303656,
            205.8137931034483
        ],
        [
            0.10648148148148147,
            0.18,
            200.0
        ],
        [
            0.10638174658327533,
            0.18405064910149002,
            195.4625
        ],
        [
            0.10620281575188728,
            0.17706564543516742,
            203.52205882352942
        ],
        [
            0.10531400966183573,
            0.17349761126477248,
            209.31578947368422
        ]
    ]
}