{
    "rgb_colors": [
        [
            205.59259259259258,
            191.59259259259258,
            173.59259259259258
        ],
        [
            229.66666666666666,
            215.66666666666666,
            197.66666666666666
        ],
        [
            214.49101796407186,
            200.49101796407186,
            182.49101796407186
        ],
        [
            216.46511627906978,
            202.46511627906978,
            184.46511627906978
        ],
        [
            225.1707317073171,
            211.1707317073171,
            193.1707317073171
        ],
        [
            210.57692307692307,
            196.57692307692307,
            178.57692307692307
        ],
        [
            208.54807692307693,
            194.54807692307693,
            176.54807692307693
        ],
        [
            212.45751633986927,
            198.45751633986927,
            180.45751633986927
        ],
        [
            221.85915492957747,
            207.85915492957747,
            189.85915492957747
        ],
        [
            218.92957746478874,
            204.92957746478874,
            186.92957746478874
        ]
    ],
    "hex_colors": [
        "#cdbfad",
        "#e5d7c5",
        "#d6c8b6",
        "#d8cab8",
        "#e1d3c1",
        "#d2c4b2",
        "#d0c2b0",
        "#d4c6b4",
        "#ddcfbd",
        "#daccba"
    ],
    "hsl_color_values": [
        [
            0.09375,
            0.15564763105746712,
            205.59259259259258
        ],
        [
            0.09375,
            0.13933236574746008,
            229.66666666666666
        ],
        [
            0.09375,
            0.14919039642657733,
            214.49101796407186
        ],
        [
            0.09375,
            0.14782982380747745,
            216.46511627906978
        ],
        [
            0.09375,
            0.14211438474870017,
            225.1707317073171
        ],
        [
            0.09375,
            0.15196347031963472,
            210.57692307692307
        ],
        [
            0.09375,
            0.15344183687583568,
            208.54807692307693
        ],
        [
            0.09375,
            0.1506183473820218,
            212.45751633986927
        ],
        [
            0.09375,
            0.1442356526155409,
            221.85915492957747
        ],
        [
            0.09375,
            0.14616572310859496,
            218.92957746478874
        ]
    ]
}