{
    "rgb_colors": [
        [
            141.72277227722773,
            108.02970297029702,
            64.97029702970298
        ],
        [
            83.14285714285714,
            48.48571428571429,
            5.871428571428574
        ],
        [
            172.03896103896105,
            136.71428571428572,
            91.35064935064935
        ],
        [
            37.483333333333334,
            13.366666666666674,
            0.6166666666666671
        ],
        [
            108.58273381294964,
            72.50359712230215,
            26.690647482014388
        ],
        [
            54.36619718309859,
            28.676056338028168,
            5.239436619718312
        ],
        [
            130.43478260869566,
            95.17391304347827,
            50.29565217391304
        ],
        [
            118.76388888888889,
            82.55555555555556,
            38.145833333333336
        ],
        [
            156.78378378378378,
            121.31531531531532,
            72.8918918918919
        ],
        [
            98.10294117647058,
            61.78676470588235,
            16.360294117647058
        ]
    ],
    "hex_colors": [
        "#8d6c40",
        "#533005",
        "#ac885b",
        "#250d00",
        "#6c481a",
        "#361c05",
        "#825f32",
        "#765226",
        "#9c7948",
        "#623d10"
    ],
    "hsl_color_values": [
        [
            0.09350275197798415,
            0.5415676959619953,
            141.72277227722773
        ],
        [
            0.09191471005114933,
            0.9293814432989691,
            83.14285714285714
        ],
        [
            0.09370137882933634,
            0.46901185174001664,
            172.03896103896105
        ],
        [
            0.057640144665461156,
            0.9835482436638506,
            37.483333333333334
        ],
        [
            0.0932384550060031,
            0.7541906844232426,
            108.58273381294964
        ],
        [
            0.07951070336391436,
            0.9036269430051813,
            54.36619718309859
        ],
        [
            0.09333405671296298,
            0.6144000000000001,
            130.43478260869566
        ],
        [
            0.09181095127343726,
            0.6788094959653841,
            118.76388888888889
        ],
        [
            0.0962020332187858,
            0.5350801585933459,
            156.78378378378378
        ],
        [
            0.09262091091721388,
            0.8332333982911108,
            98.10294117647058
        ]
    ]
}