{
    "rgb_colors": [
        [
            215.66666666666666,
            203.66666666666666,
            184.66666666666666
        ],
        [
            219.52027027027026,
            207.52027027027026,
            188.52027027027026
        ],
        [
            225.0,
            213.0,
            194.0
        ],
        [
            223.47916666666666,
            211.47916666666666,
            192.47916666666666
        ],
        [
            228.7340425531915,
            216.7340425531915,
            197.7340425531915
        ],
        [
            226.53719008264463,
            214.53719008264463,
            195.53719008264463
        ],
        [
            221.53571428571428,
            209.53571428571428,
            190.53571428571428
        ],
        [
            217.55752212389382,
            205.55752212389382,
            186.55752212389382
        ],
        [
            213.35714285714286,
            201.35714285714286,
            182.35714285714286
        ],
        [
            231.6086956521739,
            219.6086956521739,
            200.6086956521739
        ]
    ],
    "hex_colors": [
        "#d7cbb8",
        "#dbcfbc",
        "#e1d5c2",
        "#dfd3c0",
        "#e4d8c5",
        "#e2d6c3",
        "#ddd1be",
        "#d9cdba",
        "#d5c9b6",
        "#e7dbc8"
    ],
    "hsl_color_values": [
        [
            0.10215053763440861,
            0.1437403400309119,
            215.66666666666666
        ],
        [
            0.10215053763440861,
            0.14121702730154823,
            219.52027027027026
        ],
        [
            0.10215053763440861,
            0.13777777777777778,
            225.0
        ],
        [
            0.10215053763440861,
            0.13871539106926448,
            223.47916666666666
        ],
        [
            0.10215053763440861,
            0.13552858006604343,
            228.7340425531915
        ],
        [
            0.10215053763440861,
            0.13684287329904052,
            226.53719008264463
        ],
        [
            0.10215053763440861,
            0.1399322908270192,
            221.53571428571428
        ],
        [
            0.10215053763440861,
            0.14249105109013993,
            217.55752212389382
        ],
        [
            0.10215053763440861,
            0.1452962838968865,
            213.35714285714286
        ],
        [
            0.10215053763440861,
            0.13384644265064766,
            231.6086956521739
        ]
    ]
}