{
    "rgb_colors": [
        [
            247.8,
            241.2,
            228.0
        ],
        [
            236.359477124183,
            229.9281045751634,
            216.22222222222223
        ],
        [
            241.91304347826087,
            234.91304347826087,
            222.91304347826087
        ],
        [
            245.84444444444443,
            239.84444444444443,
            224.84444444444443
        ],
        [
            238.5,
            232.14285714285714,
            218.21428571428572
        ],
        [
            244.7608695652174,
            237.7608695652174,
            225.76086956521738
        ],
        [
            233.91390728476821,
            227.67549668874173,
            213.39072847682118
        ],
        [
            243.47540983606558,
            237.47540983606558,
            222.47540983606558
        ],
        [
            240.89944134078212,
            234.77653631284917,
            220.14525139664804
        ],
        [
            231.13,
            224.81,
            210.77
        ]
    ],
    "hex_colors": [
        "#f7f1e4",
        "#ece5d8",
        "#f1eade",
        "#f5efe0",
        "#eee8da",
        "#f4ede1",
        "#e9e3d5",
        "#f3edde",
        "#f0eadc",
        "#e7e0d2"
    ],
    "hsl_color_values": [
        [
            0.11111111111111094,
            0.07990314769975791,
            247.8
        ],
        [
            0.11343719571567666,
            0.08519757763459886,
            236.359477124183
        ],
        [
            0.10526315789473684,
            0.07854061826024443,
            241.91304347826087
        ],
        [
            0.11904761904761905,
            0.08541986802856369,
            245.84444444444443
        ],
        [
            0.1144366197183098,
            0.08505540581012276,
            238.5
        ],
        [
            0.10526315789473695,
            0.07762678745892186,
            244.7608695652174
        ],
        [
            0.11600516295579229,
            0.08773817275841574,
            233.91390728476821
        ],
        [
            0.11904761904761905,
            0.08625100996498788,
            243.47540983606558
        ],
        [
            0.11749663526244968,
            0.08615291853157396,
            240.89944134078212
        ],
        [
            0.11493123772102164,
            0.08808895426816071,
            231.13
        ]
    ]
}