{
    "rgb_colors": [
        [
            215.5084745762712,
            202.5084745762712,
            179.5084745762712
        ],
        [
            212.89506172839506,
            199.89506172839506,
            176.89506172839506
        ],
        [
            206.44303797468353,
            193.44303797468353,
            170.44303797468353
        ],
        [
            208.0,
            195.0,
            172.0
        ],
        [
            224.875,
            211.875,
            188.875
        ],
        [
            204.03773584905662,
            191.03773584905662,
            168.03773584905662
        ],
        [
            211.0,
            198.0,
            175.0
        ],
        [
            209.47333333333333,
            196.47333333333333,
            173.47333333333333
        ],
        [
            218.25,
            205.25,
            182.25
        ],
        [
            201.21428571428572,
            188.21428571428572,
            165.21428571428572
        ]
    ],
    "hex_colors": [
        "#d7cab3",
        "#d4c7b0",
        "#cec1aa",
        "#d0c3ac",
        "#e0d3bc",
        "#ccbfa8",
        "#d3c6af",
        "#d1c4ad",
        "#dacdb6",
        "#c9bca5"
    ],
    "hsl_color_values": [
        [
            0.10648148148148147,
            0.16704679512386944,
            215.5084745762712
        ],
        [
            0.10648148148148147,
            0.16909739337179971,
            212.89506172839506
        ],
        [
            0.10648148148148147,
            0.1743822429333497,
            206.44303797468353
        ],
        [
            0.10648148148148147,
            0.17307692307692307,
            208.0
        ],
        [
            0.10648148148148147,
            0.16008893829905502,
            224.875
        ],
        [
            0.10648148148148147,
            0.17643795080451266,
            204.03773584905662
        ],
        [
            0.10648148148148147,
            0.17061611374407584,
            211.0
        ],
        [
            0.10648148148148147,
            0.17185958435441265,
            209.47333333333333
        ],
        [
            0.10648148148148147,
            0.16494845360824742,
            218.25
        ],
        [
            0.10648148148148147,
            0.17891373801916932,
            201.21428571428572
        ]
    ]
}