{
    "rgb_colors": [
        [
            237.23529411764707,
            218.73529411764707,
            215.52941176470588
        ],
        [
            148.8,
            130.04166666666666,
            122.75
        ],
        [
            196.84810126582278,
            170.69620253164555,
            164.43037974683546
        ],
        [
            99.0,
            71.77173913043478,
            65.94565217391305
        ],
        [
            28.959999999999994,
            14.399999999999991,
            12.14
        ],
        [
            126.4,
            104.68235294117648,
            98.31764705882352
        ],
        [
            68.57943925233644,
            38.68224299065421,
            33.33644859813084
        ],
        [
            215.1818181818182,
            195.375,
            191.01136363636363
        ],
        [
            171.76,
            152.48000000000002,
            143.584
        ],
        [
            8.569672131147541,
            1.872950819672127,
            1.9385245901639365
        ]
    ],
    "hex_colors": [
        "#eddad7",
        "#94827a",
        "#c4aaa4",
        "#634741",
        "#1c0e0c",
        "#7e6862",
        "#442621",
        "#d7c3bf",
        "#ab988f",
        "#080101"
    ],
    "hsl_color_values": [
        [
            0.024616079494128345,
            0.09149516488966035,
            237.23529411764707
        ],
        [
            0.04665173811047124,
            0.17506720430107534,
            148.8
        ],
        [
            0.03221397891448641,
            0.16468394315478094,
            196.84810126582278
        ],
        [
            0.029376301655157273,
            0.3338823012736056,
            99.0
        ],
        [
            0.022393975426079977,
            0.5808011049723756,
            28.959999999999994
        ],
        [
            0.03777405390308621,
            0.2221705137751304,
            126.4
        ],
        [
            0.025280650578979953,
            0.5139002452984464,
            68.57943925233644
        ],
        [
            0.030089327691584438,
            0.11232572877059575,
            215.1818181818182
        ],
        [
            0.05262161650577335,
            0.16404285048905443,
            171.76
        ],
        [
            0.9983680130558954,
            0.7814442850310861,
            8.569672131147541
        ]
    ]
}