{
    "rgb_colors": [
        [
            239.0,
            233.0,
            218.0
        ],
        [
            242.390625,
            236.390625,
            221.390625
        ],
        [
            245.85714285714286,
            239.85714285714286,
            224.85714285714286
        ],
        [
            231.81967213114754,
            225.81967213114754,
            210.81967213114754
        ],
        [
            235.13661202185793,
            229.13661202185793,
            214.13661202185793
        ],
        [
            237.0,
            231.0,
            216.0
        ],
        [
            240.0,
            234.0,
            219.0
        ],
        [
            244.0,
            238.0,
            223.0
        ],
        [
            238.0,
            232.0,
            217.0
        ],
        [
            241.0,
            235.0,
            220.0
        ]
    ],
    "hex_colors": [
        "#efe9da",
        "#f2ecdd",
        "#f5efe0",
        "#e7e1d2",
        "#ebe5d6",
        "#ede7d8",
        "#f0eadb",
        "#f4eedf",
        "#eee8d9",
        "#f1ebdc"
    ],
    "hsl_color_values": [
        [
            0.11904761904761905,
            0.08786610878661087,
            239.0
        ],
        [
            0.11904761904761905,
            0.08663701411719203,
            242.390625
        ],
        [
            0.11904761904761905,
            0.08541545613015689,
            245.85714285714286
        ],
        [
            0.11904761904761905,
            0.09058765292412135,
            231.81967213114754
        ],
        [
            0.11904761904761905,
            0.08930978387171741,
            235.13661202185793
        ],
        [
            0.11904761904761905,
            0.08860759493670886,
            237.0
        ],
        [
            0.11904761904761905,
            0.0875,
            240.0
        ],
        [
            0.11904761904761905,
            0.0860655737704918,
            244.0
        ],
        [
            0.11904761904761905,
            0.08823529411764706,
            238.0
        ],
        [
            0.11904761904761905,
            0.08713692946058091,
            241.0
        ]
    ]
}