{
    "rgb_colors": [
        [
            161.66666666666666,
            153.66666666666666,
            144.66666666666666
        ],
        [
            182.85365853658536,
            173.1951219512195,
            163.41463414634146
        ],
        [
            198.0700636942675,
            190.35031847133757,
            180.28025477707007
        ],
        [
            186.2982456140351,
            177.6140350877193,
            168.33333333333334
        ],
        [
            200.65384615384616,
            193.14102564102564,
            183.3974358974359
        ],
        [
            193.5438596491228,
            185.8421052631579,
            175.85380116959064
        ],
        [
            189.08270676691728,
            181.30075187969925,
            171.57142857142858
        ],
        [
            175.71428571428572,
            165.89285714285714,
            156.78571428571428
        ],
        [
            195.38048780487804,
            188.0829268292683,
            178.30731707317074
        ],
        [
            191.47972972972974,
            183.77702702702703,
            173.81756756756758
        ]
    ],
    "hex_colors": [
        "#a19990",
        "#b6ada3",
        "#c6beb4",
        "#bab1a8",
        "#c8c1b7",
        "#c1b9af",
        "#bdb5ab",
        "#afa59c",
        "#c3bcb2",
        "#bfb7ad"
    ],
    "hsl_color_values": [
        [
            0.08823529411764706,
            0.10515463917525773,
            161.66666666666666
        ],
        [
            0.08385612714345463,
            0.10630919034280378,
            182.85365853658536
        ],
        [
            0.09434300035803793,
            0.08981573785252588,
            198.0700636942675
        ],
        [
            0.08610026041666648,
            0.09643092569921838,
            186.2982456140351
        ],
        [
            0.09410599306587404,
            0.08600089451153277,
            200.65384615384616
        ],
        [
            0.09410468319559233,
            0.09140077350737245,
            193.5438596491228
        ],
        [
            0.09260054386718192,
            0.09261173850803234,
            189.08270676691728
        ],
        [
            0.08018867924528299,
            0.10772357723577244,
            175.71428571428572
        ],
        [
            0.09542857142857153,
            0.08738421591391402,
            195.38048780487804
        ],
        [
            0.09398112726345313,
            0.09224037545432089,
            191.47972972972974
        ]
    ]
}