{
    "rgb_colors": [
        [
            155.92105263157896,
            146.31578947368422,
            131.5
        ],
        [
            175.44736842105263,
            166.3421052631579,
            151.76315789473685
        ],
        [
            101.0,
            86.0,
            66.0
        ],
        [
            147.95454545454544,
            127.9090909090909,
            109.0
        ],
        [
            185.33333333333334,
            175.40277777777777,
            160.625
        ],
        [
            165.84491978609626,
            158.19251336898395,
            143.71122994652407
        ],
        [
            169.26623376623377,
            161.93506493506493,
            147.33766233766235
        ],
        [
            159.34078212290504,
            151.0782122905028,
            136.7877094972067
        ],
        [
            162.3265306122449,
            154.76020408163265,
            140.2908163265306
        ],
        [
            197.59016393442624,
            186.75409836065575,
            170.95081967213116
        ]
    ],
    "hex_colors": [
        "#9b9283",
        "#afa697",
        "#655642",
        "#937f6d",
        "#b9afa0",
        "#a59e8f",
        "#a9a193",
        "#9f9788",
        "#a29a8c",
        "#c5baaa"
    ],
    "hsl_color_values": [
        [
            0.10111350574712645,
            0.15662447257383974,
            155.92105263157896
        ],
        [
            0.10259259259259255,
            0.13499325033748308,
            175.44736842105263
        ],
        [
            0.09523809523809523,
            0.3465346534653465,
            101.0
        ],
        [
            0.08090237261765852,
            0.2632872503840245,
            147.95454545454544
        ],
        [
            0.09968146899006924,
            0.13331834532374104,
            185.33333333333334
        ],
        [
            0.10904405250865745,
            0.13346016186760387,
            165.84491978609626
        ],
        [
            0.11094659954594799,
            0.12955077300801773,
            169.26623376623377
        ],
        [
            0.10560647345388485,
            0.141539863964659,
            159.34078212290504
        ],
        [
            0.10943891332870259,
            0.13574930852401318,
            162.3265306122449
        ],
        [
            0.09887179487179483,
            0.13482120633867087,
            197.59016393442624
        ]
    ]
}