{
    "rgb_colors": [
        [
            149.37142857142857,
            139.09142857142857,
            127.0
        ],
        [
            155.81714285714287,
            146.22857142857143,
            134.27428571428572
        ],
        [
            159.8294573643411,
            150.03875968992247,
            138.1782945736434
        ],
        [
            178.33333333333334,
            165.33333333333334,
            152.33333333333334
        ],
        [
            145.07246376811594,
            134.55072463768116,
            122.41304347826087
        ],
        [
            168.71428571428572,
            157.75,
            145.42857142857142
        ],
        [
            152.5177304964539,
            142.72340425531914,
            130.92198581560282
        ],
        [
            163.375,
            153.8,
            141.8125
        ],
        [
            136.32608695652175,
            125.32608695652173,
            113.02173913043478
        ],
        [
            140.97169811320754,
            130.12264150943398,
            117.94339622641509
        ]
    ],
    "hex_colors": [
        "#958b7f",
        "#9b9286",
        "#9f968a",
        "#b2a598",
        "#91867a",
        "#a89d91",
        "#988e82",
        "#a3998d",
        "#887d71",
        "#8c8275"
    ],
    "hsl_color_values": [
        [
            0.09008088548318431,
            0.14977046671767402,
            149.37142857142857
        ],
        [
            0.09248452696728549,
            0.1382572979316415,
            155.81714285714287
        ],
        [
            0.09129967776584309,
            0.1354641575322535,
            159.8294573643411
        ],
        [
            0.08333333333333333,
            0.14579439252336449,
            178.33333333333334
        ],
        [
            0.0892761965675301,
            0.15619380619380613,
            145.07246376811594
        ],
        [
            0.08819018404907976,
            0.1380186282811178,
            168.71428571428572
        ],
        [
            0.09107827038861516,
            0.1415949779121136,
            152.5177304964539
        ],
        [
            0.09265700483091795,
            0.13198163733741392,
            163.375
        ],
        [
            0.08799751243781088,
            0.1709456227077022,
            136.32608695652175
        ],
        [
            0.08814693431653708,
            0.16335407883289832,
            140.97169811320754
        ]
    ]
}