{
    "rgb_colors": [
        [
            233.98039215686273,
            224.98039215686273,
            209.01960784313727
        ],
        [
            234.99193548387098,
            225.99193548387098,
            210.00806451612902
        ],
        [
            232.98765432098764,
            223.98765432098764,
            208.01234567901236
        ],
        [
            229.07246376811594,
            220.07246376811594,
            204.1014492753623
        ],
        [
            237.9591836734694,
            228.9591836734694,
            213.08163265306123
        ],
        [
            239.4360902255639,
            230.4360902255639,
            214.4360902255639
        ],
        [
            235.97391304347826,
            226.97391304347826,
            211.02608695652174
        ],
        [
            231.6259541984733,
            222.6259541984733,
            206.65648854961833
        ],
        [
            236.94392523364485,
            227.94392523364485,
            212.05607476635515
        ],
        [
            241.59375,
            232.59375,
            216.65625
        ]
    ],
    "hex_colors": [
        "#e9e0d1",
        "#eae1d2",
        "#e8dfd0",
        "#e5dccc",
        "#ede4d5",
        "#efe6d6",
        "#ebe2d3",
        "#e7dece",
        "#ece3d4",
        "#f1e8d8"
    ],
    "hsl_color_values": [
        [
            0.10657240115213402,
            0.1066789575127796,
            233.98039215686273
        ],
        [
            0.10662793199913927,
            0.10631799306771,
            234.99193548387098
        ],
        [
            0.10660734882188165,
            0.1071958456973293,
            232.98765432098764
        ],
        [
            0.10659702070032888,
            0.10900923699860814,
            229.07246376811594
        ],
        [
            0.1063713426305715,
            0.10454545454545454,
            237.9591836734694
        ],
        [
            0.10666666666666667,
            0.10441199560370545,
            239.4360902255639
        ],
        [
            0.1065411874056001,
            0.10572281387036152,
            235.97391304347826
        ],
        [
            0.10659329460919191,
            0.10780081073064628,
            231.6259541984733
        ],
        [
            0.106396294905495,
            0.1050368792647812,
            236.94392523364485
        ],
        [
            0.10651629072681705,
            0.10322079937912301,
            241.59375
        ]
    ]
}