{
    "rgb_colors": [
        [
            74.84615384615384,
            77.44055944055944,
            20.81118881118881
        ],
        [
            93.36363636363636,
            96.72727272727272,
            42.27272727272727
        ],
        [
            34.75471698113208,
            36.0377358490566,
            0.6792452830188687
        ],
        [
            61.0763358778626,
            63.35114503816794,
            7.0458015267175576
        ],
        [
            45.49333333333333,
            47.38666666666667,
            1.4133333333333322
        ],
        [
            80.22972972972973,
            82.74324324324324,
            25.7027027027027
        ],
        [
            65.81142857142856,
            68.18285714285715,
            11.697142857142858
        ],
        [
            85.28260869565217,
            87.82608695652173,
            30.608695652173914
        ],
        [
            55.50387596899225,
            57.69767441860465,
            2.612403100775193
        ],
        [
            70.42245989304813,
            72.83422459893048,
            16.390374331550802
        ]
    ],
    "hex_colors": [
        "#4a4d14",
        "#5d602a",
        "#222400",
        "#3d3f07",
        "#2d2f01",
        "#505219",
        "#41440b",
        "#55571e",
        "#373902",
        "#464810"
    ],
    "hsl_color_values": [
        [
            0.17430229686342305,
            0.7312624164710132,
            77.44055944055944
        ],
        [
            0.1769616026711185,
            0.56296992481203,
            96.72727272727272
        ],
        [
            0.1727143365350409,
            0.9811518324607329,
            36.0377358490566
        ],
        [
            0.17340021691973972,
            0.8887817809374624,
            63.35114503816794
        ],
        [
            0.17353054911059554,
            0.9701744513224536,
            47.38666666666667
        ],
        [
            0.17401089789149493,
            0.6893679568838804,
            82.74324324324324
        ],
        [
            0.1736638003709324,
            0.8284445189406637,
            68.18285714285715
        ],
        [
            0.17407548125633232,
            0.6514851485148515,
            87.82608695652173
        ],
        [
            0.1733042499296369,
            0.9547225581082897,
            57.69767441860465
        ],
        [
            0.17378809411021634,
            0.7749632892804699,
            72.83422459893048
        ]
    ]
}