{
    "rgb_colors": [
        [
            115.29565217391304,
            76.6,
            27.208695652173915
        ],
        [
            67.32446808510639,
            36.03191489361702,
            4.638297872340425
        ],
        [
            88.70503597122303,
            55.84892086330935,
            16.201438848920862
        ],
        [
            103.1140350877193,
            66.16666666666667,
            18.228070175438596
        ],
        [
            76.8011049723757,
            45.35911602209945,
            11.171270718232044
        ],
        [
            36.57142857142858,
            5.142857142857146,
            0.0
        ],
        [
            122.21212121212122,
            85.98484848484848,
            41.66666666666667
        ],
        [
            103.15094339622641,
            70.66037735849056,
            33.283018867924525
        ],
        [
            56.46478873239437,
            25.471830985915492,
            0.626760563380282
        ],
        [
            135.33333333333331,
            103.75,
            66.25
        ]
    ],
    "hex_colors": [
        "#734c1b",
        "#432404",
        "#583710",
        "#674212",
        "#4c2d0b",
        "#240500",
        "#7a5529",
        "#674621",
        "#381900",
        "#876742"
    ],
    "hsl_color_values": [
        [
            0.09345179335307667,
            0.7640093521381702,
            115.29565217391304
        ],
        [
            0.08346768491019657,
            0.93110531721577,
            67.32446808510639
        ],
        [
            0.09113911490375075,
            0.8173560421735605,
            88.70503597122303
        ],
        [
            0.09412352313044677,
            0.823224159931944,
            103.1140350877193
        ],
        [
            0.08681987821646042,
            0.8545428386447017,
            76.8011049723757
        ],
        [
            0.023437500000000017,
            1.0,
            36.57142857142858
        ],
        [
            0.09170428893905191,
            0.6590627324572278,
            122.21212121212122
        ],
        [
            0.08916194076874606,
            0.677336747759283,
            103.15094339622641
        ],
        [
            0.07415815361331819,
            0.9888999750561237,
            56.46478873239437
        ],
        [
            0.09047044632086854,
            0.5104679802955664,
            135.33333333333331
        ]
    ]
}