{
    "rgb_colors": [
        [
            49.75,
            47.75,
            49.75
        ],
        [
            200.84848484848484,
            194.85081585081585,
            185.91841491841492
        ],
        [
            221.70731707317074,
            213.8292682926829,
            209.7560975609756
        ],
        [
            172.6153846153846,
            167.6153846153846,
            165.6153846153846
        ],
        [
            143.4,
            138.4,
            136.4
        ],
        [
            2.139130434782601,
            0.8173913043478365,
            1.252173913043464
        ],
        [
            242.1290322580645,
            237.1290322580645,
            235.1290322580645
        ],
        [
            205.92857142857144,
            199.6813186813187,
            191.62637362637363
        ],
        [
            23.55555555555557,
            21.55555555555557,
            23.55555555555557
        ],
        [
            196.18947368421053,
            190.20526315789473,
            181.34736842105264
        ]
    ],
    "hex_colors": [
        "#312f31",
        "#c8c2b9",
        "#ddd5d1",
        "#aca7a5",
        "#8f8a88",
        "#020001",
        "#f2edeb",
        "#cdc7bf",
        "#171517",
        "#c4beb5"
    ],
    "hsl_color_values": [
        [
            0.8333333333333334,
            0.04020100502512563,
            49.75
        ],
        [
            0.09971376528753577,
            0.07433498909057142,
            200.84848484848484
        ],
        [
            0.05680272108843517,
            0.05390539053905397,
            221.70731707317074
        ],
        [
            0.047619047619047616,
            0.04055258467023173,
            172.6153846153846
        ],
        [
            0.047619047619047616,
            0.048814504881450484,
            143.4
        ],
        [
            0.9451754385964936,
            0.6178861788617823,
            2.139130434782601
        ],
        [
            0.047619047619047616,
            0.028910205169197976,
            242.1290322580645
        ],
        [
            0.09386605199129201,
            0.06945222658021828,
            205.92857142857144
        ],
        [
            0.8333333333333334,
            0.08490566037735843,
            23.55555555555557
        ],
        [
            0.09946808510638294,
            0.07565189398004075,
            196.18947368421053
        ]
    ]
}