{
    "rgb_colors": [
        [
            99.03999999999999,
            66.48,
            35.32
        ],
        [
            160.3125,
            121.70833333333333,
            71.72916666666666
        ],
        [
            110.14893617021276,
            69.56382978723404,
            16.56382978723404
        ],
        [
            129.2421052631579,
            90.91052631578947,
            43.40526315789474
        ],
        [
            121.21390374331551,
            81.31550802139037,
            30.55614973262032
        ],
        [
            63.17391304347826,
            26.710144927536234,
            3.753623188405797
        ],
        [
            149.24242424242425,
            109.87878787878788,
            60.08080808080808
        ],
        [
            85.79310344827586,
            50.172413793103445,
            10.56896551724138
        ],
        [
            139.7672955974843,
            100.59119496855345,
            50.9685534591195
        ],
        [
            47.6421052631579,
            12.600000000000009,
            0.1368421052631561
        ]
    ],
    "hex_colors": [
        "#634223",
        "#a07947",
        "#6e4510",
        "#815a2b",
        "#79511e",
        "#3f1a03",
        "#956d3c",
        "#55320a",
        "#8b6432",
        "#2f0c00"
    ],
    "hsl_color_values": [
        [
            0.08150240636116345,
            0.6433764135702746,
            99.03999999999999
        ],
        [
            0.09403417999372843,
            0.5525666016894087,
            160.3125
        ],
        [
            0.09438823841461104,
            0.8496233339772069,
            110.14893617021276
        ],
        [
            0.09223945878553763,
            0.6641553999022642,
            129.2421052631579
        ],
        [
            0.09331681708252226,
            0.7479154718312966,
            121.21390374331551
        ],
        [
            0.06439024390243903,
            0.9405827024546914,
            63.17391304347826
        ],
        [
            0.09308560854952606,
            0.5974280879864636,
            149.24242424242425
        ],
        [
            0.08774543509817405,
            0.8768086816720257,
            85.79310344827586
        ],
        [
            0.0931369077130108,
            0.6353327633532826,
            139.7672955974843
        ],
        [
            0.04372553364354829,
            0.9971277065841804,
            47.6421052631579
        ]
    ]
}