{
    "rgb_colors": [
        [
            68.11851851851851,
            57.1037037037037,
            39.91851851851852
        ],
        [
            70.7516339869281,
            60.751633986928105,
            43.745098039215684
        ],
        [
            74.74096385542168,
            63.60843373493976,
            46.01204819277108
        ],
        [
            72.65,
            59.87,
            42.43
        ],
        [
            77.37121212121212,
            66.36363636363636,
            48.60606060606061
        ],
        [
            64.95238095238095,
            54.36904761904762,
            36.95238095238095
        ],
        [
            59.65384615384615,
            49.30769230769231,
            31.73076923076923
        ],
        [
            80.48507462686567,
            68.94029850746269,
            50.8955223880597
        ],
        [
            83.8,
            72.2,
            53.78666666666667
        ],
        [
            87.05263157894737,
            75.63157894736842,
            58.05263157894737
        ]
    ],
    "hex_colors": [
        "#443927",
        "#463c2b",
        "#4a3f2e",
        "#483b2a",
        "#4d4230",
        "#403624",
        "#3b311f",
        "#504432",
        "#534835",
        "#574b3a"
    ],
    "hsl_color_values": [
        [
            0.10156728832851765,
            0.4139843410178338,
            68.11851851851851
        ],
        [
            0.10495321071313331,
            0.3817090069284064,
            70.7516339869281
        ],
        [
            0.1020828964842385,
            0.38437978560490044,
            74.74096385542168
        ],
        [
            0.0961835429075667,
            0.4159669649002065,
            72.65
        ],
        [
            0.10288824510578524,
            0.37178106335063155,
            77.37121212121212
        ],
        [
            0.10367063492063495,
            0.4310850439882698,
            64.95238095238095
        ],
        [
            0.1049127640036731,
            0.46808510638297873,
            59.65384615384615
        ],
        [
            0.10163934426229508,
            0.36764024107556786,
            80.48507462686567
        ],
        [
            0.10225085147341924,
            0.35815433571996813,
            83.8
        ],
        [
            0.10102843315184513,
            0.33313180169286577,
            87.05263157894737
        ]
    ]
}