{
    "rgb_colors": [
        [
            205.0,
            191.0,
            171.0
        ],
        [
            214.98159509202455,
            200.98159509202455,
            180.98159509202455
        ],
        [
            218.2207792207792,
            204.2207792207792,
            184.2207792207792
        ],
        [
            203.06060606060606,
            189.06060606060606,
            169.06060606060606
        ],
        [
            212.46666666666667,
            198.46666666666667,
            178.46666666666667
        ],
        [
            206.496,
            192.496,
            172.496
        ],
        [
            209.0,
            195.0,
            175.0
        ],
        [
            210.46341463414635,
            196.46341463414635,
            176.46341463414635
        ],
        [
            200.2941176470588,
            186.2941176470588,
            166.2941176470588
        ],
        [
            208.0,
            194.0,
            174.0
        ]
    ],
    "hex_colors": [
        "#cdbfab",
        "#d6c8b4",
        "#daccb8",
        "#cbbda9",
        "#d4c6b2",
        "#cec0ac",
        "#d1c3af",
        "#d2c4b0",
        "#c8baa6",
        "#d0c2ae"
    ],
    "hsl_color_values": [
        [
            0.09803921568627451,
            0.16585365853658537,
            205.0
        ],
        [
            0.09803921568627451,
            0.1581530734547115,
            214.98159509202455
        ],
        [
            0.09803921568627451,
            0.15580551092066894,
            218.2207792207792
        ],
        [
            0.09803921568627451,
            0.16743769586628862,
            203.06060606060606
        ],
        [
            0.09803921568627451,
            0.16002510197678066,
            212.46666666666667
        ],
        [
            0.09803921568627451,
            0.1646520997985433,
            206.496
        ],
        [
            0.09803921568627451,
            0.16267942583732056,
            209.0
        ],
        [
            0.09803921568627451,
            0.16154826747015877,
            210.46341463414635
        ],
        [
            0.09803921568627451,
            0.16975036710719532,
            200.2941176470588
        ],
        [
            0.09803921568627451,
            0.16346153846153846,
            208.0
        ]
    ]
}