{
    "rgb_colors": [
        [
            198.08928571428572,
            189.38839285714286,
            176.92410714285714
        ],
        [
            229.02777777777777,
            217.47222222222223,
            197.54166666666666
        ],
        [
            156.82222222222222,
            144.0222222222222,
            129.26666666666665
        ],
        [
            50.9655172413793,
            38.413793103448285,
            25.82758620689654
        ],
        [
            73.21052631578948,
            59.684210526315795,
            44.789473684210535
        ],
        [
            183.28155339805826,
            174.54368932038835,
            161.8640776699029
        ],
        [
            174.09375,
            164.90625,
            154.34375
        ],
        [
            210.01829268292684,
            200.640243902439,
            186.2560975609756
        ],
        [
            110.6470588235294,
            99.0,
            88.55882352941177
        ],
        [
            189.80565371024736,
            181.26501766784452,
            169.34982332155477
        ]
    ],
    "hex_colors": [
        "#c6bdb0",
        "#e5d9c5",
        "#9c9081",
        "#322619",
        "#493b2c",
        "#b7aea1",
        "#aea49a",
        "#d2c8ba",
        "#6e6358",
        "#bdb5a9"
    ],
    "hsl_color_values": [
        [
            0.0981508823736202,
            0.10684666005589116,
            198.08928571428572
        ],
        [
            0.10549919129539781,
            0.13747725894481505,
            229.02777777777777
        ],
        [
            0.08924731182795698,
            0.17571205894856182,
            156.82222222222222
        ],
        [
            0.08344764517604035,
            0.49323410013531815,
            50.9655172413793
        ],
        [
            0.08734567901234568,
            0.38820992092020123,
            73.21052631578948
        ],
        [
            0.09867029313992141,
            0.11685559911007529,
            183.28155339805826
        ],
        [
            0.08913502109704641,
            0.1134446239454317,
            174.09375
        ],
        [
            0.10088957317594717,
            0.11314345440292665,
            210.01829268292684
        ],
        [
            0.07878384376387039,
            0.1996278575225943,
            110.6470588235294
        ],
        [
            0.09708067023665568,
            0.10777250302522579,
            189.80565371024736
        ]
    ]
}