{
    "rgb_colors": [
        [
            75.49068322981367,
            70.527950310559,
            65.54037267080746
        ],
        [
            71.20338983050847,
            66.20338983050847,
            61.20338983050848
        ],
        [
            83.33333333333333,
            81.33333333333333,
            77.33333333333333
        ],
        [
            79.73053892215569,
            74.89221556886227,
            69.94610778443113
        ],
        [
            81.86170212765957,
            77.5,
            72.7127659574468
        ],
        [
            77.40361445783132,
            72.53012048192771,
            67.57228915662651
        ],
        [
            67.51063829787233,
            62.51063829787234,
            57.51063829787234
        ],
        [
            85.05813953488372,
            80.05813953488372,
            75.05813953488372
        ],
        [
            88.575,
            84.1,
            79.275
        ],
        [
            73.54330708661418,
            68.56692913385827,
            63.574803149606296
        ]
    ],
    "hex_colors": [
        "#4b4641",
        "#47423d",
        "#53514d",
        "#4f4a45",
        "#514d48",
        "#4d4843",
        "#433e39",
        "#55504b",
        "#58544f",
        "#49443f"
    ],
    "hsl_color_values": [
        [
            0.08354140657511437,
            0.1318084581207833,
            75.49068322981367
        ],
        [
            0.08333333333333327,
            0.1404427517257795,
            71.20338983050847
        ],
        [
            0.11111111111111112,
            0.07200000000000001,
            83.33333333333333
        ],
        [
            0.084251325989392,
            0.12271873826511456,
            79.73053892215569
        ],
        [
            0.08720930232558148,
            0.11176088369070823,
            81.86170212765957
        ],
        [
            0.08404820261437905,
            0.12701377539108094,
            77.40361445783132
        ],
        [
            0.08333333333333338,
            0.1481248030255278,
            67.51063829787233
        ],
        [
            0.08333333333333333,
            0.11756664388243336,
            85.05813953488372
        ],
        [
            0.08646953405017903,
            0.10499576629974594,
            88.575
        ],
        [
            0.08346498156924693,
            0.1355460385438973,
            73.54330708661418
        ]
    ]
}