{
    "rgb_colors": [
        [
            57.60112359550562,
            55.60112359550562,
            51.07303370786517
        ],
        [
            54.475,
            52.475,
            48.391666666666666
        ],
        [
            50.626865671641795,
            48.626865671641795,
            44.626865671641795
        ],
        [
            63.74683544303797,
            61.74683544303797,
            56.10126582278481
        ],
        [
            61.73863636363637,
            59.73863636363637,
            54.64772727272727
        ],
        [
            44.66666666666667,
            42.66666666666667,
            38.66666666666667
        ],
        [
            59.857142857142854,
            57.857142857142854,
            52.470588235294116
        ],
        [
            48.4375,
            46.4375,
            42.4375
        ],
        [
            52.52427184466019,
            50.52427184466019,
            46.48543689320388
        ],
        [
            56.27433628318584,
            54.27433628318584,
            49.424778761061944
        ]
    ],
    "hex_colors": [
        "#393733",
        "#363430",
        "#32302c",
        "#3f3d38",
        "#3d3b36",
        "#2c2a26",
        "#3b3934",
        "#302e2a",
        "#34322e",
        "#383631"
    ],
    "hsl_color_values": [
        [
            0.11560527825588067,
            0.11333268311713642,
            57.60112359550562
        ],
        [
            0.11187214611872148,
            0.1116720208046505,
            54.475
        ],
        [
            0.11111111111111112,
            0.11851415094339622,
            50.626865671641795
        ],
        [
            0.12306843267108165,
            0.11993645750595708,
            63.74683544303797
        ],
        [
            0.11965811965811968,
            0.11485367200441748,
            61.73863636363637
        ],
        [
            0.11111111111111112,
            0.13432835820895522,
            44.66666666666667
        ],
        [
            0.12153962836556692,
            0.12340306050821281,
            59.857142857142854
        ],
        [
            0.11111111111111112,
            0.12387096774193548,
            48.4375
        ],
        [
            0.11146838156484458,
            0.11497227356746763,
            52.52427184466019
        ],
        [
            0.11800172265288544,
            0.1217172511401164,
            56.27433628318584
        ]
    ]
}