{
    "rgb_colors": [
        [
            139.82051282051282,
            129.05128205128204,
            111.48717948717947
        ],
        [
            56.794117647058826,
            45.93137254901961,
            32.11764705882353
        ],
        [
            18.75,
            9.625,
            0.71875
        ],
        [
            118.14166666666667,
            108.79166666666666,
            95.74166666666667
        ],
        [
            66.33714285714285,
            55.99428571428571,
            42.32
        ],
        [
            39.208333333333336,
            29.395833333333336,
            15.770833333333336
        ],
        [
            89.15584415584415,
            79.07792207792208,
            65.83116883116884
        ],
        [
            77.35159817351598,
            67.55251141552512,
            54.342465753424655
        ],
        [
            175.36363636363637,
            161.72727272727275,
            142.0909090909091
        ],
        [
            105.6283185840708,
            95.53097345132744,
            81.87610619469027
        ]
    ],
    "hex_colors": [
        "#8b816f",
        "#382d20",
        "#120900",
        "#766c5f",
        "#42372a",
        "#271d0f",
        "#594f41",
        "#4d4336",
        "#afa18e",
        "#695f51"
    ],
    "hsl_color_values": [
        [
            0.10331825037707391,
            0.20264074821199346,
            139.82051282051282
        ],
        [
            0.09329890080784005,
            0.43448990160538586,
            56.794117647058826
        ],
        [
            0.08232235701906414,
            0.9616666666666667,
            18.75
        ],
        [
            0.09709821428571419,
            0.18960287790082522,
            118.14166666666667
        ],
        [
            0.09489253707669125,
            0.36204668791454897,
            66.33714285714285
        ],
        [
            0.09688888888888887,
            0.5977683315621679,
            39.208333333333336
        ],
        [
            0.09465478841870827,
            0.261616897305171,
            89.15584415584415
        ],
        [
            0.09568697492888804,
            0.2974616292798111,
            77.35159817351598
        ],
        [
            0.09836065573770499,
            0.1897356143079316,
            175.36363636363637
        ],
        [
            0.09581470442126183,
            0.22486595174262736,
            105.6283185840708
        ]
    ]
}