{
    "rgb_colors": [
        [
            101.42567567567568,
            63.932432432432435,
            18.358108108108105
        ],
        [
            111.36792452830188,
            74.10849056603773,
            29.278301886792455
        ],
        [
            131.0222222222222,
            101.01111111111112,
            64.15555555555555
        ],
        [
            157.1304347826087,
            126.76086956521739,
            89.13043478260869
        ],
        [
            118.34722222222223,
            89.375,
            54.08333333333333
        ],
        [
            120.05405405405405,
            82.49324324324324,
            37.13513513513514
        ],
        [
            144.2972972972973,
            114.47297297297297,
            75.55405405405406
        ],
        [
            170.28571428571428,
            141.42857142857142,
            109.71428571428571
        ],
        [
            130.7027027027027,
            92.42342342342343,
            46.52252252252252
        ],
        [
            88.13684210526316,
            51.78947368421053,
            7.326315789473682
        ]
    ],
    "hex_colors": [
        "#653f12",
        "#6f4a1d",
        "#836540",
        "#9d7e59",
        "#765936",
        "#785225",
        "#90724b",
        "#aa8d6d",
        "#825c2e",
        "#583307"
    ],
    "hsl_color_values": [
        [
            0.09144026896589123,
            0.8189994004396777,
            101.42567567567568
        ],
        [
            0.09101878986381658,
            0.7371029224904702,
            111.36792452830188
        ],
        [
            0.09186329899191319,
            0.5103459972862958,
            131.0222222222222
        ],
        [
            0.09223145780051152,
            0.4327614831211954,
            157.1304347826087
        ],
        [
            0.09152798789712557,
            0.5430113836404179,
            118.34722222222223
        ],
        [
            0.09116960017383746,
            0.6906798739306618,
            120.05405405405405
        ],
        [
            0.09435816787890701,
            0.476400074920397,
            144.2972972972973
        ],
        [
            0.08726415094339622,
            0.35570469798657717,
            170.28571428571428
        ],
        [
            0.09087828196347032,
            0.6440584505100634,
            130.7027027027027
        ],
        [
            0.09170248795102254,
            0.9168756718022214,
            88.13684210526316
        ]
    ]
}