{
    "rgb_colors": [
        [
            54.78846153846154,
            48.96153846153846,
            45.78846153846154
        ],
        [
            31.822784810126585,
            26.126582278481013,
            24.025316455696203
        ],
        [
            66.1685393258427,
            60.31460674157303,
            55.078651685393254
        ],
        [
            81.04587155963303,
            74.6697247706422,
            67.30275229357798
        ],
        [
            44.976,
            38.304,
            36.048
        ],
        [
            89.69047619047619,
            82.92857142857142,
            74.80952380952381
        ],
        [
            4.398936170212764,
            1.0797872340425556,
            0.8882978723404236
        ],
        [
            18.06741573033708,
            14.134831460674157,
            12.460674157303373
        ],
        [
            74.34513274336283,
            68.23893805309734,
            61.10619469026548
        ],
        [
            38.31159420289855,
            31.72463768115942,
            29.630434782608695
        ]
    ],
    "hex_colors": [
        "#36302d",
        "#1f1a18",
        "#423c37",
        "#514a43",
        "#2c2624",
        "#59524a",
        "#040100",
        "#120e0c",
        "#4a443d",
        "#261f1d"
    ],
    "hsl_color_values": [
        [
            0.0587606837606837,
            0.16426816426816426,
            54.78846153846154
        ],
        [
            0.044913419913419905,
            0.2450278440731902,
            31.822784810126585
        ],
        [
            0.0786896318811212,
            0.16760061130922072,
            66.1685393258427
        ],
        [
            0.08934134401424125,
            0.16957210776545167,
            81.04587155963303
        ],
        [
            0.04211469534050181,
            0.19850586979722512,
            44.976
        ],
        [
            0.0909333333333332,
            0.1659145208388638,
            89.69047619047619
        ],
        [
            0.009090909090909297,
            0.7980652962515118,
            4.398936170212764
        ],
        [
            0.0497661990647962,
            0.31032338308457696,
            18.06741573033708
        ],
        [
            0.08979500891265602,
            0.17807403880490416,
            74.34513274336283
        ],
        [
            0.04020589872008908,
            0.22659353130319645,
            38.31159420289855
        ]
    ]
}