{
    "rgb_colors": [
        [
            161.0,
            154.0,
            142.0
        ],
        [
            157.4884792626728,
            150.4884792626728,
            138.4884792626728
        ],
        [
            155.47857142857143,
            148.47857142857143,
            136.47857142857143
        ],
        [
            164.98648648648648,
            157.98648648648648,
            145.98648648648648
        ],
        [
            149.0952380952381,
            142.0952380952381,
            130.0952380952381
        ],
        [
            159.0,
            152.0,
            140.0
        ],
        [
            151.65217391304347,
            144.65217391304347,
            132.65217391304347
        ],
        [
            153.6086956521739,
            146.6086956521739,
            134.6086956521739
        ],
        [
            162.364406779661,
            155.364406779661,
            143.364406779661
        ],
        [
            160.0,
            153.0,
            141.0
        ]
    ],
    "hex_colors": [
        "#a19a8e",
        "#9d968a",
        "#9b9488",
        "#a49d91",
        "#958e82",
        "#9f988c",
        "#979084",
        "#999286",
        "#a29b8f",
        "#a0998d"
    ],
    "hsl_color_values": [
        [
            0.10526315789473684,
            0.11801242236024845,
            161.0
        ],
        [
            0.10526315789473684,
            0.12064374542794441,
            157.4884792626728
        ],
        [
            0.10526315789473684,
            0.12220333532411448,
            155.47857142857143
        ],
        [
            0.10526315789473684,
            0.11516094684249324,
            164.98648648648648
        ],
        [
            0.10526315789473684,
            0.12743532417757905,
            149.0952380952381
        ],
        [
            0.10526315789473684,
            0.11949685534591195,
            159.0
        ],
        [
            0.10526315789473684,
            0.12528669724770644,
            151.65217391304347
        ],
        [
            0.10526315789473684,
            0.1236909142371922,
            153.6086956521739
        ],
        [
            0.10526315789473684,
            0.11702072133201107,
            162.364406779661
        ],
        [
            0.10526315789473684,
            0.11875,
            160.0
        ]
    ]
}