{
    "rgb_colors": [
        [
            231.9367088607595,
            221.9367088607595,
            203.9367088607595
        ],
        [
            221.4262295081967,
            210.9344262295082,
            193.0983606557377
        ],
        [
            234.8375,
            224.8,
            206.8125
        ],
        [
            223.61870503597123,
            213.51079136690646,
            195.54676258992805
        ],
        [
            226.57978723404256,
            216.43617021276594,
            198.4840425531915
        ],
        [
            237.8,
            227.8,
            209.8
        ],
        [
            234.0,
            221.0,
            204.0
        ],
        [
            225.17592592592592,
            214.84259259259258,
            196.9537037037037
        ],
        [
            228.1326530612245,
            217.85714285714286,
            199.94897959183675
        ],
        [
            229.61111111111111,
            219.37037037037038,
            201.4506172839506
        ]
    ],
    "hex_colors": [
        "#e7ddcb",
        "#ddd2c1",
        "#eae0ce",
        "#dfd5c3",
        "#e2d8c6",
        "#ede3d1",
        "#eaddcc",
        "#e1d6c4",
        "#e4d9c7",
        "#e5dbc9"
    ],
    "hsl_color_values": [
        [
            0.10714285714285714,
            0.1207225890956721,
            231.9367088607595
        ],
        [
            0.10493827160493835,
            0.12793366402606052,
            221.4262295081967
        ],
        [
            0.10697294082664292,
            0.11933783999574175,
            234.8375
        ],
        [
            0.10665470698786937,
            0.12553485828266261,
            223.61870503597123
        ],
        [
            0.10649375236652774,
            0.12399934267671428,
            226.57978723404256
        ],
        [
            0.10714285714285714,
            0.11774600504625736,
            237.8
        ],
        [
            0.09444444444444444,
            0.1282051282051282,
            234.0
        ],
        [
            0.10564304461942253,
            0.1253341009087545,
            225.17592592592592
        ],
        [
            0.10590152063721942,
            0.12354072549984339,
            228.1326530612245
        ],
        [
            0.10605728481660098,
            0.12264429927144668,
            229.61111111111111
        ]
    ]
}