{
    "rgb_colors": [
        [
            52.34375,
            43.2625,
            30.5625
        ],
        [
            47.714285714285715,
            38.8421052631579,
            25.030075187969924
        ],
        [
            22.974999999999998,
            20.0,
            14.0
        ],
        [
            57.01242236024845,
            48.19254658385093,
            35.79503105590062
        ],
        [
            37.49305555555556,
            29.0,
            16.819444444444443
        ],
        [
            12.59375,
            10.46875,
            6.3125
        ],
        [
            34.30434782608695,
            24.902173913043477,
            10.619565217391305
        ],
        [
            70.2,
            62.4,
            48.06666666666666
        ],
        [
            61.83064516129032,
            53.443548387096776,
            40.854838709677416
        ],
        [
            41.25,
            33.89814814814815,
            22.39814814814815
        ]
    ],
    "hex_colors": [
        "#342b1e",
        "#2f2619",
        "#16140e",
        "#393023",
        "#251d10",
        "#0c0a06",
        "#22180a",
        "#463e30",
        "#3d3528",
        "#292116"
    ],
    "hsl_color_values": [
        [
            0.0971783835485414,
            0.4161194029850746,
            52.34375
        ],
        [
            0.10148049939233235,
            0.47541758588086985,
            47.714285714285715
        ],
        [
            0.1114206128133705,
            0.3906420021762785,
            22.974999999999998
        ],
        [
            0.09738485558157683,
            0.3721538293931801,
            57.01242236024845
        ],
        [
            0.09819729033702833,
            0.5513984071124283,
            37.49305555555556
        ],
        [
            0.11028192371475953,
            0.4987593052109181,
            12.59375
        ],
        [
            0.10050481872418542,
            0.6904309252217997,
            34.30434782608695
        ],
        [
            0.10793172690763049,
            0.31528964862298203,
            70.2
        ],
        [
            0.1000256311674997,
            0.33924611973392466,
            61.83064516129032
        ],
        [
            0.10166994106090377,
            0.4570145903479237,
            41.25
        ]
    ]
}