{
    "rgb_colors": [
        [
            107.4,
            83.0,
            33.09090909090909
        ],
        [
            55.95454545454545,
            57.02272727272727,
            8.25
        ],
        [
            171.75,
            171.34375,
            116.25
        ],
        [
            133.6315789473684,
            115.02631578947367,
            67.78947368421052
        ],
        [
            67.4563492063492,
            69.86507936507937,
            17.02777777777778
        ],
        [
            33.331288343558285,
            32.171779141104295,
            1.0
        ],
        [
            148.38888888888889,
            145.91666666666666,
            94.25
        ],
        [
            3.2727272727272734,
            1.3090909090909122,
            0.08181818181818201
        ],
        [
            124.05000000000001,
            95.7,
            46.8875
        ],
        [
            194.9375,
            198.0,
            146.8125
        ]
    ],
    "hex_colors": [
        "#6b5321",
        "#373908",
        "#abab74",
        "#857343",
        "#434511",
        "#212001",
        "#94915e",
        "#030100",
        "#7c5f2e",
        "#c2c692"
    ],
    "hsl_color_values": [
        [
            0.11194029850746268,
            0.6918909768071779,
            107.4
        ],
        [
            0.17031686859273068,
            0.8553208449581506,
            57.02272727272727
        ],
        [
            0.1654466966966967,
            0.3231441048034934,
            171.75
        ],
        [
            0.11957100985877962,
            0.492713666797952,
            133.6315789473684
        ],
        [
            0.17426461384403558,
            0.7562762694535954,
            69.86507936507937
        ],
        [
            0.16068943706514863,
            0.969998159396282,
            33.331288343558285
        ],
        [
            0.1590559261159569,
            0.3648446274803444,
            148.38888888888889
        ],
        [
            0.06410256410256425,
            0.975,
            3.2727272727272734
        ],
        [
            0.1054322587612722,
            0.6220274083031035,
            124.05000000000001
        ],
        [
            0.1766381766381766,
            0.2585227272727273,
            198.0
        ]
    ]
}