{
    "rgb_colors": [
        [
            200.60714285714286,
            185.60714285714286,
            165.60714285714286
        ],
        [
            209.0,
            194.0,
            174.0
        ],
        [
            207.46341463414635,
            192.46341463414635,
            172.46341463414635
        ],
        [
            216.7945205479452,
            201.7945205479452,
            181.7945205479452
        ],
        [
            213.31465517241378,
            198.31465517241378,
            178.31465517241378
        ],
        [
            210.55862068965519,
            195.55862068965519,
            175.55862068965519
        ],
        [
            205.56617647058823,
            190.56617647058823,
            170.56617647058823
        ],
        [
            219.73333333333332,
            204.73333333333332,
            184.73333333333332
        ],
        [
            198.42857142857142,
            183.42857142857142,
            163.42857142857142
        ],
        [
            203.2281879194631,
            188.2281879194631,
            168.2281879194631
        ]
    ],
    "hex_colors": [
        "#c8b9a5",
        "#d1c2ae",
        "#cfc0ac",
        "#d8c9b5",
        "#d5c6b2",
        "#d2c3af",
        "#cdbeaa",
        "#dbccb8",
        "#c6b7a3",
        "#cbbca8"
    ],
    "hsl_color_values": [
        [
            0.09523809523809523,
            0.17447035784226456,
            200.60714285714286
        ],
        [
            0.09523809523809523,
            0.1674641148325359,
            209.0
        ],
        [
            0.09523809523809523,
            0.16870444392193745,
            207.46341463414635
        ],
        [
            0.09523809523809523,
            0.16144319474282826,
            216.7945205479452
        ],
        [
            0.09523809523809523,
            0.16407686556608542,
            213.31465517241378
        ],
        [
            0.09523809523809523,
            0.1662244931381219,
            210.55862068965519
        ],
        [
            0.09523809523809523,
            0.17026147297635655,
            205.56617647058823
        ],
        [
            0.09523809523809523,
            0.15928398058252427,
            219.73333333333332
        ],
        [
            0.09523809523809523,
            0.1763858891288697,
            198.42857142857142
        ],
        [
            0.09523809523809523,
            0.17222020408837224,
            203.2281879194631
        ]
    ]
}