{
    "rgb_colors": [
        [
            66.92105263157895,
            23.184210526315788,
            11.947368421052632
        ],
        [
            81.24,
            49.9,
            35.32
        ],
        [
            85.9080459770115,
            15.735632183908045,
            9.758620689655174
        ],
        [
            68.4,
            50.63809523809524,
            31.60952380952381
        ],
        [
            94.55555555555556,
            24.525252525252526,
            18.424242424242422
        ],
        [
            74.20689655172414,
            56.43103448275862,
            38.51724137931035
        ],
        [
            102.47368421052632,
            15.578947368421055,
            15.263157894736842
        ],
        [
            81.96124031007751,
            63.3953488372093,
            46.48837209302326
        ],
        [
            100.5,
            66.21428571428571,
            52.92857142857143
        ],
        [
            111.54140127388536,
            23.50955414012739,
            23.713375796178344
        ]
    ],
    "hex_colors": [
        "#42170b",
        "#513123",
        "#550f09",
        "#44321f",
        "#5e1812",
        "#4a3826",
        "#660f0f",
        "#513f2e",
        "#644234",
        "#6f1717"
    ],
    "hsl_color_values": [
        [
            0.0340673368437849,
            0.8214707038930398,
            66.92105263157895
        ],
        [
            0.05291811846689896,
            0.5652387986213687,
            81.24
        ],
        [
            0.013081761006289291,
            0.8864062081883863,
            85.9080459770115
        ],
        [
            0.0862024333419622,
            0.5378724589250906,
            68.4
        ],
        [
            0.01335633098934147,
            0.8051490225403269,
            94.55555555555556
        ],
        [
            0.08365539452495972,
            0.4809479553903345,
            74.20689655172414
        ],
        [
            0.0006035003017501595,
            0.8510529019003595,
            102.47368421052632
        ],
        [
            0.0794361888111888,
            0.43280052965099775,
            81.96124031007751
        ],
        [
            0.04654654654654652,
            0.47334754797441364,
            100.5
        ],
        [
            0.9996141137881968,
            0.7892302421196893,
            111.54140127388536
        ]
    ]
}