{
    "rgb_colors": [
        [
            230.0,
            224.0,
            207.0
        ],
        [
            237.0,
            231.0,
            214.0
        ],
        [
            234.0,
            228.0,
            211.0
        ],
        [
            229.0,
            223.0,
            206.0
        ],
        [
            235.0,
            229.0,
            212.0
        ],
        [
            236.0,
            230.0,
            213.0
        ],
        [
            231.52247191011236,
            225.52247191011236,
            208.52247191011236
        ],
        [
            238.44827586206895,
            232.44827586206895,
            215.44827586206895
        ],
        [
            233.0,
            227.0,
            210.0
        ],
        [
            227.00840336134453,
            221.00840336134453,
            204.00840336134453
        ]
    ],
    "hex_colors": [
        "#e6e0cf",
        "#ede7d6",
        "#eae4d3",
        "#e5dfce",
        "#ebe5d4",
        "#ece6d5",
        "#e7e1d0",
        "#eee8d7",
        "#e9e3d2",
        "#e3ddcc"
    ],
    "hsl_color_values": [
        [
            0.12318840579710144,
            0.1,
            230.0
        ],
        [
            0.12318840579710144,
            0.0970464135021097,
            237.0
        ],
        [
            0.12318840579710144,
            0.09829059829059829,
            234.0
        ],
        [
            0.12318840579710144,
            0.10043668122270742,
            229.0
        ],
        [
            0.12318840579710144,
            0.09787234042553192,
            235.0
        ],
        [
            0.12318840579710144,
            0.09745762711864407,
            236.0
        ],
        [
            0.12318840579710144,
            0.09934240858023344,
            231.52247191011236
        ],
        [
            0.12318840579710144,
            0.09645697758496023,
            238.44827586206895
        ],
        [
            0.12318840579710144,
            0.09871244635193133,
            233.0
        ],
        [
            0.12318840579710144,
            0.10131783519656475,
            227.00840336134453
        ]
    ]
}