{
    "rgb_colors": [
        [
            3.8773234200743616,
            0.728624535315987,
            0.7137546468401581
        ],
        [
            199.96296296296296,
            192.07407407407408,
            189.22222222222223
        ],
        [
            218.23076923076923,
            210.23076923076923,
            205.61538461538464
        ],
        [
            28.545454545454547,
            21.545454545454547,
            20.454545454545453
        ],
        [
            158.013698630137,
            151.73972602739727,
            143.76712328767124
        ],
        [
            47.25,
            40.25,
            38.625
        ],
        [
            130.0,
            123.0,
            122.0
        ],
        [
            163.5483870967742,
            157.42815249266863,
            148.47800586510263
        ],
        [
            180.8780487804878,
            173.2439024390244,
            168.34146341463415
        ],
        [
            168.04347826086956,
            161.64347826086956,
            152.9695652173913
        ]
    ],
    "hex_colors": [
        "#030000",
        "#c7c0bd",
        "#dad2cd",
        "#1c1514",
        "#9e978f",
        "#2f2826",
        "#827b7a",
        "#a39d94",
        "#b4ada8",
        "#a8a198"
    ],
    "hsl_color_values": [
        [
            0.0007833920877395132,
            0.815915627996163,
            3.8773234200743616
        ],
        [
            0.04425287356321835,
            0.053713650676051085,
            199.96296296296296
        ],
        [
            0.0609756097560973,
            0.057807543179414736,
            218.23076923076923
        ],
        [
            0.022471910112359605,
            0.28343949044586,
            28.545454545454547
        ],
        [
            0.09326923076923083,
            0.09016038144776763,
            158.013698630137
        ],
        [
            0.03140096618357487,
            0.18253968253968253,
            47.25
        ],
        [
            0.020833333333333332,
            0.06153846153846154,
            130.0
        ],
        [
            0.09898164364013756,
            0.09214631522323842,
            163.5483870967742
        ],
        [
            0.06517509727626465,
            0.0693096008629989,
            180.8780487804878
        ],
        [
            0.09590423997692521,
            0.0897024579560155,
            168.04347826086956
        ]
    ]
}