{
    "rgb_colors": [
        [
            215.5,
            208.72222222222223,
            198.05555555555554
        ],
        [
            199.85492227979276,
            192.85492227979276,
            182.42487046632124
        ],
        [
            71.0,
            64.5,
            55.5
        ],
        [
            207.79768786127167,
            200.8092485549133,
            190.83236994219652
        ],
        [
            195.13333333333333,
            188.13333333333333,
            177.45714285714286
        ],
        [
            109.0,
            102.0,
            93.0
        ],
        [
            158.33333333333334,
            151.33333333333334,
            142.33333333333334
        ],
        [
            51.599999999999994,
            45.0,
            36.0
        ],
        [
            203.89719626168224,
            196.90342679127727,
            186.8348909657321
        ],
        [
            231.125,
            224.125,
            213.375
        ]
    ],
    "hex_colors": [
        "#d7d0c6",
        "#c7c0b6",
        "#474037",
        "#cfc8be",
        "#c3bcb1",
        "#6d665d",
        "#9e978e",
        "#332d24",
        "#cbc4ba",
        "#e7e0d5"
    ],
    "hsl_color_values": [
        [
            0.10191082802547781,
            0.08094869811807173,
            215.5
        ],
        [
            0.0997324613555292,
            0.08721352276262583,
            199.85492227979276
        ],
        [
            0.09677419354838708,
            0.21830985915492956,
            71.0
        ],
        [
            0.09801249290176046,
            0.08164343931680994,
            207.79768786127167
        ],
        [
            0.10066451149425286,
            0.090585192054273,
            195.13333333333333
        ],
        [
            0.09375,
            0.14678899082568808,
            109.0
        ],
        [
            0.09375,
            0.10105263157894737,
            158.33333333333334
        ],
        [
            0.09615384615384619,
            0.30232558139534876,
            51.599999999999994
        ],
        [
            0.0983506785953382,
            0.08368092160547584,
            203.89719626168224
        ],
        [
            0.10093896713615025,
            0.07679826933477556,
            231.125
        ]
    ]
}