{
    "rgb_colors": [
        [
            12.685714285714285,
            10.428571428571427,
            9.095238095238095
        ],
        [
            69.5,
            63.5,
            57.85
        ],
        [
            84.1,
            76.575,
            70.95
        ],
        [
            1.9085872576177287,
            0.5152354570637101,
            0.4487534626038787
        ],
        [
            42.65822784810126,
            37.21518987341772,
            32.40506329113924
        ],
        [
            21.688,
            18.6,
            16.752
        ],
        [
            53.0,
            47.285714285714285,
            41.285714285714285
        ],
        [
            96.57142857142857,
            90.78571428571428,
            88.57142857142857
        ],
        [
            6.3381294964028765,
            4.3669064748201425,
            3.5251798561151073
        ],
        [
            34.32075471698113,
            29.566037735849058,
            26.09433962264151
        ]
    ],
    "hex_colors": [
        "#0c0a09",
        "#453f39",
        "#544c46",
        "#010000",
        "#2a2520",
        "#151210",
        "#352f29",
        "#605a58",
        "#060403",
        "#221d1a"
    ],
    "hsl_color_values": [
        [
            0.06189213085764805,
            0.283033033033033,
            12.685714285714285
        ],
        [
            0.08082975679542202,
            0.16762589928057553,
            69.5
        ],
        [
            0.07129277566539928,
            0.1563614744351961,
            84.1
        ],
        [
            0.007590132827324199,
            0.7648766328011608,
            1.9085872576177287
        ],
        [
            0.07818930041152262,
            0.2403560830860533,
            42.65822784810126
        ],
        [
            0.062398703403565715,
            0.22759129472519365,
            21.688
        ],
        [
            0.08536585365853659,
            0.22102425876010784,
            53.0
        ],
        [
            0.04613095238095225,
            0.08284023668639054,
            96.57142857142857
        ],
        [
            0.04987212276214831,
            0.4438138479001135,
            6.3381294964028765
        ],
        [
            0.07033639143730892,
            0.23969213853765794,
            34.32075471698113
        ]
    ]
}