{
    "rgb_colors": [
        [
            86.85,
            72.05,
            52.05
        ],
        [
            86.57831325301206,
            72.36144578313252,
            54.46987951807229
        ],
        [
            79.03361344537815,
            64.74789915966386,
            46.008403361344534
        ],
        [
            89.11578947368422,
            74.37894736842105,
            55.252631578947366
        ],
        [
            81.27093596059113,
            67.30541871921183,
            48.60591133004926
        ],
        [
            75.59210526315789,
            61.56578947368421,
            43.10526315789474
        ],
        [
            94.96774193548387,
            79.87096774193549,
            60.16129032258064
        ],
        [
            84.70707070707071,
            70.42424242424242,
            52.343434343434346
        ],
        [
            83.61940298507463,
            69.02985074626865,
            50.17910447761194
        ],
        [
            91.60714285714286,
            76.77380952380952,
            57.32142857142857
        ]
    ],
    "hex_colors": [
        "#564834",
        "#564836",
        "#4f402e",
        "#594a37",
        "#514330",
        "#4b3d2b",
        "#5e4f3c",
        "#544634",
        "#534532",
        "#5b4c39"
    ],
    "hsl_color_values": [
        [
            0.09578544061302681,
            0.4006908462867012,
            86.85
        ],
        [
            0.09287054409005624,
            0.3708600055663791,
            86.57831325301206
        ],
        [
            0.09457167090754874,
            0.41786283891547055,
            79.03361344537815
        ],
        [
            0.09413532276448035,
            0.3799905504370424,
            89.11578947368422
        ],
        [
            0.0954104458854874,
            0.4019275063644078,
            81.27093596059113
        ],
        [
            0.09470770892399083,
            0.4297650130548302,
            75.59210526315789
        ],
        [
            0.09437751004016066,
            0.3665081521739131,
            94.96774193548387
        ],
        [
            0.09311277569704533,
            0.3820653470069163,
            84.70707070707071
        ],
        [
            0.09395224280294573,
            0.39991075412762156,
            83.61940298507463
        ],
        [
            0.09456018518518516,
            0.37426900584795325,
            91.60714285714286
        ]
    ]
}