{
    "rgb_colors": [
        [
            143.62745098039215,
            128.68627450980392,
            124.29411764705883
        ],
        [
            22.55479452054795,
            21.369863013698634,
            54.28767123287672
        ],
        [
            106.22222222222223,
            85.82222222222222,
            83.06666666666666
        ],
        [
            44.36507936507937,
            42.98412698412699,
            63.3968253968254
        ],
        [
            49.21621621621621,
            33.25675675675676,
            32.12162162162162
        ],
        [
            14.42142857142857,
            12.807142857142857,
            30.08571428571429
        ],
        [
            77.01428571428572,
            57.94285714285714,
            56.72857142857143
        ],
        [
            4.371980676328505,
            2.565217391304344,
            10.164251207729471
        ],
        [
            217.11111111111111,
            201.4388888888889,
            186.02222222222224
        ],
        [
            179.08333333333331,
            168.08333333333331,
            160.6875
        ]
    ],
    "hex_colors": [
        "#8f807c",
        "#161536",
        "#6a5553",
        "#2c2a3f",
        "#312120",
        "#0e0c1e",
        "#4d3938",
        "#04020a",
        "#d9c9ba",
        "#b3a8a0"
    ],
    "hsl_color_values": [
        [
            0.03786342123056119,
            0.13460750853242318,
            143.62745098039215
        ],
        [
            0.6726661118046886,
            0.6063588190764572,
            54.28767123287672
        ],
        [
            0.019833653230966124,
            0.21799163179916325,
            106.22222222222223
        ],
        [
            0.6779419388284085,
            0.3219829744616925,
            63.3968253968254
        ],
        [
            0.011067193675889356,
            0.3473366282262492,
            49.21621621621621
        ],
        [
            0.6822378393275459,
            0.5743114909781577,
            30.08571428571429
        ],
        [
            0.00997652582159625,
            0.26340196624002976,
            77.01428571428572
        ],
        [
            0.7062937062937064,
            0.7476235741444871,
            10.164251207729471
        ],
        [
            0.0826483202287348,
            0.143193449334698,
            217.11111111111111
        ],
        [
            0.06700641751604369,
            0.10272219637040475,
            179.08333333333331
        ]
    ]
}