{
    "rgb_colors": [
        [
            35.36144578313253,
            41.963855421686745,
            12.722891566265055
        ],
        [
            199.88,
            205.92000000000002,
            173.0
        ],
        [
            155.41538461538462,
            162.93846153846152,
            121.70769230769231
        ],
        [
            121.5,
            130.3235294117647,
            94.5
        ],
        [
            50.178899082568805,
            59.08715596330275,
            32.71559633027523
        ],
        [
            246.75,
            249.15625,
            223.1875
        ],
        [
            99.0,
            108.19672131147541,
            69.8688524590164
        ],
        [
            62.25,
            71.84230769230768,
            45.25769230769231
        ],
        [
            74.05263157894737,
            84.0701754385965,
            55.71345029239766
        ],
        [
            10.22666666666666,
            17.373333333333335,
            0.6399999999999935
        ]
    ],
    "hex_colors": [
        "#23290c",
        "#c7cdad",
        "#9ba279",
        "#79825e",
        "#323b20",
        "#f6f9df",
        "#636c45",
        "#3e472d",
        "#4a5437",
        "#0a1100"
    ],
    "hsl_color_values": [
        [
            0.20429886004669684,
            0.6968130921619294,
            41.963855421686745
        ],
        [
            0.19724584852166874,
            0.15986790986790994,
            205.92000000000002
        ],
        [
            0.1970771144278606,
            0.253045038240015,
            162.93846153846152
        ],
        [
            0.2077175697865353,
            0.2748815165876777,
            130.3235294117647
        ],
        [
            0.2229663129819679,
            0.44631627979194155,
            59.08715596330275
        ],
        [
            0.1821099077416767,
            0.10422676533299888,
            249.15625
        ],
        [
            0.20665811234673512,
            0.35424242424242425,
            108.19672131147541
        ],
        [
            0.22680362654320985,
            0.37004122276353113,
            71.84230769230768
        ],
        [
            0.2255447858665017,
            0.3372982749026155,
            84.0701754385965
        ],
        [
            0.2378486055776893,
            0.9631619339984655,
            17.373333333333335
        ]
    ]
}