{
    "rgb_colors": [
        [
            107.6,
            115.35833333333333,
            26.666666666666664
        ],
        [
            111.45731707317073,
            119.78658536585365,
            30.798780487804876
        ],
        [
            94.93333333333334,
            102.13333333333333,
            17.2
        ],
        [
            103.84684684684684,
            111.4054054054054,
            23.765765765765764
        ],
        [
            120.2215909090909,
            128.9318181818182,
            38.89204545454545
        ],
        [
            136.3050847457627,
            144.45762711864407,
            56.559322033898304
        ],
        [
            115.26760563380282,
            124.10328638497653,
            34.30046948356807
        ],
        [
            127.66666666666667,
            136.5595238095238,
            47.416666666666664
        ],
        [
            99.61702127659575,
            107.34042553191489,
            19.829787234042556
        ],
        [
            145.1142857142857,
            152.4857142857143,
            66.34285714285714
        ]
    ],
    "hex_colors": [
        "#6b731a",
        "#6f771e",
        "#5e6611",
        "#676f17",
        "#788026",
        "#889038",
        "#737c22",
        "#7f882f",
        "#636b13",
        "#919842"
    ],
    "hsl_color_values": [
        [
            0.1812458893169219,
            0.7688362349201763,
            115.35833333333333
        ],
        [
            0.18226668493901607,
            0.7428862305930262,
            119.78658536585365
        ],
        [
            0.18079539508110934,
            0.8315926892950392,
            102.13333333333333
        ],
        [
            0.1810409813596491,
            0.7866731360181142,
            111.4054054054054
        ],
        [
            0.18278959214152,
            0.6983518420588753,
            128.9318181818182
        ],
        [
            0.1821249517932896,
            0.6084711955884079,
            144.45762711864407
        ],
        [
            0.18306496584413776,
            0.7236135280320799,
            124.10328638497653
        ],
        [
            0.18329326923076916,
            0.652776566995031,
            136.5595238095238
        ],
        [
            0.18137612448334547,
            0.8152626362735381,
            107.34042553191489
        ],
        [
            0.18092868988391383,
            0.5649241146711637,
            152.4857142857143
        ]
    ]
}