{
    "rgb_colors": [
        [
            140.5151515151515,
            132.66666666666666,
            121.12121212121212
        ],
        [
            82.11111111111111,
            74.33333333333334,
            61.111111111111114
        ],
        [
            102.9375,
            95.4375,
            84.0
        ],
        [
            158.37888198757764,
            151.1304347826087,
            140.14906832298138
        ],
        [
            182.9090909090909,
            174.65454545454546,
            162.05454545454546
        ],
        [
            162.56611570247935,
            155.49586776859505,
            144.58677685950414
        ],
        [
            151.54285714285714,
            143.68571428571428,
            132.31428571428572
        ],
        [
            172.9788732394366,
            165.6338028169014,
            154.11267605633802
        ],
        [
            124.15094339622641,
            116.47169811320755,
            105.15094339622641
        ],
        [
            166.41743119266056,
            159.348623853211,
            148.36697247706422
        ]
    ],
    "hex_colors": [
        "#8c8479",
        "#524a3d",
        "#665f54",
        "#9e978c",
        "#b6aea2",
        "#a29b90",
        "#978f84",
        "#aca59a",
        "#7c7469",
        "#a69f94"
    ],
    "hsl_color_values": [
        [
            0.09921874999999998,
            0.13802027172740985,
            140.5151515151515
        ],
        [
            0.10493827160493834,
            0.2557510148849797,
            82.11111111111111
        ],
        [
            0.10066006600660066,
            0.18397085610200364,
            102.9375
        ],
        [
            0.1003975014196478,
            0.11510255304129567,
            158.37888198757764
        ],
        [
            0.10069747166521359,
            0.11401590457256457,
            182.9090909090909
        ],
        [
            0.10112617789014015,
            0.11059708700846446,
            162.56611570247935
        ],
        [
            0.09856364536899452,
            0.12688536953242835,
            151.54285714285714
        ],
        [
            0.1017792708722161,
            0.10906648210723446,
            172.9788732394366
        ],
        [
            0.09930486593843106,
            0.15303951367781155,
            124.15094339622641
        ],
        [
            0.10139771283354493,
            0.10846495217619011,
            166.41743119266056
        ]
    ]
}