{
    "rgb_colors": [
        [
            199.62385321100916,
            185.62385321100916,
            165.62385321100916
        ],
        [
            208.91256830601094,
            194.91256830601094,
            174.91256830601094
        ],
        [
            207.0,
            193.0,
            173.0
        ],
        [
            205.0,
            191.0,
            171.0
        ],
        [
            204.0,
            190.0,
            170.0
        ],
        [
            196.890243902439,
            182.890243902439,
            162.890243902439
        ],
        [
            212.07462686567163,
            198.07462686567163,
            178.07462686567163
        ],
        [
            201.5103448275862,
            187.5103448275862,
            167.5103448275862
        ],
        [
            206.0,
            192.0,
            172.0
        ],
        [
            203.0,
            189.0,
            169.0
        ]
    ],
    "hex_colors": [
        "#c7b9a5",
        "#d0c2ae",
        "#cfc1ad",
        "#cdbfab",
        "#ccbeaa",
        "#c4b6a2",
        "#d4c6b2",
        "#c9bba7",
        "#cec0ac",
        "#cbbda9"
    ],
    "hsl_color_values": [
        [
            0.09803921568627451,
            0.17032032722092008,
            199.62385321100916
        ],
        [
            0.09803921568627451,
            0.16274750856634668,
            208.91256830601094
        ],
        [
            0.09803921568627451,
            0.1642512077294686,
            207.0
        ],
        [
            0.09803921568627451,
            0.16585365853658537,
            205.0
        ],
        [
            0.09803921568627451,
            0.16666666666666666,
            204.0
        ],
        [
            0.09803921568627451,
            0.1726850418086095,
            196.890243902439
        ],
        [
            0.09803921568627451,
            0.1603209233584348,
            212.07462686567163
        ],
        [
            0.09803921568627451,
            0.16872582908381534,
            201.5103448275862
        ],
        [
            0.09803921568627451,
            0.1650485436893204,
            206.0
        ],
        [
            0.09803921568627451,
            0.16748768472906403,
            203.0
        ]
    ]
}