{
    "rgb_colors": [
        [
            162.56989247311827,
            155.56989247311827,
            146.56989247311827
        ],
        [
            167.0,
            160.0,
            151.0
        ],
        [
            157.40625,
            150.40625,
            141.40625
        ],
        [
            164.0,
            157.0,
            148.0
        ],
        [
            165.0,
            158.0,
            149.0
        ],
        [
            166.0,
            159.0,
            150.0
        ],
        [
            168.0,
            161.0,
            152.0
        ],
        [
            160.248,
            153.248,
            144.248
        ],
        [
            171.35,
            164.35,
            155.35
        ],
        [
            169.32142857142858,
            162.32142857142858,
            153.32142857142858
        ]
    ],
    "hex_colors": [
        "#a29b92",
        "#a7a097",
        "#9d968d",
        "#a49d94",
        "#a59e95",
        "#a69f96",
        "#a8a198",
        "#a09990",
        "#aba49b",
        "#a9a299"
    ],
    "hsl_color_values": [
        [
            0.09375,
            0.09841920761955156,
            162.56989247311827
        ],
        [
            0.09375,
            0.09580838323353294,
            167.0
        ],
        [
            0.09375,
            0.10164780623386936,
            157.40625
        ],
        [
            0.09375,
            0.0975609756097561,
            164.0
        ],
        [
            0.09375,
            0.09696969696969697,
            165.0
        ],
        [
            0.09375,
            0.0963855421686747,
            166.0
        ],
        [
            0.09375,
            0.09523809523809523,
            168.0
        ],
        [
            0.09375,
            0.09984523987818882,
            160.248
        ],
        [
            0.09375,
            0.09337613072658302,
            171.35
        ],
        [
            0.09375,
            0.09449483231385783,
            169.32142857142858
        ]
    ]
}