{
    "rgb_colors": [
        [
            179.31153846153848,
            170.31153846153848,
            158.31153846153848
        ],
        [
            101.26666666666667,
            93.94666666666666,
            82.88
        ],
        [
            59.46153846153845,
            50.84615384615384,
            39.03846153846153
        ],
        [
            206.921568627451,
            197.921568627451,
            185.921568627451
        ],
        [
            230.3,
            221.3,
            209.3
        ],
        [
            127.46938775510205,
            120.34693877551021,
            109.28571428571429
        ],
        [
            113.66666666666666,
            106.60952380952381,
            95.63809523809523
        ],
        [
            83.80000000000001,
            76.21818181818182,
            65.18181818181819
        ],
        [
            191.13095238095238,
            182.13095238095238,
            170.13095238095238
        ],
        [
            38.0,
            29.0,
            17.0
        ]
    ],
    "hex_colors": [
        "#b3aa9e",
        "#655d52",
        "#3b3227",
        "#cec5b9",
        "#e6ddd1",
        "#7f786d",
        "#716a5f",
        "#534c41",
        "#bfb6aa",
        "#261d11"
    ],
    "hsl_color_values": [
        [
            0.09523809523809523,
            0.11711460500632762,
            179.31153846153848
        ],
        [
            0.10031423737007487,
            0.18156682027649773,
            101.26666666666667
        ],
        [
            0.09635907093534213,
            0.3434670116429495,
            59.46153846153845
        ],
        [
            0.09523809523809523,
            0.10148772860797876,
            206.921568627451
        ],
        [
            0.09523809523809523,
            0.0911854103343465,
            230.3
        ],
        [
            0.1013842124953236,
            0.14265129682997119,
            127.46938775510205
        ],
        [
            0.1014263074484945,
            0.15860913280268116,
            113.66666666666666
        ],
        [
            0.09879557291666659,
            0.22217400737687137,
            83.80000000000001
        ],
        [
            0.09523809523809523,
            0.10987231392089691,
            191.13095238095238
        ],
        [
            0.09523809523809523,
            0.5526315789473685,
            38.0
        ]
    ]
}