{
    "rgb_colors": [
        [
            143.05,
            135.65,
            140.55
        ],
        [
            113.45787545787546,
            74.52747252747253,
            26.61904761904762
        ],
        [
            17.15789473684211,
            17.789473684210535,
            31.315789473684212
        ],
        [
            32.0625,
            3.625,
            0.03125
        ],
        [
            90.65306122448979,
            51.93877551020409,
            9.530612244897966
        ],
        [
            197.53333333333333,
            190.4,
            194.2
        ],
        [
            64.0,
            37.78571428571429,
            21.04761904761905
        ],
        [
            253.8119266055046,
            253.42201834862385,
            249.73853211009174
        ],
        [
            103.57303370786516,
            64.61048689138576,
            17.258426966292134
        ],
        [
            83.9047619047619,
            76.52380952380952,
            81.0
        ]
    ],
    "hex_colors": [
        "#8f878c",
        "#714a1a",
        "#11111f",
        "#200300",
        "#5a3309",
        "#c5bec2",
        "#402515",
        "#fdfdf9",
        "#674011",
        "#534c51"
    ],
    "hsl_color_values": [
        [
            0.8896396396396395,
            0.05173016427822443,
            143.05
        ],
        [
            0.09194893210162962,
            0.7653838703428683,
            113.45787545787546
        ],
        [
            0.6592317224287484,
            0.45210084033613435,
            31.315789473684212
        ],
        [
            0.018699186991869916,
            0.9990253411306043,
            32.0625
        ],
        [
            0.08712788259958072,
            0.894867176947321,
            90.65306122448979
        ],
        [
            0.9112149532710283,
            0.03611204859939247,
            197.53333333333333
        ],
        [
            0.06494826311899483,
            0.6711309523809523,
            64.0
        ],
        [
            0.15071321321321282,
            0.016048869530642905,
            253.8119266055046
        ],
        [
            0.09143307587723104,
            0.8333694944673465,
            103.57303370786516
        ],
        [
            0.8989247311827956,
            0.08796821793416572,
            83.9047619047619
        ]
    ]
}