{
    "rgb_colors": [
        [
            217.75418994413408,
            205.75418994413408,
            183.11173184357543
        ],
        [
            209.91666666666666,
            197.91666666666666,
            175.26388888888889
        ],
        [
            204.05,
            192.05,
            169.25
        ],
        [
            213.46448087431693,
            201.46448087431693,
            178.78142076502732
        ],
        [
            215.3139534883721,
            203.3139534883721,
            180.58139534883722
        ],
        [
            224.4848484848485,
            212.4848484848485,
            190.3939393939394
        ],
        [
            220.5148514851485,
            208.5148514851485,
            186.4257425742574
        ],
        [
            215.5,
            203.5,
            182.5
        ],
        [
            211.8658536585366,
            199.8658536585366,
            177.71951219512195
        ],
        [
            207.25757575757575,
            195.25757575757575,
            172.4090909090909
        ]
    ],
    "hex_colors": [
        "#d9cdb7",
        "#d1c5af",
        "#ccc0a9",
        "#d5c9b2",
        "#d7cbb4",
        "#e0d4be",
        "#dcd0ba",
        "#d7cbb6",
        "#d3c7b1",
        "#cfc3ac"
    ],
    "hsl_color_values": [
        [
            0.10893404289630704,
            0.15908974293191028,
            217.75418994413408
        ],
        [
            0.10895123580494322,
            0.16507873494773057,
            209.91666666666666
        ],
        [
            0.1091954022988506,
            0.17054643469737815,
            204.05
        ],
        [
            0.10900162806575285,
            0.162476960884702,
            213.46448087431693
        ],
        [
            0.10908380761075774,
            0.1613112275206567,
            215.3139534883721
        ],
        [
            0.108,
            0.15186285097192226,
            224.4848484848485
        ],
        [
            0.10799690192661442,
            0.15458872126436787,
            220.5148514851485
        ],
        [
            0.10606060606060606,
            0.1531322505800464,
            215.5
        ],
        [
            0.10809523809523812,
            0.16116963103666612,
            211.8658536585366
        ],
        [
            0.10927536231884057,
            0.168140945975583,
            207.25757575757575
        ]
    ]
}