{
    "rgb_colors": [
        [
            43.027027027027025,
            32.16216216216216,
            20.37837837837838
        ],
        [
            72.56603773584905,
            66.26415094339623,
            61.22641509433962
        ],
        [
            6.212643678160923,
            0.7816091954023001,
            0.8793103448275872
        ],
        [
            54.0353982300885,
            43.10619469026548,
            32.46017699115044
        ],
        [
            50.08888888888889,
            37.81481481481482,
            25.977777777777778
        ],
        [
            15.702970297029701,
            7.445544554455445,
            0.9009900990098991
        ],
        [
            23.951612903225808,
            15.53225806451613,
            6.403225806451612
        ],
        [
            58.17424242424242,
            53.083333333333336,
            50.91666666666667
        ],
        [
            58.25555555555556,
            49.07777777777778,
            40.3
        ],
        [
            33.35849056603774,
            25.49056603773585,
            16.264150943396228
        ]
    ],
    "hex_colors": [
        "#2b2014",
        "#48423d",
        "#060000",
        "#362b20",
        "#322519",
        "#0f0700",
        "#170f06",
        "#3a3532",
        "#3a3128",
        "#211910"
    ],
    "hsl_color_values": [
        [
            0.08671439936356405,
            0.5263819095477387,
            43.027027027027025
        ],
        [
            0.07404326123128131,
            0.15626625065002595,
            72.56603773584905
        ],
        [
            0.9970017636684303,
            0.8741905642923218,
            6.212643678160923
        ],
        [
            0.08223954060705495,
            0.3992793973141173,
            54.0353982300885
        ],
        [
            0.08182283666154634,
            0.4813664596273292,
            50.08888888888889
        ],
        [
            0.07369007803790413,
            0.9426229508196723,
            15.702970297029701
        ],
        [
            0.08670343137254903,
            0.7326599326599327,
            23.951612903225808
        ],
        [
            0.04975643702157271,
            0.12475582758171626,
            58.17424242424242
        ],
        [
            0.08147689768976901,
            0.3082204844554645,
            58.25555555555556
        ],
        [
            0.08995584988962473,
            0.5124434389140271,
            33.35849056603774
        ]
    ]
}