{
    "rgb_colors": [
        [
            123.65753424657534,
            96.68493150684931,
            62.76027397260274
        ],
        [
            130.06741573033707,
            102.92134831460675,
            69.51685393258427
        ],
        [
            119.85093167701864,
            92.88819875776397,
            58.869565217391305
        ],
        [
            99.7948717948718,
            71.92307692307692,
            39.0
        ],
        [
            78.73333333333333,
            51.333333333333336,
            18.4
        ],
        [
            116.50717703349282,
            89.45454545454545,
            55.47846889952153
        ],
        [
            69.91304347826087,
            42.21739130434783,
            10.217391304347828
        ],
        [
            112.4739336492891,
            85.28436018957346,
            51.34123222748815
        ],
        [
            106.9795918367347,
            79.6734693877551,
            45.97959183673469
        ],
        [
            90.16666666666667,
            62.833333333333336,
            29.722222222222225
        ]
    ],
    "hex_colors": [
        "#7b603e",
        "#826645",
        "#775c3a",
        "#634727",
        "#4e3312",
        "#745937",
        "#452a0a",
        "#705533",
        "#6a4f2d",
        "#5a3e1d"
    ],
    "hsl_color_values": [
        [
            0.0928466989090091,
            0.4924670433145009,
            123.65753424657534
        ],
        [
            0.09194655780293193,
            0.46553213545266064,
            130.06741573033707
        ],
        [
            0.09297548720038025,
            0.5088101160862355,
            119.85093167701864
        ],
        [
            0.09025727541121888,
            0.6091983556012333,
            99.7948717948718
        ],
        [
            0.09097605893186005,
            0.7662997459779848,
            78.73333333333333
        ],
        [
            0.09278714229713837,
            0.5238193018480493,
            116.50717703349282
        ],
        [
            0.08934207331876669,
            0.8538557213930348,
            69.91304347826087
        ],
        [
            0.0925394733441869,
            0.5435277262767572,
            112.4739336492891
        ],
        [
            0.09205977472956395,
            0.5702022128958413,
            106.9795918367347
        ],
        [
            0.09129901960784313,
            0.6703635243376462,
            90.16666666666667
        ]
    ]
}