{
    "rgb_colors": [
        [
            146.3548387096774,
            139.3548387096774,
            128.09677419354838
        ],
        [
            161.50340136054422,
            154.50340136054422,
            143.48299319727892
        ],
        [
            153.0252100840336,
            146.0252100840336,
            134.94957983193277
        ],
        [
            164.36144578313252,
            157.36144578313252,
            146.36144578313252
        ],
        [
            150.3,
            143.3,
            132.18333333333334
        ],
        [
            159.00704225352112,
            152.00704225352112,
            140.99647887323943
        ],
        [
            156.62111801242236,
            149.62111801242236,
            138.56521739130434
        ],
        [
            167.02631578947367,
            160.02631578947367,
            149.02631578947367
        ],
        [
            155.08695652173913,
            148.08695652173913,
            136.97826086956522
        ],
        [
            163.0,
            156.0,
            145.0
        ]
    ],
    "hex_colors": [
        "#928b80",
        "#a19a8f",
        "#999286",
        "#a49d92",
        "#968f84",
        "#9f988c",
        "#9c958a",
        "#a7a095",
        "#9b9488",
        "#a39c91"
    ],
    "hsl_color_values": [
        [
            0.10276796230859832,
            0.12475203879215337,
            146.3548387096774
        ],
        [
            0.10192525481313701,
            0.11157912472094686,
            161.50340136054422
        ],
        [
            0.10212304354563767,
            0.11812191103789126,
            153.0252100840336
        ],
        [
            0.10185185185185186,
            0.10951473390998388,
            164.36144578313252
        ],
        [
            0.10226924256363083,
            0.12053670436903974,
            150.3
        ],
        [
            0.10188986640599546,
            0.11326896673900531,
            159.00704225352112
        ],
        [
            0.10205251691319801,
            0.11528394670050762,
            156.62111801242236
        ],
        [
            0.10185185185185186,
            0.10776744918859305,
            167.02631578947367
        ],
        [
            0.10224089635854339,
            0.1167647883375385,
            155.08695652173913
        ],
        [
            0.10185185185185186,
            0.11042944785276074,
            163.0
        ]
    ]
}