{
    "rgb_colors": [
        [
            233.73333333333332,
            225.13333333333333,
            209.0
        ],
        [
            229.5174825174825,
            220.7062937062937,
            204.64335664335664
        ],
        [
            236.3821138211382,
            227.5040650406504,
            211.46341463414635
        ],
        [
            234.76344086021504,
            226.21505376344086,
            210.06451612903226
        ],
        [
            237.5084745762712,
            229.52542372881356,
            213.1864406779661
        ],
        [
            226.10526315789474,
            217.3815789473684,
            201.28947368421052
        ],
        [
            239.43103448275863,
            230.8448275862069,
            214.70689655172413
        ],
        [
            230.67741935483872,
            222.3790322580645,
            206.1451612903226
        ],
        [
            227.71428571428572,
            219.32142857142858,
            203.11904761904762
        ],
        [
            232.48850574712642,
            223.60919540229884,
            207.56896551724137
        ]
    ],
    "hex_colors": [
        "#e9e1d1",
        "#e5dccc",
        "#ece3d3",
        "#eae2d2",
        "#ede5d5",
        "#e2d9c9",
        "#efe6d6",
        "#e6dece",
        "#e3dbcb",
        "#e8dfcf"
    ],
    "hsl_color_values": [
        [
            0.10871518418688231,
            0.10581859669138614,
            233.73333333333332
        ],
        [
            0.10762815106363045,
            0.10837573504768286,
            229.5174825174825
        ],
        [
            0.10728656878738445,
            0.10541702493551157,
            236.3821138211382
        ],
        [
            0.1089827310985344,
            0.10520771309485637,
            234.76344086021504
        ],
        [
            0.11196283391405344,
            0.10240490972668245,
            237.5084745762712
        ],
        [
            0.10807705903145981,
            0.10975325884543766,
            226.10526315789474
        ],
        [
            0.108786610878661,
            0.10326204363793484,
            239.43103448275863
        ],
        [
            0.11028928336620636,
            0.10634876241085162,
            230.67741935483872
        ],
        [
            0.1097934817683124,
            0.10800920117105817,
            227.71428571428572
        ],
        [
            0.10728013530135301,
            0.1071861172224557,
            232.48850574712642
        ]
    ]
}