{
    "rgb_colors": [
        [
            228.91836734693877,
            219.91836734693877,
            203.91836734693877
        ],
        [
            234.0,
            225.0,
            209.0
        ],
        [
            235.0,
            226.0,
            210.0
        ],
        [
            237.45731707317074,
            228.45731707317074,
            212.45731707317074
        ],
        [
            233.0,
            224.0,
            208.0
        ],
        [
            244.0,
            235.0,
            219.0
        ],
        [
            241.45454545454547,
            232.45454545454547,
            216.45454545454547
        ],
        [
            236.0,
            227.0,
            211.0
        ],
        [
            239.3828125,
            230.3828125,
            214.3828125
        ],
        [
            231.6355140186916,
            222.6355140186916,
            206.6355140186916
        ]
    ],
    "hex_colors": [
        "#e4dbcb",
        "#eae1d1",
        "#ebe2d2",
        "#ede4d4",
        "#e9e0d0",
        "#f4ebdb",
        "#f1e8d8",
        "#ece3d3",
        "#efe6d6",
        "#e7dece"
    ],
    "hsl_color_values": [
        [
            0.10666666666666667,
            0.10920923598110012,
            228.91836734693877
        ],
        [
            0.10666666666666667,
            0.10683760683760683,
            234.0
        ],
        [
            0.10666666666666667,
            0.10638297872340426,
            235.0
        ],
        [
            0.10666666666666667,
            0.10528207893588064,
            237.45731707317074
        ],
        [
            0.10666666666666667,
            0.1072961373390558,
            233.0
        ],
        [
            0.10666666666666667,
            0.10245901639344263,
            244.0
        ],
        [
            0.10666666666666667,
            0.10353915662650602,
            241.45454545454547
        ],
        [
            0.10666666666666667,
            0.1059322033898305,
            236.0
        ],
        [
            0.10666666666666667,
            0.10443523383701576,
            239.3828125
        ],
        [
            0.10666666666666667,
            0.10792818236836796,
            231.6355140186916
        ]
    ]
}