{
    "rgb_colors": [
        [
            123.46153846153847,
            106.03846153846155,
            83.88461538461539
        ],
        [
            36.06060606060606,
            28.818181818181817,
            16.5
        ],
        [
            195.73333333333332,
            164.0,
            133.33333333333331
        ],
        [
            60.65022421524664,
            49.80717488789238,
            32.34529147982063
        ],
        [
            4.8620689655172455,
            1.7586206896551744,
            0.16091954022988375
        ],
        [
            23.569230769230764,
            17.261538461538457,
            5.8615384615384585
        ],
        [
            47.969465648854964,
            40.19083969465649,
            26.519083969465647
        ],
        [
            162.84615384615384,
            132.5897435897436,
            104.66666666666666
        ],
        [
            69.9296875,
            57.72265625,
            38.58203125
        ],
        [
            82.33620689655172,
            68.4655172413793,
            48.9051724137931
        ]
    ],
    "hex_colors": [
        "#7b6a53",
        "#241c10",
        "#c3a485",
        "#3c3120",
        "#040100",
        "#171105",
        "#2f281a",
        "#a28468",
        "#453926",
        "#524430"
    ],
    "hsl_color_values": [
        [
            0.09329446064139944,
            0.3205607476635514,
            123.46153846153847
        ],
        [
            0.10495739736638261,
            0.542436974789916,
            36.06060606060606
        ],
        [
            0.08190883190883196,
            0.3188010899182562,
            195.73333333333332
        ],
        [
            0.10282002534854247,
            0.46669131238447314,
            60.65022421524664
        ],
        [
            0.0566422167889161,
            0.9669030732860523,
            4.8620689655172455
        ],
        [
            0.10729800173761946,
            0.7513054830287207,
            23.569230769230764
        ],
        [
            0.10622775800711744,
            0.44716740929344373,
            47.969465648854964
        ],
        [
            0.07999118554429267,
            0.3572665721933554,
            162.84615384615384
        ],
        [
            0.10176531671858775,
            0.4482739358730868,
            69.9296875
        ],
        [
            0.09751590166752622,
            0.40603078211705573,
            82.33620689655172
        ]
    ]
}