{
    "rgb_colors": [
        [
            84.08823529411765,
            73.08823529411765,
            61.029411764705884
        ],
        [
            204.65116279069767,
            194.02325581395348,
            183.41860465116278
        ],
        [
            138.19444444444446,
            128.43333333333334,
            113.65555555555555
        ],
        [
            121.33333333333333,
            110.88888888888889,
            97.87878787878788
        ],
        [
            194.8490566037736,
            184.79245283018867,
            173.96226415094338
        ],
        [
            169.64601769911505,
            159.76991150442478,
            147.26548672566372
        ],
        [
            253.95,
            248.6875,
            236.6875
        ],
        [
            160.46268656716418,
            150.5870646766169,
            135.07960199004975
        ],
        [
            237.89583333333331,
            229.60416666666666,
            218.14583333333331
        ],
        [
            151.61271676300578,
            141.77456647398844,
            126.00578034682081
        ]
    ],
    "hex_colors": [
        "#54493d",
        "#ccc2b7",
        "#8a8071",
        "#796e61",
        "#c2b8ad",
        "#a99f93",
        "#fdf8ec",
        "#a09687",
        "#ede5da",
        "#978d7e"
    ],
    "hsl_color_values": [
        [
            0.08715986394557824,
            0.27422175585869185,
            84.08823529411765
        ],
        [
            0.08324205914567362,
            0.10375000000000002,
            204.65116279069767
        ],
        [
            0.10036978341257263,
            0.17756783919598002,
            138.19444444444446
        ],
        [
            0.0924490381854723,
            0.1933066933066933,
            121.33333333333333
        ],
        [
            0.08641975308641965,
            0.1071947322552533,
            194.8490566037736
        ],
        [
            0.09311981020166075,
            0.13192488262910798,
            169.64601769911505
        ],
        [
            0.11585807385952217,
            0.06797597952352821,
            253.95
        ],
        [
            0.10182281458251656,
            0.1581868353331473,
            160.46268656716418
        ],
        [
            0.09669479606188475,
            0.08301952885541641,
            237.89583333333331
        ],
        [
            0.10263355906696765,
            0.16889702237980858,
            151.61271676300578
        ]
    ]
}