{
    "rgb_colors": [
        [
            206.075,
            199.69,
            190.185
        ],
        [
            105.61111111111111,
            100.22222222222223,
            94.66666666666667
        ],
        [
            165.02857142857144,
            159.31428571428572,
            150.4857142857143
        ],
        [
            47.59375,
            42.15625,
            36.875
        ],
        [
            194.60633484162895,
            188.25339366515837,
            178.579185520362
        ],
        [
            239.375,
            234.125,
            228.75
        ],
        [
            132.95652173913044,
            127.56521739130434,
            120.86956521739131
        ],
        [
            214.7941176470588,
            208.72058823529412,
            201.44117647058823
        ],
        [
            79.3809523809524,
            73.85714285714286,
            66.66666666666667
        ],
        [
            201.02261306532662,
            194.54773869346735,
            184.6180904522613
        ]
    ],
    "hex_colors": [
        "#cec7be",
        "#69645e",
        "#a59f96",
        "#2f2a24",
        "#c2bcb2",
        "#efeae4",
        "#847f78",
        "#d6d0c9",
        "#4f4942",
        "#c9c2b8"
    ],
    "hsl_color_values": [
        [
            0.09969582546675061,
            0.07710784908407127,
            206.075
        ],
        [
            0.08460236886632828,
            0.10362966859547605,
            105.61111111111111
        ],
        [
            0.10117878192534373,
            0.08812326869806095,
            165.02857142857144
        ],
        [
            0.08211856171039844,
            0.22521339461588968,
            47.59375
        ],
        [
            0.10060229625447022,
            0.0823567708333333,
            194.60633484162895
        ],
        [
            0.08431372549019607,
            0.044386422976501305,
            239.375
        ],
        [
            0.0923261390887289,
            0.09090909090909087,
            132.95652173913044
        ],
        [
            0.09085903083700449,
            0.062166233054908905,
            214.7941176470588
        ],
        [
            0.09425717852684139,
            0.16016796640671874,
            79.3809523809524
        ],
        [
            0.10088323888293278,
            0.08160535953104103,
            201.02261306532662
        ]
    ]
}