{
    "rgb_colors": [
        [
            114.45454545454545,
            64.38181818181819,
            59.56363636363636
        ],
        [
            63.83018867924528,
            52.83018867924528,
            41.58490566037736
        ],
        [
            168.72941176470587,
            157.99411764705883,
            148.68823529411765
        ],
        [
            24.925925925925924,
            17.037037037037038,
            8.814814814814824
        ],
        [
            220.77333333333334,
            204.73333333333335,
            195.6
        ],
        [
            129.8495575221239,
            119.68141592920354,
            106.70796460176992
        ],
        [
            100.54216867469879,
            91.86746987951807,
            79.97590361445782
        ],
        [
            182.80645161290323,
            173.41397849462365,
            164.252688172043
        ],
        [
            154.87777777777777,
            140.92222222222222,
            131.74444444444444
        ],
        [
            199.59883720930233,
            189.83139534883722,
            180.0581395348837
        ]
    ],
    "hex_colors": [
        "#72403b",
        "#3f3429",
        "#a89d94",
        "#181108",
        "#dcccc3",
        "#81776a",
        "#645b4f",
        "#b6ada4",
        "#9a8c83",
        "#c7bdb4"
    ],
    "hsl_color_values": [
        [
            0.014629568289720693,
            0.4795869737887212,
            114.45454545454545
        ],
        [
            0.08425219112242012,
            0.348507242092817,
            63.83018867924528
        ],
        [
            0.07738968789746609,
            0.11877701854692507,
            168.72941176470587
        ],
        [
            0.0850574712643678,
            0.6463595839524513,
            24.925925925925924
        ],
        [
            0.06046963276836168,
            0.11402343278173697,
            220.77333333333334
        ],
        [
            0.09343530911408542,
            0.1782184965583043,
            129.8495575221239
        ],
        [
            0.09636789689513774,
            0.2045536249251049,
            100.54216867469879
        ],
        [
            0.08229498696030128,
            0.10149402976295516,
            182.80645161290323
        ],
        [
            0.06612231828370159,
            0.1493650907525647,
            154.87777777777777
        ],
        [
            0.08335812754140644,
            0.09789985727185352,
            199.59883720930233
        ]
    ]
}