{
    "rgb_colors": [
        [
            46.96969696969697,
            32.96969696969697,
            15.969696969696969
        ],
        [
            73.28915662650603,
            59.28915662650603,
            42.28915662650603
        ],
        [
            54.09782608695652,
            40.09782608695652,
            23.097826086956523
        ],
        [
            78.38,
            64.38,
            47.38
        ],
        [
            60.98823529411764,
            46.98823529411764,
            29.988235294117647
        ],
        [
            58.1,
            44.1,
            27.1
        ],
        [
            69.80672268907563,
            55.80672268907563,
            38.80672268907563
        ],
        [
            63.46875,
            49.46875,
            32.46875
        ],
        [
            86.375,
            72.375,
            55.375
        ],
        [
            66.36216216216216,
            52.362162162162164,
            35.362162162162164
        ]
    ],
    "hex_colors": [
        "#2e200f",
        "#493b2a",
        "#362817",
        "#4e402f",
        "#3c2e1d",
        "#3a2c1b",
        "#453726",
        "#3f3120",
        "#564837",
        "#423423"
    ],
    "hsl_color_values": [
        [
            0.09139784946236558,
            0.66,
            46.96969696969697
        ],
        [
            0.09139784946236558,
            0.4229820812099293,
            73.28915662650603
        ],
        [
            0.09139784946236558,
            0.5730359654410287,
            54.09782608695652
        ],
        [
            0.09139784946236558,
            0.3955090584332737,
            78.38
        ],
        [
            0.09139784946236558,
            0.5082947530864197,
            60.98823529411764
        ],
        [
            0.09139784946236558,
            0.5335628227194492,
            58.1
        ],
        [
            0.09139784946236558,
            0.4440833032382328,
            69.80672268907563
        ],
        [
            0.09139784946236558,
            0.48842934515017233,
            63.46875
        ],
        [
            0.09139784946236558,
            0.3589001447178003,
            86.375
        ],
        [
            0.09139784946236558,
            0.4671336645760365,
            66.36216216216216
        ]
    ]
}