{
    "rgb_colors": [
        [
            185.84347826086957,
            196.52173913043478,
            207.42608695652174
        ],
        [
            124.06521739130434,
            132.45652173913044,
            134.2826086956522
        ],
        [
            245.74761904761905,
            252.04761904761904,
            248.81428571428572
        ],
        [
            121.69294605809128,
            171.24896265560164,
            225.0622406639004
        ],
        [
            161.8505747126437,
            170.73563218390805,
            175.77011494252872
        ],
        [
            246.75925925925924,
            249.16666666666666,
            158.07407407407408
        ],
        [
            62.57534246575344,
            94.82191780821918,
            128.06849315068493
        ],
        [
            39.15909090909091,
            51.15909090909091,
            62.95454545454544
        ],
        [
            221.55882352941177,
            227.61764705882354,
            228.64705882352942
        ],
        [
            93.54651162790698,
            133.58139534883722,
            176.88372093023256
        ]
    ],
    "hex_colors": [
        "#b9c4cf",
        "#7c8486",
        "#f5fcf8",
        "#79abe1",
        "#a1aaaf",
        "#f6f99e",
        "#3e5e80",
        "#27333e",
        "#dde3e4",
        "#5d85b0"
    ],
    "hsl_color_values": [
        [
            0.5842062852538277,
            0.10404963528129452,
            207.42608695652174
        ],
        [
            0.5297872340425532,
            0.07608871620527775,
            134.2826086956522
        ],
        [
            0.4144620811287479,
            0.024995276780653625,
            252.04761904761904
        ],
        [
            0.5867654142581888,
            0.4592920353982301,
            225.0622406639004
        ],
        [
            0.5602807597027248,
            0.0791917342401254,
            175.77011494252872
        ],
        [
            0.1710713559666599,
            0.365589000371609,
            249.16666666666666
        ],
        [
            0.5846057310186153,
            0.5113915926837094,
            128.06849315068493
        ],
        [
            0.5826170009551098,
            0.3779783393501804,
            62.95454545454544
        ],
        [
            0.5242047026279392,
            0.03100077180344741,
            228.64705882352942
        ],
        [
            0.5866006232268267,
            0.47114120431238493,
            176.88372093023256
        ]
    ]
}