{
    "rgb_colors": [
        [
            144.2962962962963,
            122.85185185185185,
            53.407407407407405
        ],
        [
            27.581560283687942,
            18.78014184397163,
            6.75177304964539
        ],
        [
            53.6101083032491,
            45.62093862815885,
            33.75812274368231
        ],
        [
            11.786982248520708,
            6.372781065088759,
            2.1183431952662737
        ],
        [
            65.43125,
            56.53125,
            43.925
        ],
        [
            67.33333333333333,
            49.22222222222222,
            3.222222222222225
        ],
        [
            152.83333333333331,
            137.41666666666666,
            88.08333333333333
        ],
        [
            201.78571428571428,
            167.71428571428572,
            58.5
        ],
        [
            42.89542483660131,
            34.75816993464052,
            22.607843137254903
        ],
        [
            106.76666666666667,
            87.3,
            35.3
        ]
    ],
    "hex_colors": [
        "#907a35",
        "#1b1206",
        "#352d21",
        "#0b0602",
        "#41382b",
        "#433103",
        "#988958",
        "#c9a73a",
        "#2a2216",
        "#6a5723"
    ],
    "hsl_color_values": [
        [
            0.12734311328443357,
            0.6298767967145791,
            144.2962962962963
        ],
        [
            0.09624333219838838,
            0.7552069940858832,
            27.581560283687942
        ],
        [
            0.09959386555131237,
            0.3703030303030304,
            53.6101083032491
        ],
        [
            0.07333741330069361,
            0.8202811244979918,
            11.786982248520708
        ],
        [
            0.09769446866221058,
            0.3286846881268508,
            65.43125
        ],
        [
            0.11958405545927209,
            0.9521452145214521,
            67.33333333333333
        ],
        [
            0.126984126984127,
            0.42366412213740456,
            152.83333333333331
        ],
        [
            0.12703555998670657,
            0.7100884955752212,
            201.78571428571428
        ],
        [
            0.09981743986254292,
            0.4729544415663568,
            42.89542483660131
        ],
        [
            0.12126865671641791,
            0.6693724633156416,
            106.76666666666667
        ]
    ]
}