{
    "rgb_colors": [
        [
            66.07446808510639,
            51.07446808510638,
            31.074468085106382
        ],
        [
            78.4,
            63.4,
            43.4
        ],
        [
            68.50588235294117,
            53.50588235294118,
            33.50588235294118
        ],
        [
            70.0,
            55.0,
            35.0
        ],
        [
            71.4601226993865,
            56.4601226993865,
            36.4601226993865
        ],
        [
            59.513513513513516,
            44.513513513513516,
            24.513513513513512
        ],
        [
            73.88888888888889,
            58.888888888888886,
            38.888888888888886
        ],
        [
            63.255102040816325,
            48.255102040816325,
            28.255102040816325
        ],
        [
            76.484375,
            61.484375,
            41.484375
        ],
        [
            80.9090909090909,
            65.9090909090909,
            45.90909090909091
        ]
    ],
    "hex_colors": [
        "#42331f",
        "#4e3f2b",
        "#443521",
        "#463723",
        "#473824",
        "#3b2c18",
        "#493a26",
        "#3f301c",
        "#4c3d29",
        "#50412d"
    ],
    "hsl_color_values": [
        [
            0.09523809523809522,
            0.5297053614554823,
            66.07446808510639
        ],
        [
            0.09523809523809522,
            0.4464285714285715,
            78.4
        ],
        [
            0.09523809523809527,
            0.5109050317705649,
            68.50588235294117
        ],
        [
            0.09523809523809523,
            0.5,
            70.0
        ],
        [
            0.09523809523809523,
            0.48978365384615385,
            71.4601226993865
        ],
        [
            0.09523809523809523,
            0.5881017257039055,
            59.513513513513516
        ],
        [
            0.09523809523809523,
            0.4736842105263158,
            73.88888888888889
        ],
        [
            0.09523809523809523,
            0.5533150508146475,
            63.255102040816325
        ],
        [
            0.09523809523809523,
            0.4576098059244127,
            76.484375
        ],
        [
            0.09523809523809523,
            0.43258426966292135,
            80.9090909090909
        ]
    ]
}