{
    "rgb_colors": [
        [
            42.532019704433495,
            39.86699507389162,
            37.19704433497537
        ],
        [
            48.0,
            45.791044776119406,
            42.208955223880594
        ],
        [
            45.73026315789474,
            43.48026315789474,
            39.98026315789474
        ],
        [
            41.0,
            38.19736842105263,
            35.80263157894737
        ],
        [
            37.142857142857146,
            34.23809523809524,
            32.04761904761905
        ],
        [
            49.34090909090909,
            47.22727272727273,
            43.45454545454545
        ],
        [
            51.854166666666664,
            49.833333333333336,
            45.875
        ],
        [
            47.0,
            44.67901234567901,
            41.32098765432099
        ],
        [
            44.31521739130435,
            41.630434782608695,
            39.0
        ],
        [
            39.66265060240964,
            36.855421686746986,
            34.46987951807229
        ]
    ],
    "hex_colors": [
        "#2a2725",
        "#302d2a",
        "#2d2b27",
        "#292623",
        "#252220",
        "#312f2b",
        "#33312d",
        "#2f2c29",
        "#2c2927",
        "#272422"
    ],
    "hsl_color_values": [
        [
            0.08341028008618036,
            0.1254343293954135,
            42.532019704433495
        ],
        [
            0.10309278350515477,
            0.1206467661691543,
            48.0
        ],
        [
            0.10144927536231885,
            0.12573730398503813,
            45.73026315789474
        ],
        [
            0.07679324894514761,
            0.12676508344030804,
            41.0
        ],
        [
            0.07165109034267912,
            0.13717948717948716,
            37.142857142857146
        ],
        [
            0.10682110682110675,
            0.11929986181483195,
            49.34090909090909
        ],
        [
            0.11033681765389093,
            0.11530735235034147,
            51.854166666666664
        ],
        [
            0.09855072463768118,
            0.1208300499080641,
            47.0
        ],
        [
            0.0824812542603953,
            0.11994113318616637,
            44.31521739130435
        ],
        [
            0.0765661252900231,
            0.13092345078979348,
            39.66265060240964
        ]
    ]
}