{
    "rgb_colors": [
        [
            44.43809523809524,
            38.31428571428572,
            32.27619047619048
        ],
        [
            22.69620253164557,
            16.82278481012658,
            11.164556962025316
        ],
        [
            37.50847457627118,
            31.36864406779661,
            24.864406779661017
        ],
        [
            51.693333333333335,
            45.266666666666666,
            38.54666666666667
        ],
        [
            9.571428571428577,
            4.107142857142861,
            1.0357142857142883
        ],
        [
            76.26086956521739,
            69.89855072463769,
            59.507246376811594
        ],
        [
            68.03370786516854,
            61.61797752808989,
            52.46067415730337
        ],
        [
            31.770114942528735,
            25.660919540229884,
            19.160919540229884
        ],
        [
            85.95555555555555,
            80.0,
            69.62222222222223
        ],
        [
            60.55882352941177,
            53.94117647058823,
            44.69117647058823
        ]
    ],
    "hex_colors": [
        "#2c2620",
        "#16100b",
        "#251f18",
        "#332d26",
        "#090401",
        "#4c453b",
        "#443d34",
        "#1f1913",
        "#555045",
        "#3c352c"
    ],
    "hsl_color_values": [
        [
            0.08274601931610548,
            0.27368195456493777,
            44.43809523809524
        ],
        [
            0.08177826564215146,
            0.5080870050195204,
            22.69620253164557
        ],
        [
            0.08573503127792674,
            0.33709896068685036,
            37.50847457627118
        ],
        [
            0.08519269776876265,
            0.25432035078669074,
            51.693333333333335
        ],
        [
            0.05997210599721061,
            0.8917910447761191,
            9.571428571428577
        ],
        [
            0.10337370242214539,
            0.21968833143291525,
            76.26086956521739
        ],
        [
            0.09800384800384802,
            0.22890173410404618,
            68.03370786516854
        ],
        [
            0.08591613491340018,
            0.3968885672937772,
            31.770114942528735
        ],
        [
            0.10589569160997732,
            0.19002068252326762,
            85.95555555555555
        ],
        [
            0.09715786221810314,
            0.2620203982515785,
            60.55882352941177
        ]
    ]
}