{
    "rgb_colors": [
        [
            180.77272727272728,
            173.6818181818182,
            170.22727272727275
        ],
        [
            10.0,
            6.65517241379311,
            6.310344827586206
        ],
        [
            156.98863636363637,
            149.5568181818182,
            141.6590909090909
        ],
        [
            71.77777777777777,
            66.77777777777777,
            64.77777777777777
        ],
        [
            45.08333333333334,
            40.08333333333334,
            38.083333333333336
        ],
        [
            202.5806451612903,
            194.67741935483872,
            190.74193548387098
        ],
        [
            3.1328125,
            0.56640625,
            0.93359375
        ],
        [
            168.8972602739726,
            160.92465753424656,
            152.67123287671234
        ],
        [
            18.391304347826093,
            15.304347826086953,
            15.217391304347828
        ],
        [
            162.7603305785124,
            155.28650137741047,
            146.46556473829202
        ]
    ],
    "hex_colors": [
        "#b4adaa",
        "#0a0606",
        "#9c958d",
        "#474240",
        "#2d2826",
        "#cac2be",
        "#030000",
        "#a8a098",
        "#120f0f",
        "#a29b92"
    ],
    "hsl_color_values": [
        [
            0.0545977011494251,
            0.05833542871511182,
            180.77272727272728
        ],
        [
            0.015576323987539276,
            0.3689655172413794,
            10.0
        ],
        [
            0.08586607363479122,
            0.09764748461816873,
            156.98863636363637
        ],
        [
            0.047619047619047616,
            0.09752321981424149,
            71.77777777777777
        ],
        [
            0.04761904761904775,
            0.15526802218114616,
            45.08333333333334
        ],
        [
            0.055404178019981966,
            0.05843949044585976,
            202.5806451612903
        ],
        [
            0.976154236428209,
            0.8192019950124688,
            3.1328125
        ],
        [
            0.08477557337835924,
            0.09607040025954001,
            168.8972602739726
        ],
        [
            0.004566210045661841,
            0.1725768321513004,
            18.391304347826093
        ],
        [
            0.09022259791490565,
            0.1001150942757523,
            162.7603305785124
        ]
    ]
}