{
    "rgb_colors": [
        [
            80.54545454545455,
            64.88111888111888,
            46.87412587412587
        ],
        [
            89.62637362637362,
            74.01098901098901,
            55.85714285714286
        ],
        [
            84.0670731707317,
            68.0670731707317,
            51.06707317073171
        ],
        [
            78.40186915887851,
            62.78504672897196,
            44.63551401869159
        ],
        [
            87.5959595959596,
            71.82828282828282,
            54.131313131313135
        ],
        [
            86.25,
            70.86290322580645,
            52.024193548387096
        ],
        [
            93.5,
            78.3,
            58.9
        ],
        [
            82.37007874015748,
            66.99212598425197,
            48.125984251968504
        ],
        [
            84.51724137931035,
            69.51724137931035,
            49.51724137931034
        ],
        [
            75.6774193548387,
            60.37096774193549,
            41.29032258064516
        ]
    ],
    "hex_colors": [
        "#50402e",
        "#594a37",
        "#544433",
        "#4e3e2c",
        "#574736",
        "#564634",
        "#5d4e3a",
        "#524230",
        "#544531",
        "#4b3c29"
    ],
    "hsl_color_values": [
        [
            0.08913118726202836,
            0.41804132661920473,
            80.54545454545455
        ],
        [
            0.08959757023538344,
            0.37677783227072087,
            89.62637362637362
        ],
        [
            0.08585858585858584,
            0.3925437005875099,
            84.0670731707317
        ],
        [
            0.08958390995479286,
            0.4306830373107642,
            78.40186915887851
        ],
        [
            0.08813763960156955,
            0.38203413284132837,
            87.5959595959596
        ],
        [
            0.09173735469682687,
            0.39682094436652643,
            86.25
        ],
        [
            0.09344894026974952,
            0.3700534759358289,
            93.5
        ],
        [
            0.09182187476048136,
            0.4157346334002486,
            82.37007874015748
        ],
        [
            0.09523809523809525,
            0.4141166870665035,
            84.51724137931035
        ],
        [
            0.09247967479674801,
            0.45439045183290705,
            75.6774193548387
        ]
    ]
}