{
    "rgb_colors": [
        [
            12.651515151515152,
            9.015151515151516,
            8.287878787878789
        ],
        [
            5.849056603773585,
            2.9150943396226427,
            3.849056603773585
        ],
        [
            31.13861386138614,
            26.356435643564357,
            23.465346534653463
        ],
        [
            24.584745762711865,
            20.152542372881356,
            17.576271186440678
        ],
        [
            16.253731343283583,
            12.64179104477612,
            11.35820895522388
        ],
        [
            1.7730061349693251,
            0.30674846625766783,
            1.963190184049079
        ],
        [
            27.492063492063494,
            22.888888888888886,
            20.166666666666664
        ],
        [
            21.736363636363635,
            18.245454545454546,
            16.154545454545456
        ],
        [
            9.04225352112676,
            5.887323943661972,
            6.140845070422535
        ],
        [
            19.28125,
            15.802083333333332,
            14.104166666666666
        ]
    ],
    "hex_colors": [
        "#0c0908",
        "#050203",
        "#1f1a17",
        "#181411",
        "#100c0b",
        "#010001",
        "#1b1614",
        "#151210",
        "#090506",
        "#130f0e"
    ],
    "hsl_color_values": [
        [
            0.027777777777777752,
            0.3449101796407185,
            12.651515151515152
        ],
        [
            0.9469453376205789,
            0.5016129032258062,
            5.849056603773585
        ],
        [
            0.0627956989247312,
            0.24642289348171714,
            31.13861386138614
        ],
        [
            0.06126561870213624,
            0.2850741123750431,
            24.584745762711865
        ],
        [
            0.043699186991869955,
            0.30119375573921037,
            16.253731343283583
        ],
        [
            0.8141975308641975,
            0.8437500000000004,
            1.963190184049079
        ],
        [
            0.061935716865294276,
            0.2664549653579678,
            27.492063492063494
        ],
        [
            0.06243213897937026,
            0.2567963195315766,
            21.736363636363635
        ],
        [
            0.9866071428571429,
            0.3489096573208722,
            9.04225352112676
        ],
        [
            0.05466130114017435,
            0.2685035116153431,
            19.28125
        ]
    ]
}