{
    "rgb_colors": [
        [
            201.54716981132074,
            186.54716981132074,
            164.54716981132074
        ],
        [
            195.74137931034483,
            180.74137931034483,
            158.74137931034483
        ],
        [
            208.46428571428572,
            193.46428571428572,
            171.46428571428572
        ],
        [
            203.94761904761904,
            188.94761904761904,
            166.94761904761904
        ],
        [
            212.32758620689654,
            197.32758620689654,
            175.32758620689654
        ],
        [
            200.0,
            185.0,
            163.0
        ],
        [
            206.46987951807228,
            191.46987951807228,
            169.46987951807228
        ],
        [
            210.32075471698113,
            195.32075471698113,
            173.32075471698113
        ],
        [
            214.93103448275863,
            199.93103448275863,
            177.93103448275863
        ],
        [
            198.4512195121951,
            183.4512195121951,
            161.4512195121951
        ]
    ],
    "hex_colors": [
        "#c9baa4",
        "#c3b49e",
        "#d0c1ab",
        "#cbbca6",
        "#d4c5af",
        "#c8b9a3",
        "#cebfa9",
        "#d2c3ad",
        "#d6c7b1",
        "#c6b7a1"
    ],
    "hsl_color_values": [
        [
            0.09909909909909909,
            0.18357985395993262,
            201.54716981132074
        ],
        [
            0.09909909909909909,
            0.18902492733198273,
            195.74137931034483
        ],
        [
            0.09909909909909909,
            0.17748843584032892,
            208.46428571428572
        ],
        [
            0.09909909909909909,
            0.1814191318966121,
            203.94761904761904
        ],
        [
            0.09909909909909909,
            0.17425903369874138,
            212.32758620689654
        ],
        [
            0.09909909909909909,
            0.185,
            200.0
        ],
        [
            0.09909909909909909,
            0.17920289432222677,
            206.46987951807228
        ],
        [
            0.09909909909909909,
            0.17592177267426215,
            210.32075471698113
        ],
        [
            0.09909909909909909,
            0.17214824322156264,
            214.93103448275863
        ],
        [
            0.09909909909909909,
            0.18644380261783322,
            198.4512195121951
        ]
    ]
}