{
    "rgb_colors": [
        [
            48.97260273972603,
            46.678082191780824,
            43.363013698630134
        ],
        [
            54.4,
            52.373333333333335,
            48.42666666666667
        ],
        [
            50.48936170212766,
            48.36702127659574,
            44.62234042553192
        ],
        [
            47.97938144329897,
            45.76288659793814,
            42.23711340206186
        ],
        [
            57.03030303030303,
            55.0,
            51.06060606060606
        ],
        [
            41.083333333333336,
            38.22222222222222,
            36.111111111111114
        ],
        [
            46.457142857142856,
            44.005714285714284,
            41.0
        ],
        [
            42.81395348837209,
            40.16279069767442,
            37.7906976744186
        ],
        [
            44.51,
            42.01,
            39.07
        ],
        [
            52.37404580152672,
            50.29770992366412,
            46.465648854961835
        ]
    ],
    "hex_colors": [
        "#302e2b",
        "#363430",
        "#32302c",
        "#2f2d2a",
        "#393733",
        "#292624",
        "#2e2c29",
        "#2a2825",
        "#2c2a27",
        "#34322e"
    ],
    "hsl_color_values": [
        [
            0.09849409849409858,
            0.11454545454545463,
            48.97260273972603
        ],
        [
            0.11011904761904767,
            0.10980392156862738,
            54.4
        ],
        [
            0.10637654880628582,
            0.11620311841550776,
            50.48936170212766
        ],
        [
            0.1023339317773787,
            0.11968199398366991,
            47.97938144329897
        ],
        [
            0.1099830795262267,
            0.10467587672688627,
            57.03030303030303
        ],
        [
            0.07076350093109857,
            0.12102772143340092,
            41.083333333333336
        ],
        [
            0.09179755671902264,
            0.11746617466174658,
            46.457142857142856
        ],
        [
            0.0787037037037037,
            0.11732753938077137,
            42.81395348837209
        ],
        [
            0.09007352941176468,
            0.12221972590429113,
            44.51
        ],
        [
            0.1080964685615848,
            0.11281154350677743,
            52.37404580152672
        ]
    ]
}