{
    "rgb_colors": [
        [
            233.92753623188406,
            222.04347826086956,
            203.04347826086956
        ],
        [
            226.95876288659792,
            215.04123711340208,
            196.04123711340208
        ],
        [
            222.57142857142858,
            210.57142857142858,
            191.57142857142858
        ],
        [
            227.97727272727272,
            216.02272727272728,
            197.02272727272728
        ],
        [
            220.15254237288136,
            208.25423728813558,
            189.25423728813558
        ],
        [
            223.92,
            212.02,
            193.02
        ],
        [
            224.94782608695652,
            213.05217391304348,
            194.05217391304348
        ],
        [
            231.376,
            219.456,
            200.456
        ],
        [
            225.9626168224299,
            214.0373831775701,
            195.0373831775701
        ],
        [
            229.5120481927711,
            217.54819277108433,
            198.54819277108433
        ]
    ],
    "hex_colors": [
        "#e9decb",
        "#e2d7c4",
        "#ded2bf",
        "#e3d8c5",
        "#dcd0bd",
        "#dfd4c1",
        "#e0d5c2",
        "#e7dbc8",
        "#e1d6c3",
        "#e5d9c6"
    ],
    "hsl_color_values": [
        [
            0.10253402158610979,
            0.13202403816368258,
            233.92753623188406
        ],
        [
            0.10242302989885527,
            0.13622530093118318,
            226.95876288659792
        ],
        [
            0.10215053763440861,
            0.13928112965340178,
            222.57142857142858
        ],
        [
            0.10230053842388649,
            0.1357790848370052,
            227.97727272727272
        ],
        [
            0.10248674346315594,
            0.14034952652244212,
            220.15254237288136
        ],
        [
            0.1024811218985977,
            0.1379957127545551,
            223.92
        ],
        [
            0.10249554367201424,
            0.13734585797672894,
            224.94782608695652
        ],
        [
            0.10241483398016382,
            0.1336352949311943,
            231.376
        ],
        [
            0.10239750176286894,
            0.13685995533129292,
            225.9626168224299
        ],
        [
            0.10226977950713356,
            0.1349116774718497,
            229.5120481927711
        ]
    ]
}