{
    "rgb_colors": [
        [
            180.0,
            171.0,
            159.0
        ],
        [
            141.1,
            125.69999999999999,
            110.8
        ],
        [
            164.94736842105263,
            155.24561403508773,
            143.12280701754386
        ],
        [
            153.11111111111111,
            139.88888888888889,
            126.44444444444444
        ],
        [
            174.92268041237114,
            165.88144329896906,
            153.89175257731958
        ],
        [
            91.0,
            72.0,
            56.0
        ],
        [
            170.76470588235293,
            161.43529411764706,
            149.45882352941177
        ],
        [
            177.5,
            168.48924731182797,
            156.49462365591398
        ],
        [
            110.33333333333334,
            91.33333333333334,
            76.0
        ],
        [
            183.28729281767957,
            174.28729281767957,
            162.28729281767957
        ]
    ],
    "hex_colors": [
        "#b4ab9f",
        "#8d7d6e",
        "#a49b8f",
        "#998b7e",
        "#aea599",
        "#5b4838",
        "#aaa195",
        "#b1a89c",
        "#6e5b4c",
        "#b7aea2"
    ],
    "hsl_color_values": [
        [
            0.09523809523809523,
            0.11666666666666667,
            180.0
        ],
        [
            0.08195819581958191,
            0.21474131821403258,
            141.1
        ],
        [
            0.09257770632368707,
            0.13231227398425863,
            164.94736842105263
        ],
        [
            0.08402777777777776,
            0.17416545718432513,
            153.11111111111111
        ],
        [
            0.09501633986928097,
            0.12022985118609111,
            174.92268041237114
        ],
        [
            0.0761904761904762,
            0.38461538461538464,
            91.0
        ],
        [
            0.09368672924719312,
            0.12476748191525995,
            170.76470588235293
        ],
        [
            0.09517106048971936,
            0.118340148417386,
            177.5
        ],
        [
            0.07443365695792882,
            0.31117824773413905,
            110.33333333333334
        ],
        [
            0.09523809523809523,
            0.11457422758100978,
            183.28729281767957
        ]
    ]
}