{
    "rgb_colors": [
        [
            245.38181818181818,
            239.38181818181818,
            224.38181818181818
        ],
        [
            240.0,
            234.0,
            219.0
        ],
        [
            241.0,
            235.0,
            220.0
        ],
        [
            233.98507462686567,
            227.98507462686567,
            212.98507462686567
        ],
        [
            244.0,
            238.0,
            223.0
        ],
        [
            247.5121951219512,
            241.5121951219512,
            226.5121951219512
        ],
        [
            238.67832167832168,
            232.67832167832168,
            217.67832167832168
        ],
        [
            236.5090909090909,
            230.5090909090909,
            215.5090909090909
        ],
        [
            243.0,
            237.0,
            222.0
        ],
        [
            242.0,
            236.0,
            221.0
        ]
    ],
    "hex_colors": [
        "#f5efe0",
        "#f0eadb",
        "#f1ebdc",
        "#e9e3d4",
        "#f4eedf",
        "#f7f1e2",
        "#eee8d9",
        "#ece6d7",
        "#f3edde",
        "#f2ecdd"
    ],
    "hsl_color_values": [
        [
            0.11904761904761905,
            0.08558091286307054,
            245.38181818181818
        ],
        [
            0.11904761904761905,
            0.0875,
            240.0
        ],
        [
            0.11904761904761905,
            0.08713692946058091,
            241.0
        ],
        [
            0.11904761904761905,
            0.08974931428206928,
            233.98507462686567
        ],
        [
            0.11904761904761905,
            0.0860655737704918,
            244.0
        ],
        [
            0.11904761904761905,
            0.08484430429641308,
            247.5121951219512
        ],
        [
            0.11904761904761905,
            0.08798453019249362,
            238.67832167832168
        ],
        [
            0.11904761904761905,
            0.08879151291512916,
            236.5090909090909
        ],
        [
            0.11904761904761905,
            0.08641975308641975,
            243.0
        ],
        [
            0.11904761904761905,
            0.08677685950413223,
            242.0
        ]
    ]
}