{
    "rgb_colors": [
        [
            75.0,
            60.0,
            40.0
        ],
        [
            70.5251798561151,
            55.52517985611511,
            35.52517985611511
        ],
        [
            87.88888888888889,
            72.88888888888889,
            52.888888888888886
        ],
        [
            82.80701754385964,
            67.80701754385964,
            47.80701754385965
        ],
        [
            65.15151515151516,
            50.15151515151515,
            30.15151515151515
        ],
        [
            73.00420168067227,
            58.00420168067227,
            38.00420168067227
        ],
        [
            77.4820143884892,
            62.48201438848921,
            42.48201438848921
        ],
        [
            79.8108108108108,
            64.8108108108108,
            44.81081081081081
        ],
        [
            76.0,
            61.0,
            41.0
        ],
        [
            68.33333333333333,
            53.333333333333336,
            33.333333333333336
        ]
    ],
    "hex_colors": [
        "#4b3c28",
        "#463723",
        "#574834",
        "#52432f",
        "#41321e",
        "#493a26",
        "#4d3e2a",
        "#4f402c",
        "#4c3d29",
        "#443521"
    ],
    "hsl_color_values": [
        [
            0.09523809523809523,
            0.4666666666666667,
            75.0
        ],
        [
            0.09523809523809527,
            0.4962766500051004,
            70.5251798561151
        ],
        [
            0.09523809523809523,
            0.39823008849557523,
            87.88888888888889
        ],
        [
            0.09523809523809523,
            0.42266949152542366,
            82.80701754385964
        ],
        [
            0.09523809523809522,
            0.5372093023255815,
            65.15151515151516
        ],
        [
            0.09523809523809523,
            0.4794244604316547,
            73.00420168067227
        ],
        [
            0.09523809523809527,
            0.4517177344475394,
            77.4820143884892
        ],
        [
            0.09523809523809523,
            0.4385370809346428,
            79.8108108108108
        ],
        [
            0.09523809523809523,
            0.4605263157894737,
            76.0
        ],
        [
            0.09523809523809527,
            0.5121951219512194,
            68.33333333333333
        ]
    ]
}