{
    "rgb_colors": [
        [
            181.725,
            176.625,
            167.15
        ],
        [
            24.138686131386862,
            20.78832116788321,
            17.89781021897811
        ],
        [
            157.1818181818182,
            151.61363636363637,
            142.5681818181818
        ],
        [
            5.0203045685279335,
            2.2131979695431596,
            1.0203045685279335
        ],
        [
            237.32530120481928,
            233.0120481927711,
            222.1686746987952
        ],
        [
            35.2111801242236,
            32.0248447204969,
            29.51552795031057
        ],
        [
            254.3356401384083,
            253.25951557093427,
            240.78892733564015
        ],
        [
            127.58823529411765,
            122.58823529411765,
            114.3529411764706
        ],
        [
            87.21052631578948,
            82.63157894736842,
            76.36842105263159
        ],
        [
            213.21621621621622,
            208.75675675675677,
            199.54054054054055
        ]
    ],
    "hex_colors": [
        "#b5b0a7",
        "#181411",
        "#9d978e",
        "#050201",
        "#ede9de",
        "#23201d",
        "#fefdf0",
        "#7f7a72",
        "#57524c",
        "#d5d0c7"
    ],
    "hsl_color_values": [
        [
            0.10834762721555176,
            0.0802036043472279,
            181.725
        ],
        [
            0.07719298245614024,
            0.2585424856365284,
            24.138686131386862
        ],
        [
            0.10316226023846564,
            0.09297281665702725,
            157.1818181818182
        ],
        [
            0.04970389170896775,
            0.7967644084934253,
            5.0203045685279335
        ],
        [
            0.11923688394276626,
            0.06386435171083353,
            237.32530120481928
        ],
        [
            0.07342784442021084,
            0.1617569236196857,
            35.2111801242236
        ],
        [
            0.1534269902085995,
            0.053263132117056404,
            254.3356401384083
        ],
        [
            0.1037037037037037,
            0.10373443983402489,
            127.58823529411765
        ],
        [
            0.0962783171521035,
            0.12432106216053102,
            87.21052631578948
        ],
        [
            0.11231884057971024,
            0.0641399416909621,
            213.21621621621622
        ]
    ]
}