{
    "rgb_colors": [
        [
            77.28813559322035,
            71.67796610169492,
            67.33898305084746
        ],
        [
            136.64285714285714,
            130.21428571428572,
            122.92857142857143
        ],
        [
            55.41843971631206,
            49.361702127659576,
            44.170212765957444
        ],
        [
            20.279661016949152,
            14.305084745762713,
            10.618644067796609
        ],
        [
            89.85454545454544,
            84.12727272727273,
            80.0909090909091
        ],
        [
            6.1824561403508795,
            1.2666666666666657,
            0.5192982456140349
        ],
        [
            64.91089108910892,
            58.960396039603964,
            54.78217821782178
        ],
        [
            44.8974358974359,
            38.64957264957265,
            33.547008547008545
        ],
        [
            106.45714285714286,
            100.71428571428571,
            96.02857142857142
        ],
        [
            32.36363636363636,
            26.07070707070707,
            21.606060606060606
        ]
    ],
    "hex_colors": [
        "#4d4743",
        "#88827a",
        "#37312c",
        "#140e0a",
        "#595450",
        "#060100",
        "#403a36",
        "#2c2621",
        "#6a6460",
        "#201a15"
    ],
    "hsl_color_values": [
        [
            0.07268597387847815,
            0.12872807017543864,
            77.28813559322035
        ],
        [
            0.08854166666666678,
            0.10036591740721376,
            136.64285714285714
        ],
        [
            0.07692307692307697,
            0.20296902994625038,
            55.41843971631206
        ],
        [
            0.0635964912280702,
            0.47638946928541587,
            20.279661016949152
        ],
        [
            0.06890130353817504,
            0.10866046135167935,
            89.85454545454544
        ],
        [
            0.021995043370508022,
            0.9160045402951192,
            6.1824561403508795
        ],
        [
            0.06875203649397203,
            0.15604026845637592,
            64.91089108910892
        ],
        [
            0.07492469879518071,
            0.2528079192842186,
            44.8974358974359
        ],
        [
            0.0748858447488584,
            0.09796027911969943,
            106.45714285714286
        ],
        [
            0.06917057902973396,
            0.3323970037453183,
            32.36363636363636
        ]
    ]
}