{
    "rgb_colors": [
        [
            219.54861111111111,
            209.54861111111111,
            190.54861111111111
        ],
        [
            226.46376811594203,
            216.46376811594203,
            197.46376811594203
        ],
        [
            217.5679012345679,
            207.5679012345679,
            188.5679012345679
        ],
        [
            221.0,
            211.0,
            192.0
        ],
        [
            225.0,
            215.0,
            196.0
        ],
        [
            224.0,
            214.0,
            195.0
        ],
        [
            215.33333333333334,
            205.33333333333334,
            186.33333333333334
        ],
        [
            230.75862068965517,
            220.75862068965517,
            201.75862068965517
        ],
        [
            222.53072625698323,
            212.53072625698323,
            193.53072625698323
        ],
        [
            228.42424242424244,
            218.42424242424244,
            199.42424242424244
        ]
    ],
    "hex_colors": [
        "#dbd1be",
        "#e2d8c5",
        "#d9cfbc",
        "#ddd3c0",
        "#e1d7c4",
        "#e0d6c3",
        "#d7cdba",
        "#e6dcc9",
        "#ded4c1",
        "#e4dac7"
    ],
    "hsl_color_values": [
        [
            0.10919540229885057,
            0.1320891981654278,
            219.54861111111111
        ],
        [
            0.10919540229885057,
            0.12805580442851658,
            226.46376811594203
        ],
        [
            0.10919540229885057,
            0.13329172104635986,
            217.5679012345679
        ],
        [
            0.10919540229885057,
            0.13122171945701358,
            221.0
        ],
        [
            0.10919540229885057,
            0.1288888888888889,
            225.0
        ],
        [
            0.10919540229885057,
            0.12946428571428573,
            224.0
        ],
        [
            0.10919540229885057,
            0.1346749226006192,
            215.33333333333334
        ],
        [
            0.10919540229885057,
            0.1256724447101016,
            230.75862068965517
        ],
        [
            0.10919540229885057,
            0.13031908216805163,
            222.53072625698323
        ],
        [
            0.10919540229885057,
            0.12695675245423188,
            228.42424242424244
        ]
    ]
}