{
    "rgb_colors": [
        [
            49.0,
            47.0,
            43.0
        ],
        [
            56.0,
            54.0,
            50.0
        ],
        [
            55.0,
            53.0,
            49.0
        ],
        [
            51.0,
            49.0,
            45.0
        ],
        [
            50.0,
            48.0,
            44.0
        ],
        [
            54.0,
            52.0,
            48.0
        ],
        [
            53.0,
            51.0,
            47.0
        ],
        [
            57.55555555555556,
            55.55555555555556,
            51.55555555555556
        ],
        [
            47.734693877551024,
            45.734693877551024,
            41.734693877551024
        ],
        [
            52.0,
            50.0,
            46.0
        ]
    ],
    "hex_colors": [
        "#312f2b",
        "#383632",
        "#373531",
        "#33312d",
        "#32302c",
        "#363430",
        "#35332f",
        "#393733",
        "#2f2d29",
        "#34322e"
    ],
    "hsl_color_values": [
        [
            0.11111111111111112,
            0.12244897959183673,
            49.0
        ],
        [
            0.11111111111111112,
            0.10714285714285714,
            56.0
        ],
        [
            0.11111111111111112,
            0.10909090909090909,
            55.0
        ],
        [
            0.11111111111111112,
            0.11764705882352941,
            51.0
        ],
        [
            0.11111111111111112,
            0.12,
            50.0
        ],
        [
            0.11111111111111112,
            0.1111111111111111,
            54.0
        ],
        [
            0.11111111111111112,
            0.11320754716981132,
            53.0
        ],
        [
            0.11111111111111112,
            0.10424710424710425,
            57.55555555555556
        ],
        [
            0.11111111111111112,
            0.12569474134245404,
            47.734693877551024
        ],
        [
            0.11111111111111112,
            0.11538461538461539,
            52.0
        ]
    ]
}