{
    "rgb_colors": [
        [
            149.05737704918033,
            130.30327868852459,
            110.3688524590164
        ],
        [
            171.27672955974842,
            153.16352201257862,
            134.0
        ],
        [
            207.46153846153845,
            189.03589743589743,
            169.9230769230769
        ],
        [
            191.04651162790697,
            172.71317829457365,
            153.75193798449612
        ],
        [
            65.22916666666667,
            22.22916666666667,
            11.166666666666671
        ],
        [
            251.03030303030303,
            232.62121212121212,
            215.6818181818182
        ],
        [
            118.14583333333334,
            96.95833333333334,
            77.97916666666667
        ],
        [
            226.8861788617886,
            207.90243902439025,
            189.2926829268293
        ],
        [
            93.67692307692307,
            47.26153846153845,
            36.26153846153845
        ],
        [
            33.84057971014494,
            5.956521739130437,
            0.7826086956521863
        ]
    ],
    "hex_colors": [
        "#95826e",
        "#ab9986",
        "#cfbda9",
        "#bfac99",
        "#41160b",
        "#fbe8d7",
        "#76604d",
        "#e2cfbd",
        "#5d2f24",
        "#210500"
    ],
    "hsl_color_values": [
        [
            0.08587570621468925,
            0.25955457794885894,
            149.05737704918033
        ],
        [
            0.08568134525617238,
            0.2176403627951382,
            171.27672955974842
        ],
        [
            0.08485883424408015,
            0.1809417871709307,
            207.46153846153845
        ],
        [
            0.08473636804545144,
            0.19521201054980722,
            191.04651162790697
        ],
        [
            0.034104046242774556,
            0.8288086873203449,
            65.22916666666667
        ],
        [
            0.07986855265037862,
            0.14081361661033315,
            251.03030303030303
        ],
        [
            0.07875172890733058,
            0.3399753129959443,
            118.14583333333334
        ],
        [
            0.08250432525951557,
            0.1656931952556705,
            226.8861788617886
        ],
        [
            0.03193104680242944,
            0.6129085235670884,
            93.67692307692307
        ],
        [
            0.026085050416483957,
            0.9768736616702351,
            33.84057971014494
        ]
    ]
}