{
    "rgb_colors": [
        [
            82.99148936170212,
            77.31063829787234,
            72.62553191489361
        ],
        [
            23.196969696969695,
            18.015151515151516,
            13.833333333333329
        ],
        [
            174.46153846153845,
            169.84615384615387,
            163.61538461538464
        ],
        [
            129.54545454545456,
            124.33333333333334,
            117.96969696969697
        ],
        [
            66.02923976608187,
            60.96491228070175,
            57.514619883040936
        ],
        [
            224.71052631578948,
            220.3157894736842,
            213.05263157894737
        ],
        [
            96.36296296296297,
            90.44444444444444,
            85.44444444444444
        ],
        [
            250.21212121212122,
            246.75757575757575,
            237.03030303030303
        ],
        [
            38.774193548387096,
            33.78225806451613,
            29.258064516129032
        ],
        [
            52.05521472392638,
            47.079754601226995,
            42.858895705521476
        ]
    ],
    "hex_colors": [
        "#524d48",
        "#17120d",
        "#aea9a3",
        "#817c75",
        "#423c39",
        "#e0dcd5",
        "#605a55",
        "#faf6ed",
        "#26211d",
        "#342f2a"
    ],
    "hsl_color_values": [
        [
            0.07532840722495909,
            0.12490386094447006,
            82.99148936170212
        ],
        [
            0.07443365695792886,
            0.40365774003919025,
            23.196969696969695
        ],
        [
            0.09574468085106407,
            0.06216931216931197,
            174.46153846153845
        ],
        [
            0.09162303664921467,
            0.08935672514619894,
            129.54545454545456
        ],
        [
            0.06753663003663,
            0.12895226286422815,
            66.02923976608187
        ],
        [
            0.10383747178329537,
            0.05187961119569038,
            224.71052631578948
        ],
        [
            0.0763229308005427,
            0.1133061726497041,
            96.36296296296297
        ],
        [
            0.12298850574712629,
            0.05268257236284367,
            250.21212121212122
        ],
        [
            0.07923728813559322,
            0.2454242928452579,
            38.774193548387096
        ],
        [
            0.07649544140538132,
            0.17666470241602825,
            52.05521472392638
        ]
    ]
}