{
    "rgb_colors": [
        [
            212.49382716049382,
            198.49382716049382,
            178.49382716049382
        ],
        [
            217.0,
            203.0,
            183.0
        ],
        [
            218.98701298701297,
            204.98701298701297,
            184.98701298701297
        ],
        [
            210.54901960784315,
            196.54901960784315,
            176.54901960784315
        ],
        [
            208.44827586206895,
            194.44827586206895,
            174.44827586206895
        ],
        [
            221.9016393442623,
            207.9016393442623,
            187.9016393442623
        ],
        [
            214.0,
            200.0,
            180.0
        ],
        [
            229.6,
            215.6,
            195.6
        ],
        [
            225.06521739130434,
            211.06521739130434,
            191.06521739130434
        ],
        [
            215.55,
            201.55,
            181.55
        ]
    ],
    "hex_colors": [
        "#d4c6b2",
        "#d9cbb7",
        "#daccb8",
        "#d2c4b0",
        "#d0c2ae",
        "#ddcfbb",
        "#d6c8b4",
        "#e5d7c3",
        "#e1d3bf",
        "#d7c9b5"
    ],
    "hsl_color_values": [
        [
            0.09803921568627451,
            0.16000464792005578,
            212.49382716049382
        ],
        [
            0.09803921568627451,
            0.15668202764976957,
            217.0
        ],
        [
            0.09803921568627451,
            0.15526034871308267,
            218.98701298701297
        ],
        [
            0.09803921568627451,
            0.16148258521139877,
            210.54901960784315
        ],
        [
            0.09803921568627451,
            0.1631100082712986,
            208.44827586206895
        ],
        [
            0.09803921568627451,
            0.1532210401891253,
            221.9016393442623
        ],
        [
            0.09803921568627451,
            0.1588785046728972,
            214.0
        ],
        [
            0.09803921568627451,
            0.1480836236933798,
            229.6
        ],
        [
            0.09803921568627451,
            0.1510673234811166,
            225.06521739130434
        ],
        [
            0.09803921568627451,
            0.1577360241243331,
            215.55
        ]
    ]
}