{
    "rgb_colors": [
        [
            128.9848484848485,
            89.17424242424242,
            36.803030303030305
        ],
        [
            119.08695652173913,
            77.95289855072464,
            24.11231884057971
        ],
        [
            102.67272727272727,
            63.36363636363636,
            12.70909090909091
        ],
        [
            168.8901098901099,
            131.72527472527474,
            81.72527472527473
        ],
        [
            52.68115942028986,
            21.550724637681157,
            3.3043478260869534
        ],
        [
            188.0,
            149.9189189189189,
            97.1891891891892
        ],
        [
            143.02678571428572,
            103.99107142857143,
            54.23214285714286
        ],
        [
            71.38,
            38.76,
            14.579999999999998
        ],
        [
            153.8359375,
            116.671875,
            67.5703125
        ],
        [
            36.68918918918918,
            6.729729729729726,
            0.4189189189189193
        ]
    ],
    "hex_colors": [
        "#805924",
        "#774d18",
        "#663f0c",
        "#a88351",
        "#341503",
        "#bc9561",
        "#8f6736",
        "#47260e",
        "#997443",
        "#240600"
    ],
    "hsl_color_values": [
        [
            0.09468825334209947,
            0.7146716786091859,
            128.9848484848485
        ],
        [
            0.09448238151553301,
            0.7975234270414993,
            119.08695652173913
        ],
        [
            0.09384263001886284,
            0.876217460598548,
            102.67272727272727
        ],
        [
            0.09560430324424275,
            0.5161038454030841,
            168.8901098901099
        ],
        [
            0.061588885627629375,
            0.9372764786795049,
            52.68115942028986
        ],
        [
            0.09677579365079363,
            0.48303622771707877,
            188.0
        ],
        [
            0.0933970169264287,
            0.6208252699918846,
            143.02678571428572
        ],
        [
            0.07095070422535212,
            0.7957411039506864,
            71.38
        ],
        [
            0.09486506067741352,
            0.5607638007211416,
            153.8359375
        ],
        [
            0.028999006458022836,
            0.9885819521178637,
            36.68918918918918
        ]
    ]
}