{
    "rgb_colors": [
        [
            107.1639344262295,
            77.77049180327869,
            39.0
        ],
        [
            90.66666666666667,
            60.111111111111114,
            20.88888888888889
        ],
        [
            116.83152173913044,
            87.56521739130434,
            48.983695652173914
        ],
        [
            128.53254437869822,
            99.04733727810651,
            61.0414201183432
        ],
        [
            135.1818181818182,
            105.40259740259741,
            67.48051948051948
        ],
        [
            97.92307692307692,
            67.53846153846153,
            27.769230769230766
        ],
        [
            123.99484536082474,
            94.59278350515464,
            56.13917525773196
        ],
        [
            120.64942528735632,
            91.22413793103448,
            52.310344827586206
        ],
        [
            76.8,
            45.8,
            8.399999999999999
        ],
        [
            112.65217391304348,
            83.36956521739131,
            44.7536231884058
        ]
    ],
    "hex_colors": [
        "#6b4d27",
        "#5a3c14",
        "#745730",
        "#80633d",
        "#876943",
        "#61431b",
        "#7b5e38",
        "#785b34",
        "#4c2d08",
        "#70532c"
    ],
    "hsl_color_values": [
        [
            0.09479717813051147,
            0.6360715924736118,
            107.1639344262295
        ],
        [
            0.09368365180467092,
            0.7696078431372549,
            90.66666666666667
        ],
        [
            0.09477464487877817,
            0.5807321951900266,
            116.83152173913044
        ],
        [
            0.09385411187094513,
            0.5250897707393426,
            128.53254437869822
        ],
        [
            0.09335635270797367,
            0.5008166010183496,
            135.1818181818182
        ],
        [
            0.09448099415204679,
            0.7164179104477613,
            97.92307692307692
        ],
        [
            0.09444950876126812,
            0.5472458948243609,
            123.99484536082474
        ],
        [
            0.09490370868724245,
            0.5664269042061639,
            120.64942528735632
        ],
        [
            0.09113060428849902,
            0.8906250000000001,
            76.8
        ],
        [
            0.0947883315546069,
            0.6027273896822334,
            112.65217391304348
        ]
    ]
}