{
    "rgb_colors": [
        [
            89.6938775510204,
            75.34693877551021,
            59.38775510204081
        ],
        [
            69.55445544554455,
            54.33168316831683,
            37.87623762376238
        ],
        [
            66.4070796460177,
            51.15486725663717,
            34.41150442477876
        ],
        [
            82.90566037735849,
            68.30188679245283,
            52.886792452830186
        ],
        [
            59.689189189189186,
            44.04054054054054,
            27.2027027027027
        ],
        [
            72.91780821917808,
            58.26712328767123,
            41.87671232876713
        ],
        [
            98.225,
            84.075,
            67.525
        ],
        [
            63.49006622516556,
            47.78145695364238,
            30.86092715231788
        ],
        [
            77.65753424657534,
            63.10958904109589,
            47.342465753424655
        ],
        [
            45.4,
            31.4,
            14.399999999999999
        ]
    ],
    "hex_colors": [
        "#594b3b",
        "#453625",
        "#423322",
        "#524434",
        "#3b2c1b",
        "#483a29",
        "#625443",
        "#3f2f1e",
        "#4d3f2f",
        "#2d1f0e"
    ],
    "hsl_color_values": [
        [
            0.08776655443322116,
            0.33788395904436863,
            89.6938775510204
        ],
        [
            0.08657602750429755,
            0.45544483985765116,
            69.55445544554455
        ],
        [
            0.08721707463236987,
            0.4818097014925374,
            66.4070796460177
        ],
        [
            0.08558558558558564,
            0.362084660901229,
            82.90566037735849
        ],
        [
            0.08638380476982806,
            0.5442608105048675,
            59.689189189189186
        ],
        [
            0.08800382465431007,
            0.42569979334961483,
            72.91780821917808
        ],
        [
            0.08984799131378939,
            0.3125477220666835,
            98.225
        ],
        [
            0.08642852310398481,
            0.5139251069156149,
            63.49006622516556
        ],
        [
            0.08668474167796354,
            0.390368671723408,
            77.65753424657534
        ],
        [
            0.09139784946236558,
            0.6828193832599119,
            45.4
        ]
    ]
}