{
    "rgb_colors": [
        [
            234.46835443037975,
            228.46835443037975,
            213.46835443037975
        ],
        [
            229.78787878787878,
            223.78787878787878,
            208.78787878787878
        ],
        [
            237.0,
            231.0,
            216.0
        ],
        [
            238.0,
            232.0,
            217.0
        ],
        [
            232.19642857142858,
            226.19642857142858,
            211.19642857142858
        ],
        [
            242.82222222222222,
            236.82222222222222,
            221.82222222222222
        ],
        [
            245.2,
            239.2,
            224.2
        ],
        [
            236.0,
            230.0,
            215.0
        ],
        [
            247.875,
            241.875,
            226.875
        ],
        [
            239.96370967741936,
            233.96370967741936,
            218.96370967741936
        ]
    ],
    "hex_colors": [
        "#eae4d5",
        "#e5dfd0",
        "#ede7d8",
        "#eee8d9",
        "#e8e2d3",
        "#f2ecdd",
        "#f5efe0",
        "#ece6d7",
        "#f7f1e2",
        "#efe9da"
    ],
    "hsl_color_values": [
        [
            0.11904761904761905,
            0.08956432543324515,
            234.46835443037975
        ],
        [
            0.11904761904761905,
            0.0913886324673612,
            229.78787878787878
        ],
        [
            0.11904761904761905,
            0.08860759493670886,
            237.0
        ],
        [
            0.11904761904761905,
            0.08823529411764706,
            238.0
        ],
        [
            0.11904761904761905,
            0.0904406675382604,
            232.19642857142858
        ],
        [
            0.11904761904761905,
            0.08648302370275464,
            242.82222222222222
        ],
        [
            0.11904761904761905,
            0.08564437194127243,
            245.2
        ],
        [
            0.11904761904761905,
            0.08898305084745763,
            236.0
        ],
        [
            0.11904761904761905,
            0.08472012102874432,
            247.875
        ],
        [
            0.11904761904761905,
            0.08751323284770883,
            239.96370967741936
        ]
    ]
}