{
    "rgb_colors": [
        [
            218.06493506493507,
            208.06493506493507,
            189.06493506493507
        ],
        [
            228.37106918238993,
            218.37106918238993,
            199.37106918238993
        ],
        [
            230.43283582089552,
            220.43283582089552,
            201.43283582089552
        ],
        [
            223.0,
            213.0,
            194.0
        ],
        [
            225.45544554455446,
            215.45544554455446,
            196.45544554455446
        ],
        [
            224.0,
            214.0,
            195.0
        ],
        [
            222.0,
            212.0,
            193.0
        ],
        [
            227.0,
            217.0,
            198.0
        ],
        [
            220.60629921259843,
            210.60629921259843,
            191.60629921259843
        ],
        [
            234.28571428571428,
            224.28571428571428,
            205.28571428571428
        ]
    ],
    "hex_colors": [
        "#dad0bd",
        "#e4dac7",
        "#e6dcc9",
        "#dfd5c2",
        "#e1d7c4",
        "#e0d6c3",
        "#ded4c1",
        "#e3d9c6",
        "#dcd2bf",
        "#eae0cd"
    ],
    "hsl_color_values": [
        [
            0.10919540229885057,
            0.13298791018998274,
            218.06493506493507
        ],
        [
            0.10919540229885057,
            0.12698631268761532,
            228.37106918238993
        ],
        [
            0.10919540229885057,
            0.12585011982641364,
            230.43283582089552
        ],
        [
            0.10919540229885057,
            0.13004484304932734,
            223.0
        ],
        [
            0.10919540229885057,
            0.12862851872996353,
            225.45544554455446
        ],
        [
            0.10919540229885057,
            0.12946428571428573,
            224.0
        ],
        [
            0.10919540229885057,
            0.13063063063063063,
            222.0
        ],
        [
            0.10919540229885057,
            0.1277533039647577,
            227.0
        ],
        [
            0.10919540229885057,
            0.13145590177392297,
            220.60629921259843
        ],
        [
            0.10919540229885057,
            0.12378048780487805,
            234.28571428571428
        ]
    ]
}