{
    "rgb_colors": [
        [
            220.4181818181818,
            206.4181818181818,
            186.4181818181818
        ],
        [
            215.0,
            201.0,
            181.0
        ],
        [
            227.58823529411765,
            213.58823529411765,
            193.58823529411765
        ],
        [
            217.4255319148936,
            203.4255319148936,
            183.4255319148936
        ],
        [
            210.9402985074627,
            196.9402985074627,
            176.9402985074627
        ],
        [
            219.0,
            205.0,
            185.0
        ],
        [
            224.752688172043,
            210.752688172043,
            190.752688172043
        ],
        [
            222.4298245614035,
            208.4298245614035,
            188.4298245614035
        ],
        [
            213.5859375,
            199.5859375,
            179.5859375
        ],
        [
            216.0,
            202.0,
            182.0
        ]
    ],
    "hex_colors": [
        "#dcceba",
        "#d7c9b5",
        "#e3d5c1",
        "#d9cbb7",
        "#d2c4b0",
        "#dbcdb9",
        "#e0d2be",
        "#ded0bc",
        "#d5c7b3",
        "#d8cab6"
    ],
    "hsl_color_values": [
        [
            0.09803921568627451,
            0.15425224779345048,
            220.4181818181818
        ],
        [
            0.09803921568627451,
            0.15813953488372093,
            215.0
        ],
        [
            0.09803921568627451,
            0.14939260790902043,
            227.58823529411765
        ],
        [
            0.09803921568627451,
            0.156375379195616,
            217.4255319148936
        ],
        [
            0.09803921568627451,
            0.16118304676997097,
            210.9402985074627
        ],
        [
            0.09803921568627451,
            0.1552511415525114,
            219.0
        ],
        [
            0.09803921568627451,
            0.15127738972347143,
            224.752688172043
        ],
        [
            0.09803921568627451,
            0.15285719919548843,
            222.4298245614035
        ],
        [
            0.09803921568627451,
            0.1591865101137569,
            213.5859375
        ],
        [
            0.09803921568627451,
            0.1574074074074074,
            216.0
        ]
    ]
}