{
    "rgb_colors": [
        [
            217.88829787234042,
            205.88829787234042,
            185.22872340425533
        ],
        [
            224.9090909090909,
            212.9090909090909,
            193.9090909090909
        ],
        [
            230.29166666666666,
            218.29166666666666,
            198.125
        ],
        [
            221.41830065359477,
            209.41830065359477,
            188.75816993464053
        ],
        [
            223.25874125874125,
            211.25874125874125,
            190.8041958041958
        ],
        [
            227.62921348314606,
            215.62921348314606,
            195.03370786516854
        ],
        [
            212.0909090909091,
            200.0909090909091,
            179.0909090909091
        ],
        [
            225.44329896907217,
            213.44329896907217,
            192.44329896907217
        ],
        [
            214.9056603773585,
            202.9056603773585,
            182.20754716981133
        ],
        [
            219.80701754385964,
            207.80701754385964,
            187.66666666666666
        ]
    ],
    "hex_colors": [
        "#d9cdb9",
        "#e0d4c1",
        "#e6dac6",
        "#ddd1bc",
        "#dfd3be",
        "#e3d7c3",
        "#d4c8b3",
        "#e1d5c0",
        "#d6cab6",
        "#dbcfbb"
    ],
    "hsl_color_values": [
        [
            0.10542888165037996,
            0.14989136537851222,
            217.88829787234042
        ],
        [
            0.10215053763440861,
            0.13783346806790622,
            224.9090909090909
        ],
        [
            0.10449050086355784,
            0.13967794463542604,
            230.29166666666666
        ],
        [
            0.10542992462143952,
            0.1475042063937184,
            221.41830065359477
        ],
        [
            0.10504201680672265,
            0.14536741214057503,
            223.25874125874125
        ],
        [
            0.10530851430541192,
            0.14319561676292017,
            227.62921348314606
        ],
        [
            0.10606060606060606,
            0.15559365623660523,
            212.0909090909091
        ],
        [
            0.10606060606060606,
            0.14637826961770622,
            225.44329896907217
        ],
        [
            0.10550105789574915,
            0.1521510096575943,
            214.9056603773585
        ],
        [
            0.10443959243085882,
            0.14622076781866072,
            219.80701754385964
        ]
    ]
}