{
    "rgb_colors": [
        [
            207.10227272727272,
            168.86647727272728,
            31.15056818181818
        ],
        [
            62.65217391304347,
            46.652173913043484,
            4.695652173913047
        ],
        [
            222.32692307692307,
            183.56730769230768,
            45.04807692307692
        ],
        [
            17.047619047619065,
            5.904761904761926,
            1.047619047619051
        ],
        [
            162.53333333333333,
            144.6,
            72.6
        ],
        [
            115.85714285714286,
            97.71428571428572,
            33.857142857142854
        ],
        [
            229.5,
            192.8448275862069,
            66.08620689655172
        ],
        [
            241.23809523809524,
            207.23809523809524,
            85.14285714285714
        ],
        [
            167.07692307692307,
            132.15384615384616,
            20.538461538461537
        ],
        [
            213.62531017369727,
            175.66253101736973,
            36.74193548387097
        ]
    ],
    "hex_colors": [
        "#cfa81f",
        "#3e2e04",
        "#deb72d",
        "#110501",
        "#a29048",
        "#736121",
        "#e5c042",
        "#f1cf55",
        "#a78414",
        "#d5af24"
    ],
    "hsl_color_values": [
        [
            0.1304485885740427,
            0.8495884773662551,
            207.10227272727272
        ],
        [
            0.12065516379094776,
            0.9250520471894517,
            62.65217391304347
        ],
        [
            0.13022726040028204,
            0.7973791194533344,
            222.32692307692307
        ],
        [
            0.05059523809523825,
            0.9385474860335195,
            17.047619047619065
        ],
        [
            0.13343217197924387,
            0.5533223954060705,
            162.53333333333333
        ],
        [
            0.12979094076655054,
            0.7077681874229346,
            115.85714285714286
        ],
        [
            0.12928184567770978,
            0.7120426714747202,
            229.5
        ],
        [
            0.13036404311572097,
            0.6470588235294118,
            241.23809523809524
        ],
        [
            0.12694663167104114,
            0.8770718232044198,
            167.07692307692307
        ],
        [
            0.13089660138787573,
            0.8280075733816543,
            213.62531017369727
        ]
    ]
}