{
    "rgb_colors": [
        [
            171.0081300813008,
            125.32520325203252,
            59.983739837398375
        ],
        [
            126.4,
            79.45714285714286,
            11.609523809523807
        ],
        [
            113.96153846153845,
            66.84615384615384,
            1.8076923076923066
        ],
        [
            165.63793103448276,
            119.69827586206897,
            54.88793103448276
        ],
        [
            135.864406779661,
            89.20338983050847,
            21.73728813559322
        ],
        [
            154.5034965034965,
            108.21678321678321,
            40.9020979020979
        ],
        [
            145.94594594594594,
            99.3963963963964,
            32.52252252252252
        ],
        [
            160.85245901639345,
            114.59836065573771,
            47.68852459016394
        ],
        [
            188.2,
            143.0,
            76.8
        ],
        [
            178.7171717171717,
            132.8989898989899,
            67.81818181818181
        ]
    ],
    "hex_colors": [
        "#ab7d3b",
        "#7e4f0b",
        "#714201",
        "#a57736",
        "#875915",
        "#9a6c28",
        "#916320",
        "#a0722f",
        "#bc8f4c",
        "#b28443"
    ],
    "hsl_color_values": [
        [
            0.09808875219683656,
            0.6492345725967481,
            171.0081300813008
        ],
        [
            0.0985093614314555,
            0.9081525015069319,
            126.4
        ],
        [
            0.0966506630086877,
            0.9841376982787715,
            113.96153846153845
        ],
        [
            0.09753249785942243,
            0.6686270427813052,
            165.63793103448276
        ],
        [
            0.09852478899037154,
            0.8400074850299402,
            135.864406779661
        ],
        [
            0.09875859238740126,
            0.7352674934371323,
            154.5034965034965
        ],
        [
            0.09826581943341277,
            0.7771604938271605,
            145.94594594594594
        ],
        [
            0.09854411125597566,
            0.7035262943334692,
            160.85245901639345
        ],
        [
            0.09904248952722922,
            0.59192348565356,
            188.2
        ],
        [
            0.09780793636336037,
            0.6205278923868197,
            178.7171717171717
        ]
    ]
}