{
    "rgb_colors": [
        [
            70.32,
            58.21333333333333,
            42.04
        ],
        [
            118.26495726495726,
            107.15384615384616,
            90.92307692307692
        ],
        [
            88.34375,
            76.9375,
            61.4609375
        ],
        [
            133.94214876033058,
            123.19834710743802,
            105.29752066115702
        ],
        [
            192.79310344827587,
            179.42528735632183,
            156.83908045977012
        ],
        [
            40.49350649350649,
            31.636363636363626,
            20.246753246753244
        ],
        [
            153.2159090909091,
            142.32954545454544,
            124.06818181818181
        ],
        [
            173.17391304347825,
            160.01863354037266,
            139.3478260869565
        ],
        [
            14.933333333333337,
            6.366666666666674,
            1.3333333333333286
        ],
        [
            102.86363636363636,
            91.26363636363637,
            75.7090909090909
        ]
    ],
    "hex_colors": [
        "#463a2a",
        "#766b5a",
        "#584c3d",
        "#857b69",
        "#c0b39c",
        "#281f14",
        "#998e7c",
        "#ada08b",
        "#0e0601",
        "#665b4b"
    ],
    "hsl_color_values": [
        [
            0.09531667452459532,
            0.4021615472127417,
            70.32
        ],
        [
            0.09893716786495788,
            0.2311917323119173,
            118.26495726495726
        ],
        [
            0.09595078949917661,
            0.3042978422355854,
            88.34375
        ],
        [
            0.10415464512406236,
            0.21385820941568462,
            133.94214876033058
        ],
        [
            0.10469948849104853,
            0.18649019257139454,
            192.79310344827587
        ],
        [
            0.09375668163352573,
            0.5,
            40.49350649350649
        ],
        [
            0.10441845354126049,
            0.19023956092857677,
            153.2159090909091
        ],
        [
            0.10184845146284738,
            0.19533015315089136,
            173.17391304347825
        ],
        [
            0.061683006535947826,
            0.910714285714286,
            14.933333333333337
        ],
        [
            0.09546925566343045,
            0.2639858594785683,
            102.86363636363636
        ]
    ]
}