{
    "rgb_colors": [
        [
            146.33333333333331,
            112.75,
            75.08333333333333
        ],
        [
            18.21875,
            4.75,
            5.09375
        ],
        [
            50.1,
            52.050000000000004,
            56.1
        ],
        [
            24.193548387096776,
            26.0,
            29.870967741935484
        ],
        [
            127.93333333333334,
            95.26666666666667,
            58.266666666666666
        ],
        [
            60.75,
            62.75,
            66.75
        ],
        [
            1.7302325581395355,
            0.6162790697674421,
            1.2441860465116283
        ],
        [
            55.166666666666664,
            28.166666666666664,
            13.166666666666666
        ],
        [
            38.78260869565217,
            40.565217391304344,
            44.34782608695652
        ],
        [
            89.60000000000001,
            61.400000000000006,
            42.4
        ]
    ],
    "hex_colors": [
        "#92704b",
        "#120405",
        "#323438",
        "#181a1d",
        "#7f5f3a",
        "#3c3e42",
        "#010001",
        "#371c0d",
        "#26282c",
        "#593d2a"
    ],
    "hsl_color_values": [
        [
            0.08810916179337236,
            0.4869020501138952,
            146.33333333333331
        ],
        [
            0.9957463263727765,
            0.7392795883361921,
            18.21875
        ],
        [
            0.6124999999999999,
            0.10695187165775401,
            56.1
        ],
        [
            0.6136363636363636,
            0.19006479481641464,
            29.870967741935484
        ],
        [
            0.08851674641148326,
            0.5445544554455446,
            127.93333333333334
        ],
        [
            0.6111111111111112,
            0.0898876404494382,
            66.75
        ],
        [
            0.906054279749478,
            0.6438172043010753,
            1.7302325581395355
        ],
        [
            0.059523809523809514,
            0.7613293051359517,
            55.166666666666664
        ],
        [
            0.6132812500000001,
            0.12549019607843145,
            44.34782608695652
        ],
        [
            0.067090395480226,
            0.5267857142857143,
            89.60000000000001
        ]
    ]
}