{
    "rgb_colors": [
        [
            174.0487804878049,
            160.5121951219512,
            143.1707317073171
        ],
        [
            68.51515151515152,
            59.90909090909091,
            51.31818181818181
        ],
        [
            221.4736842105263,
            208.21052631578948,
            193.6315789473684
        ],
        [
            154.19718309859155,
            143.54460093896714,
            129.83098591549296
        ],
        [
            86.18248175182481,
            78.32846715328466,
            70.4014598540146
        ],
        [
            131.1235294117647,
            120.9235294117647,
            108.35882352941177
        ],
        [
            196.0,
            182.15625,
            165.65625
        ],
        [
            252.66666666666666,
            244.22222222222223,
            230.1111111111111
        ],
        [
            144.546875,
            134.09895833333334,
            120.46354166666667
        ],
        [
            109.51968503937007,
            99.77165354330708,
            88.09448818897638
        ]
    ],
    "hex_colors": [
        "#aea08f",
        "#443b33",
        "#ddd0c1",
        "#9a8f81",
        "#564e46",
        "#83786c",
        "#c4b6a5",
        "#fcf4e6",
        "#908678",
        "#6d6358"
    ],
    "hsl_color_values": [
        [
            0.09360189573459703,
            0.17741031390134526,
            174.0487804878049
        ],
        [
            0.08325991189427312,
            0.2509951348960638,
            68.51515151515152
        ],
        [
            0.0872715816005042,
            0.125712927756654,
            221.4736842105263
        ],
        [
            0.09380218368657674,
            0.15801972963098282,
            154.19718309859155
        ],
        [
            0.08371877890841806,
            0.1831117133903615,
            86.18248175182481
        ],
        [
            0.09198966408268731,
            0.17361266879009465,
            131.1235294117647
        ],
        [
            0.0906282183316169,
            0.15481505102040816,
            196.0
        ],
        [
            0.10426929392446649,
            0.08927000879507482,
            252.66666666666666
        ],
        [
            0.09436274509803927,
            0.16661261845566241,
            144.546875
        ],
        [
            0.09083670219282121,
            0.19562872959953978,
            109.51968503937007
        ]
    ]
}