{
    "rgb_colors": [
        [
            234.75,
            224.9090909090909,
            206.3409090909091
        ],
        [
            224.09821428571428,
            214.11607142857142,
            196.06696428571428
        ],
        [
            226.0,
            216.07627118644066,
            197.85593220338984
        ],
        [
            227.01030927835052,
            217.04123711340208,
            198.96907216494844
        ],
        [
            218.77777777777777,
            208.88888888888889,
            190.33333333333334
        ],
        [
            221.71875,
            211.78125,
            193.578125
        ],
        [
            231.83870967741936,
            221.85806451612902,
            203.8709677419355
        ],
        [
            230.05376344086022,
            220.18279569892474,
            201.69892473118279
        ],
        [
            228.37,
            218.38,
            200.415
        ],
        [
            239.1818181818182,
            229.36363636363637,
            210.63636363636363
        ]
    ],
    "hex_colors": [
        "#eae0ce",
        "#e0d6c4",
        "#e2d8c5",
        "#e3d9c6",
        "#dad0be",
        "#ddd3c1",
        "#e7ddcb",
        "#e6dcc9",
        "#e4dac8",
        "#efe5d2"
    ],
    "hsl_color_values": [
        [
            0.10893333333333333,
            0.12101849162552036,
            234.75
        ],
        [
            0.10731538992408556,
            0.1250846647276784,
            224.09821428571428
        ],
        [
            0.10789922714041944,
            0.12453127343632814,
            226.0
        ],
        [
            0.10741421568627459,
            0.12352406902815628,
            227.01030927835052
        ],
        [
            0.10872395833333333,
            0.1300152361604875,
            218.77777777777777
        ],
        [
            0.10781047566166944,
            0.12692036645525018,
            221.71875
        ],
        [
            0.10718954248366003,
            0.12063447892027272,
            231.83870967741936
        ],
        [
            0.10864618885096704,
            0.12325309651787808,
            230.05376344086022
        ],
        [
            0.10710665951231142,
            0.12241099969347993,
            228.37
        ],
        [
            0.1093418259023355,
            0.11934625617635886,
            239.1818181818182
        ]
    ]
}