{
    "rgb_colors": [
        [
            51.53153153153153,
            45.567567567567565,
            40.11711711711712
        ],
        [
            152.0,
            140.5,
            132.375
        ],
        [
            79.45744680851064,
            73.03191489361703,
            66.06382978723404
        ],
        [
            93.68627450980392,
            89.92156862745098,
            83.13725490196077
        ],
        [
            65.6697247706422,
            59.128440366972484,
            51.082568807339456
        ],
        [
            3.3649635036496335,
            1.9124087591240873,
            1.4282238442822361
        ],
        [
            36.99065420560748,
            31.66355140186916,
            26.91588785046729
        ],
        [
            124.41666666666666,
            119.5,
            115.08333333333333
        ],
        [
            168.66666666666666,
            158.1111111111111,
            147.55555555555554
        ],
        [
            16.53571428571429,
            12.535714285714288,
            10.098214285714288
        ]
    ],
    "hex_colors": [
        "#332d28",
        "#988c84",
        "#4f4942",
        "#5d5953",
        "#413b33",
        "#030101",
        "#241f1a",
        "#7c7773",
        "#a89e93",
        "#100c0a"
    ],
    "hsl_color_values": [
        [
            0.07958431991581161,
            0.22150349650349643,
            51.53153153153153
        ],
        [
            0.06900212314225053,
            0.12911184210526316,
            152.0
        ],
        [
            0.086709028329362,
            0.1685633953675191,
            79.45744680851064
        ],
        [
            0.107187112763321,
            0.11259941398074522,
            93.68627450980392
        ],
        [
            0.09192872117400423,
            0.22212908633696557,
            65.6697247706422
        ],
        [
            0.04166666666666682,
            0.575560375994216,
            3.3649635036496335
        ],
        [
            0.0785405071119357,
            0.27235977766548763,
            36.99065420560748
        ],
        [
            0.07886904761904774,
            0.07501674480910914,
            124.41666666666666
        ],
        [
            0.08333333333333322,
            0.12516469038208172,
            168.66666666666666
        ],
        [
            0.06310679611650487,
            0.3893088552915766,
            16.53571428571429
        ]
    ]
}