{
    "rgb_colors": [
        [
            103.99047619047619,
            94.55238095238096,
            86.22857142857143
        ],
        [
            75.47727272727273,
            64.86363636363636,
            54.25
        ],
        [
            38.65934065934066,
            30.725274725274723,
            21.57142857142857
        ],
        [
            52.60740740740741,
            43.67407407407407,
            31.548148148148147
        ],
        [
            117.17142857142858,
            109.14285714285714,
            102.3
        ],
        [
            61.041666666666664,
            51.791666666666664,
            41.25833333333333
        ],
        [
            22.661538461538463,
            14.861538461538458,
            10.307692307692307
        ],
        [
            95.58823529411765,
            85.16806722689076,
            76.33613445378151
        ],
        [
            10.911764705882355,
            2.602941176470587,
            1.639705882352942
        ],
        [
            86.82105263157895,
            76.01052631578948,
            66.21052631578948
        ]
    ],
    "hex_colors": [
        "#675e56",
        "#4b4036",
        "#261e15",
        "#342b1f",
        "#756d66",
        "#3d3329",
        "#160e0a",
        "#5f554c",
        "#0a0201",
        "#564c42"
    ],
    "hsl_color_values": [
        [
            0.07810545129579989,
            0.17080318710504622,
            103.99047619047619
        ],
        [
            0.08333333333333327,
            0.2812405901836797,
            75.47727272727273
        ],
        [
            0.08928188638799571,
            0.4420125071063104,
            38.65934065934066
        ],
        [
            0.09596670184077849,
            0.4003097718952408,
            52.60740740740741
        ],
        [
            0.07668908101184752,
            0.1269202633504024,
            117.17142857142858
        ],
        [
            0.08873911822521763,
            0.3240955631399317,
            61.041666666666664
        ],
        [
            0.06143628061436277,
            0.5451459606245758,
            22.661538461538463
        ],
        [
            0.07645860613996797,
            0.20140659340659345,
            95.58823529411765
        ],
        [
            0.017314300819455414,
            0.8497304582210242,
            10.911764705882355
        ],
        [
            0.07924753149472248,
            0.23739088263821528,
            86.82105263157895
        ]
    ]
}