{
    "rgb_colors": [
        [
            220.4,
            212.35,
            193.0
        ],
        [
            245.20289855072463,
            236.3768115942029,
            219.768115942029
        ],
        [
            226.41176470588235,
            218.05882352941177,
            199.88235294117646
        ],
        [
            239.0448979591837,
            230.1061224489796,
            213.89795918367346
        ],
        [
            236.54777070063693,
            227.64968152866243,
            211.3184713375796
        ],
        [
            230.9920634920635,
            222.15873015873015,
            205.5873015873016
        ],
        [
            241.83240223463687,
            232.91620111731842,
            216.6536312849162
        ],
        [
            208.3,
            199.8,
            182.3
        ],
        [
            214.95238095238096,
            206.57142857142858,
            188.42857142857144
        ],
        [
            234.00555555555556,
            225.07777777777778,
            208.83333333333334
        ]
    ],
    "hex_colors": [
        "#dcd4c1",
        "#f5ecdb",
        "#e2dac7",
        "#efe6d5",
        "#ece3d3",
        "#e6decd",
        "#f1e8d8",
        "#d0c7b6",
        "#d6cebc",
        "#eae1d0"
    ],
    "hsl_color_values": [
        [
            0.11770072992700724,
            0.12431941923774957,
            220.4
        ],
        [
            0.1088319088319089,
            0.10372953484248469,
            245.20289855072463
        ],
        [
            0.11419068736141913,
            0.11717329176409458,
            226.41176470588235
        ],
        [
            0.10742303738570573,
            0.10519755489533184,
            239.0448979591837
        ],
        [
            0.10788521417150561,
            0.10665625504873713,
            236.54777070063693
        ],
        [
            0.10871602624179937,
            0.1099811029032812,
            230.9920634920635
        ],
        [
            0.10764736336069808,
            0.10411661430419517,
            241.83240223463687
        ],
        [
            0.11217948717948718,
            0.12481997119539126,
            208.3
        ],
        [
            0.11400359066427289,
            0.12339388568896763,
            214.95238095238096
        ],
        [
            0.10755535937614948,
            0.10757104532181094,
            234.00555555555556
        ]
    ]
}