{
    "rgb_colors": [
        [
            51.176470588235304,
            40.58823529411765,
            34.823529411764696
        ],
        [
            250.76497695852535,
            245.1705069124424,
            230.36405529953916
        ],
        [
            75.67857142857144,
            65.42857142857144,
            59.035714285714306
        ],
        [
            217.125,
            208.4375,
            198.25
        ],
        [
            27.133333333333326,
            15.733333333333348,
            11.199999999999989
        ],
        [
            242.84684684684686,
            236.82432432432432,
            221.8963963963964
        ],
        [
            236.37387387387386,
            230.26576576576576,
            215.43243243243242
        ],
        [
            138.5,
            128.36363636363637,
            122.04545454545455
        ],
        [
            177.1578947368421,
            168.0,
            158.57894736842104
        ],
        [
            103.33333333333334,
            93.0,
            87.16666666666667
        ]
    ],
    "hex_colors": [
        "#332822",
        "#faf5e6",
        "#4b413b",
        "#d9d0c6",
        "#1b0f0b",
        "#f2ecdd",
        "#ece6d7",
        "#8a807a",
        "#b1a89e",
        "#675d57"
    ],
    "hsl_color_values": [
        [
            0.058752997601918544,
            0.3195402298850578,
            51.176470588235304
        ],
        [
            0.12096227693697759,
            0.08135474860335203,
            250.76497695852535
        ],
        [
            0.06402002861230327,
            0.2199150542708824,
            75.67857142857144
        ],
        [
            0.08995584988962473,
            0.08693149107656879,
            217.125
        ],
        [
            0.047419804741980744,
            0.5872235872235875,
            27.133333333333326
        ],
        [
            0.11875582312047579,
            0.08627021813325424,
            242.84684684684686
        ],
        [
            0.11805406180540627,
            0.08859456884230586,
            236.37387387387386
        ],
        [
            0.0639963167587478,
            0.11880538234328847,
            138.5
        ],
        [
            0.0845136921624174,
            0.10487225193107555,
            177.1578947368421
        ],
        [
            0.06013745704467347,
            0.15645161290322585,
            103.33333333333334
        ]
    ]
}