{
    "rgb_colors": [
        [
            203.96747967479675,
            189.96747967479675,
            169.96747967479675
        ],
        [
            209.05429864253392,
            195.05429864253392,
            175.05429864253392
        ],
        [
            214.0,
            200.0,
            180.0
        ],
        [
            212.45,
            198.45,
            178.45
        ],
        [
            206.5608108108108,
            192.5608108108108,
            172.5608108108108
        ],
        [
            200.0,
            186.0,
            166.0
        ],
        [
            217.45283018867926,
            203.45283018867926,
            183.45283018867926
        ],
        [
            220.2051282051282,
            206.2051282051282,
            186.2051282051282
        ],
        [
            211.0,
            197.0,
            177.0
        ],
        [
            215.47058823529412,
            201.47058823529412,
            181.47058823529412
        ]
    ],
    "hex_colors": [
        "#cbbda9",
        "#d1c3af",
        "#d6c8b4",
        "#d4c6b2",
        "#cec0ac",
        "#c8baa6",
        "#d9cbb7",
        "#dcceba",
        "#d3c5b1",
        "#d7c9b5"
    ],
    "hsl_color_values": [
        [
            0.09803921568627451,
            0.16669323979591838,
            203.96747967479675
        ],
        [
            0.09803921568627451,
            0.16263717235557673,
            209.05429864253392
        ],
        [
            0.09803921568627451,
            0.1588785046728972,
            214.0
        ],
        [
            0.09803921568627451,
            0.1600376559190398,
            212.45
        ],
        [
            0.09803921568627451,
            0.16460043832390173,
            206.5608108108108
        ],
        [
            0.09803921568627451,
            0.17,
            200.0
        ],
        [
            0.09803921568627451,
            0.15635574837310195,
            217.45283018867926
        ],
        [
            0.09803921568627451,
            0.1544014904517932,
            220.2051282051282
        ],
        [
            0.09803921568627451,
            0.16113744075829384,
            211.0
        ],
        [
            0.09803921568627451,
            0.15779415779415779,
            215.47058823529412
        ]
    ]
}