{
    "rgb_colors": [
        [
            101.93491124260355,
            69.80473372781066,
            29.284023668639055
        ],
        [
            143.3793103448276,
            123.63793103448276,
            100.0
        ],
        [
            46.98026315789474,
            18.223684210526315,
            0.8552631578947398
        ],
        [
            115.528,
            83.264,
            40.232
        ],
        [
            253.51351351351352,
            242.51351351351352,
            217.54054054054055
        ],
        [
            231.6341463414634,
            215.7317073170732,
            191.14634146341464
        ],
        [
            72.5578231292517,
            41.59183673469388,
            7.714285714285715
        ],
        [
            172.26415094339623,
            155.03773584905662,
            134.0188679245283
        ],
        [
            199.58181818181816,
            183.27272727272725,
            161.54545454545456
        ],
        [
            86.93582887700535,
            55.604278074866315,
            19.053475935828878
        ]
    ],
    "hex_colors": [
        "#65451d",
        "#8f7b64",
        "#2e1200",
        "#735328",
        "#fdf2d9",
        "#e7d7bf",
        "#482907",
        "#ac9b86",
        "#c7b7a1",
        "#563713"
    ],
    "hsl_color_values": [
        [
            0.09295759352771897,
            0.7127184071515644,
            101.93491124260355
        ],
        [
            0.09081875993640702,
            0.30254930254930257,
            143.3793103448276
        ],
        [
            0.06275852232206532,
            0.98179526676936,
            46.98026315789474
        ],
        [
            0.0952507437314067,
            0.65175541859982,
            115.528
        ],
        [
            0.11570247933884296,
            0.14189765458422174,
            253.51351351351352
        ],
        [
            0.1012048192771085,
            0.17479203959144987,
            231.6341463414634
        ],
        [
            0.08707511540075535,
            0.893680855053441,
            72.5578231292517
        ],
        [
            0.09159677684591354,
            0.22201533406352683,
            172.26415094339623
        ],
        [
            0.09520395156150407,
            0.19058030427256978,
            199.58181818181816
        ],
        [
            0.08974055984454599,
            0.7808328719936026,
            86.93582887700535
        ]
    ]
}