{
    "rgb_colors": [
        [
            185.70967741935485,
            172.65591397849462,
            150.2258064516129
        ],
        [
            153.0625,
            141.2,
            120.33125
        ],
        [
            199.99056603773585,
            186.9811320754717,
            164.62264150943395
        ],
        [
            103.83464566929135,
            92.74015748031496,
            73.35433070866142
        ],
        [
            168.4496644295302,
            156.46979865771812,
            135.03355704697987
        ],
        [
            69.825,
            58.89999999999999,
            41.39999999999999
        ],
        [
            118.18867924528303,
            106.41509433962264,
            86.56603773584905
        ],
        [
            135.8272727272727,
            124.22727272727273,
            104.4
        ],
        [
            226.04255319148936,
            216.95744680851064,
            193.36170212765956
        ],
        [
            86.77906976744185,
            76.18604651162791,
            58.7093023255814
        ]
    ],
    "hex_colors": [
        "#b9ac96",
        "#998d78",
        "#c7baa4",
        "#675c49",
        "#a89c87",
        "#453a29",
        "#766a56",
        "#877c68",
        "#e2d8c1",
        "#564c3a"
    ],
    "hsl_color_values": [
        [
            0.10535353535353535,
            0.1910717387528227,
            185.70967741935485
        ],
        [
            0.10626312774489206,
            0.21384238464679464,
            153.0625
        ],
        [
            0.10536142971459056,
            0.17684796452662868,
            199.99056603773585
        ],
        [
            0.10600189442865753,
            0.293546674755441,
            103.83464566929135
        ],
        [
            0.10691571265983796,
            0.19837443722857484,
            168.4496644295302
        ],
        [
            0.10260920551158015,
            0.40708915145005387,
            69.825
        ],
        [
            0.10461416070007955,
            0.2675606641123883,
            118.18867924528303
        ],
        [
            0.10514897309806197,
            0.23137674854427404,
            135.8272727272727
        ],
        [
            0.12033420138888891,
            0.14457831325301213,
            226.04255319148936
        ],
        [
            0.10376967688483847,
            0.3234624145785876,
            86.77906976744185
        ]
    ]
}