{
    "rgb_colors": [
        [
            191.75,
            186.51923076923077,
            173.07692307692307
        ],
        [
            212.75355450236967,
            207.58767772511848,
            194.45023696682463
        ],
        [
            209.0,
            203.66091954022988,
            190.45402298850576
        ],
        [
            183.91666666666666,
            178.61666666666667,
            165.06666666666666
        ],
        [
            221.23529411764707,
            216.2058823529412,
            203.0
        ],
        [
            165.0925925925926,
            160.0925925925926,
            147.0925925925926
        ],
        [
            199.17241379310346,
            193.91379310344828,
            180.41379310344828
        ],
        [
            204.5811965811966,
            199.0854700854701,
            185.44444444444446
        ],
        [
            175.32258064516128,
            170.17741935483872,
            157.0483870967742
        ],
        [
            216.25,
            211.17857142857142,
            198.14880952380952
        ]
    ],
    "hex_colors": [
        "#bfbaad",
        "#d4cfc2",
        "#d1cbbe",
        "#b7b2a5",
        "#ddd8cb",
        "#a5a093",
        "#c7c1b4",
        "#ccc7b9",
        "#afaa9d",
        "#d8d3c6"
    ],
    "hsl_color_values": [
        [
            0.11997940267765199,
            0.09738240898605963,
            191.75
        ],
        [
            0.11962713619886071,
            0.08603060747143085,
            212.75355450236967
        ],
        [
            0.11868608614812515,
            0.08873673211241265,
            209.0
        ],
        [
            0.11980548187444752,
            0.10249207068418666,
            183.91666666666666
        ],
        [
            0.12069892473118282,
            0.08242488699813885,
            221.23529411764707
        ],
        [
            0.12037037037037036,
            0.10902972518227705,
            165.0925925925926
        ],
        [
            0.11994485294117646,
            0.09418282548476455,
            199.17241379310346
        ],
        [
            0.11880303707012053,
            0.09354110962566844,
            204.5811965811966
        ],
        [
            0.11974110032362471,
            0.10423183072677081,
            175.32258064516128
        ],
        [
            0.11997150060287176,
            0.08370492705752824,
            216.25
        ]
    ]
}