{
    "rgb_colors": [
        [
            50.62820512820513,
            47.03846153846155,
            19.423076923076927
        ],
        [
            95.42105263157895,
            98.31578947368422,
            45.99122807017544
        ],
        [
            135.46820809248555,
            143.67052023121386,
            59.72254335260116
        ],
        [
            159.56349206349205,
            157.03968253968253,
            128.09523809523807
        ],
        [
            135.44444444444446,
            132.62626262626262,
            101.37373737373738
        ],
        [
            122.4572864321608,
            130.356783919598,
            47.618090452261306
        ],
        [
            73.55128205128204,
            73.12820512820514,
            36.128205128205124
        ],
        [
            30.223404255319153,
            24.84042553191489,
            4.180851063829792
        ],
        [
            226.85714285714283,
            233.42857142857142,
            159.85714285714283
        ],
        [
            158.60714285714286,
            162.26785714285714,
            86.32142857142857
        ]
    ],
    "hex_colors": [
        "#322f13",
        "#5f622d",
        "#878f3b",
        "#9f9d80",
        "#878465",
        "#7a822f",
        "#494924",
        "#1e1804",
        "#e2e99f",
        "#9ea256"
    ],
    "hsl_color_values": [
        [
            0.14749383730484802,
            0.6163585717903266,
            50.62820512820513
        ],
        [
            0.17588711930706902,
            0.532209136331192,
            98.31578947368422
        ],
        [
            0.18295118088549192,
            0.584308992154496,
            143.67052023121386
        ],
        [
            0.15329970575872218,
            0.19721462322805278,
            159.56349206349205
        ],
        [
            0.1528807194386796,
            0.25154746811842793,
            135.44444444444446
        ],
        [
            0.18257920842190511,
            0.6347095331714275,
            130.356783919598
        ],
        [
            0.1647824597464886,
            0.50880251002266,
            73.55128205128204
        ],
        [
            0.13221677559912848,
            0.8616684266103484,
            30.223404255319153
        ],
        [
            0.18155339805825244,
            0.3151774785801714,
            233.42857142857142
        ],
        [
            0.17470021161533036,
            0.4680312534389788,
            162.26785714285714
        ]
    ]
}