{
    "rgb_colors": [
        [
            120.73248407643312,
            82.45859872611464,
            34.52229299363057
        ],
        [
            136.88888888888889,
            98.61728395061729,
            51.60493827160494
        ],
        [
            62.14814814814815,
            32.53703703703704,
            5.7407407407407405
        ],
        [
            48.13333333333333,
            20.46666666666667,
            2.31111111111111
        ],
        [
            76.92857142857143,
            45.69642857142857,
            16.857142857142858
        ],
        [
            111.8108108108108,
            73.48648648648648,
            25.39189189189189
        ],
        [
            35.934210526315795,
            7.05263157894737,
            0.5394736842105274
        ],
        [
            127.89473684210526,
            89.74436090225564,
            42.00751879699248
        ],
        [
            101.97986577181209,
            64.22818791946308,
            17.093959731543624
        ],
        [
            91.8375,
            53.4125,
            6.237500000000001
        ]
    ],
    "hex_colors": [
        "#785222",
        "#886233",
        "#3e2005",
        "#301402",
        "#4c2d10",
        "#6f4919",
        "#230700",
        "#7f592a",
        "#654011",
        "#5b3506"
    ],
    "hsl_color_values": [
        [
            0.09267331609407707,
            0.714059614877341,
            120.73248407643312
        ],
        [
            0.09187415556842311,
            0.623015873015873,
            136.88888888888889
        ],
        [
            0.07917487415189318,
            0.9076281287246722,
            62.14814814814815
        ],
        [
            0.06603621079857745,
            0.9519852262234534,
            48.13333333333333
        ],
        [
            0.08001387237415773,
            0.7808727948003713,
            76.92857142857143
        ],
        [
            0.09275475632004171,
            0.7729030698573847,
            111.8108108108108
        ],
        [
            0.030669144981412638,
            0.9849871841816185,
            35.934210526315795
        ],
        [
            0.09263474277043392,
            0.6715461493239271,
            127.89473684210526
        ],
        [
            0.09254427577482605,
            0.8323790720631787,
            101.97986577181209
        ],
        [
            0.09185163551401869,
            0.9320811215462094,
            91.8375
        ]
    ]
}