{
    "rgb_colors": [
        [
            137.20912547528516,
            133.8707224334601,
            110.46007604562737
        ],
        [
            69.0,
            62.68333333333334,
            50.78333333333333
        ],
        [
            146.73863636363637,
            143.53977272727272,
            119.10795454545455
        ],
        [
            82.3076923076923,
            76.46153846153845,
            62.07692307692308
        ],
        [
            113.79245283018868,
            109.73584905660377,
            89.13207547169812
        ],
        [
            172.55555555555554,
            167.11111111111111,
            146.66666666666666
        ],
        [
            123.30841121495327,
            119.54205607476635,
            97.7196261682243
        ],
        [
            98.16417910447761,
            93.44776119402985,
            75.58208955223881
        ],
        [
            56.675,
            50.25,
            38.375
        ],
        [
            130.52857142857144,
            126.75714285714285,
            104.65714285714286
        ]
    ],
    "hex_colors": [
        "#89856e",
        "#453e32",
        "#928f77",
        "#524c3e",
        "#716d59",
        "#aca792",
        "#7b7761",
        "#625d4b",
        "#383226",
        "#827e68"
    ],
    "hsl_color_values": [
        [
            0.14586590855247583,
            0.19495095050712183,
            137.20912547528516
        ],
        [
            0.10887465690759383,
            0.2640096618357488,
            69.0
        ],
        [
            0.14737130714922192,
            0.1882986138000465,
            146.73863636363637
        ],
        [
            0.11850443599493021,
            0.24579439252336444,
            82.3076923076923
        ],
        [
            0.13925019127773522,
            0.2167136461614989,
            113.79245283018868
        ],
        [
            0.13161659513590854,
            0.15003219575016097,
            172.55555555555554
        ],
        [
            0.1421353786218651,
            0.20751856904653632,
            123.30841121495327
        ],
        [
            0.13185723727693324,
            0.2300440930515432,
            98.16417910447761
        ],
        [
            0.10815118397085612,
            0.3228936921041023,
            56.675
        ],
        [
            0.14237069758880905,
            0.1982051001422787,
            130.52857142857144
        ]
    ]
}