{
    "rgb_colors": [
        [
            242.04892966360856,
            235.98470948012232,
            220.96024464831805
        ],
        [
            78.0,
            67.0,
            65.0
        ],
        [
            139.6,
            130.2,
            126.0
        ],
        [
            198.4,
            188.8,
            183.2
        ],
        [
            238.8151815181518,
            232.74587458745876,
            217.75577557755776
        ],
        [
            181.0909090909091,
            170.54545454545456,
            167.27272727272728
        ],
        [
            222.33333333333334,
            213.66666666666666,
            201.94444444444446
        ],
        [
            36.5,
            25.5,
            22.5
        ],
        [
            245.72519083969465,
            239.53053435114504,
            224.70992366412213
        ],
        [
            234.72413793103448,
            228.35632183908046,
            213.68965517241378
        ]
    ],
    "hex_colors": [
        "#f2ebdc",
        "#4e4341",
        "#8b827e",
        "#c6bcb7",
        "#eee8d9",
        "#b5aaa7",
        "#ded5c9",
        "#241916",
        "#f5efe0",
        "#eae4d5"
    ],
    "hsl_color_values": [
        [
            0.11874033255993806,
            0.08712571067593172,
            242.04892966360856
        ],
        [
            0.025641025641025644,
            0.16666666666666666,
            78.0
        ],
        [
            0.05147058823529401,
            0.09742120343839537,
            139.6
        ],
        [
            0.061403508771929995,
            0.07661290322580654,
            198.4
        ],
        [
            0.11863344303400736,
            0.08818286093337567,
            238.8151815181518
        ],
        [
            0.03947368421052642,
            0.0763052208835341,
            181.0909090909091
        ],
        [
            0.09582198001816515,
            0.09170414792603697,
            222.33333333333334
        ],
        [
            0.03571428571428572,
            0.3835616438356164,
            36.5
        ],
        [
            0.11753844291076405,
            0.08552345448897172,
            245.72519083969465
        ],
        [
            0.11621129326047369,
            0.08961363302482742,
            234.72413793103448
        ]
    ]
}