{
    "rgb_colors": [
        [
            210.36144578313252,
            197.36144578313252,
            174.36144578313252
        ],
        [
            208.50704225352112,
            195.50704225352112,
            172.50704225352112
        ],
        [
            207.0,
            194.0,
            171.0
        ],
        [
            204.0,
            191.0,
            168.0
        ],
        [
            212.66666666666666,
            199.66666666666666,
            176.66666666666666
        ],
        [
            206.0,
            193.0,
            170.0
        ],
        [
            199.6,
            186.6,
            163.6
        ],
        [
            197.05172413793105,
            184.05172413793105,
            161.05172413793105
        ],
        [
            205.0,
            192.0,
            169.0
        ],
        [
            202.07142857142858,
            189.07142857142858,
            166.07142857142858
        ]
    ],
    "hex_colors": [
        "#d2c5ae",
        "#d0c3ac",
        "#cfc2ab",
        "#ccbfa8",
        "#d4c7b0",
        "#cec1aa",
        "#c7baa3",
        "#c5b8a1",
        "#cdc0a9",
        "#cabda6"
    ],
    "hsl_color_values": [
        [
            0.10648148148148147,
            0.1711340206185567,
            210.36144578313252
        ],
        [
            0.10648148148148147,
            0.17265603890840314,
            208.50704225352112
        ],
        [
            0.10648148148148147,
            0.17391304347826086,
            207.0
        ],
        [
            0.10648148148148147,
            0.17647058823529413,
            204.0
        ],
        [
            0.10648148148148147,
            0.16927899686520376,
            212.66666666666666
        ],
        [
            0.10648148148148147,
            0.17475728155339806,
            206.0
        ],
        [
            0.10648148148148147,
            0.18036072144288579,
            199.6
        ],
        [
            0.10648148148148147,
            0.18269314900691222,
            197.05172413793105
        ],
        [
            0.10648148148148147,
            0.17560975609756097,
            205.0
        ],
        [
            0.10648148148148147,
            0.17815482502651112,
            202.07142857142858
        ]
    ]
}