{
    "rgb_colors": [
        [
            237.31612903225806,
            228.52903225806452,
            212.45806451612904
        ],
        [
            235.40740740740742,
            227.6074074074074,
            211.2074074074074
        ],
        [
            239.0441176470588,
            230.97058823529412,
            214.66176470588235
        ],
        [
            226.66666666666666,
            218.29166666666666,
            202.08333333333334
        ],
        [
            241.43333333333334,
            232.83333333333334,
            216.7
        ],
        [
            231.9431818181818,
            223.25,
            207.14772727272728
        ],
        [
            232.19277108433735,
            226.19277108433735,
            209.19277108433735
        ],
        [
            234.5177304964539,
            225.5177304964539,
            209.5177304964539
        ],
        [
            243.5,
            235.83333333333334,
            219.38888888888889
        ],
        [
            229.28787878787878,
            221.33333333333334,
            204.9848484848485
        ]
    ],
    "hex_colors": [
        "#ede4d4",
        "#ebe3d3",
        "#efe6d6",
        "#e2daca",
        "#f1e8d8",
        "#e7dfcf",
        "#e8e2d1",
        "#eae1d1",
        "#f3ebdb",
        "#e5ddcc"
    ],
    "hsl_color_values": [
        [
            0.1077515355999654,
            0.10474662896911695,
            237.31612903225806
        ],
        [
            0.11294765840220382,
            0.10280050346129647,
            235.40740740740742
        ],
        [
            0.11147969441093693,
            0.10199938480467546,
            239.0441176470588
        ],
        [
            0.10988700564971747,
            0.1084558823529411,
            226.66666666666666
        ],
        [
            0.10871518418688238,
            0.1024437387822726,
            241.43333333333334
        ],
        [
            0.10823403605255118,
            0.10690314046347553,
            231.9431818181818
        ],
        [
            0.12318840579710144,
            0.09905562474055625,
            232.19277108433735
        ],
        [
            0.10666666666666667,
            0.10660174796625034,
            234.5177304964539
        ],
        [
            0.11367127496159761,
            0.09901893680127767,
            243.5
        ],
        [
            0.11211554447215301,
            0.10599352408643353,
            229.28787878787878
        ]
    ]
}