{
    "rgb_colors": [
        [
            92.975,
            54.9,
            8.45
        ],
        [
            150.11494252873564,
            112.54022988505747,
            65.93103448275862
        ],
        [
            181.92727272727274,
            142.54545454545453,
            94.94545454545454
        ],
        [
            129.83,
            89.135,
            34.71
        ],
        [
            110.26168224299066,
            70.62616822429906,
            19.224299065420563
        ],
        [
            59.982300884955755,
            28.30088495575221,
            4.238938053097346
        ],
        [
            43.0,
            13.25,
            0.1923076923076934
        ],
        [
            122.909604519774,
            81.06214689265536,
            24.039548022598872
        ],
        [
            165.6086956521739,
            126.73913043478261,
            78.92753623188406
        ],
        [
            139.04032258064515,
            100.70967741935485,
            52.14516129032258
        ]
    ],
    "hex_colors": [
        "#5c3608",
        "#967041",
        "#b58e5e",
        "#815922",
        "#6e4613",
        "#3b1c04",
        "#2b0d00",
        "#7a5118",
        "#a57e4e",
        "#8b6434"
    ],
    "hsl_color_values": [
        [
            0.09159025929212265,
            0.9091153535896747,
            92.975
        ],
        [
            0.09227653377025304,
            0.5607963246554365,
            150.11494252873564
        ],
        [
            0.09120680044593084,
            0.47811313212072765,
            181.92727272727274
        ],
        [
            0.09536199887860947,
            0.7326503889701917,
            129.83
        ],
        [
            0.09410395921021113,
            0.8256484149855907,
            110.26168224299066
        ],
        [
            0.07194263639731173,
            0.9293301858955443,
            59.982300884955755
        ],
        [
            0.050838574423480075,
            0.9955277280858676,
            43.0
        ],
        [
            0.09612380952380954,
            0.8044127786715698,
            122.909604519774
        ],
        [
            0.09193000055732041,
            0.5234094688019603,
            165.6086956521739
        ],
        [
            0.09314771848414542,
            0.6249637492024824,
            139.04032258064515
        ]
    ]
}