{
    "rgb_colors": [
        [
            39.10828025477707,
            33.10828025477707,
            24.10828025477707
        ],
        [
            46.8150289017341,
            40.8150289017341,
            31.815028901734102
        ],
        [
            49.801886792452834,
            43.801886792452834,
            34.801886792452834
        ],
        [
            41.54782608695652,
            35.54782608695652,
            26.547826086956523
        ],
        [
            57.55555555555556,
            51.55555555555556,
            42.55555555555556
        ],
        [
            43.49242424242424,
            37.49242424242424,
            28.492424242424242
        ],
        [
            30.21875,
            24.21875,
            15.21875
        ],
        [
            52.87037037037037,
            46.87037037037037,
            37.87037037037037
        ],
        [
            45.0,
            39.0,
            30.0
        ],
        [
            35.43292682926829,
            29.432926829268293,
            20.432926829268293
        ]
    ],
    "hex_colors": [
        "#272118",
        "#2e281f",
        "#312b22",
        "#29231a",
        "#39332a",
        "#2b251c",
        "#1e180f",
        "#342e25",
        "#2d271e",
        "#231d14"
    ],
    "hsl_color_values": [
        [
            0.09999999999999999,
            0.38355048859934854,
            39.10828025477707
        ],
        [
            0.09999999999999999,
            0.3204099271515002,
            46.8150289017341
        ],
        [
            0.09999999999999999,
            0.30119340784239435,
            49.801886792452834
        ],
        [
            0.09999999999999998,
            0.36102971954792795,
            41.54782608695652
        ],
        [
            0.09999999999999999,
            0.2606177606177606,
            57.55555555555556
        ],
        [
            0.09999999999999999,
            0.34488765023515067,
            43.49242424242424
        ],
        [
            0.09999999999999999,
            0.4963805584281282,
            30.21875
        ],
        [
            0.09999999999999999,
            0.28371278458844135,
            52.87037037037037
        ],
        [
            0.09999999999999999,
            0.3333333333333333,
            45.0
        ],
        [
            0.10000000000000002,
            0.42333505420753736,
            35.43292682926829
        ]
    ]
}