{
    "rgb_colors": [
        [
            139.4025974025974,
            131.80519480519482,
            122.92207792207792
        ],
        [
            177.84285714285716,
            169.82142857142856,
            161.07857142857142
        ],
        [
            106.02,
            98.12,
            89.64
        ],
        [
            166.47813411078718,
            159.48979591836735,
            150.55102040816325
        ],
        [
            47.153846153846146,
            37.230769230769226,
            28.230769230769226
        ],
        [
            192.08196721311475,
            183.36065573770492,
            175.7377049180328
        ],
        [
            157.96521739130435,
            150.77391304347827,
            141.80869565217392
        ],
        [
            213.0,
            203.6,
            194.88
        ],
        [
            75.35,
            66.19999999999999,
            57.55
        ],
        [
            13.630769230769232,
            4.830769230769221,
            1.2153846153846075
        ]
    ],
    "hex_colors": [
        "#8b837a",
        "#b1a9a1",
        "#6a6259",
        "#a69f96",
        "#2f251c",
        "#c0b7af",
        "#9d968d",
        "#d5cbc2",
        "#4b4239",
        "#0d0401"
    ],
    "hsl_color_values": [
        [
            0.08983451536643043,
            0.11822247065399662,
            139.4025974025974
        ],
        [
            0.08691947166595633,
            0.09426459956623032,
            177.84285714285716
        ],
        [
            0.08628408628408635,
            0.15449915110356532,
            106.02
        ],
        [
            0.0935383488925499,
            0.09567090469685838,
            166.47813411078718
        ],
        [
            0.07926829268292684,
            0.401305057096248,
            47.153846153846146
        ],
        [
            0.07773319959879638,
            0.08509004011265679,
            192.08196721311475
        ],
        [
            0.09248295658414073,
            0.10227898271496196,
            157.96521739130435
        ],
        [
            0.08020603384841792,
            0.08507042253521128,
            213.0
        ],
        [
            0.08099250936329581,
            0.2362309223623092,
            75.35
        ],
        [
            0.048533663775299406,
            0.9108352144469531,
            13.630769230769232
        ]
    ]
}