{
    "rgb_colors": [
        [
            73.6470588235294,
            66.76470588235294,
            60.852941176470594
        ],
        [
            25.349999999999994,
            33.16666666666667,
            92.36666666666667
        ],
        [
            8.074074074074076,
            8.666666666666686,
            11.222222222222229
        ],
        [
            14.15217391304347,
            15.586956521739125,
            53.60869565217392
        ],
        [
            136.5,
            125.81395348837209,
            114.67441860465117
        ],
        [
            223.56382978723406,
            210.45390070921985,
            195.13475177304963
        ],
        [
            170.56060606060606,
            161.22727272727272,
            152.9848484848485
        ],
        [
            203.53932584269663,
            190.67977528089887,
            175.59550561797752
        ],
        [
            112.31818181818181,
            100.69696969696969,
            87.03030303030303
        ],
        [
            243.24489795918367,
            235.34693877551018,
            223.0
        ]
    ],
    "hex_colors": [
        "#49423c",
        "#19215c",
        "#08080b",
        "#0e0f35",
        "#887d72",
        "#dfd2c3",
        "#aaa198",
        "#cbbeaf",
        "#706457",
        "#f3ebdf"
    ],
    "hsl_color_values": [
        [
            0.07701149425287357,
            0.17372204472843436,
            73.6470588235294
        ],
        [
            0.6472270579457846,
            0.7255503428365212,
            92.36666666666667
        ],
        [
            0.635294117647058,
            0.28052805280528076,
            11.222222222222229
        ],
        [
            0.6606060606060606,
            0.7360097323600975,
            53.60869565217392
        ],
        [
            0.08506481974782454,
            0.15989436919669475,
            136.5
        ],
        [
            0.08980915554446796,
            0.12716313744151014,
            223.56382978723406
        ],
        [
            0.07816091954022973,
            0.10304699298214437,
            170.56060606060606
        ],
        [
            0.08996783273019698,
            0.13728953905603092,
            203.53932584269663
        ],
        [
            0.09007389654483718,
            0.22514501551328742,
            112.31818181818181
        ],
        [
            0.1016465053763439,
            0.08322845876331908,
            243.24489795918367
        ]
    ]
}