{
    "rgb_colors": [
        [
            114.63333333333333,
            78.54444444444445,
            34.8
        ],
        [
            161.28947368421052,
            130.5,
            93.13157894736841
        ],
        [
            100.78318584070797,
            63.93362831858407,
            20.376106194690266
        ],
        [
            90.43093922651934,
            53.98342541436464,
            10.524861878453038
        ],
        [
            95.74729241877256,
            59.09386281588448,
            15.635379061371841
        ],
        [
            107.58227848101266,
            71.10126582278481,
            27.379746835443036
        ],
        [
            133.58823529411765,
            101.61764705882354,
            67.61764705882354
        ],
        [
            120.51515151515152,
            85.51515151515152,
            45.39393939393939
        ],
        [
            148.73333333333335,
            117.4,
            81.51111111111112
        ],
        [
            81.42857142857143,
            46.095238095238095,
            3.238095238095241
        ]
    ],
    "hex_colors": [
        "#724e22",
        "#a1825d",
        "#643f14",
        "#5a350a",
        "#5f3b0f",
        "#6b471b",
        "#856543",
        "#78552d",
        "#947551",
        "#512e03"
    ],
    "hsl_color_values": [
        [
            0.09132451867316171,
            0.696423378889212,
            114.63333333333333
        ],
        [
            0.0913770913770914,
            0.4225811714798499,
            161.28947368421052
        ],
        [
            0.09028542079389536,
            0.7978223646661106,
            100.78318584070797
        ],
        [
            0.0906450943787596,
            0.8836143695014663,
            90.43093922651934
        ],
        [
            0.09041202890060536,
            0.8367016062137094,
            95.74729241877256
        ],
        [
            0.09085648148148147,
            0.7454994705259442,
            107.58227848101266
        ],
        [
            0.08589686431862091,
            0.49383531483927784,
            133.58823529411765
        ],
        [
            0.0890143875218502,
            0.6233341714860448,
            120.51515151515152
        ],
        [
            0.0889807162534435,
            0.4519647392798446,
            148.73333333333335
        ],
        [
            0.09135200974421437,
            0.9602339181286549,
            81.42857142857143
        ]
    ]
}