{
    "rgb_colors": [
        [
            41.952229299363054,
            20.283439490445858,
            17.350318471337573
        ],
        [
            205.69135802469134,
            197.17283950617283,
            186.93827160493828
        ],
        [
            92.75,
            85.75,
            85.08333333333333
        ],
        [
            13.633093525179845,
            1.7769784172661787,
            1.6762589928057565
        ],
        [
            189.62962962962962,
            181.18518518518516,
            172.2962962962963
        ],
        [
            147.5625,
            140.5625,
            138.625
        ],
        [
            33.6258064516129,
            12.84516129032258,
            10.709677419354833
        ],
        [
            218.72131147540983,
            212.15573770491804,
            205.11475409836066
        ],
        [
            198.3688524590164,
            189.5737704918033,
            178.77049180327867
        ],
        [
            110.5,
            103.5,
            102.5
        ]
    ],
    "hex_colors": [
        "#291411",
        "#cdc5ba",
        "#5c5555",
        "#0d0101",
        "#bdb5ac",
        "#938c8a",
        "#210c0a",
        "#dad4cd",
        "#c6bdb2",
        "#6e6766"
    ],
    "hsl_color_values": [
        [
            0.019870550161812328,
            0.586426782054202,
            41.952229299363054
        ],
        [
            0.09095896423085365,
            0.09117099813936727,
            205.69135802469134
        ],
        [
            0.014492753623188507,
            0.08265947888589403,
            92.75
        ],
        [
            0.0014039310068189592,
            0.8770448548812663,
            13.633093525179845
        ],
        [
            0.08547008547008526,
            0.09140624999999991,
            189.62962962962962
        ],
        [
            0.03613053613053613,
            0.06056755612028801,
            147.5625
        ],
        [
            0.01553115615615619,
            0.6815042210283961,
            33.6258064516129
        ],
        [
            0.08624497991967876,
            0.06220956378354066,
            218.72131147540983
        ],
        [
            0.09187229889864777,
            0.09879757034833286,
            198.3688524590164
        ],
        [
            0.020833333333333332,
            0.07239819004524888,
            110.5
        ]
    ]
}