{
    "rgb_colors": [
        [
            149.22727272727272,
            140.10909090909092,
            123.89090909090909
        ],
        [
            132.33333333333334,
            122.33333333333334,
            106.33333333333334
        ],
        [
            157.36708860759492,
            147.8987341772152,
            131.55696202531647
        ],
        [
            168.53125,
            159.34375,
            143.21875
        ],
        [
            159.87958115183247,
            150.48167539267016,
            134.2670157068063
        ],
        [
            138.80555555555554,
            129.36111111111111,
            113.69444444444444
        ],
        [
            155.13934426229508,
            145.63934426229508,
            129.5327868852459
        ],
        [
            144.57142857142858,
            135.45454545454544,
            119.85714285714286
        ],
        [
            152.72115384615384,
            143.2596153846154,
            127.16346153846153
        ],
        [
            163.25274725274724,
            153.85164835164835,
            137.64835164835165
        ]
    ],
    "hex_colors": [
        "#958c7b",
        "#847a6a",
        "#9d9383",
        "#a89f8f",
        "#9f9686",
        "#8a8171",
        "#9b9181",
        "#908777",
        "#988f7f",
        "#a39989"
    ],
    "hsl_color_values": [
        [
            0.10668580313359659,
            0.16978373438927805,
            149.22727272727272
        ],
        [
            0.10256410256410257,
            0.1964735516372796,
            132.33333333333334
        ],
        [
            0.10552558443681555,
            0.16401222651222638,
            157.36708860759492
        ],
        [
            0.10617283950617284,
            0.15019469682922307,
            168.53125
        ],
        [
            0.10551240119923679,
            0.16019910272783836,
            159.87958115183247
        ],
        [
            0.10398230088495582,
            0.1809085451270762,
            138.80555555555554
        ],
        [
            0.10483354673495515,
            0.16505521213081834,
            155.13934426229508
        ],
        [
            0.10518479593624086,
            0.17094861660079055,
            144.57142857142858
        ],
        [
            0.10496613995485334,
            0.16734873764402192,
            152.72115384615384
        ],
        [
            0.10547210300429188,
            0.15683898761443182,
            163.25274725274724
        ]
    ]
}