{
    "rgb_colors": [
        [
            72.11926605504587,
            57.73853211009175,
            40.8394495412844
        ],
        [
            62.31623931623932,
            48.68376068376068,
            32.623931623931625
        ],
        [
            94.75,
            80.75,
            63.75
        ],
        [
            66.79310344827586,
            53.793103448275865,
            38.793103448275865
        ],
        [
            84.72,
            70.56,
            53.72
        ],
        [
            57.87301587301587,
            44.41269841269841,
            28.80952380952381
        ],
        [
            75.1986301369863,
            60.6986301369863,
            43.84931506849315
        ],
        [
            69.33888888888889,
            55.03888888888889,
            38.15
        ],
        [
            78.75,
            64.10714285714286,
            47.214285714285715
        ],
        [
            65.95384615384616,
            51.86153846153846,
            35.23076923076923
        ]
    ],
    "hex_colors": [
        "#483928",
        "#3e3020",
        "#5e503f",
        "#423526",
        "#544635",
        "#392c1c",
        "#4b3c2b",
        "#453726",
        "#4e402f",
        "#413323"
    ],
    "hsl_color_values": [
        [
            0.09004252822994578,
            0.4337234448543442,
            72.11926605504587
        ],
        [
            0.09014584532719246,
            0.476477849403374,
            62.31623931623932
        ],
        [
            0.09139784946236558,
            0.32717678100263853,
            94.75
        ],
        [
            0.0892857142857143,
            0.4192049561177077,
            66.79310344827586
        ],
        [
            0.09053763440860217,
            0.3659112370160529,
            84.72
        ],
        [
            0.08947751683961404,
            0.502194185408667,
            57.87301587301587
        ],
        [
            0.08957832641468215,
            0.41688678386009653,
            75.1986301369863
        ],
        [
            0.09025056406602543,
            0.44980370162647226,
            69.33888888888889
        ],
        [
            0.08927897319743301,
            0.400453514739229,
            78.75
        ],
        [
            0.09021866132532129,
            0.4658269185910893,
            65.95384615384616
        ]
    ]
}