{
    "rgb_colors": [
        [
            81.05263157894737,
            66.05263157894737,
            46.05263157894737
        ],
        [
            70.06043956043956,
            55.06043956043956,
            35.06043956043956
        ],
        [
            76.97709923664122,
            61.97709923664122,
            41.97709923664122
        ],
        [
            108.2,
            93.2,
            73.2
        ],
        [
            67.1025641025641,
            52.1025641025641,
            32.1025641025641
        ],
        [
            89.7,
            74.7,
            54.7
        ],
        [
            73.01401869158879,
            58.01401869158879,
            38.01401869158879
        ],
        [
            63.63513513513514,
            48.63513513513514,
            28.635135135135137
        ],
        [
            98.6,
            83.6,
            63.6
        ],
        [
            83.95555555555555,
            68.95555555555555,
            48.955555555555556
        ]
    ],
    "hex_colors": [
        "#51422e",
        "#463723",
        "#4c3d29",
        "#6c5d49",
        "#433420",
        "#594a36",
        "#493a26",
        "#3f301c",
        "#62533f",
        "#534430"
    ],
    "hsl_color_values": [
        [
            0.09523809523809523,
            0.4318181818181818,
            81.05263157894737
        ],
        [
            0.09523809523809523,
            0.4995686612814681,
            70.06043956043956
        ],
        [
            0.09523809523809523,
            0.4546806822689409,
            76.97709923664122
        ],
        [
            0.09523809523809523,
            0.3234750462107209,
            108.2
        ],
        [
            0.09523809523809523,
            0.5215896064195644,
            67.1025641025641
        ],
        [
            0.09523809523809523,
            0.39018952062430323,
            89.7
        ],
        [
            0.09523809523809523,
            0.47935999999999995,
            73.01401869158879
        ],
        [
            0.09523809523809523,
            0.5500106179655978,
            63.63513513513514
        ],
        [
            0.09523809523809523,
            0.3549695740365111,
            98.6
        ],
        [
            0.09523809523809523,
            0.41688724192694543,
            83.95555555555555
        ]
    ]
}