{
    "rgb_colors": [
        [
            229.81286549707602,
            219.81286549707602,
            200.81286549707602
        ],
        [
            223.5561797752809,
            213.5561797752809,
            194.5561797752809
        ],
        [
            219.48275862068965,
            209.48275862068965,
            190.48275862068965
        ],
        [
            232.52631578947367,
            222.52631578947367,
            203.52631578947367
        ],
        [
            228.0,
            218.0,
            199.0
        ],
        [
            225.0,
            215.0,
            196.0
        ],
        [
            221.54814814814816,
            211.54814814814816,
            192.54814814814816
        ],
        [
            236.14285714285714,
            226.14285714285714,
            207.14285714285714
        ],
        [
            217.0,
            207.0,
            188.0
        ],
        [
            226.5056818181818,
            216.5056818181818,
            197.5056818181818
        ]
    ],
    "hex_colors": [
        "#e5dbc8",
        "#dfd5c2",
        "#dbd1be",
        "#e8decb",
        "#e4dac7",
        "#e1d7c4",
        "#ddd3c0",
        "#ece2cf",
        "#d9cfbc",
        "#e2d8c5"
    ],
    "hsl_color_values": [
        [
            0.10919540229885057,
            0.12618962797088912,
            229.81286549707602
        ],
        [
            0.10919540229885057,
            0.12972130776769783,
            223.5561797752809
        ],
        [
            0.10919540229885057,
            0.13212882953652788,
            219.48275862068965
        ],
        [
            0.10919540229885057,
            0.1247170665459484,
            232.52631578947367
        ],
        [
            0.10919540229885057,
            0.12719298245614036,
            228.0
        ],
        [
            0.10919540229885057,
            0.1288888888888889,
            225.0
        ],
        [
            0.10919540229885057,
            0.13089705439834162,
            221.54814814814816
        ],
        [
            0.10919540229885057,
            0.12280701754385966,
            236.14285714285714
        ],
        [
            0.10919540229885057,
            0.1336405529953917,
            217.0
        ],
        [
            0.10919540229885057,
            0.12803210836573437,
            226.5056818181818
        ]
    ]
}