{
    "rgb_colors": [
        [
            219.16666666666666,
            209.16666666666666,
            190.5
        ],
        [
            231.6326530612245,
            221.6326530612245,
            203.3673469387755
        ],
        [
            222.340206185567,
            212.340206185567,
            193.84536082474227
        ],
        [
            235.3859649122807,
            225.3859649122807,
            207.0
        ],
        [
            227.02645502645504,
            217.02645502645504,
            198.5185185185185
        ],
        [
            224.80645161290323,
            214.80645161290323,
            196.19354838709677
        ],
        [
            233.42268041237114,
            223.42268041237114,
            204.88659793814432
        ],
        [
            230.27966101694915,
            220.27966101694915,
            201.61016949152543
        ],
        [
            237.47826086956522,
            227.47826086956522,
            208.8695652173913
        ],
        [
            228.70212765957447,
            218.70212765957447,
            200.38297872340425
        ]
    ],
    "hex_colors": [
        "#dbd1be",
        "#e7ddcb",
        "#ded4c1",
        "#ebe1cf",
        "#e3d9c6",
        "#e0d6c4",
        "#e9dfcc",
        "#e6dcc9",
        "#ede3d0",
        "#e4dac8"
    ],
    "hsl_color_values": [
        [
            0.10852713178294571,
            0.13079847908745243,
            219.16666666666666
        ],
        [
            0.10770156438026474,
            0.12202643171806166,
            231.6326530612245
        ],
        [
            0.1081765557163531,
            0.12815876107015348,
            222.340206185567
        ],
        [
            0.10795220436753195,
            0.12059327718566003,
            235.3859649122807
        ],
        [
            0.1082034149962881,
            0.12557098909294315,
            227.02645502645504
        ],
        [
            0.10841788801202557,
            0.12727794518582297,
            224.80645161290323
        ],
        [
            0.10826107899807325,
            0.12225068456850106,
            233.42268041237114
        ],
        [
            0.10853286038033301,
            0.1244985831523939,
            230.27966101694915
        ],
        [
            0.10840932117527861,
            0.12046869278652506,
            237.47826086956522
        ],
        [
            0.10781367392937642,
            0.12382547213694302,
            228.70212765957447
        ]
    ]
}