{
    "rgb_colors": [
        [
            31.27777777777777,
            22.833333333333343,
            1.2222222222222285
        ],
        [
            152.53731343283582,
            196.273631840796,
            50.64179104477612
        ],
        [
            98.52380952380952,
            101.76190476190477,
            28.380952380952387
        ],
        [
            161.8732782369146,
            206.56473829201101,
            65.31404958677686
        ],
        [
            187.0,
            114.71428571428572,
            78.76190476190476
        ],
        [
            224.72727272727275,
            236.46753246753246,
            133.11688311688312
        ],
        [
            131.85714285714286,
            164.22448979591837,
            43.816326530612244
        ],
        [
            183.07563025210084,
            217.42016806722688,
            90.40336134453781
        ],
        [
            154.29545454545453,
            59.113636363636374,
            40.47727272727273
        ],
        [
            161.1290322580645,
            193.69892473118279,
            99.25806451612904
        ]
    ],
    "hex_colors": [
        "#1f1601",
        "#98c432",
        "#62651c",
        "#a1ce41",
        "#bb724e",
        "#e0ec85",
        "#83a42b",
        "#b7d95a",
        "#9a3b28",
        "#a1c163"
    ],
    "hsl_color_values": [
        [
            0.11983980283425762,
            0.9609236234458257,
            31.27777777777777
        ],
        [
            0.216720187665118,
            0.7419837266482472,
            196.273631840796
        ],
        [
            0.17402119835604588,
            0.7211043518951801,
            101.76190476190477
        ],
        [
            0.21939969575223314,
            0.6838083298881079,
            206.56473829201101
        ],
        [
            0.055360023463851014,
            0.5788133435192259,
            187.0
        ],
        [
            0.1855993968333752,
            0.4370606326889279,
            236.46753246753246
        ],
        [
            0.2114689265536723,
            0.7331924940971791,
            164.22448979591837
        ],
        [
            0.21173227478222514,
            0.584199744907819,
            217.42016806722688
        ],
        [
            0.027289669861554882,
            0.7376638680218,
            154.29545454545453
        ],
        [
            0.22414512884739457,
            0.4875652270456311,
            193.69892473118279
        ]
    ]
}