{
    "rgb_colors": [
        [
            17.363636363636363,
            14.324675324675324,
            10.675324675324674
        ],
        [
            46.56382978723404,
            40.56382978723404,
            32.03191489361702
        ],
        [
            38.816901408450704,
            33.08450704225352,
            25.218309859154928
        ],
        [
            34.68,
            29.08,
            21.686666666666667
        ],
        [
            30.008474576271187,
            24.779661016949152,
            18.1864406779661
        ],
        [
            10.237288135593221,
            7.406779661016948,
            4.983050847457628
        ],
        [
            52.28947368421052,
            46.28947368421052,
            38.26315789473684
        ],
        [
            3.9444444444444464,
            1.2986111111111107,
            0.4513888888888893
        ],
        [
            42.46601941747573,
            36.52427184466019,
            28.553398058252426
        ],
        [
            23.327868852459016,
            19.885245901639344,
            15.344262295081968
        ]
    ],
    "hex_colors": [
        "#110e0a",
        "#2e2820",
        "#262119",
        "#221d15",
        "#1e1812",
        "#0a0704",
        "#342e26",
        "#030100",
        "#2a241c",
        "#17130f"
    ],
    "hsl_color_values": [
        [
            0.09093851132686086,
            0.38519072550486166,
            17.363636363636363
        ],
        [
            0.09785261102977061,
            0.31208590358693167,
            46.56382978723404
        ],
        [
            0.09640945969273261,
            0.35032656023222064,
            38.816901408450704
        ],
        [
            0.09483495809816998,
            0.3746635909265667,
            34.68
        ],
        [
            0.0929510155316607,
            0.3939565094606044,
            30.008474576271187
        ],
        [
            0.07688172043010745,
            0.5132450331125827,
            10.237288135593221
        ],
        [
            0.09537210756722948,
            0.26824358329139397,
            52.28947368421052
        ],
        [
            0.04042412193505627,
            0.8855633802816901,
            3.9444444444444464
        ],
        [
            0.09548732263317046,
            0.32761774119798814,
            42.46601941747573
        ],
        [
            0.094798083504449,
            0.34223471539002104,
            23.327868852459016
        ]
    ]
}