{
    "rgb_colors": [
        [
            198.20714285714286,
            182.07142857142858,
            162.45
        ],
        [
            199.9090909090909,
            184.0,
            164.3030303030303
        ],
        [
            191.37037037037038,
            174.17592592592592,
            154.90740740740742
        ],
        [
            196.9921875,
            179.953125,
            160.6328125
        ],
        [
            187.8421052631579,
            170.1578947368421,
            151.05263157894737
        ],
        [
            201.60194174757282,
            185.23300970873785,
            165.6893203883495
        ],
        [
            194.8684210526316,
            179.19736842105263,
            159.42105263157896
        ],
        [
            203.1290322580645,
            187.4516129032258,
            167.67741935483872
        ],
        [
            193.5748031496063,
            176.99212598425197,
            157.51968503937007
        ],
        [
            205.72727272727272,
            190.3181818181818,
            170.45454545454547
        ]
    ],
    "hex_colors": [
        "#c6b6a2",
        "#c7b8a4",
        "#bfae9a",
        "#c4b3a0",
        "#bbaa97",
        "#c9b9a5",
        "#c2b39f",
        "#cbbba7",
        "#c1b09d",
        "#cdbeaa"
    ],
    "hsl_color_values": [
        [
            0.0914569183646292,
            0.18040289740170823,
            198.20714285714286
        ],
        [
            0.09219858156028367,
            0.17811126269516442,
            199.9090909090909
        ],
        [
            0.08807347215168437,
            0.19053609444551964,
            191.37037037037038
        ],
        [
            0.08856181062884973,
            0.18457267499504262,
            196.9921875
        ],
        [
            0.08655221745350504,
            0.1958531801625105,
            187.8421052631579
        ],
        [
            0.09070018924033518,
            0.1781362870214304,
            201.60194174757282
        ],
        [
            0.09298440979955451,
            0.18190411883862254,
            194.8684210526316
        ],
        [
            0.09296329996966933,
            0.17452755280292195,
            203.1290322580645
        ],
        [
            0.09001237533668194,
            0.18625935567849014,
            193.5748031496063
        ],
        [
            0.09385738831615116,
            0.17145382235969941,
            205.72727272727272
        ]
    ]
}