{
    "rgb_colors": [
        [
            123.30555555555556,
            98.08333333333333,
            70.08333333333333
        ],
        [
            27.13793103448276,
            4.793103448275858,
            0.0
        ],
        [
            40.5,
            18.5,
            2.7083333333333357
        ],
        [
            99.3956043956044,
            71.63736263736264,
            38.362637362637365
        ],
        [
            78.04878048780488,
            55.048780487804876,
            29.34146341463415
        ],
        [
            109.26013513513513,
            81.89189189189189,
            48.185810810810814
        ],
        [
            52.592592592592595,
            30.74074074074074,
            5.629629629629633
        ],
        [
            65.01369863013699,
            42.87671232876713,
            16.9041095890411
        ],
        [
            104.5126050420168,
            77.15546218487395,
            43.53781512605042
        ],
        [
            114.54929577464789,
            87.69014084507043,
            54.95774647887324
        ]
    ],
    "hex_colors": [
        "#7b6246",
        "#1b0400",
        "#281202",
        "#634726",
        "#4e371d",
        "#6d5130",
        "#341e05",
        "#412a10",
        "#684d2b",
        "#725736"
    ],
    "hsl_color_values": [
        [
            0.08768267223382047,
            0.43162874521288586,
            123.30555555555556
        ],
        [
            0.02943667937314694,
            1.0,
            27.13793103448276
        ],
        [
            0.06964351341418595,
            0.9331275720164608,
            40.5
        ],
        [
            0.09086544232385069,
            0.61404090657822,
            99.3956043956044
        ],
        [
            0.08796528125521615,
            0.6240625,
            78.04878048780488
        ],
        [
            0.09198104510085924,
            0.5589808602084041,
            109.26013513513513
        ],
        [
            0.08911671924290221,
            0.8929577464788732,
            52.592592592592595
        ],
        [
            0.08997722095671983,
            0.7399915718499789,
            65.01369863013699
        ],
        [
            0.09188947078280046,
            0.5834204390126236,
            104.5126050420168
        ],
        [
            0.09154652170487672,
            0.5202262387802778,
            114.54929577464789
        ]
    ]
}