{
    "rgb_colors": [
        [
            154.19819819819818,
            145.66666666666666,
            131.57657657657657
        ],
        [
            161.47826086956522,
            153.1304347826087,
            139.1863354037267
        ],
        [
            156.02027027027026,
            147.93243243243242,
            133.77027027027026
        ],
        [
            175.5,
            163.44444444444446,
            149.38888888888889
        ],
        [
            142.80769230769232,
            133.80769230769232,
            119.8076923076923
        ],
        [
            164.06896551724137,
            156.16091954022988,
            142.183908045977
        ],
        [
            152.1010101010101,
            143.13131313131314,
            129.13131313131314
        ],
        [
            158.61722488038276,
            150.26315789473685,
            136.36363636363637
        ],
        [
            148.43119266055047,
            139.37614678899084,
            125.40366972477064
        ],
        [
            169.1315789473684,
            158.6315789473684,
            144.6578947368421
        ]
    ],
    "hex_colors": [
        "#9a9183",
        "#a1998b",
        "#9c9385",
        "#afa395",
        "#8e8577",
        "#a49c8e",
        "#988f81",
        "#9e9688",
        "#948b7d",
        "#a99e90"
    ],
    "hsl_color_values": [
        [
            0.10380990309305722,
            0.14670483757887354,
            154.19819819819818
        ],
        [
            0.1042537382743568,
            0.13804908069851532,
            161.47826086956522
        ],
        [
            0.10608361170158924,
            0.14260967476505998,
            156.02027027027026
        ],
        [
            0.08971631205673769,
            0.148781259892371,
            175.5
        ],
        [
            0.10144927536231889,
            0.16105575006733108,
            142.80769230769232
        ],
        [
            0.10644257703081239,
            0.1333893792910186,
            164.06896551724137
        ],
        [
            0.10158311345646438,
            0.15101607119139326,
            152.1010101010101
        ],
        [
            0.10409947681502192,
            0.14029742692528116,
            158.61722488038276
        ],
        [
            0.10112881806108905,
            0.1551393782063169,
            148.43119266055047
        ],
        [
            0.0951612903225806,
            0.14470203827602296,
            169.1315789473684
        ]
    ]
}