{
    "rgb_colors": [
        [
            52.286821705426355,
            39.01550387596899,
            23.3953488372093
        ],
        [
            58.78892733564014,
            45.4083044982699,
            29.515570934256054
        ],
        [
            62.970338983050844,
            49.5,
            33.42372881355932
        ],
        [
            82.0,
            68.46153846153847,
            52.38461538461539
        ],
        [
            67.87628865979381,
            54.45360824742268,
            38.48453608247423
        ],
        [
            74.25714285714285,
            60.6,
            44.285714285714285
        ],
        [
            95.2,
            81.2,
            64.2
        ],
        [
            55.226519337016576,
            42.027624309392266,
            26.45303867403315
        ],
        [
            88.0,
            74.3,
            57.900000000000006
        ],
        [
            48.10344827586207,
            34.793103448275865,
            19.03448275862069
        ]
    ],
    "hex_colors": [
        "#342717",
        "#3a2d1d",
        "#3e3121",
        "#524434",
        "#433626",
        "#4a3c2c",
        "#5f5140",
        "#372a1a",
        "#584a39",
        "#302213"
    ],
    "hsl_color_values": [
        [
            0.09010821930059922,
            0.5525574499629355,
            52.286821705426355
        ],
        [
            0.09048463356973997,
            0.4979399646851089,
            58.78892733564014
        ],
        [
            0.09068311104737321,
            0.4692147231007334,
            62.970338983050844
        ],
        [
            0.09047619047619049,
            0.3611632270168855,
            82.0
        ],
        [
            0.09055302233134571,
            0.43301944106925877,
            67.87628865979381
        ],
        [
            0.09072132189386721,
            0.40361677568295495,
            74.25714285714285
        ],
        [
            0.09139784946236558,
            0.32563025210084034,
            95.2
        ],
        [
            0.09021377368151562,
            0.5210084033613446,
            55.226519337016576
        ],
        [
            0.0908084163898117,
            0.3420454545454545,
            88.0
        ],
        [
            0.09035191775405299,
            0.6043010752688172,
            48.10344827586207
        ]
    ]
}