{
    "rgb_colors": [
        [
            227.66666666666666,
            218.66666666666666,
            202.66666666666666
        ],
        [
            239.7080291970803,
            230.7080291970803,
            214.7080291970803
        ],
        [
            234.44444444444446,
            225.44444444444446,
            209.44444444444446
        ],
        [
            242.5,
            233.5,
            217.5
        ],
        [
            229.54205607476635,
            220.54205607476635,
            204.54205607476635
        ],
        [
            232.5079365079365,
            223.5079365079365,
            207.5079365079365
        ],
        [
            238.0,
            229.0,
            213.0
        ],
        [
            236.5421686746988,
            227.5421686746988,
            211.5421686746988
        ],
        [
            225.26315789473685,
            216.26315789473685,
            200.26315789473685
        ],
        [
            231.0,
            222.0,
            206.0
        ]
    ],
    "hex_colors": [
        "#e3daca",
        "#efe6d6",
        "#eae1d1",
        "#f2e9d9",
        "#e5dccc",
        "#e8dfcf",
        "#eee5d5",
        "#ece3d3",
        "#e1d8c8",
        "#e7dece"
    ],
    "hsl_color_values": [
        [
            0.10666666666666667,
            0.10980966325036604,
            227.66666666666666
        ],
        [
            0.10666666666666667,
            0.10429354445797807,
            239.7080291970803
        ],
        [
            0.10666666666666667,
            0.10663507109004738,
            234.44444444444446
        ],
        [
            0.10666666666666667,
            0.10309278350515463,
            242.5
        ],
        [
            0.10666666666666667,
            0.10891250356255854,
            229.54205607476635
        ],
        [
            0.10666666666666667,
            0.10752321135991262,
            232.5079365079365
        ],
        [
            0.10666666666666667,
            0.10504201680672269,
            238.0
        ],
        [
            0.10666666666666667,
            0.10568940049915958,
            236.5421686746988
        ],
        [
            0.10666666666666667,
            0.11098130841121495,
            225.26315789473685
        ],
        [
            0.10666666666666667,
            0.10822510822510822,
            231.0
        ]
    ]
}