{
    "rgb_colors": [
        [
            153.1142857142857,
            120.48571428571428,
            80.6
        ],
        [
            18.0,
            11.206106870229007,
            6.442748091603054
        ],
        [
            117.31060606060606,
            83.91666666666666,
            39.553030303030305
        ],
        [
            128.02564102564102,
            93.88888888888889,
            48.78632478632478
        ],
        [
            106.52808988764045,
            71.6629213483146,
            27.258426966292134
        ],
        [
            52.35714285714286,
            41.285714285714285,
            28.928571428571427
        ],
        [
            89.36363636363636,
            52.67045454545455,
            9.045454545454545
        ],
        [
            5.847352024922117,
            2.4423676012461044,
            1.582554517133957
        ],
        [
            134.53846153846155,
            105.32307692307693,
            68.3076923076923
        ],
        [
            86.61111111111111,
            77.0,
            61.22222222222222
        ]
    ],
    "hex_colors": [
        "#997850",
        "#120b06",
        "#755327",
        "#805d30",
        "#6a471b",
        "#34291c",
        "#593409",
        "#050201",
        "#866944",
        "#564d3d"
    ],
    "hsl_color_values": [
        [
            0.09167323351720517,
            0.47359582011569323,
            153.1142857142857
        ],
        [
            0.06869220607661823,
            0.642069550466497,
            18.0
        ],
        [
            0.09508963367108336,
            0.6628350016144655,
            117.31060606060606
        ],
        [
            0.09486571027936576,
            0.6189331731090193,
            128.02564102564102
        ],
        [
            0.09336168202220646,
            0.7441198185845375,
            106.52808988764045
        ],
        [
            0.08790650406504064,
            0.44747612551159627,
            52.35714285714286
        ],
        [
            0.090525372571213,
            0.8987792472024415,
            89.36363636363636
        ],
        [
            0.03360116873630381,
            0.7293553542887585,
            5.847352024922117
        ],
        [
            0.09314750290360045,
            0.49228130360205835,
            134.53846153846155
        ],
        [
            0.10357403355215171,
            0.29313662604233487,
            86.61111111111111
        ]
    ]
}