{
    "rgb_colors": [
        [
            127.78947368421052,
            111.0,
            93.26315789473685
        ],
        [
            160.83636363636364,
            150.3090909090909,
            138.29090909090908
        ],
        [
            146.53333333333333,
            132.33333333333334,
            117.5
        ],
        [
            179.21167883211677,
            169.98540145985402,
            158.492700729927
        ],
        [
            92.54385964912281,
            69.21052631578948,
            44.12280701754386
        ],
        [
            170.69402985074626,
            161.41044776119404,
            150.01492537313433
        ],
        [
            81.17241379310344,
            58.27586206896552,
            33.827586206896555
        ],
        [
            175.7207792207792,
            166.48701298701297,
            154.87662337662337
        ],
        [
            183.61,
            174.49,
            162.87
        ],
        [
            104.77777777777777,
            86.44444444444444,
            67.33333333333334
        ]
    ],
    "hex_colors": [
        "#7f6f5d",
        "#a0968a",
        "#928475",
        "#b3a99e",
        "#5c452c",
        "#aaa196",
        "#513a21",
        "#afa69a",
        "#b7aea2",
        "#685643"
    ],
    "hsl_color_values": [
        [
            0.08561991869918699,
            0.27018121911037885,
            127.78947368421052
        ],
        [
            0.0888440860215054,
            0.1401763508930591,
            160.83636363636364
        ],
        [
            0.08515116724071954,
            0.19813466787989079,
            146.53333333333333
        ],
        [
            0.09244906347249142,
            0.11561176278918207,
            179.21167883211677
        ],
        [
            0.08635265700483093,
            0.5232227488151658,
            92.54385964912281
        ],
        [
            0.09184409960303146,
            0.12114720412713674,
            170.69402985074626
        ],
        [
            0.08606457878125762,
            0.5832625318606627,
            81.17241379310344
        ],
        [
            0.09283489096573207,
            0.11862089353682417,
            175.7207792207792
        ],
        [
            0.09337833494053359,
            0.11295681063122928,
            183.61
        ],
        [
            0.08506429277942629,
            0.3573700954400847,
            104.77777777777777
        ]
    ]
}