{
    "rgb_colors": [
        [
            184.87179487179486,
            176.12820512820514,
            162.76923076923077
        ],
        [
            95.19999999999999,
            84.72,
            70.56
        ],
        [
            155.22277227722773,
            144.72772277227722,
            129.0049504950495
        ],
        [
            224.0,
            214.33333333333331,
            200.66666666666666
        ],
        [
            137.675,
            127.50625,
            112.925
        ],
        [
            162.4625,
            151.8875,
            135.85625
        ],
        [
            171.1720430107527,
            160.7741935483871,
            145.13978494623655
        ],
        [
            147.40404040404042,
            137.1919191919192,
            122.11111111111111
        ],
        [
            57.54166666666667,
            47.125,
            35.41666666666667
        ],
        [
            124.85897435897436,
            115.15384615384616,
            101.57692307692308
        ]
    ],
    "hex_colors": [
        "#b8b0a2",
        "#5f5446",
        "#9b9081",
        "#e0d6c8",
        "#897f70",
        "#a29787",
        "#aba091",
        "#93897a",
        "#392f23",
        "#7c7365"
    ],
    "hsl_color_values": [
        [
            0.10073472544470236,
            0.11955617198335637,
            184.87179487179486
        ],
        [
            0.09577922077922081,
            0.2588235294117646,
            95.19999999999999
        ],
        [
            0.09994964753272899,
            0.16890448094402807,
            155.22277227722773
        ],
        [
            0.09761904761904751,
            0.10416666666666671,
            224.0
        ],
        [
            0.09819023569023562,
            0.1797712002905394,
            137.675
        ],
        [
            0.10042283298097245,
            0.16376856197584067,
            162.4625
        ],
        [
            0.10009637890678785,
            0.1520824172372638,
            171.1720430107527
        ],
        [
            0.09937433439829606,
            0.17158911807030772,
            147.40404040404042
        ],
        [
            0.08819836785938477,
            0.3845039826212889,
            57.54166666666667
        ],
        [
            0.09719162995594714,
            0.18646678303727282,
            124.85897435897436
        ]
    ]
}