{
    "rgb_colors": [
        [
            87.36241610738256,
            79.8489932885906,
            75.10402684563758
        ],
        [
            237.5,
            232.0,
            228.0
        ],
        [
            130.3913043478261,
            122.17391304347825,
            116.04347826086956
        ],
        [
            102.97590361445783,
            94.24096385542168,
            88.06024096385542
        ],
        [
            96.15962441314554,
            86.4319248826291,
            78.78873239436619
        ],
        [
            158.0,
            149.28571428571428,
            142.42857142857142
        ],
        [
            72.0,
            66.05,
            62.65
        ],
        [
            80.63839285714286,
            73.95535714285714,
            70.59821428571429
        ],
        [
            91.97540983606558,
            85.24590163934427,
            81.88524590163935
        ],
        [
            211.0,
            205.375,
            201.125
        ]
    ],
    "hex_colors": [
        "#574f4b",
        "#ede8e4",
        "#827a74",
        "#665e58",
        "#60564e",
        "#9e958e",
        "#48423e",
        "#504946",
        "#5b5551",
        "#d3cdc9"
    ],
    "hsl_color_values": [
        [
            0.06451318550962683,
            0.14031650918030283,
            87.36241610738256
        ],
        [
            0.07017543859649122,
            0.04,
            237.5
        ],
        [
            0.07121212121212107,
            0.11003667889296438,
            130.3913043478261
        ],
        [
            0.06906300484652661,
            0.1448461448461449,
            102.97590361445783
        ],
        [
            0.07333333333333335,
            0.18064642124792502,
            96.15962441314554
        ],
        [
            0.07339449541284403,
            0.0985533453887885,
            158.0
        ],
        [
            0.06060606060606057,
            0.12986111111111112,
            72.0
        ],
        [
            0.05572847191344286,
            0.12450866412002433,
            80.63839285714286
        ],
        [
            0.0555104251286217,
            0.10970501737813028,
            91.97540983606558
        ],
        [
            0.07172995780590717,
            0.046800947867298576,
            211.0
        ]
    ]
}