{
    "rgb_colors": [
        [
            239.74866310160428,
            230.98930481283423,
            214.9090909090909
        ],
        [
            234.2605633802817,
            225.85211267605635,
            209.6549295774648
        ],
        [
            237.0,
            228.0,
            212.0
        ],
        [
            242.5888888888889,
            234.0222222222222,
            217.87777777777777
        ],
        [
            238.0,
            229.0,
            213.0
        ],
        [
            235.42056074766356,
            227.28971962616822,
            211.0
        ],
        [
            231.2941176470588,
            225.2941176470588,
            208.2941176470588
        ],
        [
            235.8421052631579,
            229.8421052631579,
            212.8421052631579
        ],
        [
            232.47619047619048,
            223.47619047619048,
            207.47619047619048
        ],
        [
            229.52100840336135,
            221.2016806722689,
            204.9747899159664
        ]
    ],
    "hex_colors": [
        "#efe6d6",
        "#eae1d1",
        "#ede4d4",
        "#f2ead9",
        "#eee5d5",
        "#ebe3d3",
        "#e7e1d0",
        "#ebe5d4",
        "#e8dfcf",
        "#e5ddcc"
    ],
    "hsl_color_values": [
        [
            0.10789379260853971,
            0.10360671826556332,
            239.74866310160428
        ],
        [
            0.10971188704445721,
            0.1050353224109424,
            234.2605633802817
        ],
        [
            0.10666666666666667,
            0.10548523206751055,
            237.0
        ],
        [
            0.10888788968824929,
            0.10186415059771915,
            242.5888888888889
        ],
        [
            0.10666666666666667,
            0.10504201680672269,
            238.0
        ],
        [
            0.11117489475698426,
            0.10373163953949982,
            235.42056074766356
        ],
        [
            0.12318840579710144,
            0.09944048830111903,
            231.2941176470588
        ],
        [
            0.12318840579710144,
            0.09752287435840215,
            235.8421052631579
        ],
        [
            0.10666666666666667,
            0.10753789430561245,
            232.47619047619048
        ],
        [
            0.11017916238731022,
            0.10694541061033205,
            229.52100840336135
        ]
    ]
}