{
    "rgb_colors": [
        [
            11.414141414141397,
            6.0,
            6.131313131313107
        ],
        [
            240.7865168539326,
            236.3707865168539,
            229.6741573033708
        ],
        [
            225.98095238095237,
            219.86666666666667,
            212.1809523809524
        ],
        [
            92.3076923076923,
            86.46153846153845,
            82.06593406593406
        ],
        [
            121.97872340425532,
            115.4468085106383,
            109.7872340425532
        ],
        [
            212.06578947368422,
            205.4671052631579,
            197.06578947368422
        ],
        [
            175.14285714285714,
            169.66666666666666,
            164.38095238095238
        ],
        [
            48.53333333333333,
            42.96666666666667,
            41.25
        ],
        [
            152.84552845528455,
            148.8130081300813,
            145.3089430894309
        ],
        [
            197.0810810810811,
            191.31531531531533,
            185.5045045045045
        ]
    ],
    "hex_colors": [
        "#0b0606",
        "#f0ece5",
        "#e1dbd4",
        "#5c5652",
        "#79736d",
        "#d4cdc5",
        "#afa9a4",
        "#302a29",
        "#989491",
        "#c5bfb9"
    ],
    "hsl_color_values": [
        [
            0.9959577114427868,
            0.4743362831858399,
            11.414141414141397
        ],
        [
            0.10043815301651444,
            0.046150256649556666,
            240.7865168539326
        ],
        [
            0.09282263630089727,
            0.061067093728927775,
            225.98095238095237
        ],
        [
            0.07153075822603712,
            0.11095238095238102,
            92.3076923076923
        ],
        [
            0.07737056428155913,
            0.09994767137624279,
            121.97872340425532
        ],
        [
            0.09334795321637412,
            0.07073276664391635,
            212.06578947368422
        ],
        [
            0.08185840707964591,
            0.06144643828167481,
            175.14285714285714
        ],
        [
            0.03928299008390548,
            0.15006868131868129,
            48.53333333333333
        ],
        [
            0.07749011147069396,
            0.04930851063829784,
            152.84552845528455
        ],
        [
            0.08365758754863832,
            0.05874017187785712,
            197.0810810810811
        ]
    ]
}