{
    "rgb_colors": [
        [
            48.64835164835165,
            46.543956043956044,
            42.247252747252745
        ],
        [
            51.058035714285715,
            48.99107142857143,
            44.651785714285715
        ],
        [
            53.79333333333334,
            51.78,
            46.66
        ],
        [
            42.172413793103445,
            40.10344827586207,
            34.93103448275862
        ],
        [
            63.85454545454545,
            61.85454545454545,
            55.85454545454545
        ],
        [
            59.471698113207545,
            57.471698113207545,
            51.471698113207545
        ],
        [
            36.07142857142857,
            34.07142857142857,
            28.071428571428573
        ],
        [
            73.32142857142857,
            71.32142857142857,
            65.32142857142857
        ],
        [
            56.18181818181818,
            54.18181818181818,
            48.753246753246756
        ],
        [
            45.880503144654085,
            43.716981132075475,
            39.867924528301884
        ]
    ],
    "hex_colors": [
        "#302e2a",
        "#33302c",
        "#35332e",
        "#2a2822",
        "#3f3d37",
        "#3b3933",
        "#24221c",
        "#494741",
        "#383630",
        "#2d2b27"
    ],
    "hsl_color_values": [
        [
            0.11187410586552217,
            0.13157894736842113,
            48.64835164835165
        ],
        [
            0.11289198606271779,
            0.12546996590014864,
            51.058035714285715
        ],
        [
            0.11962616822429906,
            0.1326062709133723,
            53.79333333333334
        ],
        [
            0.11904761904761917,
            0.17170891251022075,
            42.172413793103445
        ],
        [
            0.125,
            0.1252847380410023,
            63.85454545454545
        ],
        [
            0.125,
            0.13451776649746194,
            59.471698113207545
        ],
        [
            0.12499999999999999,
            0.2217821782178217,
            36.07142857142857
        ],
        [
            0.125,
            0.10910862152946907,
            73.32142857142857
        ],
        [
            0.12179487179487176,
            0.13222376329172436,
            56.18181818181818
        ],
        [
            0.10669456066945622,
            0.13104866346812885,
            45.880503144654085
        ]
    ]
}