{
    "rgb_colors": [
        [
            72.86363636363636,
            69.86363636363636,
            69.31818181818181
        ],
        [
            202.77659574468083,
            196.04255319148936,
            188.70212765957447
        ],
        [
            190.59030837004406,
            185.09691629955947,
            177.05726872246697
        ],
        [
            254.58730158730157,
            254.23809523809524,
            249.23809523809524
        ],
        [
            3.6647058823529335,
            1.470588235294116,
            1.5999999999999943
        ],
        [
            196.95774647887325,
            191.04577464788733,
            182.32746478873239
        ],
        [
            160.42857142857142,
            156.42857142857142,
            149.22857142857143
        ],
        [
            215.4318181818182,
            208.3181818181818,
            203.1818181818182
        ],
        [
            178.19607843137254,
            173.13725490196077,
            166.0
        ],
        [
            233.1470588235294,
            226.55882352941177,
            224.1764705882353
        ]
    ],
    "hex_colors": [
        "#484545",
        "#cac4bc",
        "#beb9b1",
        "#fefef9",
        "#030101",
        "#c4bfb6",
        "#a09c95",
        "#d7d0cb",
        "#b2ada6",
        "#e9e2e0"
    ],
    "hsl_color_values": [
        [
            0.0256410256410257,
            0.048658764815970076,
            72.86363636363636
        ],
        [
            0.08692365835222986,
            0.06940874035989707,
            202.77659574468083
        ],
        [
            0.09901258680555543,
            0.07100591715976327,
            190.59030837004406
        ],
        [
            0.1557863501483686,
            0.02101128499282989,
            254.58730158730157
        ],
        [
            0.990169794459339,
            0.598715890850722,
            3.6647058823529335
        ],
        [
            0.09931809065383075,
            0.07428132151029757,
            196.95774647887325
        ],
        [
            0.1071428571428571,
            0.06981300089047189,
            160.42857142857142
        ],
        [
            0.0698824984539269,
            0.056862538242430635,
            215.4318181818182
        ],
        [
            0.09753483386923893,
            0.06844190140845066,
            178.19607843137254
        ],
        [
            0.04426229508196724,
            0.038476094361044405,
            233.1470588235294
        ]
    ]
}