{
    "rgb_colors": [
        [
            131.57823129251702,
            143.2925170068027,
            52.10204081632653
        ],
        [
            108.51351351351352,
            120.47972972972973,
            28.993243243243242
        ],
        [
            65.18181818181819,
            64.36363636363637,
            27.8
        ],
        [
            173.06666666666666,
            171.13333333333333,
            117.33333333333333
        ],
        [
            49.902654867256636,
            47.530973451327434,
            12.867256637168143
        ],
        [
            149.1818181818182,
            155.16363636363636,
            78.16363636363636
        ],
        [
            93.53488372093024,
            93.95348837209302,
            44.2093023255814
        ],
        [
            32.64102564102565,
            25.397435897435898,
            2.615384615384613
        ],
        [
            119.44712990936556,
            131.96978851963746,
            38.27794561933535
        ],
        [
            126.64102564102564,
            128.12820512820514,
            75.71794871794872
        ]
    ],
    "hex_colors": [
        "#838f34",
        "#6c781c",
        "#41401b",
        "#adab75",
        "#312f0c",
        "#959b4e",
        "#5d5d2c",
        "#201902",
        "#778326",
        "#7e804b"
    ],
    "hsl_color_values": [
        [
            0.18807658833768492,
            0.6363938473224459,
            143.2925170068027
        ],
        [
            0.1884662727720335,
            0.7593516908754416,
            120.47972972972973
        ],
        [
            0.1630188067444877,
            0.5735006973500698,
            65.18181818181819
        ],
        [
            0.16088516746411483,
            0.3220338983050848,
            173.06666666666666
        ],
        [
            0.1559936280366388,
            0.7421528639829756,
            49.902654867256636
        ],
        [
            0.1796143250688705,
            0.49625029294586365,
            155.16363636363636
        ],
        [
            0.16806919121084615,
            0.5294554455445544,
            93.95348837209302
        ],
        [
            0.12645886706518641,
            0.9198743126472899,
            32.64102564102565
        ],
        [
            0.18894298981039595,
            0.7099491781511835,
            131.96978851963746
        ],
        [
            0.171395955642531,
            0.4090454272563539,
            128.12820512820514
        ]
    ]
}