{
    "rgb_colors": [
        [
            5.849710982658962,
            3.0,
            2.2601156069364166
        ],
        [
            23.685185185185183,
            18.72222222222222,
            12.648148148148149
        ],
        [
            49.71559633027523,
            41.899082568807344,
            31.559633027522935
        ],
        [
            87.32558139534883,
            83.5813953488372,
            72.58139534883722
        ],
        [
            118.66666666666666,
            114.33333333333333,
            101.5
        ],
        [
            2.253405994550409,
            0.5749318801089913,
            0.24523160762942808
        ],
        [
            59.3875,
            53.712500000000006,
            41.475
        ],
        [
            38.386138613861384,
            31.10891089108911,
            22.653465346534652
        ],
        [
            72.80000000000001,
            69.95,
            57.975
        ],
        [
            98.74358974358974,
            96.12820512820512,
            84.17948717948718
        ]
    ],
    "hex_colors": [
        "#050302",
        "#17120c",
        "#31291f",
        "#575348",
        "#767265",
        "#020000",
        "#3b3529",
        "#261f16",
        "#484539",
        "#626054"
    ],
    "hsl_color_values": [
        [
            0.034353193773483594,
            0.6136363636363638,
            5.849710982658962
        ],
        [
            0.09172259507829977,
            0.4659890539483971,
            23.685185185185183
        ],
        [
            0.0949132558531245,
            0.3651965307252261,
            49.71559633027523
        ],
        [
            0.12434279705573076,
            0.16884154460719028,
            87.32558139534883
        ],
        [
            0.12459546925566345,
            0.14466292134831454,
            118.66666666666666
        ],
        [
            0.02736318407960192,
            0.8911729141475211,
            2.253405994550409
        ],
        [
            0.11386368923005352,
            0.3016207114291728,
            59.3875
        ],
        [
            0.08957415565345084,
            0.40985297910755736,
            38.386138613861384
        ],
        [
            0.13462619449128718,
            0.20364010989011,
            72.80000000000001
        ],
        [
            0.13673708920187794,
            0.14749415736172414,
            98.74358974358974
        ]
    ]
}