{
    "rgb_colors": [
        [
            122.82727272727273,
            79.77272727272728,
            20.60909090909091
        ],
        [
            131.59722222222223,
            88.43055555555556,
            29.59027777777778
        ],
        [
            134.05960264900662,
            90.96688741721854,
            32.026490066225165
        ],
        [
            142.14285714285714,
            98.9795918367347,
            40.44897959183673
        ],
        [
            129.06532663316582,
            86.0251256281407,
            26.748743718592966
        ],
        [
            118.0909090909091,
            75.06818181818181,
            15.704545454545455
        ],
        [
            146.1818181818182,
            102.86363636363636,
            44.81818181818182
        ],
        [
            136.52439024390245,
            93.35365853658537,
            34.69512195121951
        ],
        [
            139.06493506493507,
            95.85714285714286,
            37.44155844155844
        ],
        [
            126.1986301369863,
            83.13013698630137,
            23.965753424657535
        ]
    ],
    "hex_colors": [
        "#7a4f14",
        "#83581d",
        "#865a20",
        "#8e6228",
        "#81561a",
        "#764b0f",
        "#92662c",
        "#885d22",
        "#8b5f25",
        "#7e5317"
    ],
    "hsl_color_values": [
        [
            0.09646626348867544,
            0.8322107912071646,
            122.82727272727273
        ],
        [
            0.09613769941225862,
            0.7751451187335093,
            131.59722222222223
        ],
        [
            0.09627658423660242,
            0.7611026033690659,
            134.05960264900662
        ],
        [
            0.09592614890628137,
            0.7154343144292893,
            142.14285714285714
        ],
        [
            0.09655714355876431,
            0.7927503504127084,
            129.06532663316582
        ],
        [
            0.09663337032926378,
            0.8670130869899924,
            118.0909090909091
        ],
        [
            0.09544095665171898,
            0.693407960199005,
            146.1818181818182
        ],
        [
            0.09600798403193615,
            0.7458686913800805,
            136.52439024390245
        ],
        [
            0.09580404685835997,
            0.730762047067613,
            139.06493506493507
        ],
        [
            0.09645361561481085,
            0.8100949796472184,
            126.1986301369863
        ]
    ]
}