{
    "rgb_colors": [
        [
            29.76119402985075,
            20.820895522388064,
            14.970149253731343
        ],
        [
            90.0,
            85.21621621621622,
            83.48648648648648
        ],
        [
            75.26063829787233,
            68.63829787234043,
            65.44680851063829
        ],
        [
            60.35087719298246,
            53.54385964912281,
            49.8859649122807
        ],
        [
            81.80392156862746,
            76.02941176470588,
            73.7156862745098
        ],
        [
            68.86708860759494,
            61.69620253164557,
            57.765822784810126
        ],
        [
            103.48979591836735,
            98.67346938775509,
            97.63265306122449
        ],
        [
            50.88148148148148,
            44.614814814814814,
            41.68888888888889
        ],
        [
            12.853658536585364,
            6.207317073170728,
            4.5731707317073145
        ],
        [
            40.67272727272727,
            33.43636363636364,
            29.01818181818182
        ]
    ],
    "hex_colors": [
        "#1d140e",
        "#5a5553",
        "#4b4441",
        "#3c3531",
        "#514c49",
        "#443d39",
        "#676261",
        "#322c29",
        "#0c0604",
        "#28211d"
    ],
    "hsl_color_values": [
        [
            0.06592667339387827,
            0.4969909729187563,
            29.76119402985075
        ],
        [
            0.044260027662517555,
            0.0723723723723724,
            90.0
        ],
        [
            0.05420054200542026,
            0.1303979079793625,
            75.26063829787233
        ],
        [
            0.05825649622799669,
            0.17340116279069775,
            60.35087719298246
        ],
        [
            0.04767676767676763,
            0.09887344199424741,
            81.80392156862746
        ],
        [
            0.059007981755986295,
            0.1611984192629354,
            68.86708860759494
        ],
        [
            0.029616724738675677,
            0.056596332084401534,
            103.48979591836735
        ],
        [
            0.05304861670695673,
            0.1806667637210656,
            50.88148148148148
        ],
        [
            0.032891507118311215,
            0.6442125237191653,
            12.853658536585364
        ],
        [
            0.06318252730109204,
            0.28654447921323195,
            40.67272727272727
        ]
    ]
}