{
    "rgb_colors": [
        [
            246.9855072463768,
            238.05797101449275,
            221.84057971014494
        ],
        [
            238.0,
            229.06832298136646,
            212.86335403726707
        ],
        [
            240.65765765765767,
            231.75675675675674,
            215.45945945945945
        ],
        [
            212.03125,
            203.90625,
            184.96875
        ],
        [
            222.2941176470588,
            213.85882352941178,
            196.01176470588234
        ],
        [
            231.83838383838383,
            222.97979797979798,
            206.55555555555554
        ],
        [
            228.23214285714286,
            219.73214285714286,
            202.08928571428572
        ],
        [
            234.99295774647888,
            226.04929577464787,
            209.8661971830986
        ],
        [
            217.18461538461537,
            208.86153846153846,
            190.6
        ],
        [
            243.328431372549,
            234.36274509803923,
            218.25980392156862
        ]
    ],
    "hex_colors": [
        "#f6eedd",
        "#eee5d4",
        "#f0e7d7",
        "#d4cbb8",
        "#ded5c4",
        "#e7dece",
        "#e4dbca",
        "#eae2d1",
        "#d9d0be",
        "#f3eada"
    ],
    "hsl_color_values": [
        [
            0.10749279538904895,
            0.10180729961272147,
            246.9855072463768
        ],
        [
            0.1074458446585949,
            0.1056161595072812,
            238.0
        ],
        [
            0.10779406506971745,
            0.10470557406506201,
            240.65765765765767
        ],
        [
            0.11662817551963049,
            0.12763448784082534,
            212.03125
        ],
        [
            0.11317517159057015,
            0.11823233659698333,
            222.2941176470588
        ],
        [
            0.10827007590890936,
            0.10905367723945629,
            231.83838383838383
        ],
        [
            0.11247723132969034,
            0.1145450277756044,
            228.23214285714286
        ],
        [
            0.10734304932735413,
            0.10692558961910757,
            234.99295774647888
        ],
        [
            0.11448688271604944,
            0.12240561025713675,
            217.18461538461537
        ],
        [
            0.10705905357841235,
            0.10302383206752753,
            243.328431372549
        ]
    ]
}