{
    "rgb_colors": [
        [
            169.79289940828403,
            212.69230769230768,
            88.59171597633136
        ],
        [
            67.38636363636364,
            74.97727272727272,
            78.79545454545455
        ],
        [
            156.69815668202764,
            204.65668202764977,
            58.38940092165899
        ],
        [
            150.21153846153845,
            186.28846153846155,
            91.07051282051282
        ],
        [
            192.33333333333331,
            209.6153846153846,
            148.5128205128205
        ],
        [
            90.1904761904762,
            118.04761904761905,
            28.952380952380956
        ],
        [
            23.551724137931032,
            25.293103448275872,
            7.741379310344826
        ],
        [
            118.80555555555556,
            155.19444444444446,
            42.91666666666667
        ],
        [
            233.59183673469386,
            246.0612244897959,
            205.44897959183672
        ],
        [
            136.22222222222223,
            47.94444444444446,
            27.16666666666667
        ]
    ],
    "hex_colors": [
        "#a9d458",
        "#434a4e",
        "#9ccc3a",
        "#96ba5b",
        "#c0d194",
        "#5a761c",
        "#171907",
        "#769b2a",
        "#e9f6cd",
        "#882f1b"
    ],
    "hsl_color_values": [
        [
            0.22428042403725423,
            0.5834747530950063,
            212.69230769230768
        ],
        [
            0.555776892430279,
            0.14479376982982403,
            78.79545454545455
        ],
        [
            0.22131379962192818,
            0.7146958489546391,
            204.65668202764977
        ],
        [
            0.22981464027646878,
            0.5111317573380132,
            186.28846153846155
        ],
        [
            0.2138061267310114,
            0.2914984709480123,
            209.6153846153846
        ],
        [
            0.218777837163727,
            0.754739814441307,
            118.04761904761905
        ],
        [
            0.18320235756385075,
            0.6939331970006819,
            25.293103448275872
        ],
        [
            0.22068283028203858,
            0.723465187041346,
            155.19444444444446
        ],
        [
            0.21783919597989954,
            0.16504934892593517,
            246.0612244897959
        ],
        [
            0.031754117846833095,
            0.8005709624796085,
            136.22222222222223
        ]
    ]
}