{
    "rgb_colors": [
        [
            233.0,
            224.0,
            208.0
        ],
        [
            237.0,
            228.0,
            212.0
        ],
        [
            232.0,
            223.0,
            207.0
        ],
        [
            239.640625,
            230.640625,
            214.640625
        ],
        [
            226.86111111111111,
            217.86111111111111,
            201.86111111111111
        ],
        [
            234.50230414746545,
            225.50230414746545,
            209.50230414746545
        ],
        [
            238.0,
            229.0,
            213.0
        ],
        [
            230.11851851851853,
            221.11851851851853,
            205.11851851851853
        ],
        [
            242.44444444444446,
            233.44444444444446,
            217.44444444444446
        ],
        [
            236.0,
            227.0,
            211.0
        ]
    ],
    "hex_colors": [
        "#e9e0d0",
        "#ede4d4",
        "#e8dfcf",
        "#efe6d6",
        "#e2d9c9",
        "#eae1d1",
        "#eee5d5",
        "#e6ddcd",
        "#f2e9d9",
        "#ece3d3"
    ],
    "hsl_color_values": [
        [
            0.10666666666666667,
            0.1072961373390558,
            233.0
        ],
        [
            0.10666666666666667,
            0.10548523206751055,
            237.0
        ],
        [
            0.10666666666666667,
            0.10775862068965517,
            232.0
        ],
        [
            0.10666666666666667,
            0.104322879311469,
            239.640625
        ],
        [
            0.10666666666666667,
            0.11019958369046161,
            226.86111111111111
        ],
        [
            0.10666666666666667,
            0.10660876058718335,
            234.50230414746545
        ],
        [
            0.10666666666666667,
            0.10504201680672269,
            238.0
        ],
        [
            0.10666666666666667,
            0.10863967037919268,
            230.11851851851853
        ],
        [
            0.10666666666666667,
            0.10311640696608615,
            242.44444444444446
        ],
        [
            0.10666666666666667,
            0.1059322033898305,
            236.0
        ]
    ]
}