{
    "rgb_colors": [
        [
            231.30882352941177,
            221.04411764705884,
            212.1764705882353
        ],
        [
            107.13636363636363,
            97.88636363636363,
            91.8409090909091
        ],
        [
            146.64285714285714,
            137.0,
            125.71428571428571
        ],
        [
            57.61290322580645,
            36.96774193548387,
            37.12903225806451
        ],
        [
            163.56382978723406,
            156.10638297872342,
            144.01063829787233
        ],
        [
            6.6376811594203105,
            4.309178743961354,
            8.73913043478261
        ],
        [
            180.0,
            172.77272727272728,
            160.0
        ],
        [
            201.92964824120602,
            193.8643216080402,
            180.92964824120602
        ],
        [
            192.34074074074073,
            182.98518518518517,
            170.16296296296298
        ],
        [
            213.52586206896552,
            204.16379310344828,
            193.35344827586206
        ]
    ],
    "hex_colors": [
        "#e7ddd4",
        "#6b615b",
        "#92897d",
        "#392425",
        "#a39c90",
        "#060408",
        "#b4aca0",
        "#c9c1b4",
        "#c0b6aa",
        "#d5ccc1"
    ],
    "hsl_color_values": [
        [
            0.07724827056110693,
            0.08271345921546186,
            231.30882352941177
        ],
        [
            0.06587419514611186,
            0.14276622825625784,
            107.13636363636363
        ],
        [
            0.08987485779294657,
            0.14271797369702877,
            146.64285714285714
        ],
        [
            0.9986979166666667,
            0.35834266517357216,
            57.61290322580645
        ],
        [
            0.10310119695321007,
            0.11954471544715459,
            163.56382978723406
        ],
        [
            0.7542711741185032,
            0.5069098949695964,
            8.73913043478261
        ],
        [
            0.106439393939394,
            0.1111111111111111,
            180.0
        ],
        [
            0.10265613783201727,
            0.10399661556838544,
            201.92964824120602
        ],
        [
            0.09635938543754168,
            0.11530462913040115,
            192.34074074074073
        ],
        [
            0.08931623931623937,
            0.09447292987201748,
            213.52586206896552
        ]
    ]
}