{
    "rgb_colors": [
        [
            60.06748466257669,
            46.06748466257669,
            29.06748466257669
        ],
        [
            70.32317073170732,
            56.323170731707314,
            39.323170731707314
        ],
        [
            52.97435897435898,
            38.97435897435898,
            21.974358974358974
        ],
        [
            56.6,
            42.6,
            25.6
        ],
        [
            62.98076923076923,
            48.98076923076923,
            31.98076923076923
        ],
        [
            79.07692307692308,
            65.07692307692308,
            48.07692307692308
        ],
        [
            74.08771929824562,
            60.08771929824562,
            43.08771929824562
        ],
        [
            89.66666666666666,
            75.66666666666666,
            58.666666666666664
        ],
        [
            67.48148148148148,
            53.48148148148148,
            36.48148148148148
        ],
        [
            65.453125,
            51.453125,
            34.453125
        ]
    ],
    "hex_colors": [
        "#3c2e1d",
        "#463827",
        "#342615",
        "#382a19",
        "#3e301f",
        "#4f4130",
        "#4a3c2b",
        "#594b3a",
        "#433524",
        "#413322"
    ],
    "hsl_color_values": [
        [
            0.09139784946236558,
            0.5160862016137269,
            60.06748466257669
        ],
        [
            0.09139784946236558,
            0.44082198907482883,
            70.32317073170732
        ],
        [
            0.09139784946236561,
            0.585188770571152,
            52.97435897435898
        ],
        [
            0.09139784946236558,
            0.5477031802120141,
            56.6
        ],
        [
            0.09139784946236561,
            0.4922137404580153,
            62.98076923076923
        ],
        [
            0.09139784946236558,
            0.39202334630350194,
            79.07692307692308
        ],
        [
            0.09139784946236558,
            0.41842292209329857,
            74.08771929824562
        ],
        [
            0.09139784946236558,
            0.345724907063197,
            89.66666666666666
        ],
        [
            0.09139784946236558,
            0.4593852908891328,
            67.48148148148148
        ],
        [
            0.09139784946236558,
            0.4736213893530676,
            65.453125
        ]
    ]
}