{
    "rgb_colors": [
        [
            137.32432432432432,
            131.74324324324323,
            124.01351351351352
        ],
        [
            24.424999999999997,
            19.208333333333336,
            14.575000000000003
        ],
        [
            57.02884615384615,
            51.03846153846154,
            45.40384615384615
        ],
        [
            117.86206896551724,
            112.12643678160919,
            105.40229885057471
        ],
        [
            85.79032258064515,
            79.66935483870968,
            73.76612903225806
        ],
        [
            99.9375,
            93.95535714285714,
            87.77678571428572
        ],
        [
            9.208092485549138,
            3.9710982658959537,
            1.6011560693641655
        ],
        [
            41.37234042553192,
            35.75531914893617,
            30.43617021276596
        ],
        [
            70.25641025641026,
            64.35897435897436,
            58.1025641025641
        ],
        [
            161.6315789473684,
            155.8421052631579,
            147.68421052631578
        ]
    ],
    "hex_colors": [
        "#89837c",
        "#18130e",
        "#39332d",
        "#757069",
        "#554f49",
        "#635d57",
        "#090301",
        "#29231e",
        "#46403a",
        "#a19b93"
    ],
    "hsl_color_values": [
        [
            0.09678510998307932,
            0.09692973824050381,
            137.32432432432432
        ],
        [
            0.07839819514946422,
            0.40327533265097215,
            24.424999999999997
        ],
        [
            0.08078301626688726,
            0.20384420839656045,
            57.02884615384615
        ],
        [
            0.08994464944649438,
            0.10571484298810221,
            117.86206896551724
        ],
        [
            0.0818242790073777,
            0.14015792442188374,
            85.79032258064515
        ],
        [
            0.08467939304943699,
            0.12168319485392648,
            99.9375
        ],
        [
            0.05192502532928056,
            0.8261142498430631,
            9.208092485549138
        ],
        [
            0.08106355382619966,
            0.26433530470557987,
            41.37234042553192
        ],
        [
            0.0857946554149086,
            0.1729927007299271,
            70.25641025641026
        ],
        [
            0.0974842767295598,
            0.08629111038749593,
            161.6315789473684
        ]
    ]
}