{
    "rgb_colors": [
        [
            233.45454545454547,
            223.45454545454547,
            204.45454545454547
        ],
        [
            224.54123711340208,
            214.54123711340208,
            195.54123711340208
        ],
        [
            228.0,
            218.0,
            199.0
        ],
        [
            231.3048780487805,
            221.3048780487805,
            202.3048780487805
        ],
        [
            227.0,
            217.0,
            198.0
        ],
        [
            222.58715596330276,
            212.58715596330276,
            193.58715596330276
        ],
        [
            236.57142857142858,
            226.57142857142858,
            207.57142857142858
        ],
        [
            229.47333333333333,
            219.47333333333333,
            200.47333333333333
        ],
        [
            220.07246376811594,
            210.07246376811594,
            191.07246376811594
        ],
        [
            226.0,
            216.0,
            197.0
        ]
    ],
    "hex_colors": [
        "#e9dfcc",
        "#e0d6c3",
        "#e4dac7",
        "#e7ddca",
        "#e3d9c6",
        "#ded4c1",
        "#ece2cf",
        "#e5dbc8",
        "#dcd2bf",
        "#e2d8c5"
    ],
    "hsl_color_values": [
        [
            0.10919540229885057,
            0.12422118380062305,
            233.45454545454547
        ],
        [
            0.10919540229885057,
            0.1291522233190239,
            224.54123711340208
        ],
        [
            0.10919540229885057,
            0.12719298245614036,
            228.0
        ],
        [
            0.10919540229885057,
            0.12537565244899035,
            231.3048780487805
        ],
        [
            0.10919540229885057,
            0.1277533039647577,
            227.0
        ],
        [
            0.10919540229885057,
            0.1302860440194543,
            222.58715596330276
        ],
        [
            0.10919540229885057,
            0.12258454106280192,
            236.57142857142858
        ],
        [
            0.10919540229885057,
            0.12637634002498474,
            229.47333333333333
        ],
        [
            0.10919540229885057,
            0.13177477774119198,
            220.07246376811594
        ],
        [
            0.10919540229885057,
            0.12831858407079647,
            226.0
        ]
    ]
}