{
    "rgb_colors": [
        [
            245.83663366336634,
            238.83663366336634,
            226.83663366336634
        ],
        [
            243.0,
            236.0,
            224.0
        ],
        [
            244.0,
            237.0,
            225.0
        ],
        [
            239.5310734463277,
            232.5310734463277,
            220.5310734463277
        ],
        [
            248.66666666666666,
            241.66666666666666,
            229.66666666666666
        ],
        [
            242.0,
            235.0,
            223.0
        ],
        [
            234.13333333333333,
            227.13333333333333,
            215.13333333333333
        ],
        [
            237.30927835051546,
            230.30927835051546,
            218.30927835051546
        ],
        [
            241.0,
            234.0,
            222.0
        ],
        [
            251.45,
            244.45,
            232.45
        ]
    ],
    "hex_colors": [
        "#f5eee2",
        "#f3ece0",
        "#f4ede1",
        "#efe8dc",
        "#f8f1e5",
        "#f2ebdf",
        "#eae3d7",
        "#ede6da",
        "#f1eade",
        "#fbf4e8"
    ],
    "hsl_color_values": [
        [
            0.10526315789473684,
            0.0772870980084174,
            245.83663366336634
        ],
        [
            0.10526315789473684,
            0.07818930041152264,
            243.0
        ],
        [
            0.10526315789473684,
            0.0778688524590164,
            244.0
        ],
        [
            0.10526315789473684,
            0.07932165011675354,
            239.5310734463277
        ],
        [
            0.10526315789473684,
            0.07640750670241288,
            248.66666666666666
        ],
        [
            0.10526315789473684,
            0.07851239669421488,
            242.0
        ],
        [
            0.10526315789473684,
            0.0811503416856492,
            234.13333333333333
        ],
        [
            0.10526315789473684,
            0.08006429471306313,
            237.30927835051546
        ],
        [
            0.10526315789473684,
            0.07883817427385892,
            241.0
        ],
        [
            0.10526315789473684,
            0.07556174189699742,
            251.45
        ]
    ]
}