{
    "rgb_colors": [
        [
            130.35051546391753,
            82.71134020618557,
            20.515463917525775
        ],
        [
            173.57251908396947,
            129.81679389312978,
            68.8473282442748
        ],
        [
            121.35593220338983,
            73.59322033898306,
            11.3728813559322
        ],
        [
            140.1825396825397,
            93.38095238095238,
            30.80952380952381
        ],
        [
            97.13333333333333,
            49.666666666666664,
            0.0
        ],
        [
            111.43396226415095,
            63.735849056603776,
            2.3962264150943398
        ],
        [
            165.11797752808988,
            120.57865168539325,
            58.03932584269663
        ],
        [
            150.3065693430657,
            104.1094890510949,
            39.33576642335766
        ],
        [
            158.30128205128204,
            112.80128205128204,
            48.19871794871795
        ],
        [
            183.91666666666666,
            141.51388888888889,
            81.63888888888889
        ]
    ],
    "hex_colors": [
        "#825214",
        "#ad8144",
        "#79490b",
        "#8c5d1e",
        "#613100",
        "#6f3f02",
        "#a5783a",
        "#966827",
        "#9e7030",
        "#b78d51"
    ],
    "hsl_color_values": [
        [
            0.09437769851698892,
            0.8426130971211642,
            130.35051546391753
        ],
        [
            0.09703088174551111,
            0.6033512182249978,
            173.57251908396947
        ],
        [
            0.09428776904505061,
            0.9062849162011174,
            121.35593220338983
        ],
        [
            0.09534866845657063,
            0.78021853592255,
            140.1825396825397
        ],
        [
            0.08522077327842599,
            1.0,
            97.13333333333333
        ],
        [
            0.09375901251658303,
            0.9784964442939384,
            111.43396226415095
        ],
        [
            0.09734172787688004,
            0.6484978394746691,
            165.11797752808988
        ],
        [
            0.09728343090179571,
            0.7382964257964258,
            150.3065693430657
        ],
        [
            0.09779149200434716,
            0.6955254100020246,
            158.30128205128204
        ],
        [
            0.09756925583921783,
            0.5561093490409303,
            183.91666666666666
        ]
    ]
}