{
    "rgb_colors": [
        [
            79.77272727272728,
            72.5,
            67.68181818181819
        ],
        [
            110.13173652694611,
            96.98203592814372,
            84.1497005988024
        ],
        [
            124.86153846153846,
            110.51923076923077,
            96.72692307692307
        ],
        [
            141.40579710144928,
            127.97101449275362,
            113.53623188405797
        ],
        [
            98.13333333333333,
            87.57333333333332,
            77.56
        ],
        [
            131.5609756097561,
            118.0,
            104.35772357723577
        ],
        [
            47.647058823529406,
            41.94117647058824,
            39.588235294117645
        ],
        [
            60.542857142857144,
            54.6,
            52.05714285714286
        ],
        [
            117.19409282700423,
            103.0675105485232,
            89.72151898734177
        ],
        [
            155.21052631578948,
            141.57894736842104,
            127.89473684210526
        ]
    ],
    "hex_colors": [
        "#4f4843",
        "#6e6054",
        "#7c6e60",
        "#8d7f71",
        "#62574d",
        "#837668",
        "#2f2927",
        "#3c3634",
        "#756759",
        "#9b8d7f"
    ],
    "hsl_color_values": [
        [
            0.06641604010025054,
            0.15156695156695157,
            79.77272727272728
        ],
        [
            0.0823154336636706,
            0.2359177903436277,
            110.13173652694611
        ],
        [
            0.08170426065162913,
            0.22532651552488914,
            124.86153846153846
        ],
        [
            0.08632345293811754,
            0.1970892692425951,
            141.40579710144928
        ],
        [
            0.08111903218837756,
            0.2096467391304347,
            98.13333333333333
        ],
        [
            0.08358238692966725,
            0.2067729576072179,
            131.5609756097561
        ],
        [
            0.04866180048661815,
            0.16913580246913573,
            47.647058823529406
        ],
        [
            0.049943883277216626,
            0.14016045304388866,
            60.542857142857144
        ],
        [
            0.08096554548712433,
            0.2344194419441945,
            117.19409282700423
        ],
        [
            0.08349389852280016,
            0.17599186164801633,
            155.21052631578948
        ]
    ]
}