{
    "rgb_colors": [
        [
            201.5228426395939,
            185.00761421319797,
            163.6725888324873
        ],
        [
            84.16030534351145,
            74.7175572519084,
            61.25190839694656
        ],
        [
            247.0,
            232.93939393939394,
            215.96969696969697
        ],
        [
            57.22727272727272,
            46.04545454545455,
            31.22727272727272
        ],
        [
            210.325,
            194.20625,
            173.7125
        ],
        [
            95.392,
            85.92,
            72.176
        ],
        [
            73.28089887640449,
            63.15730337078652,
            49.73033707865169
        ],
        [
            228.7111111111111,
            214.13333333333333,
            195.51111111111112
        ],
        [
            17.69230769230768,
            5.692307692307679,
            1.6153846153846132
        ],
        [
            138.58333333333334,
            125.16666666666667,
            108.91666666666667
        ]
    ],
    "hex_colors": [
        "#c9b9a3",
        "#544a3d",
        "#f7e8d7",
        "#392e1f",
        "#d2c2ad",
        "#5f5548",
        "#493f31",
        "#e4d6c3",
        "#110501",
        "#8a7d6c"
    ],
    "hsl_color_values": [
        [
            0.09394488030577353,
            0.18782115869017638,
            201.5228426395939
        ],
        [
            0.09796734421859384,
            0.27219954648526085,
            84.16030534351145
        ],
        [
            0.09114583333333333,
            0.12562875720770458,
            247.0
        ],
        [
            0.09498834498834503,
            0.45432883240667205,
            57.22727272727272
        ],
        [
            0.09329122567429164,
            0.17407583501723517,
            210.325
        ],
        [
            0.09866758557316795,
            0.24337470647433743,
            95.392
        ],
        [
            0.0950222646310433,
            0.32137381171419804,
            73.28089887640449
        ],
        [
            0.09348505131637656,
            0.1451612903225806,
            228.7111111111111
        ],
        [
            0.042264752791068505,
            0.9086956521739131,
            17.69230769230768
        ],
        [
            0.09129213483146066,
            0.21407095610342755,
            138.58333333333334
        ]
    ]
}