{
    "rgb_colors": [
        [
            219.86842105263156,
            208.55263157894737,
            195.57894736842104
        ],
        [
            59.05,
            53.27142857142857,
            49.37857142857143
        ],
        [
            28.547945205479458,
            22.246575342465754,
            15.328767123287676
        ],
        [
            185.1111111111111,
            174.0,
            162.38888888888889
        ],
        [
            73.69756097560976,
            67.55609756097562,
            63.15609756097561
        ],
        [
            241.4857142857143,
            231.05714285714285,
            219.22857142857143
        ],
        [
            133.97916666666666,
            123.75,
            115.41666666666666
        ],
        [
            88.54878048780488,
            82.0548780487805,
            77.1829268292683
        ],
        [
            5.550925925925924,
            2.1342592592592666,
            1.0092592592592595
        ],
        [
            105.25287356321839,
            97.12643678160919,
            90.67816091954023
        ]
    ],
    "hex_colors": [
        "#dbd0c3",
        "#3b3531",
        "#1c160f",
        "#b9aea2",
        "#49433f",
        "#f1e7db",
        "#857b73",
        "#58524d",
        "#050201",
        "#69615a"
    ],
    "hsl_color_values": [
        [
            0.0890213073311666,
            0.11047277079593056,
            219.86842105263156
        ],
        [
            0.06708517971442639,
            0.16378371839845154,
            59.05
        ],
        [
            0.08721934369602757,
            0.46305182341650664,
            28.547945205479458
        ],
        [
            0.08516707416462928,
            0.12274909963985584,
            185.1111111111111
        ],
        [
            0.06956655869196365,
            0.14303680169446656,
            73.69756097560976
        ],
        [
            0.08857509627727848,
            0.09216753431140562,
            241.4857142857143
        ],
        [
            0.07482229704451936,
            0.13854765977297467,
            133.97916666666666
        ],
        [
            0.07144134477825471,
            0.12835697562319234,
            88.54878048780488
        ],
        [
            0.04128440366972506,
            0.818181818181818,
            5.550925925925924
        ],
        [
            0.07373817034700304,
            0.13847329911543077,
            105.25287356321839
        ]
    ]
}