{
    "rgb_colors": [
        [
            191.18,
            192.3,
            111.82
        ],
        [
            97.55932203389831,
            78.30508474576271,
            67.88135593220339
        ],
        [
            191.49019607843138,
            85.77450980392157,
            82.4607843137255
        ],
        [
            252.11274509803923,
            248.078431372549,
            235.65196078431373
        ],
        [
            23.25,
            12.25,
            1.8999999999999915
        ],
        [
            220.07831325301206,
            210.83132530120483,
            194.80722891566265
        ],
        [
            244.78775510204082,
            238.92244897959185,
            99.39591836734694
        ],
        [
            134.02127659574467,
            55.93617021276596,
            43.234042553191486
        ],
        [
            74.54285714285714,
            49.44285714285715,
            30.34285714285714
        ],
        [
            148.8780487804878,
            140.6341463414634,
            87.73170731707316
        ]
    ],
    "hex_colors": [
        "#bfc06f",
        "#614e43",
        "#bf5552",
        "#fcf8eb",
        "#170c01",
        "#dcd2c2",
        "#f4ee63",
        "#86372b",
        "#4a311e",
        "#948c57"
    ],
    "hsl_color_values": [
        [
            0.16898608349900593,
            0.41851274050962045,
            192.3
        ],
        [
            0.058537978298115356,
            0.30420430854760255,
            97.55932203389831
        ],
        [
            0.005065491712375987,
            0.5693733360638952,
            191.49019607843138
        ],
        [
            0.12581893984514567,
            0.06529136124127474,
            252.11274509803923
        ],
        [
            0.0807962529274005,
            0.9182795698924735,
            23.25
        ],
        [
            0.10568136670639654,
            0.11482769003366823,
            220.07831325301206
        ],
        [
            0.15994310472286946,
            0.593950611108332,
            244.78775510204082
        ],
        [
            0.02331849074291072,
            0.6774091125575488,
            134.02127659574467
        ],
        [
            0.07202111613876322,
            0.5929474894595631,
            74.54285714285714
        ],
        [
            0.14419625049860388,
            0.4107142857142858,
            148.8780487804878
        ]
    ]
}