{
    "rgb_colors": [
        [
            222.22413793103448,
            209.77586206896552,
            191.0
        ],
        [
            218.85906040268458,
            206.28187919463087,
            187.5704697986577
        ],
        [
            229.15584415584416,
            216.92207792207793,
            198.03896103896105
        ],
        [
            233.16666666666666,
            221.16666666666666,
            202.16666666666666
        ],
        [
            220.21875,
            207.78125,
            189.0
        ],
        [
            223.30434782608697,
            210.69565217391303,
            192.0
        ],
        [
            226.69158878504672,
            214.14953271028037,
            195.42056074766356
        ],
        [
            216.3181818181818,
            203.71212121212122,
            185.0151515151515
        ],
        [
            221.25510204081633,
            208.74489795918367,
            190.0
        ],
        [
            224.7659574468085,
            212.25531914893617,
            193.51063829787233
        ]
    ],
    "hex_colors": [
        "#ded1bf",
        "#dacebb",
        "#e5d8c6",
        "#e9ddca",
        "#dccfbd",
        "#dfd2c0",
        "#e2d6c3",
        "#d8cbb9",
        "#ddd0be",
        "#e0d4c1"
    ],
    "hsl_color_values": [
        [
            0.1002208724461624,
            0.1405074094188843,
            222.22413793103448
        ],
        [
            0.09967109967109966,
            0.14296228150873974,
            218.85906040268458
        ],
        [
            0.10114079020589872,
            0.1357891754037971,
            229.15584415584416
        ],
        [
            0.10215053763440861,
            0.13295210864903503,
            233.16666666666666
        ],
        [
            0.10026693360026694,
            0.1417624521072797,
            220.21875
        ],
        [
            0.09953703703703694,
            0.1401869158878505,
            223.30434782608697
        ],
        [
            0.09982068141063956,
            0.13794525065963054,
            226.69158878504672
        ],
        [
            0.09954824136818337,
            0.14470827204594808,
            216.3181818181818
        ],
        [
            0.09995646969202308,
            0.1412627403957017,
            221.25510204081633
        ],
        [
            0.09995461765373274,
            0.13905717531238165,
            224.7659574468085
        ]
    ]
}