{
    "rgb_colors": [
        [
            82.31481481481481,
            43.55555555555556,
            0.6851851851851869
        ],
        [
            123.76419213973799,
            82.27510917030568,
            28.183406113537117
        ],
        [
            33.09090909090909,
            4.36363636363636,
            0.4318181818181799
        ],
        [
            108.58407079646018,
            69.76106194690266,
            19.415929203539825
        ],
        [
            161.6315789473684,
            124.48684210526315,
            68.67105263157895
        ],
        [
            95.66666666666666,
            58.03333333333333,
            9.166666666666664
        ],
        [
            141.5165562913907,
            101.93377483443709,
            48.49006622516556
        ],
        [
            50.14285714285715,
            20.214285714285715,
            5.071428571428573
        ],
        [
            133.06437768240343,
            91.72961373390558,
            38.283261802575105
        ],
        [
            102.66666666666667,
            70.16666666666667,
            43.83333333333333
        ]
    ],
    "hex_colors": [
        "#522b00",
        "#7b521c",
        "#210400",
        "#6c4513",
        "#a17c44",
        "#5f3a09",
        "#8d6530",
        "#321405",
        "#855b26",
        "#66462b"
    ],
    "hsl_color_values": [
        [
            0.08753024803387781,
            0.9916760404949381,
            82.31481481481481
        ],
        [
            0.09432108918128657,
            0.7722814198010021,
            123.76419213973799
        ],
        [
            0.0200649501275806,
            0.9869505494505495,
            33.09090909090909
        ],
        [
            0.09410149530236867,
            0.8211898940505298,
            108.58407079646018
        ],
        [
            0.10007077140835102,
            0.5751383914034516,
            161.6315789473684
        ],
        [
            0.09415542710340401,
            0.9041811846689897,
            95.66666666666666
        ],
        [
            0.09574998220260555,
            0.6573541110955121,
            141.5165562913907
        ],
        [
            0.055995773903856315,
            0.8988603988603989,
            50.14285714285715
        ],
        [
            0.09398206846585762,
            0.7122951877177138,
            133.06437768240343
        ],
        [
            0.07459867799811144,
            0.5730519480519481,
            102.66666666666667
        ]
    ]
}