{
    "rgb_colors": [
        [
            93.51020408163265,
            54.87755102040816,
            9.22448979591837
        ],
        [
            144.66666666666666,
            110.125,
            72.375
        ],
        [
            161.04651162790697,
            127.23255813953489,
            89.2093023255814
        ],
        [
            123.25438596491227,
            85.71052631578948,
            39.21052631578947
        ],
        [
            101.6888888888889,
            63.55555555555556,
            16.744444444444444
        ],
        [
            175.8235294117647,
            142.0,
            103.94117647058823
        ],
        [
            107.94082840236686,
            70.38461538461539,
            22.035502958579883
        ],
        [
            130.5744680851064,
            95.04255319148936,
            57.8936170212766
        ],
        [
            117.6826923076923,
            80.05288461538461,
            31.47596153846154
        ],
        [
            112.63318777292577,
            75.1353711790393,
            26.131004366812228
        ]
    ],
    "hex_colors": [
        "#5d3609",
        "#906e48",
        "#a17f59",
        "#7b5527",
        "#653f10",
        "#af8e67",
        "#6b4616",
        "#825f39",
        "#75501f",
        "#704b1a"
    ],
    "hsl_color_values": [
        [
            0.09027441485068603,
            0.9013531209079004,
            93.51020408163265
        ],
        [
            0.08703170028818445,
            0.49971198156682023,
            144.66666666666666
        ],
        [
            0.08821625121398513,
            0.4460649819494584,
            161.04651162790697
        ],
        [
            0.09221375639286089,
            0.6818731762863852,
            123.25438596491227
        ],
        [
            0.09184652278177458,
            0.8353365384615385,
            101.6888888888889
        ],
        [
            0.08824331696672123,
            0.4088323854131817,
            175.8235294117647
        ],
        [
            0.09380309500849521,
            0.7958557175748273,
            107.94082840236686
        ],
        [
            0.08518735362997658,
            0.5566237575362555,
            130.5744680851064
        ],
        [
            0.09391556522224082,
            0.7325353378544,
            117.6826923076923
        ],
        [
            0.09441836202399582,
            0.7679990695149848,
            112.63318777292577
        ]
    ]
}