{
    "rgb_colors": [
        [
            34.16,
            29.240000000000002,
            24.36
        ],
        [
            64.96000000000001,
            61.08,
            55.32
        ],
        [
            2.5808383233532908,
            0.48203592814371277,
            0.12874251497006028
        ],
        [
            57.7,
            51.337500000000006,
            43.1625
        ],
        [
            52.73372781065089,
            44.49704142011834,
            33.3905325443787
        ],
        [
            16.104166666666668,
            11.833333333333334,
            8.0
        ],
        [
            24.80392156862745,
            20.372549019607842,
            15.764705882352942
        ],
        [
            7.535087719298247,
            3.7017543859649145,
            1.4035087719298254
        ],
        [
            83.85714285714286,
            78.57142857142857,
            71.42857142857142
        ],
        [
            46.726027397260275,
            38.63698630136986,
            28.30821917808219
        ]
    ],
    "hex_colors": [
        "#221d18",
        "#403d37",
        "#020000",
        "#39332b",
        "#342c21",
        "#100b08",
        "#18140f",
        "#070301",
        "#534e47",
        "#2e261c"
    ],
    "hsl_color_values": [
        [
            0.08299319727891163,
            0.2868852459016393,
            34.16
        ],
        [
            0.09958506224066378,
            0.14839901477832523,
            64.96000000000001
        ],
        [
            0.02401302401302402,
            0.9501160092807422,
            2.5808383233532908
        ],
        [
            0.09372312983662945,
            0.2519497400346621,
            57.7
        ],
        [
            0.09569695115733656,
            0.36680879712746856,
            52.73372781065089
        ],
        [
            0.07883461868037704,
            0.5032341526520052,
            16.104166666666668
        ],
        [
            0.08496023138105564,
            0.36442687747035574,
            24.80392156862745
        ],
        [
            0.062470195517405847,
            0.8137369033760186,
            7.535087719298247
        ],
        [
            0.09578544061302684,
            0.14821124361158453,
            83.85714285714286
        ],
        [
            0.09346721209867358,
            0.3941659337437702,
            46.726027397260275
        ]
    ]
}