{
    "rgb_colors": [
        [
            75.87755102040816,
            66.80272108843538,
            57.673469387755105
        ],
        [
            86.46153846153845,
            77.54437869822485,
            69.3076923076923
        ],
        [
            98.32876712328766,
            89.12328767123287,
            83.24657534246575
        ],
        [
            40.29838709677419,
            30.685483870967744,
            20.5
        ],
        [
            50.190140845070424,
            40.309859154929576,
            30.56338028169014
        ],
        [
            153.60000000000002,
            142.4,
            136.60000000000002
        ],
        [
            3.0867346938775526,
            1.1989795918367392,
            0.4795918367346985
        ],
        [
            229.60000000000002,
            218.4,
            212.60000000000002
        ],
        [
            21.21951219512195,
            16.878048780487802,
            12.292682926829269
        ],
        [
            63.51639344262295,
            52.885245901639344,
            43.48360655737705
        ]
    ],
    "hex_colors": [
        "#4b4239",
        "#564d45",
        "#625953",
        "#281e14",
        "#32281e",
        "#998e88",
        "#030100",
        "#e5dad4",
        "#15100c",
        "#3f342b"
    ],
    "hsl_color_values": [
        [
            0.08358246138515198,
            0.2399139322216245,
            75.87755102040816
        ],
        [
            0.08002759572266299,
            0.19839857651245546,
            86.46153846153845
        ],
        [
            0.0649409627611263,
            0.1533853441069936,
            98.32876712328766
        ],
        [
            0.08574338085539716,
            0.49129477686611966,
            40.29838709677419
        ],
        [
            0.08276521947135508,
            0.39104812684158835,
            50.190140845070424
        ],
        [
            0.05686274509803905,
            0.11067708333333331,
            153.60000000000002
        ],
        [
            0.045988258317025486,
            0.8446280991735523,
            3.0867346938775526
        ],
        [
            0.05686274509803905,
            0.07404181184668988,
            229.60000000000002
        ],
        [
            0.08561020036429867,
            0.42068965517241375,
            21.21951219512195
        ],
        [
            0.07821876704855428,
            0.31539553490773,
            63.51639344262295
        ]
    ]
}