{
    "rgb_colors": [
        [
            213.56,
            198.56,
            178.56
        ],
        [
            207.45625,
            192.45625,
            172.45625
        ],
        [
            197.59649122807016,
            182.59649122807016,
            162.59649122807016
        ],
        [
            206.0,
            191.0,
            171.0
        ],
        [
            210.84313725490196,
            195.84313725490196,
            175.84313725490196
        ],
        [
            209.0,
            194.0,
            174.0
        ],
        [
            200.10344827586206,
            185.10344827586206,
            165.10344827586206
        ],
        [
            202.51333333333332,
            187.51333333333332,
            167.51333333333332
        ],
        [
            204.44654088050314,
            189.44654088050314,
            169.44654088050314
        ],
        [
            195.04651162790697,
            180.04651162790697,
            160.04651162790697
        ]
    ],
    "hex_colors": [
        "#d5c6b2",
        "#cfc0ac",
        "#c5b6a2",
        "#cebfab",
        "#d2c3af",
        "#d1c2ae",
        "#c8b9a5",
        "#cabba7",
        "#ccbda9",
        "#c3b4a0"
    ],
    "hsl_color_values": [
        [
            0.09523809523809523,
            0.16388836860835362,
            213.56
        ],
        [
            0.09523809523809523,
            0.16871027023770072,
            207.45625
        ],
        [
            0.09523809523809523,
            0.1771286513362337,
            197.59649122807016
        ],
        [
            0.09523809523809523,
            0.16990291262135923,
            206.0
        ],
        [
            0.09523809523809523,
            0.16600018599460617,
            210.84313725490196
        ],
        [
            0.09523809523809523,
            0.1674641148325359,
            209.0
        ],
        [
            0.09523809523809523,
            0.17490952955367914,
            200.10344827586206
        ],
        [
            0.09523809523809523,
            0.17282812654310828,
            202.51333333333332
        ],
        [
            0.09523809523809523,
            0.17119389669917248,
            204.44654088050314
        ],
        [
            0.09523809523809523,
            0.1794443782043639,
            195.04651162790697
        ]
    ]
}