{
    "rgb_colors": [
        [
            106.89393939393939,
            76.65151515151516,
            46.21212121212121
        ],
        [
            94.4472049689441,
            64.2919254658385,
            33.87577639751553
        ],
        [
            102.47517730496453,
            72.38297872340425,
            41.87234042553192
        ],
        [
            83.78823529411764,
            53.37647058823529,
            24.811764705882354
        ],
        [
            67.54166666666667,
            38.625,
            12.875
        ],
        [
            89.42941176470589,
            59.22352941176471,
            29.2
        ],
        [
            98.53296703296704,
            68.47802197802199,
            37.75824175824176
        ],
        [
            112.3972602739726,
            82.12328767123287,
            51.83561643835616
        ],
        [
            54.0,
            25.0,
            1.5
        ],
        [
            77.17307692307692,
            47.09615384615385,
            19.423076923076923
        ]
    ],
    "hex_colors": [
        "#6a4c2e",
        "#5e4021",
        "#664829",
        "#533518",
        "#43260c",
        "#593b1d",
        "#624425",
        "#705233",
        "#361901",
        "#4d2f13"
    ],
    "hsl_color_values": [
        [
            0.08360382854764879,
            0.5676824946846208,
            106.89393939393939
        ],
        [
            0.08369223407164339,
            0.6413257924503486,
            94.4472049689441
        ],
        [
            0.08390871854885897,
            0.5913904076406671,
            102.47517730496453
        ],
        [
            0.08072345235720461,
            0.7038753159224936,
            83.78823529411764
        ],
        [
            0.0785060975609756,
            0.809376927822332,
            67.54166666666667
        ],
        [
            0.08308103004850732,
            0.6734854962836282,
            89.42941176470589
        ],
        [
            0.08424494470059972,
            0.6167958512240005,
            98.53296703296704
        ],
        [
            0.08335218276408052,
            0.5388177940280318,
            112.3972602739726
        ],
        [
            0.0746031746031746,
            0.9722222222222222,
            54.0
        ],
        [
            0.07986457986457988,
            0.7483179666085223,
            77.17307692307692
        ]
    ]
}