{
    "rgb_colors": [
        [
            4.91575091575092,
            3.369963369963372,
            0.9230769230769198
        ],
        [
            140.05405405405406,
            129.97297297297297,
            117.5945945945946
        ],
        [
            109.11764705882354,
            98.5,
            86.52941176470588
        ],
        [
            196.85427135678393,
            186.47236180904522,
            171.73366834170855
        ],
        [
            247.32608695652175,
            240.58695652173913,
            228.6086956521739
        ],
        [
            44.871428571428574,
            48.84285714285714,
            27.442857142857143
        ],
        [
            76.5925925925926,
            69.72222222222223,
            53.68518518518519
        ],
        [
            180.21323529411765,
            169.8529411764706,
            156.21323529411765
        ],
        [
            224.58181818181816,
            214.5090909090909,
            200.78181818181818
        ],
        [
            22.616666666666674,
            24.049999999999997,
            7.908333333333331
        ]
    ],
    "hex_colors": [
        "#040300",
        "#8c8175",
        "#6d6256",
        "#c4baab",
        "#f7f0e4",
        "#2c301b",
        "#4c4535",
        "#b4a99c",
        "#e0d6c8",
        "#161807"
    ],
    "hsl_color_values": [
        [
            0.10214067278287468,
            0.8122205663189278,
            4.91575091575092
        ],
        [
            0.09185720016044918,
            0.16036279428791977,
            140.05405405405406
        ],
        [
            0.08832465277777775,
            0.2070080862533693,
            109.11764705882354
        ],
        [
            0.09778622391144891,
            0.1276101495890131,
            196.85427135678393
        ],
        [
            0.10665892373209439,
            0.07567900149424284,
            247.32608695652175
        ],
        [
            0.19759679572763686,
            0.4381398069610997,
            48.84285714285714
        ],
        [
            0.11668014012395582,
            0.2990812379110251,
            76.5925925925926
        ],
        [
            0.09472017973856221,
            0.1331755681586356,
            180.21323529411765
        ],
        [
            0.0961293608352432,
            0.10597474093264242,
            224.58181818181816
        ],
        [
            0.1814661848218894,
            0.6711711711711712,
            24.049999999999997
        ]
    ]
}