{
    "rgb_colors": [
        [
            104.98918918918919,
            75.36216216216216,
            45.16216216216216
        ],
        [
            121.95,
            75.0,
            35.0
        ],
        [
            99.84408602150538,
            69.8010752688172,
            39.56989247311828
        ],
        [
            95.30232558139535,
            64.77906976744185,
            34.19186046511628
        ],
        [
            89.6986301369863,
            58.486301369863014,
            28.705479452054796
        ],
        [
            82.68888888888888,
            50.55555555555556,
            21.46666666666667
        ],
        [
            110.88,
            80.912,
            50.728
        ],
        [
            119.44444444444444,
            88.17777777777778,
            58.51111111111111
        ],
        [
            72.51020408163265,
            39.57142857142857,
            10.653061224489797
        ],
        [
            148.16666666666666,
            91.83333333333333,
            47.166666666666664
        ]
    ],
    "hex_colors": [
        "#684b2d",
        "#794b23",
        "#634527",
        "#5f4022",
        "#593a1c",
        "#523215",
        "#6e5032",
        "#77583a",
        "#48270a",
        "#945b2f"
    ],
    "hsl_color_values": [
        [
            0.08413142994819901,
            0.5698398805539824,
            104.98918918918919
        ],
        [
            0.07667241709794902,
            0.7129971299712997,
            121.95
        ],
        [
            0.08359349448458359,
            0.6036831619191212,
            99.84408602150538
        ],
        [
            0.08342054355754287,
            0.6412274280136652,
            95.30232558139535
        ],
        [
            0.0813775032753135,
            0.6799786194257789,
            89.6986301369863
        ],
        [
            0.07918935269207501,
            0.7403923676431067,
            82.68888888888888
        ],
        [
            0.08363257525380151,
            0.5424963924963925,
            110.88
        ],
        [
            0.08114514952589351,
            0.5101395348837209,
            119.44444444444444
        ],
        [
            0.07791707907181349,
            0.8530819026175063,
            72.51020408163265
        ],
        [
            0.07370737073707372,
            0.6816647919010124,
            148.16666666666666
        ]
    ]
}