{
    "rgb_colors": [
        [
            171.84158415841586,
            169.15841584158414,
            162.30693069306932
        ],
        [
            89.75757575757575,
            135.33333333333331,
            188.72727272727272
        ],
        [
            4.575757575757564,
            3.151515151515156,
            1.9393939393939377
        ],
        [
            107.75714285714287,
            122.7,
            138.84285714285716
        ],
        [
            240.35146443514645,
            251.77405857740587,
            253.87447698744768
        ],
        [
            125.42424242424242,
            167.6439393939394,
            216.82575757575756
        ],
        [
            209.9235668789809,
            196.0891719745223,
            174.13375796178343
        ],
        [
            208.24742268041237,
            215.16494845360825,
            219.18556701030928
        ],
        [
            49.866666666666674,
            45.06666666666666,
            38.0
        ],
        [
            170.45679012345678,
            213.91358024691357,
            250.8641975308642
        ]
    ],
    "hex_colors": [
        "#aba9a2",
        "#5987bc",
        "#040301",
        "#6b7a8a",
        "#f0fbfd",
        "#7da7d8",
        "#d1c4ae",
        "#d0d7db",
        "#312d26",
        "#aad5fa"
    ],
    "hsl_color_values": [
        [
            0.11976462443752116,
            0.055485134823692106,
            171.84158415841586
        ],
        [
            0.5899163094509084,
            0.5244059087989724,
            188.72727272727272
        ],
        [
            0.07662835249042214,
            0.5761589403973503,
            4.575757575757564
        ],
        [
            0.5865502450980392,
            0.22389134684638337,
            138.84285714285716
        ],
        [
            0.5258869636963693,
            0.053266530423890714,
            253.87447698744768
        ],
        [
            0.5896808951512639,
            0.42154362181614896,
            216.82575757575756
        ],
        [
            0.10224239188467699,
            0.17048971418168582,
            209.9235668789809
        ],
        [
            0.5612629594721961,
            0.04990357932364426,
            219.18556701030928
        ],
        [
            0.09925093632958788,
            0.2379679144385028,
            49.866666666666674
        ],
        [
            0.5765904089257382,
            0.32052165354330714,
            250.8641975308642
        ]
    ]
}