{
    "rgb_colors": [
        [
            118.75824175824175,
            73.94505494505495,
            15.868131868131867
        ],
        [
            143.06,
            99.44,
            43.22
        ],
        [
            136.98611111111111,
            93.36805555555556,
            36.361111111111114
        ],
        [
            128.55135135135134,
            83.93513513513514,
            26.345945945945946
        ],
        [
            114.46774193548387,
            70.12903225806451,
            12.048387096774194
        ],
        [
            102.75862068965517,
            59.758620689655174,
            1.4137931034482776
        ],
        [
            125.1590909090909,
            80.54545454545455,
            22.681818181818183
        ],
        [
            122.02912621359224,
            77.49514563106796,
            19.58252427184466
        ],
        [
            110.13043478260869,
            65.98550724637681,
            7.434782608695652
        ],
        [
            132.25157232704402,
            88.37735849056604,
            30.9811320754717
        ]
    ],
    "hex_colors": [
        "#76490f",
        "#8f632b",
        "#885d24",
        "#80531a",
        "#72460c",
        "#663b01",
        "#7d5016",
        "#7a4d13",
        "#6e4107",
        "#84581e"
    ],
    "hsl_color_values": [
        [
            0.09407597280074052,
            0.8663828999722402,
            118.75824175824175
        ],
        [
            0.09385016025641024,
            0.6978889976233749,
            143.06
        ],
        [
            0.09442144007361397,
            0.7345635202271114,
            136.98611111111111
        ],
        [
            0.09391086665256332,
            0.7950550836767303,
            128.55135135135134
        ],
        [
            0.09451443569553804,
            0.8947442581372411,
            114.46774193548387
        ],
        [
            0.09595100374276966,
            0.986241610738255,
            102.75862068965517
        ],
        [
            0.09410808013602424,
            0.8187761031414563,
            125.1590909090909
        ],
        [
            0.09421594642405862,
            0.8395258174874691,
            122.02912621359224
        ],
        [
            0.09502305014582746,
            0.93249111725227,
            110.13043478260869
        ],
        [
            0.09446031548875918,
            0.7657409168727412,
            132.25157232704402
        ]
    ]
}