{
    "rgb_colors": [
        [
            152.87394957983193,
            142.6218487394958,
            131.05882352941177
        ],
        [
            134.46153846153845,
            124.53846153846153,
            114.76923076923077
        ],
        [
            163.84797297297297,
            155.15540540540542,
            141.1689189189189
        ],
        [
            145.89,
            135.19,
            124.62
        ],
        [
            158.8,
            149.81142857142856,
            136.49714285714285
        ],
        [
            168.32535885167465,
            159.95693779904306,
            145.79425837320574
        ],
        [
            63.111111111111114,
            56.14814814814815,
            46.18518518518519
        ],
        [
            47.526315789473685,
            40.526315789473685,
            31.0
        ],
        [
            35.25,
            28.25,
            18.14999999999999
        ],
        [
            87.69696969696969,
            80.9090909090909,
            71.72727272727272
        ]
    ],
    "hex_colors": [
        "#988e83",
        "#867c72",
        "#a39b8d",
        "#91877c",
        "#9e9588",
        "#a89f91",
        "#3f382e",
        "#2f281f",
        "#231c12",
        "#575047"
    ],
    "hsl_color_values": [
        [
            0.0883410374935798,
            0.14270008795074754,
            152.87394957983193
        ],
        [
            0.08268229166666663,
            0.14645308924485118,
            134.46153846153845
        ],
        [
            0.10278563980336675,
            0.13841522505618678,
            163.84797297297297
        ],
        [
            0.08282400877605393,
            0.14579477688669534,
            145.89
        ],
        [
            0.09949611410026467,
            0.14044620367038516,
            158.8
        ],
        [
            0.10476392723154242,
            0.13385446276293356,
            168.32535885167465
        ],
        [
            0.09810357403355215,
            0.26819248826291076,
            63.111111111111114
        ],
        [
            0.09607218683651804,
            0.3477297895902547,
            47.526315789473685
        ],
        [
            0.09844054580896688,
            0.48510638297872366,
            35.25
        ],
        [
            0.09582542694497159,
            0.1821008984105045,
            87.69696969696969
        ]
    ]
}