{
    "rgb_colors": [
        [
            82.40322580645162,
            48.82258064516129,
            16.451612903225808
        ],
        [
            113.35483870967742,
            76.56129032258065,
            33.354838709677416
        ],
        [
            138.66197183098592,
            104.92957746478874,
            66.0
        ],
        [
            94.81443298969072,
            57.84536082474227,
            14.175257731958762
        ],
        [
            119.37007874015748,
            83.88188976377953,
            42.574803149606296
        ],
        [
            47.62162162162162,
            13.504504504504503,
            0.1261261261261275
        ],
        [
            81.08571428571429,
            45.17142857142857,
            3.8571428571428577
        ],
        [
            104.04968944099379,
            67.16149068322981,
            24.41614906832298
        ],
        [
            67.78571428571428,
            32.871428571428574,
            4.62857142857143
        ],
        [
            129.05,
            93.74000000000001,
            51.17
        ]
    ],
    "hex_colors": [
        "#523010",
        "#714c21",
        "#8a6842",
        "#5e390e",
        "#77532a",
        "#2f0d00",
        "#512d03",
        "#684318",
        "#432004",
        "#815d33"
    ],
    "hsl_color_values": [
        [
            0.08180484225972119,
            0.8003523194362889,
            82.40322580645162
        ],
        [
            0.09001344086021505,
            0.7057484348321001,
            113.35483870967742
        ],
        [
            0.0892937907863281,
            0.5240223463687151,
            138.66197183098592
        ],
        [
            0.09025824597289696,
            0.8504947265412635,
            94.81443298969072
        ],
        [
            0.08964762978912472,
            0.6433377308707124,
            119.37007874015748
        ],
        [
            0.04694613050075871,
            0.99735149451381,
            47.62162162162162
        ],
        [
            0.08916019237883832,
            0.9524312896405919,
            81.08571428571429
        ],
        [
            0.089462600421184,
            0.7653414517669532,
            104.04968944099379
        ],
        [
            0.07453064917439495,
            0.931717597471022,
            67.78571428571428
        ],
        [
            0.09110169491525426,
            0.6034870205346765,
            129.05
        ]
    ]
}