{
    "rgb_colors": [
        [
            182.0,
            176.33333333333331,
            170.33333333333331
        ],
        [
            16.01851851851852,
            10.981481481481481,
            8.5
        ],
        [
            78.96842105263158,
            75.25263157894737,
            73.33157894736843
        ],
        [
            28.57142857142857,
            23.964285714285715,
            21.814285714285717
        ],
        [
            89.44615384615385,
            85.55384615384615,
            83.27692307692308
        ],
        [
            53.28695652173913,
            49.417391304347824,
            48.00869565217391
        ],
        [
            71.755,
            68.18,
            66.47
        ],
        [
            63.56962025316456,
            59.98101265822785,
            58.44303797468354
        ],
        [
            246.9375,
            242.625,
            236.0
        ],
        [
            39.675,
            35.65,
            34.025
        ]
    ],
    "hex_colors": [
        "#b6b0aa",
        "#100a08",
        "#4e4b49",
        "#1c1715",
        "#595553",
        "#353130",
        "#474442",
        "#3f3b3a",
        "#f6f2ec",
        "#272322"
    ],
    "hsl_color_values": [
        [
            0.08571428571428558,
            0.06410256410256421,
            182.0
        ],
        [
            0.05500821018062396,
            0.469364161849711,
            16.01851851851852
        ],
        [
            0.05680049797696851,
            0.07138096507597971,
            78.96842105263158
        ],
        [
            0.05303030303030304,
            0.23649999999999985,
            28.57142857142857
        ],
        [
            0.06151288445552766,
            0.06897144822841413,
            89.44615384615385
        ],
        [
            0.044481054365733075,
            0.09905352480417752,
            53.28695652173913
        ],
        [
            0.05392620624408732,
            0.07365340394397599,
            71.755
        ],
        [
            0.050000000000000024,
            0.08064516129032265,
            63.56962025316456
        ],
        [
            0.10095238095238095,
            0.0442925841559099,
            246.9375
        ],
        [
            0.047935103244837775,
            0.14240705734089473,
            39.675
        ]
    ]
}