{
    "rgb_colors": [
        [
            241.10276679841897,
            235.10276679841897,
            220.10276679841897
        ],
        [
            231.3170731707317,
            225.3170731707317,
            210.3170731707317
        ],
        [
            243.0,
            237.0,
            222.0
        ],
        [
            250.125,
            244.125,
            229.125
        ],
        [
            236.5483870967742,
            230.5483870967742,
            215.5483870967742
        ],
        [
            238.51063829787233,
            232.51063829787233,
            217.51063829787233
        ],
        [
            245.9451219512195,
            239.9451219512195,
            224.9451219512195
        ],
        [
            227.0,
            221.0,
            206.0
        ],
        [
            244.0,
            238.0,
            223.0
        ],
        [
            234.3548387096774,
            228.3548387096774,
            213.3548387096774
        ]
    ],
    "hex_colors": [
        "#f1ebdc",
        "#e7e1d2",
        "#f3edde",
        "#faf4e5",
        "#ece6d7",
        "#eee8d9",
        "#f5efe0",
        "#e3ddce",
        "#f4eedf",
        "#eae4d5"
    ],
    "hsl_color_values": [
        [
            0.11904761904761905,
            0.0870997885211233,
            241.10276679841897
        ],
        [
            0.11904761904761905,
            0.09078447912273302,
            231.3170731707317
        ],
        [
            0.11904761904761905,
            0.08641975308641975,
            243.0
        ],
        [
            0.11904761904761905,
            0.08395802098950525,
            250.125
        ],
        [
            0.11904761904761905,
            0.08877676258011727,
            236.5483870967742
        ],
        [
            0.11904761904761905,
            0.0880463871543265,
            238.51063829787233
        ],
        [
            0.11904761904761905,
            0.0853849014503533,
            245.9451219512195
        ],
        [
            0.11904761904761905,
            0.09251101321585903,
            227.0
        ],
        [
            0.11904761904761905,
            0.0860655737704918,
            244.0
        ],
        [
            0.11904761904761905,
            0.08960770818995183,
            234.3548387096774
        ]
    ]
}