{
    "rgb_colors": [
        [
            242.96296296296296,
            236.40740740740742,
            221.59259259259258
        ],
        [
            229.75,
            221.875,
            207.5
        ],
        [
            237.50877192982455,
            230.74561403508773,
            216.0
        ],
        [
            234.0,
            228.0,
            213.0
        ],
        [
            240.79545454545453,
            234.1818181818182,
            219.38636363636363
        ],
        [
            235.56521739130434,
            229.56521739130434,
            214.56521739130434
        ],
        [
            238.98924731182797,
            232.21505376344086,
            217.4731182795699
        ],
        [
            233.3913043478261,
            226.5304347826087,
            211.81739130434784
        ],
        [
            231.46808510638297,
            225.08510638297872,
            210.2127659574468
        ],
        [
            237.15555555555557,
            228.15555555555557,
            214.15555555555557
        ]
    ],
    "hex_colors": [
        "#f2ecdd",
        "#e5ddcf",
        "#ede6d8",
        "#eae4d5",
        "#f0eadb",
        "#ebe5d6",
        "#eee8d9",
        "#e9e2d3",
        "#e7e1d2",
        "#ede4d6"
    ],
    "hsl_color_values": [
        [
            0.1155401502021954,
            0.08795731707317078,
            242.96296296296296
        ],
        [
            0.10767790262172285,
            0.09684439608269858,
            229.75
        ],
        [
            0.1142604676454596,
            0.09055990545132216,
            237.50877192982455
        ],
        [
            0.11904761904761905,
            0.08974358974358974,
            234.0
        ],
        [
            0.11518046709129526,
            0.08890986314299197,
            240.79545454545453
        ],
        [
            0.11904761904761905,
            0.08914728682170543,
            235.56521739130434
        ],
        [
            0.11419290354822587,
            0.09002969495185824,
            238.98924731182797
        ],
        [
            0.11366384522370006,
            0.09243666169895676,
            233.3913043478261
        ],
        [
            0.11661661661661665,
            0.09182829304163985,
            231.46808510638297
        ],
        [
            0.10144927536231885,
            0.09698275862068965,
            237.15555555555557
        ]
    ]
}