{
    "rgb_colors": [
        [
            107.35,
            73.03,
            34.08
        ],
        [
            77.67924528301887,
            44.16981132075472,
            6.547169811320757
        ],
        [
            104.38815789473684,
            68.15131578947368,
            25.539473684210527
        ],
        [
            58.12173913043478,
            25.686956521739127,
            0.0782608695652165
        ],
        [
            114.75,
            81.88461538461539,
            45.11538461538461
        ],
        [
            116.43478260869566,
            78.24347826086957,
            31.2
        ],
        [
            88.51282051282051,
            54.22222222222222,
            15.649572649572649
        ],
        [
            130.8840579710145,
            92.66666666666667,
            46.92753623188406
        ],
        [
            95.8,
            61.57857142857143,
            23.15714285714286
        ],
        [
            123.58558558558559,
            85.23423423423424,
            37.648648648648646
        ]
    ],
    "hex_colors": [
        "#6b4922",
        "#4d2c06",
        "#684419",
        "#3a1900",
        "#72512d",
        "#744e1f",
        "#58360f",
        "#825c2e",
        "#5f3d17",
        "#7b5525"
    ],
    "hsl_color_values": [
        [
            0.0885992448023293,
            0.6825337680484397,
            107.35
        ],
        [
            0.0881520778072502,
            0.9157153266941948,
            77.67924528301887
        ],
        [
            0.09007092198581561,
            0.7553412743429759,
            104.38815789473684
        ],
        [
            0.07353308364544318,
            0.998653500897666,
            58.12173913043478
        ],
        [
            0.08800515511368867,
            0.6068376068376069,
            114.75
        ],
        [
            0.09198802965381214,
            0.7320388349514563,
            116.43478260869566
        ],
        [
            0.08823069403714566,
            0.8231942835071456,
            88.51282051282051
        ],
        [
            0.09079924046262731,
            0.6414572029675562,
            130.8840579710145
        ],
        [
            0.08815142576204522,
            0.7582761705934984,
            95.8
        ],
        [
            0.09228780095747284,
            0.6953637556495116,
            123.58558558558559
        ]
    ]
}