{
    "rgb_colors": [
        [
            232.94871794871796,
            222.94871794871796,
            204.94871794871796
        ],
        [
            226.54601226993864,
            216.54601226993864,
            198.54601226993864
        ],
        [
            221.86206896551724,
            211.86206896551724,
            193.86206896551724
        ],
        [
            235.5068493150685,
            225.5068493150685,
            207.5068493150685
        ],
        [
            230.4702380952381,
            220.4702380952381,
            202.4702380952381
        ],
        [
            229.0,
            219.0,
            201.0
        ],
        [
            228.0,
            218.0,
            200.0
        ],
        [
            237.61111111111111,
            227.61111111111111,
            209.61111111111111
        ],
        [
            240.85714285714286,
            230.85714285714286,
            212.85714285714286
        ],
        [
            224.60833333333332,
            214.60833333333332,
            196.60833333333332
        ]
    ],
    "hex_colors": [
        "#e8decc",
        "#e2d8c6",
        "#ddd3c1",
        "#ebe1cf",
        "#e6dcca",
        "#e5dbc9",
        "#e4dac8",
        "#ede3d1",
        "#f0e6d4",
        "#e0d6c4"
    ],
    "hsl_color_values": [
        [
            0.10714285714285714,
            0.1201981287837094,
            232.94871794871796
        ],
        [
            0.10714285714285714,
            0.12359520134319062,
            226.54601226993864
        ],
        [
            0.10714285714285714,
            0.12620453838980417,
            221.86206896551724
        ],
        [
            0.10714285714285714,
            0.11889250814332247,
            235.5068493150685
        ],
        [
            0.10714285714285714,
            0.12149074097988068,
            230.4702380952381
        ],
        [
            0.10714285714285714,
            0.1222707423580786,
            229.0
        ],
        [
            0.10714285714285714,
            0.12280701754385964,
            228.0
        ],
        [
            0.10714285714285714,
            0.11783960720130933,
            237.61111111111111
        ],
        [
            0.10714285714285714,
            0.1162514827995255,
            240.85714285714286
        ],
        [
            0.10714285714285714,
            0.12466144770526473,
            224.60833333333332
        ]
    ]
}