{
    "rgb_colors": [
        [
            46.06106870229008,
            39.282442748091604,
            32.38167938931298
        ],
        [
            81.28,
            78.28,
            76.84
        ],
        [
            54.2962962962963,
            47.55555555555556,
            43.675925925925924
        ],
        [
            63.125,
            59.67307692307692,
            57.88461538461539
        ],
        [
            49.854922279792746,
            43.082901554404145,
            37.79792746113989
        ],
        [
            43.413333333333334,
            35.12,
            24.386666666666667
        ],
        [
            69.48958333333333,
            66.42708333333333,
            64.59375
        ],
        [
            38.03125,
            29.46875,
            18.421875
        ],
        [
            58.31944444444444,
            53.173611111111114,
            51.06944444444444
        ],
        [
            75.01190476190476,
            71.98809523809524,
            70.27380952380952
        ]
    ],
    "hex_colors": [
        "#2e2720",
        "#514e4c",
        "#362f2b",
        "#3f3b39",
        "#312b25",
        "#2b2318",
        "#454240",
        "#261d12",
        "#3a3533",
        "#4b4746"
    ],
    "hsl_color_values": [
        [
            0.08407738095238093,
            0.29698375870069604,
            46.06106870229008
        ],
        [
            0.054054054054054,
            0.054625984251968476,
            81.28
        ],
        [
            0.06088346410927059,
            0.1956002728512961,
            54.2962962962963
        ],
        [
            0.056880733944953986,
            0.08301599390708297,
            63.125
        ],
        [
            0.07305543618392785,
            0.24184161297027654,
            49.854922279792746
        ],
        [
            0.09402008876430738,
            0.4382678132678133,
            43.413333333333334
        ],
        [
            0.0624113475177304,
            0.07045420476690145,
            69.48958333333333
        ],
        [
            0.09389110225763612,
            0.5156121610517667,
            38.03125
        ],
        [
            0.048371647509578654,
            0.12431531316980234,
            58.31944444444444
        ],
        [
            0.06030150753768868,
            0.06316457705126174,
            75.01190476190476
        ]
    ]
}