{
    "rgb_colors": [
        [
            105.45212765957447,
            95.76595744680851,
            87.79255319148936
        ],
        [
            88.33043478260869,
            78.94347826086957,
            70.50434782608696
        ],
        [
            53.294117647058826,
            41.549019607843135,
            29.725490196078432
        ],
        [
            19.0,
            6.63513513513513,
            1.756756756756758
        ],
        [
            116.578125,
            106.84375,
            98.828125
        ],
        [
            72.03636363636363,
            61.25454545454546,
            51.32727272727273
        ],
        [
            97.61417322834646,
            88.16141732283465,
            79.91338582677166
        ],
        [
            166.27272727272728,
            158.9090909090909,
            149.72727272727275
        ],
        [
            40.65217391304348,
            28.47826086956522,
            16.152173913043477
        ],
        [
            203.4,
            196.2,
            186.2
        ]
    ],
    "hex_colors": [
        "#695f57",
        "#584e46",
        "#35291d",
        "#130601",
        "#746a62",
        "#483d33",
        "#61584f",
        "#a69e95",
        "#281c10",
        "#cbc4ba"
    ],
    "hsl_color_values": [
        [
            0.07525100401606427,
            0.16746532156368227,
            105.45212765957447
        ],
        [
            0.0789024390243903,
            0.20181138019295133,
            88.33043478260869
        ],
        [
            0.08361064891846919,
            0.44223693892568067,
            53.294117647058826
        ],
        [
            0.04715256008359451,
            0.9075391180654337,
            19.0
        ],
        [
            0.07526408450704225,
            0.15225841040075058,
            116.578125
        ],
        [
            0.0798946444249342,
            0.2874810701665825,
            72.03636363636363
        ],
        [
            0.07766162514827997,
            0.18133419375655396,
            97.61417322834646
        ],
        [
            0.09249084249084233,
            0.0995079278294149,
            166.27272727272728
        ],
        [
            0.08385093167701867,
            0.6026737967914438,
            40.65217391304348
        ],
        [
            0.09689922480620146,
            0.08456243854473951,
            203.4
        ]
    ]
}