{
    "rgb_colors": [
        [
            213.04761904761904,
            204.04761904761904,
            182.04761904761904
        ],
        [
            223.4493670886076,
            214.4493670886076,
            192.4493670886076
        ],
        [
            225.0,
            216.0,
            194.0
        ],
        [
            217.53191489361703,
            208.53191489361703,
            186.53191489361703
        ],
        [
            222.0,
            213.0,
            191.0
        ],
        [
            226.62637362637363,
            217.62637362637363,
            195.62637362637363
        ],
        [
            221.0,
            212.0,
            190.0
        ],
        [
            219.48947368421054,
            210.48947368421054,
            188.48947368421054
        ],
        [
            229.85,
            220.85,
            198.85
        ],
        [
            215.60909090909092,
            206.60909090909092,
            184.60909090909092
        ]
    ],
    "hex_colors": [
        "#d5ccb6",
        "#dfd6c0",
        "#e1d8c2",
        "#d9d0ba",
        "#ded5bf",
        "#e2d9c3",
        "#ddd4be",
        "#dbd2bc",
        "#e5dcc6",
        "#d7ceb8"
    ],
    "hsl_color_values": [
        [
            0.11827956989247312,
            0.14550737594993296,
            213.04761904761904
        ],
        [
            0.11827956989247312,
            0.13873389038379833,
            223.4493670886076
        ],
        [
            0.11827956989247312,
            0.13777777777777778,
            225.0
        ],
        [
            0.11827956989247312,
            0.14250782472613457,
            217.53191489361703
        ],
        [
            0.11827956989247312,
            0.13963963963963963,
            222.0
        ],
        [
            0.11827956989247312,
            0.13678902196576637,
            226.62637362637363
        ],
        [
            0.11827956989247312,
            0.14027149321266968,
            221.0
        ],
        [
            0.11827956989247312,
            0.14123684147423446,
            219.48947368421054
        ],
        [
            0.11827956989247312,
            0.13487056776158365,
            229.85
        ],
        [
            0.11827956989247312,
            0.14377872412193785,
            215.60909090909092
        ]
    ]
}