{
    "rgb_colors": [
        [
            138.56,
            107.59,
            69.25
        ],
        [
            40.39999999999999,
            10.599999999999994,
            0.09999999999999432
        ],
        [
            130.03149606299212,
            98.48031496062993,
            59.18503937007874
        ],
        [
            157.25,
            126.66666666666666,
            91.83333333333333
        ],
        [
            133.6891891891892,
            102.32882882882883,
            63.414414414414416
        ],
        [
            121.56296296296296,
            89.97777777777777,
            50.8
        ],
        [
            96.25,
            65.75,
            42.25
        ],
        [
            147.46428571428572,
            116.78571428571428,
            79.92857142857143
        ],
        [
            67.4,
            37.599999999999994,
            14.599999999999994
        ],
        [
            126.19291338582677,
            94.7755905511811,
            55.54724409448819
        ]
    ],
    "hex_colors": [
        "#8a6b45",
        "#280a00",
        "#82623b",
        "#9d7e5b",
        "#85663f",
        "#795932",
        "#60412a",
        "#93744f",
        "#43250e",
        "#7e5e37"
    ],
    "hsl_color_values": [
        [
            0.09219448852979369,
            0.5002165127020786,
            138.56
        ],
        [
            0.043424317617866005,
            0.9975247524752476,
            40.39999999999999
        ],
        [
            0.09244234509585998,
            0.5448407411892939,
            130.03149606299212
        ],
        [
            0.08874734607218682,
            0.41600423953365134,
            157.25
        ],
        [
            0.0922910924513386,
            0.5256578725698305,
            133.6891891891892
        ],
        [
            0.092274678111588,
            0.5821095606605325,
            121.56296296296296
        ],
        [
            0.07253086419753087,
            0.561038961038961,
            96.25
        ],
        [
            0.0909571655208884,
            0.4579801404698474,
            147.46428571428572
        ],
        [
            0.0726010101010101,
            0.7833827893175075,
            67.4
        ],
        [
            0.09254718383117848,
            0.5598227934982685,
            126.19291338582677
        ]
    ]
}