{
    "rgb_colors": [
        [
            190.95238095238096,
            153.58730158730157,
            95.95238095238095
        ],
        [
            124.09821428571429,
            86.65178571428572,
            35.60714285714286
        ],
        [
            92.03846153846155,
            55.07692307692308,
            6.294871794871796
        ],
        [
            177.06666666666666,
            138.725,
            80.39166666666667
        ],
        [
            105.83216783216784,
            68.96503496503496,
            19.587412587412587
        ],
        [
            113.796875,
            77.02604166666667,
            29.635416666666668
        ],
        [
            165.95934959349594,
            127.35772357723577,
            69.4390243902439
        ],
        [
            149.7377049180328,
            112.44262295081967,
            57.31147540983606
        ],
        [
            73.06818181818181,
            37.43181818181818,
            0.8409090909090864
        ],
        [
            134.88636363636363,
            97.64772727272727,
            46.53409090909091
        ]
    ],
    "hex_colors": [
        "#be995f",
        "#7c5623",
        "#5c3706",
        "#b18a50",
        "#694413",
        "#714d1d",
        "#a57f45",
        "#957039",
        "#492500",
        "#86612e"
    ],
    "hsl_color_values": [
        [
            0.10111389585073792,
            0.49750623441396513,
            190.95238095238096
        ],
        [
            0.096138970167827,
            0.7130728829412187,
            124.09821428571429
        ],
        [
            0.09482157097288675,
            0.9316060732692576,
            92.03846153846155
        ],
        [
            0.10056604315719908,
            0.5459807981927711,
            177.06666666666666
        ],
        [
            0.09542149787832103,
            0.8149200475749967,
            105.83216783216784
        ],
        [
            0.09384862924685933,
            0.7395761819762918,
            113.796875
        ],
        [
            0.10001123090745732,
            0.5815901631313379,
            165.95934959349594
        ],
        [
            0.0994146860588861,
            0.6172542150208015,
            149.7377049180328
        ],
        [
            0.08443465491923641,
            0.9884914463452565,
            73.06818181818181
        ],
        [
            0.09642015005359057,
            0.6550126368997472,
            134.88636363636363
        ]
    ]
}