{
    "rgb_colors": [
        [
            43.256578947368425,
            11.184210526315795,
            0.7302631578947398
        ],
        [
            100.89208633093526,
            63.539568345323744,
            16.70503597122302
        ],
        [
            84.5979381443299,
            52.51546391752577,
            14.649484536082474
        ],
        [
            53.706896551724135,
            24.18103448275862,
            2.318965517241381
        ],
        [
            68.97619047619048,
            38.16666666666667,
            7.11904761904762
        ],
        [
            116.24170616113744,
            77.8957345971564,
            27.94312796208531
        ],
        [
            200.42105263157896,
            175.10526315789474,
            146.21052631578948
        ],
        [
            155.65714285714284,
            120.19999999999999,
            74.65714285714286
        ],
        [
            132.70440251572327,
            95.01886792452831,
            46.333333333333336
        ],
        [
            254.0,
            237.33333333333331,
            206.41666666666666
        ]
    ],
    "hex_colors": [
        "#2b0b00",
        "#643f10",
        "#54340e",
        "#351802",
        "#442607",
        "#744d1b",
        "#c8af92",
        "#9b784a",
        "#845f2e",
        "#feedce"
    ],
    "hsl_color_values": [
        [
            0.04097050330033005,
            0.9831178707224334,
            43.256578947368425
        ],
        [
            0.09271919330029055,
            0.8344266970907016,
            100.89208633093526
        ],
        [
            0.09022353230164577,
            0.8268340238849623,
            84.5979381443299
        ],
        [
            0.07090532908348711,
            0.9568218298555377,
            53.706896551724135
        ],
        [
            0.0836540928919682,
            0.8967897825336555,
            68.97619047619048
        ],
        [
            0.09428729894620079,
            0.7596118563216048,
            116.24170616113744
        ],
        [
            0.08883495145631067,
            0.27048319327731096,
            200.42105263157896
        ],
        [
            0.09370958259847147,
            0.520374449339207,
            155.65714285714284
        ],
        [
            0.09394645501104397,
            0.6508530805687203,
            132.70440251572327
        ],
        [
            0.10828955049620544,
            0.18733595800524938,
            254.0
        ]
    ]
}