{
    "rgb_colors": [
        [
            151.91079812206573,
            143.79342723004694,
            131.6431924882629
        ],
        [
            114.66666666666667,
            104.88888888888889,
            92.63888888888889
        ],
        [
            163.5024630541872,
            155.47783251231527,
            143.42364532019704
        ],
        [
            90.57142857142858,
            80.71428571428572,
            69.0
        ],
        [
            171.36363636363637,
            162.4,
            150.03636363636363
        ],
        [
            157.96060606060607,
            150.15454545454546,
            138.20909090909092
        ],
        [
            185.77272727272728,
            176.5909090909091,
            164.6818181818182
        ],
        [
            140.5632183908046,
            131.54022988505747,
            118.89655172413794
        ],
        [
            77.0,
            66.72727272727272,
            54.63636363636364
        ],
        [
            129.4,
            120.53333333333333,
            107.91666666666667
        ]
    ],
    "hex_colors": [
        "#978f83",
        "#72685c",
        "#a39b8f",
        "#5a5045",
        "#aba296",
        "#9d968a",
        "#b9b0a4",
        "#8c8376",
        "#4d4236",
        "#81786b"
    ],
    "hsl_color_values": [
        [
            0.09991506447378577,
            0.13341780758413943,
            151.91079812206573
        ],
        [
            0.09268600252206806,
            0.19210271317829464,
            114.66666666666667
        ],
        [
            0.10005724566568537,
            0.12280437467988312,
            163.5024630541872
        ],
        [
            0.09050772626931569,
            0.23817034700315468,
            90.57142857142858
        ],
        [
            0.09661835748792273,
            0.12445623342175074,
            171.36363636363637
        ],
        [
            0.10079779073335375,
            0.12504076582193488,
            157.96060606060607
        ],
        [
            0.09410919540229883,
            0.11353070712013703,
            185.77272727272728
        ],
        [
            0.09725906277630415,
            0.15414179409600123,
            140.5632183908046
        ],
        [
            0.09010840108401076,
            0.2904368358913813,
            77.0
        ],
        [
            0.09787949314714244,
            0.16602266872746008,
            129.4
        ]
    ]
}