{
    "rgb_colors": [
        [
            36.86585365853658,
            10.402439024390247,
            0.3292682926829258
        ],
        [
            131.1864406779661,
            94.91525423728814,
            47.898305084745765
        ],
        [
            143.84810126582278,
            108.16455696202532,
            60.69620253164557
        ],
        [
            89.5754716981132,
            51.74528301886792,
            5.386792452830193
        ],
        [
            108.62913907284768,
            70.62913907284768,
            21.165562913907284
        ],
        [
            164.8,
            128.25882352941176,
            77.64705882352942
        ],
        [
            153.34351145038167,
            118.6412213740458,
            73.38931297709924
        ],
        [
            54.47368421052632,
            27.736842105263158,
            6.276315789473685
        ],
        [
            118.7593984962406,
            81.57142857142857,
            32.83458646616541
        ],
        [
            168.5079365079365,
            134.20634920634922,
            94.28571428571428
        ]
    ],
    "hex_colors": [
        "#240a00",
        "#835e2f",
        "#8f6c3c",
        "#593305",
        "#6c4615",
        "#a4804d",
        "#997649",
        "#361b06",
        "#765120",
        "#a8865e"
    ],
    "hsl_color_values": [
        [
            0.04595015576323991,
            0.9910684750248098,
            36.86585365853658
        ],
        [
            0.09408492741826076,
            0.6348837209302325,
            131.1864406779661
        ],
        [
            0.095143857512559,
            0.5780535022879267,
            143.84810126582278
        ],
        [
            0.09177498879426266,
            0.9398630858346497,
            89.5754716981132
        ],
        [
            0.09425557154034477,
            0.8051575931232092,
            108.62913907284768
        ],
        [
            0.09678725701943841,
            0.5288406624785836,
            164.8
        ],
        [
            0.09432881420660684,
            0.5214058144165671,
            153.34351145038167
        ],
        [
            0.0742105742105742,
            0.8847826086956522,
            54.47368421052632
        ],
        [
            0.09453389336133473,
            0.7235201012978791,
            118.7593984962406
        ],
        [
            0.08964214428286288,
            0.4404672192916353,
            168.5079365079365
        ]
    ]
}