{
    "rgb_colors": [
        [
            236.0,
            227.0,
            211.0
        ],
        [
            241.83333333333334,
            232.83333333333334,
            216.83333333333334
        ],
        [
            238.74149659863946,
            229.74149659863946,
            213.74149659863946
        ],
        [
            231.0746887966805,
            222.0746887966805,
            206.0746887966805
        ],
        [
            235.0,
            226.0,
            210.0
        ],
        [
            228.5977011494253,
            219.5977011494253,
            203.5977011494253
        ],
        [
            234.0,
            225.0,
            209.0
        ],
        [
            237.0,
            228.0,
            212.0
        ],
        [
            233.0,
            224.0,
            208.0
        ],
        [
            226.21875,
            217.21875,
            201.21875
        ]
    ],
    "hex_colors": [
        "#ece3d3",
        "#f1e8d8",
        "#eee5d5",
        "#e7dece",
        "#ebe2d2",
        "#e4dbcb",
        "#eae1d1",
        "#ede4d4",
        "#e9e0d0",
        "#e2d9c9"
    ],
    "hsl_color_values": [
        [
            0.10666666666666667,
            0.1059322033898305,
            236.0
        ],
        [
            0.10666666666666667,
            0.10337698139214335,
            241.83333333333334
        ],
        [
            0.10666666666666667,
            0.10471577147741844,
            238.74149659863946
        ],
        [
            0.10666666666666667,
            0.10819012731419131,
            231.0746887966805
        ],
        [
            0.10666666666666667,
            0.10638297872340426,
            235.0
        ],
        [
            0.10666666666666667,
            0.10936242960579244,
            228.5977011494253
        ],
        [
            0.10666666666666667,
            0.10683760683760683,
            234.0
        ],
        [
            0.10666666666666667,
            0.10548523206751055,
            237.0
        ],
        [
            0.10666666666666667,
            0.1072961373390558,
            233.0
        ],
        [
            0.10666666666666667,
            0.11051250172675783,
            226.21875
        ]
    ]
}