{
    "rgb_colors": [
        [
            240.90740740740742,
            235.05555555555554,
            219.07407407407408
        ],
        [
            211.15625,
            204.6875,
            188.625
        ],
        [
            231.5076923076923,
            225.69230769230768,
            209.41538461538462
        ],
        [
            173.12765957446808,
            165.95744680851064,
            151.4255319148936
        ],
        [
            159.4878048780488,
            152.7560975609756,
            138.0487804878049
        ],
        [
            248.39298245614034,
            242.90877192982455,
            226.83157894736843
        ],
        [
            194.32432432432432,
            187.24324324324323,
            172.67567567567568
        ],
        [
            253.91772151898735,
            248.9493670886076,
            233.4367088607595
        ],
        [
            220.73239436619718,
            214.54929577464787,
            197.9718309859155
        ],
        [
            149.5909090909091,
            141.54545454545456,
            127.36363636363636
        ]
    ],
    "hex_colors": [
        "#f0ebdb",
        "#d3ccbc",
        "#e7e1d1",
        "#ada597",
        "#9f988a",
        "#f8f2e2",
        "#c2bbac",
        "#fdf8e9",
        "#dcd6c5",
        "#958d7f"
    ],
    "hsl_color_values": [
        [
            0.12199604184336992,
            0.09062956414789765,
            240.90740740740742
        ],
        [
            0.11881645862228386,
            0.1067041586502886,
            211.15625
        ],
        [
            0.12279480037140193,
            0.09542796384901645,
            231.5076923076923
        ],
        [
            0.11160130718954252,
            0.12535332432100285,
            173.12765957446808
        ],
        [
            0.11433447098976096,
            0.13442422388744454,
            159.4878048780488
        ],
        [
            0.12427447789530781,
            0.08680359362639842,
            248.39298245614034
        ],
        [
            0.11215147732001653,
            0.11140472878998607,
            194.32432432432432
        ],
        [
            0.1262360939431397,
            0.08066003639173461,
            253.91772151898735
        ],
        [
            0.12139026402640256,
            0.10311383358856561,
            220.73239436619718
        ],
        [
            0.10633946830265861,
            0.14858705560619875,
            149.5909090909091
        ]
    ]
}