{
    "rgb_colors": [
        [
            156.12582781456953,
            146.841059602649,
            133.24503311258277
        ],
        [
            138.5897435897436,
            128.28205128205127,
            115.27350427350427
        ],
        [
            75.36,
            68.28,
            56.92
        ],
        [
            148.22758620689655,
            138.4,
            125.00689655172414
        ],
        [
            99.35135135135135,
            93.21621621621621,
            81.29729729729729
        ],
        [
            130.3181818181818,
            119.41818181818182,
            107.61818181818182
        ],
        [
            89.0,
            83.11111111111111,
            71.38888888888889
        ],
        [
            164.77914110429447,
            155.36196319018404,
            141.6993865030675
        ],
        [
            176.32142857142856,
            166.82142857142856,
            152.44642857142856
        ],
        [
            58.96969696969697,
            51.848484848484844,
            40.54545454545455
        ]
    ],
    "hex_colors": [
        "#9c9285",
        "#8a8073",
        "#4b4438",
        "#948a7d",
        "#635d51",
        "#82776b",
        "#595347",
        "#a49b8d",
        "#b0a698",
        "#3a3328"
    ],
    "hsl_color_values": [
        [
            0.09903521466473715,
            0.14655355249204668,
            156.12582781456953
        ],
        [
            0.09298631476050823,
            0.16823928461301266,
            138.5897435897436
        ],
        [
            0.10267534345625452,
            0.244692144373673,
            75.36
        ],
        [
            0.09612909612909619,
            0.15665565532964218,
            148.22758620689655
        ],
        [
            0.11002994011976042,
            0.18171926006528843,
            99.35135135135135
        ],
        [
            0.0866372980910426,
            0.1741890477851412,
            130.3181818181818
        ],
        [
            0.11093585699263937,
            0.19787765293383275,
            89.0
        ],
        [
            0.09866205918837494,
            0.14006478275438386,
            164.77914110429447
        ],
        [
            0.10034904013961606,
            0.13540611707514685,
            176.32142857142856
        ],
        [
            0.10224780701754382,
            0.3124357656731757,
            58.96969696969697
        ]
    ]
}