{
    "rgb_colors": [
        [
            34.04663212435233,
            1.3886010362694279,
            0.575129533678755
        ],
        [
            195.39622641509433,
            173.47169811320754,
            153.03773584905662
        ],
        [
            81.30890052356021,
            13.052356020942405,
            13.816753926701569
        ],
        [
            251.80645161290323,
            231.38709677419354,
            213.48387096774192
        ],
        [
            117.37037037037037,
            87.66666666666666,
            84.51851851851852
        ],
        [
            56.48275862068965,
            4.970443349753694,
            4.733990147783253
        ],
        [
            172.98360655737707,
            151.49180327868854,
            131.37704918032787
        ],
        [
            143.625,
            113.4375,
            110.9375
        ],
        [
            83.11111111111111,
            51.05555555555556,
            48.83333333333333
        ],
        [
            223.975,
            201.8,
            181.05
        ]
    ],
    "hex_colors": [
        "#220100",
        "#c3ad99",
        "#510d0d",
        "#fbe7d5",
        "#755754",
        "#380404",
        "#ac9783",
        "#8f716e",
        "#533330",
        "#dfc9b5"
    ],
    "hsl_color_values": [
        [
            0.004050567595459242,
            0.9831075939735201,
            34.04663212435233
        ],
        [
            0.08040089086859682,
            0.216782541521823,
            195.39622641509433
        ],
        [
            0.9981335174247654,
            0.8394719896973599,
            81.30890052356021
        ],
        [
            0.07786195286195284,
            0.15219062259800162,
            251.80645161290323
        ],
        [
            0.015971439308530583,
            0.27989902177343007,
            117.37037037037037
        ],
        [
            0.0007615421227986641,
            0.9161869876155591,
            56.48275862068965
        ],
        [
            0.08057525610717099,
            0.2405231235784686,
            172.98360655737707
        ],
        [
            0.01274697259400892,
            0.22758920800696258,
            143.625
        ],
        [
            0.010804970286331742,
            0.412433155080214,
            83.11111111111111
        ],
        [
            0.08056688021743354,
            0.191650853889943,
            223.975
        ]
    ]
}