{
    "rgb_colors": [
        [
            142.5563909774436,
            133.04511278195488,
            121.4812030075188
        ],
        [
            74.61111111111111,
            65.66666666666667,
            55.27777777777778
        ],
        [
            61.42857142857143,
            52.28571428571429,
            41.92857142857143
        ],
        [
            163.65833333333333,
            154.56666666666666,
            142.65
        ],
        [
            134.9236641221374,
            125.51908396946565,
            114.21374045801527
        ],
        [
            88.2982456140351,
            81.14035087719299,
            70.94736842105263
        ],
        [
            128.57333333333332,
            118.48,
            107.24
        ],
        [
            150.82051282051282,
            141.48076923076923,
            129.82051282051282
        ],
        [
            157.4836956521739,
            148.3695652173913,
            136.5163043478261
        ],
        [
            97.98148148148148,
            91.12962962962963,
            81.30555555555556
        ]
    ],
    "hex_colors": [
        "#8e8579",
        "#4a4137",
        "#3d3429",
        "#a39a8e",
        "#867d72",
        "#585146",
        "#80766b",
        "#968d81",
        "#9d9488",
        "#615b51"
    ],
    "hsl_color_values": [
        [
            0.09144963729337609,
            0.14783755274261604,
            142.5563909774436
        ],
        [
            0.08955938697318011,
            0.2591213700670142,
            74.61111111111111
        ],
        [
            0.08852258852258856,
            0.31744186046511624,
            61.42857142857143
        ],
        [
            0.0945392040195689,
            0.12836702479759657,
            163.65833333333333
        ],
        [
            0.09098169308268833,
            0.15349363507779354,
            134.9236641221374
        ],
        [
            0.09791034715200538,
            0.1965030796741507,
            88.2982456140351
        ],
        [
            0.08781250000000008,
            0.165923467800477,
            128.57333333333332
        ],
        [
            0.09254171754171753,
            0.13923835430125808,
            150.82051282051282
        ],
        [
            0.09421980300673931,
            0.1331400766124857,
            157.4836956521739
        ],
        [
            0.09818619285582086,
            0.17019467019467016,
            97.98148148148148
        ]
    ]
}