{
    "rgb_colors": [
        [
            199.5257142857143,
            184.5257142857143,
            164.5257142857143
        ],
        [
            196.1818181818182,
            181.1818181818182,
            161.1818181818182
        ],
        [
            198.0,
            183.0,
            163.0
        ],
        [
            189.92857142857142,
            174.92857142857142,
            154.92857142857142
        ],
        [
            202.44117647058823,
            187.44117647058823,
            167.44117647058823
        ],
        [
            206.7764705882353,
            191.7764705882353,
            171.7764705882353
        ],
        [
            204.47727272727272,
            189.47727272727272,
            169.47727272727272
        ],
        [
            209.65,
            194.65,
            174.65
        ],
        [
            201.0,
            186.0,
            166.0
        ],
        [
            193.24242424242425,
            178.24242424242425,
            158.24242424242425
        ]
    ],
    "hex_colors": [
        "#c7b8a4",
        "#c4b5a1",
        "#c6b7a3",
        "#bdae9a",
        "#cabba7",
        "#cebfab",
        "#ccbda9",
        "#d1c2ae",
        "#c9baa6",
        "#c1b29e"
    ],
    "hsl_color_values": [
        [
            0.09523809523809523,
            0.17541598648222928,
            199.5257142857143
        ],
        [
            0.09523809523809523,
            0.1784059314179796,
            196.1818181818182
        ],
        [
            0.09523809523809523,
            0.17676767676767677,
            198.0
        ],
        [
            0.09523809523809523,
            0.18427980443775857,
            189.92857142857142
        ],
        [
            0.09523809523809523,
            0.17288972831614122,
            202.44117647058823
        ],
        [
            0.09523809523809523,
            0.16926490669094219,
            206.7764705882353
        ],
        [
            0.09523809523809523,
            0.1711681671668334,
            204.47727272727272
        ],
        [
            0.09523809523809523,
            0.1669449081803005,
            209.65
        ],
        [
            0.09523809523809523,
            0.17412935323383086,
            201.0
        ],
        [
            0.09523809523809523,
            0.18111964873765093,
            193.24242424242425
        ]
    ]
}