{
    "rgb_colors": [
        [
            210.51162790697674,
            176.24651162790698,
            127.55813953488372
        ],
        [
            168.76923076923077,
            136.76923076923077,
            92.38461538461539
        ],
        [
            223.5441176470588,
            188.75,
            140.35294117647058
        ],
        [
            204.88082901554404,
            171.10362694300517,
            122.50777202072538
        ],
        [
            108.0,
            79.5,
            45.0
        ],
        [
            193.18604651162792,
            159.74418604651163,
            112.50387596899225
        ],
        [
            216.2556818181818,
            181.63636363636363,
            133.14772727272728
        ],
        [
            199.29341317365268,
            165.95808383233532,
            118.2994011976048
        ],
        [
            148.4,
            118.69999999999999,
            79.8
        ],
        [
            184.6326530612245,
            151.0204081632653,
            104.51020408163265
        ]
    ],
    "hex_colors": [
        "#d2b07f",
        "#a8885c",
        "#dfbc8c",
        "#ccab7a",
        "#6c4f2d",
        "#c19f70",
        "#d8b585",
        "#c7a576",
        "#94764f",
        "#b89768"
    ],
    "hsl_color_values": [
        [
            0.09782263339874779,
            0.3940565620857269,
            210.51162790697674
        ],
        [
            0.09684457871769052,
            0.45259799453053784,
            168.76923076923077
        ],
        [
            0.0969595191797773,
            0.372146569304651,
            223.5441176470588
        ],
        [
            0.09832473686417575,
            0.4020535127206515,
            204.88082901554404
        ],
        [
            0.09126984126984128,
            0.5833333333333334,
            108.0
        ],
        [
            0.09758519087881116,
            0.4176397415834036,
            193.18604651162792
        ],
        [
            0.0972402634397575,
            0.3843041433488347,
            216.2556818181818
        ],
        [
            0.09807038296613928,
            0.4064058650321494,
            199.29341317365268
        ],
        [
            0.09450923226433428,
            0.4622641509433963,
            148.4
        ],
        [
            0.0967481745627441,
            0.43395600751630375,
            184.6326530612245
        ]
    ]
}