{
    "rgb_colors": [
        [
            246.76404494382024,
            240.76404494382024,
            225.51685393258427
        ],
        [
            240.20289855072463,
            234.20289855072463,
            218.40579710144928
        ],
        [
            236.37671232876713,
            230.37671232876713,
            214.85616438356163
        ],
        [
            241.23893805309734,
            235.23893805309734,
            219.76106194690266
        ],
        [
            249.8181818181818,
            243.8181818181818,
            228.45454545454547
        ],
        [
            238.5079365079365,
            232.5079365079365,
            216.989417989418
        ],
        [
            242.25,
            236.25,
            220.75
        ],
        [
            243.91525423728814,
            237.91525423728814,
            222.63276836158192
        ],
        [
            233.9795918367347,
            227.9795918367347,
            212.0408163265306
        ],
        [
            231.4375,
            225.4375,
            210.1875
        ]
    ],
    "hex_colors": [
        "#f6f0e1",
        "#f0eada",
        "#ece6d6",
        "#f1ebdb",
        "#f9f3e4",
        "#eee8d8",
        "#f2ecdc",
        "#f3edde",
        "#e9e3d4",
        "#e7e1d2"
    ],
    "hsl_color_values": [
        [
            0.11960162171690465,
            0.08610326928330758,
            246.76404494382024
        ],
        [
            0.12078900709219854,
            0.09074453964040056,
            240.20289855072463
        ],
        [
            0.12019944833439426,
            0.09104343542638585,
            236.37671232876713
        ],
        [
            0.12010712814173875,
            0.08903154805575933,
            241.23893805309734
        ],
        [
            0.11985815602836876,
            0.08551673944687038,
            249.8181818181818
        ],
        [
            0.12019506597819847,
            0.09022139402812897,
            238.5079365079365
        ],
        [
            0.12015503875968991,
            0.08875128998968008,
            242.25
        ],
        [
            0.11967967436510045,
            0.08725360757881083,
            243.91525423728814
        ],
        [
            0.1210852713178295,
            0.09376362843436552,
            233.9795918367347
        ],
        [
            0.11960784313725491,
            0.09181744531460978,
            231.4375
        ]
    ]
}