{
    "rgb_colors": [
        [
            59.49593495934959,
            59.26829268292683,
            57.65853658536585
        ],
        [
            103.28947368421052,
            103.38157894736842,
            99.5
        ],
        [
            43.66666666666667,
            43.79310344827586,
            41.95402298850574
        ],
        [
            125.13636363636364,
            124.84415584415585,
            121.25324675324676
        ],
        [
            202.4923076923077,
            196.5846153846154,
            188.87692307692308
        ],
        [
            148.7079646017699,
            147.60176991150442,
            143.30088495575222
        ],
        [
            4.8125,
            5.354166666666671,
            5.479166666666671
        ],
        [
            238.02439024390245,
            237.14634146341464,
            229.41463414634148
        ],
        [
            170.88372093023256,
            168.4418604651163,
            163.0813953488372
        ],
        [
            79.04516129032258,
            78.71612903225807,
            76.4
        ]
    ],
    "hex_colors": [
        "#3b3b39",
        "#676763",
        "#2b2b29",
        "#7d7c79",
        "#cac4bc",
        "#94938f",
        "#040505",
        "#eeede5",
        "#aaa8a3",
        "#4f4e4c"
    ],
    "hsl_color_values": [
        [
            0.14601769911504434,
            0.03088275485105218,
            59.49593495934959
        ],
        [
            0.17062146892655408,
            0.037546137202494625,
            103.38157894736842
        ],
        [
            0.1781249999999992,
            0.04199475065616801,
            43.79310344827586
        ],
        [
            0.15412486064659986,
            0.031031082974417524,
            125.13636363636364
        ],
        [
            0.09435028248587596,
            0.06723902142531529,
            202.4923076923077
        ],
        [
            0.132569558101473,
            0.036360390383241945,
            148.7079646017699
        ],
        [
            0.5312499999999997,
            0.12167300380228213,
            5.479166666666671
        ],
        [
            0.1496694995278565,
            0.0361717389076749,
            238.02439024390245
        ],
        [
            0.11450571286636906,
            0.045658682634730635,
            170.88372093023256
        ],
        [
            0.14593495934959352,
            0.03346392425726407,
            79.04516129032258
        ]
    ]
}