{
    "rgb_colors": [
        [
            44.87623762376238,
            35.7029702970297,
            21.792079207920793
        ],
        [
            77.144578313253,
            68.19277108433735,
            53.95180722891566
        ],
        [
            151.6304347826087,
            130.7173913043478,
            69.15217391304347
        ],
        [
            23.6625,
            14.883333333333333,
            5.650000000000002
        ],
        [
            107.33333333333333,
            101.57142857142857,
            92.85714285714286
        ],
        [
            203.33333333333334,
            172.6,
            69.86666666666667
        ],
        [
            124.21951219512195,
            103.97560975609755,
            54.73170731707317
        ],
        [
            143.94736842105263,
            118.87719298245614,
            43.05263157894737
        ],
        [
            61.13300492610837,
            51.76847290640394,
            36.48768472906404
        ],
        [
            88.6625,
            82.0375,
            75.2
        ]
    ],
    "hex_colors": [
        "#2c2315",
        "#4d4435",
        "#978245",
        "#170e05",
        "#6b655c",
        "#cbac45",
        "#7c6736",
        "#8f762b",
        "#3d3324",
        "#58524b"
    ],
    "hsl_color_values": [
        [
            0.10043605690185142,
            0.514396028681743,
            44.87623762376238
        ],
        [
            0.10233766233766238,
            0.30064032484772757,
            77.144578313253
        ],
        [
            0.12440695835529784,
            0.5439426523297491,
            151.6304347826087
        ],
        [
            0.08543449764823807,
            0.7612255678816693,
            23.6625
        ],
        [
            0.10032894736842106,
            0.13487133984028388,
            107.33333333333333
        ],
        [
            0.12828837828837827,
            0.6563934426229509,
            203.33333333333334
        ],
        [
            0.11811161811161809,
            0.5593952483801296,
            124.21951219512195
        ],
        [
            0.12525357908769488,
            0.7009140767824497,
            143.94736842105263
        ],
        [
            0.10333799720167902,
            0.4031426269137791,
            61.13300492610837
        ],
        [
            0.08464871556793557,
            0.15183984209784285,
            88.6625
        ]
    ]
}