{
    "rgb_colors": [
        [
            229.04761904761904,
            218.1904761904762,
            196.8095238095238
        ],
        [
            218.05517241379312,
            206.71724137931034,
            185.49655172413793
        ],
        [
            220.08724832214764,
            208.751677852349,
            187.53020134228188
        ],
        [
            225.96842105263158,
            215.23157894736843,
            193.81052631578947
        ],
        [
            214.22522522522522,
            202.73873873873873,
            181.56756756756758
        ],
        [
            223.87826086956522,
            212.76521739130436,
            191.4695652173913
        ],
        [
            216.12987012987014,
            204.8116883116883,
            183.58441558441558
        ],
        [
            221.94630872483222,
            210.81208053691276,
            189.5234899328859
        ],
        [
            212.3921568627451,
            200.68627450980392,
            179.58823529411765
        ],
        [
            210.35294117647058,
            198.97058823529412,
            177.76470588235293
        ]
    ],
    "hex_colors": [
        "#e5dac4",
        "#daceb9",
        "#dcd0bb",
        "#e1d7c1",
        "#d6cab5",
        "#dfd4bf",
        "#d8ccb7",
        "#ddd2bd",
        "#d4c8b3",
        "#d2c6b1"
    ],
    "hsl_color_values": [
        [
            0.11053668143771554,
            0.14074844074844076,
            229.04761904761904
        ],
        [
            0.10862811551225016,
            0.149313682079828,
            218.05517241379312
        ],
        [
            0.10863739435168007,
            0.14792791144451556,
            220.08724832214764
        ],
        [
            0.11102018548827064,
            0.14231145479107468,
            225.96842105263158
        ],
        [
            0.10804597701149422,
            0.15244543504773111,
            214.22522522522522
        ],
        [
            0.10951614345765141,
            0.1447603511225045,
            223.87826086956522
        ],
        [
            0.10870577281191797,
            0.15058286263670237,
            216.12987012987014
        ],
        [
            0.10943213965362593,
            0.14608406410644095,
            221.94630872483222
        ],
        [
            0.10719266786212389,
            0.15444977843426885,
            212.3921568627451
        ],
        [
            0.10845367027677501,
            0.15492170022371368,
            210.35294117647058
        ]
    ]
}