{
    "rgb_colors": [
        [
            115.73214285714286,
            72.17857142857143,
            13.571428571428573
        ],
        [
            127.12080536912751,
            83.89261744966443,
            25.348993288590606
        ],
        [
            137.07407407407408,
            93.97222222222223,
            35.49074074074074
        ],
        [
            124.54838709677419,
            81.34408602150538,
            22.752688172043012
        ],
        [
            130.30994152046785,
            86.77777777777777,
            28.11111111111111
        ],
        [
            122.33333333333333,
            78.79166666666667,
            20.041666666666668
        ],
        [
            142.53731343283582,
            98.77611940298507,
            39.95522388059702
        ],
        [
            133.43023255813952,
            89.93023255813954,
            31.25581395348837
        ],
        [
            119.15957446808511,
            75.81914893617021,
            17.23404255319149
        ],
        [
            110.27777777777777,
            67.66666666666667,
            10.222222222222221
        ]
    ],
    "hex_colors": [
        "#73480d",
        "#7f5319",
        "#895d23",
        "#7c5116",
        "#82561c",
        "#7a4e14",
        "#8e6227",
        "#85591f",
        "#774b11",
        "#6e430a"
    ],
    "hsl_color_values": [
        [
            0.09561265513022199,
            0.8827341459651289,
            115.73214285714286
        ],
        [
            0.0958739998241449,
            0.8005913098569241,
            127.12080536912751
        ],
        [
            0.0959499285996415,
            0.7410834909483924,
            137.07407407407408
        ],
        [
            0.09592972078447942,
            0.8173184839851507,
            124.54838709677419
        ],
        [
            0.09567406729228654,
            0.7842750078535206,
            130.30994152046785
        ],
        [
            0.09572301425661915,
            0.8361716621253406,
            122.33333333333333
        ],
        [
            0.09556719530530093,
            0.7196858638743455,
            142.53731343283582
        ],
        [
            0.09570957095709572,
            0.7657516339869281,
            133.43023255813952
        ],
        [
            0.09579723758828236,
            0.8553700562449782,
            119.15957446808511
        ],
        [
            0.09568758097353323,
            0.9073047858942065,
            110.27777777777777
        ]
    ]
}