{
    "rgb_colors": [
        [
            89.03125,
            74.03125,
            54.03125
        ],
        [
            70.54887218045113,
            55.54887218045113,
            35.54887218045113
        ],
        [
            93.75,
            78.75,
            58.75
        ],
        [
            74.60096153846153,
            59.60096153846154,
            39.60096153846154
        ],
        [
            85.10743801652893,
            70.10743801652893,
            50.107438016528924
        ],
        [
            65.34482758620689,
            50.3448275862069,
            30.344827586206897
        ],
        [
            57.125,
            42.125,
            22.125
        ],
        [
            77.97391304347826,
            62.97391304347826,
            42.97391304347826
        ],
        [
            101.2,
            86.2,
            66.2
        ],
        [
            81.3734439834025,
            66.3734439834025,
            46.37344398340249
        ]
    ],
    "hex_colors": [
        "#594a36",
        "#463723",
        "#5d4e3a",
        "#4a3b27",
        "#554632",
        "#41321e",
        "#392a16",
        "#4d3e2a",
        "#655642",
        "#51422e"
    ],
    "hsl_color_values": [
        [
            0.09523809523809523,
            0.3931203931203931,
            89.03125
        ],
        [
            0.09523809523809523,
            0.4961099861451561,
            70.54887218045113
        ],
        [
            0.09523809523809523,
            0.37333333333333335,
            93.75
        ],
        [
            0.09523809523809527,
            0.46916285364439,
            74.60096153846153
        ],
        [
            0.09523809523809525,
            0.4112449019227035,
            85.10743801652893
        ],
        [
            0.09523809523809527,
            0.5356200527704486,
            65.34482758620689
        ],
        [
            0.09523809523809523,
            0.612691466083151,
            57.125
        ],
        [
            0.09523809523809523,
            0.4488680718188915,
            77.97391304347826
        ],
        [
            0.09523809523809523,
            0.3458498023715415,
            101.2
        ],
        [
            0.09523809523809525,
            0.43011575136403046,
            81.3734439834025
        ]
    ]
}