{
    "rgb_colors": [
        [
            69.90311418685121,
            66.82352941176471,
            64.80276816608996
        ],
        [
            148.25,
            145.25,
            143.25
        ],
        [
            92.63636363636364,
            89.61818181818182,
            87.61818181818182
        ],
        [
            212.25,
            209.25,
            207.25
        ],
        [
            80.27,
            76.93,
            74.93
        ],
        [
            46.20634920634921,
            42.682539682539684,
            41.20634920634921
        ],
        [
            105.8,
            102.8,
            100.8
        ],
        [
            29.064516129032256,
            25.67741935483871,
            24.064516129032256
        ],
        [
            120.31481481481481,
            117.31481481481481,
            115.31481481481481
        ],
        [
            59.36263736263736,
            56.35164835164835,
            54.357142857142854
        ]
    ],
    "hex_colors": [
        "#454240",
        "#94918f",
        "#5c5957",
        "#d4d1cf",
        "#504c4a",
        "#2e2a29",
        "#696664",
        "#1d1918",
        "#787573",
        "#3b3836"
    ],
    "hsl_color_values": [
        [
            0.06603346901854384,
            0.07296307296307303,
            69.90311418685121
        ],
        [
            0.06666666666666667,
            0.03372681281618887,
            148.25
        ],
        [
            0.06642512077294689,
            0.05417075564278702,
            92.63636363636364
        ],
        [
            0.06666666666666667,
            0.023557126030624265,
            212.25
        ],
        [
            0.06242197253433222,
            0.06652547651675582,
            80.27
        ],
        [
            0.04920634920634914,
            0.10821023703194778,
            46.20634920634921
        ],
        [
            0.06666666666666667,
            0.04725897920604915,
            105.8
        ],
        [
            0.05376344086021519,
            0.17203107658157604,
            29.064516129032256
        ],
        [
            0.06666666666666667,
            0.04155764198861013,
            120.31481481481481
        ],
        [
            0.06641053787047209,
            0.08432062199185485,
            59.36263736263736
        ]
    ]
}