{
    "rgb_colors": [
        [
            152.79347826086956,
            155.2173913043478,
            134.33695652173913
        ],
        [
            156.41666666666666,
            166.0,
            99.83333333333333
        ],
        [
            23.509554140127385,
            33.75796178343949,
            4.471337579617831
        ],
        [
            6.775757575757581,
            14.75151515151515,
            0.787878787878789
        ],
        [
            110.46913580246914,
            119.9506172839506,
            71.01234567901234
        ],
        [
            62.393442622950815,
            74.07377049180327,
            35.18032786885246
        ],
        [
            173.14473684210526,
            174.7763157894737,
            151.31578947368422
        ],
        [
            126.52380952380952,
            130.07936507936506,
            108.88888888888889
        ],
        [
            42.56060606060606,
            51.88636363636364,
            20.659090909090907
        ],
        [
            84.93,
            94.07,
            56.47
        ]
    ],
    "hex_colors": [
        "#989b86",
        "#9ca663",
        "#172104",
        "#060e00",
        "#6e7747",
        "#3e4a23",
        "#adae97",
        "#7e826c",
        "#2a3314",
        "#545e38"
    ],
    "hsl_color_values": [
        [
            0.1860142287003296,
            0.1345238095238095,
            155.2173913043478
        ],
        [
            0.1908060453400504,
            0.3985943775100402,
            166.0
        ],
        [
            0.22498912570682905,
            0.8675471698113209,
            33.75796178343949
        ],
        [
            0.2618634259259259,
            0.9465899753492193,
            14.75151515151515
        ],
        [
            0.1989572822065254,
            0.407986825854261,
            119.9506172839506
        ],
        [
            0.2167193537056551,
            0.5250636273099479,
            74.07377049180327
        ],
        [
            0.1782576182464013,
            0.1342317247609727,
            174.7763157894737
        ],
        [
            0.19463171036204732,
            0.16290420988407556,
            130.07936507936506
        ],
        [
            0.21644023936600357,
            0.6018396846254929,
            51.88636363636364
        ],
        [
            0.2071808510638297,
            0.39970234931434034,
            94.07
        ]
    ]
}