{
    "rgb_colors": [
        [
            164.0796460176991,
            150.65486725663717,
            136.75221238938053
        ],
        [
            250.6,
            247.63333333333333,
            248.63333333333333
        ],
        [
            199.46017699115043,
            187.1504424778761,
            174.38053097345133
        ],
        [
            137.45679012345678,
            124.90123456790124,
            111.77777777777777
        ],
        [
            14.641025641025635,
            16.25641025641025,
            37.07692307692308
        ],
        [
            236.70967741935482,
            224.05069124423963,
            210.49769585253455
        ],
        [
            29.329787234042556,
            31.56382978723404,
            74.09574468085107
        ],
        [
            4.423076923076934,
            3.487179487179503,
            8.205128205128204
        ],
        [
            222.68859649122805,
            209.48245614035088,
            195.05263157894737
        ],
        [
            90.12903225806451,
            85.87096774193549,
            85.54838709677419
        ]
    ],
    "hex_colors": [
        "#a49688",
        "#faf7f8",
        "#c7bbae",
        "#897c6f",
        "#0e1025",
        "#ece0d2",
        "#1d1f4a",
        "#040308",
        "#ded1c3",
        "#5a5555"
    ],
    "hsl_color_values": [
        [
            0.08479058721934378,
            0.16654980853244156,
            164.0796460176991
        ],
        [
            0.9438202247191012,
            0.01183825485501464,
            250.6
        ],
        [
            0.08486238532110098,
            0.12573761036425746,
            199.46017699115043
        ],
        [
            0.08517628205128214,
            0.18681516076881624,
            137.45679012345678
        ],
        [
            0.6546666666666666,
            0.6051175656984787,
            37.07692307692308
        ],
        [
            0.08617557430848581,
            0.11073472725148929,
            236.70967741935482
        ],
        [
            0.65834917617237,
            0.6041636755204595,
            74.09574468085107
        ],
        [
            0.6997282608695651,
            0.574999999999998,
            8.205128205128204
        ],
        [
            0.08702322382690582,
            0.12410139247237698,
            222.68859649122805
        ],
        [
            0.011737089201878123,
            0.050823192555475995,
            90.12903225806451
        ]
    ]
}