{
    "rgb_colors": [
        [
            133.54761904761904,
            100.5952380952381,
            23.38095238095238
        ],
        [
            185.5922330097087,
            148.9126213592233,
            35.70873786407767
        ],
        [
            86.07142857142857,
            64.0,
            15.0
        ],
        [
            153.5125,
            117.025,
            15.675
        ],
        [
            195.3846153846154,
            163.15384615384616,
            58.769230769230774
        ],
        [
            47.05172413793103,
            38.94827586206897,
            23.913793103448278
        ],
        [
            170.60869565217394,
            133.84057971014494,
            24.007246376811594
        ],
        [
            29.066666666666663,
            21.12222222222222,
            8.133333333333333
        ],
        [
            122.6,
            99.73333333333333,
            66.8
        ],
        [
            3.4842342342342363,
            1.2319819819819813,
            0.6509009009009006
        ]
    ],
    "hex_colors": [
        "#856417",
        "#b99423",
        "#56400f",
        "#99750f",
        "#c3a33a",
        "#2f2617",
        "#aa8518",
        "#1d1508",
        "#7a6342",
        "#030100"
    ],
    "hsl_color_values": [
        [
            0.11681435055111306,
            0.8249242289178107,
            133.54761904761904
        ],
        [
            0.12587986354018224,
            0.8075957313245448,
            185.5922330097087
        ],
        [
            0.11490787269681742,
            0.8257261410788381,
            86.07142857142857
        ],
        [
            0.1225476859828905,
            0.8978910512173275,
            153.5125
        ],
        [
            0.1273460960960961,
            0.6992125984251968,
            195.3846153846154
        ],
        [
            0.10829607550919029,
            0.49175522169292774,
            47.05172413793103
        ],
        [
            0.1248661295371789,
            0.8592847434590554,
            170.60869565217394
        ],
        [
            0.10341472045293702,
            0.7201834862385321,
            29.066666666666663
        ],
        [
            0.09836718438868979,
            0.4551386623164763,
            122.6
        ],
        [
            0.034181240063592945,
            0.8131868131868134,
            3.4842342342342363
        ]
    ]
}