{
    "rgb_colors": [
        [
            225.22,
            213.22,
            193.78
        ],
        [
            224.22608695652173,
            212.22608695652173,
            192.77391304347827
        ],
        [
            231.54285714285714,
            219.54285714285714,
            200.25714285714287
        ],
        [
            217.35,
            205.35,
            185.05
        ],
        [
            220.57943925233644,
            208.57943925233644,
            188.70093457943926
        ],
        [
            230.11940298507463,
            218.11940298507463,
            198.55223880597015
        ],
        [
            222.94039735099338,
            210.94039735099338,
            191.27814569536423
        ],
        [
            226.72307692307692,
            214.72307692307692,
            195.22051282051282
        ],
        [
            228.5621301775148,
            216.5621301775148,
            197.3491124260355
        ],
        [
            233.7,
            221.7,
            202.56666666666666
        ]
    ],
    "hex_colors": [
        "#e1d5c1",
        "#e0d4c0",
        "#e7dbc8",
        "#d9cdb9",
        "#dcd0bc",
        "#e6dac6",
        "#ded2bf",
        "#e2d6c3",
        "#e4d8c5",
        "#e9ddca"
    ],
    "hsl_color_values": [
        [
            0.10305343511450382,
            0.1395968386466566,
            225.22
        ],
        [
            0.10307805732190577,
            0.14026991390677102,
            224.22608695652173
        ],
        [
            0.10273972602739724,
            0.13511846001974331,
            231.54285714285714
        ],
        [
            0.10474716202270379,
            0.14860823556475722,
            217.35
        ],
        [
            0.10392846672530047,
            0.1445216507075671,
            220.57943925233644
        ],
        [
            0.10330969267139482,
            0.13717732520430667,
            230.11940298507463
        ],
        [
            0.10349996513978947,
            0.1420211501901141,
            222.94039735099338
        ],
        [
            0.1031797710130772,
            0.13894732080251518,
            226.72307692307692
        ],
        [
            0.10259083728278044,
            0.13656250809019602,
            228.5621301775148
        ],
        [
            0.10242683797287651,
            0.13321922692911137,
            233.7
        ]
    ]
}