{
    "rgb_colors": [
        [
            78.46875,
            68.8125,
            57.3125
        ],
        [
            152.99358974358975,
            143.08333333333334,
            130.22435897435898
        ],
        [
            53.5,
            46.879999999999995,
            38.2
        ],
        [
            171.70056497175142,
            162.49717514124293,
            149.57062146892656
        ],
        [
            30.54237288135593,
            23.355932203389827,
            16.22033898305085
        ],
        [
            187.50980392156862,
            177.7450980392157,
            163.70588235294116
        ],
        [
            130.66176470588235,
            121.80882352941177,
            111.70588235294117
        ],
        [
            13.870689655172413,
            6.094827586206904,
            2.094827586206904
        ],
        [
            103.29850746268657,
            93.98507462686567,
            81.95522388059702
        ],
        [
            162.0462962962963,
            152.77314814814815,
            139.02314814814815
        ]
    ],
    "hex_colors": [
        "#4e4439",
        "#988f82",
        "#352e26",
        "#aba295",
        "#1e1710",
        "#bbb1a3",
        "#82796f",
        "#0d0602",
        "#675d51",
        "#a2988b"
    ],
    "hsl_color_values": [
        [
            0.09059576563269327,
            0.2696136997212266,
            78.46875
        ],
        [
            0.0941253753753754,
            0.1488247370846776,
            152.99358974358975
        ],
        [
            0.09455337690631803,
            0.2859813084112149,
            53.5
        ],
        [
            0.09735341673049096,
            0.12888684149912802,
            171.70056497175142
        ],
        [
            0.08303747534516759,
            0.4689234184239732,
            30.54237288135593
        ],
        [
            0.098297638660077,
            0.12694761058245324,
            187.50980392156862
        ],
        [
            0.08882854926299462,
            0.14507597073719752,
            130.66176470588235
        ],
        [
            0.05661298194241097,
            0.8489745183343687,
            13.870689655172413
        ],
        [
            0.09393939393939388,
            0.2066175408178009,
            103.29850746268657
        ],
        [
            0.09953750251357328,
            0.1420775955659677,
            162.0462962962963
        ]
    ]
}