{
    "rgb_colors": [
        [
            198.0,
            183.0,
            163.0
        ],
        [
            195.53284671532847,
            180.53284671532847,
            160.53284671532847
        ],
        [
            200.48648648648648,
            185.48648648648648,
            165.48648648648648
        ],
        [
            193.075,
            178.075,
            158.075
        ],
        [
            202.42962962962963,
            187.42962962962963,
            167.42962962962963
        ],
        [
            204.3111111111111,
            189.3111111111111,
            169.3111111111111
        ],
        [
            199.0,
            184.0,
            164.0
        ],
        [
            197.0,
            182.0,
            162.0
        ],
        [
            206.73809523809524,
            191.73809523809524,
            171.73809523809524
        ],
        [
            188.84615384615384,
            173.84615384615384,
            153.84615384615384
        ]
    ],
    "hex_colors": [
        "#c6b7a3",
        "#c3b4a0",
        "#c8b9a5",
        "#c1b29e",
        "#cabba7",
        "#ccbda9",
        "#c7b8a4",
        "#c5b6a2",
        "#cebfab",
        "#bcad99"
    ],
    "hsl_color_values": [
        [
            0.09523809523809523,
            0.17676767676767677,
            198.0
        ],
        [
            0.09523809523809523,
            0.17899805883231296,
            195.53284671532847
        ],
        [
            0.09523809523809523,
            0.17457535723914802,
            200.48648648648648
        ],
        [
            0.09523809523809523,
            0.1812767059432863,
            193.075
        ],
        [
            0.09523809523809523,
            0.1728995901639344,
            202.42962962962963
        ],
        [
            0.09523809523809523,
            0.17130737437459212,
            204.3111111111111
        ],
        [
            0.09523809523809523,
            0.17587939698492464,
            199.0
        ],
        [
            0.09523809523809523,
            0.17766497461928935,
            197.0
        ],
        [
            0.09523809523809523,
            0.16929632615455487,
            206.73809523809524
        ],
        [
            0.09523809523809523,
            0.18533604887983707,
            188.84615384615384
        ]
    ]
}