{
    "rgb_colors": [
        [
            80.37288135593221,
            65.46610169491525,
            50.932203389830505
        ],
        [
            51.78217821782178,
            32.42574257425743,
            21.198019801980195
        ],
        [
            97.19421487603306,
            84.07438016528926,
            71.1694214876033
        ],
        [
            23.099415204678365,
            5.111111111111114,
            1.0
        ],
        [
            138.05263157894737,
            79.12280701754386,
            34.280701754385966
        ],
        [
            230.30645161290323,
            217.03225806451613,
            197.5
        ],
        [
            113.79411764705883,
            100.72549019607843,
            88.19607843137254
        ],
        [
            77.15,
            35.8,
            8.799999999999997
        ],
        [
            153.30985915492957,
            93.38028169014085,
            48.61971830985915
        ],
        [
            204.55,
            190.3875,
            168.97500000000002
        ]
    ],
    "hex_colors": [
        "#504132",
        "#332015",
        "#615447",
        "#170501",
        "#8a4f22",
        "#e6d9c5",
        "#716458",
        "#4d2308",
        "#995d30",
        "#ccbea8"
    ],
    "hsl_color_values": [
        [
            0.08227787372865092,
            0.36630113876001696,
            80.37288135593221
        ],
        [
            0.06118484946584657,
            0.5906309751434035,
            51.78217821782178
        ],
        [
            0.08264528421721183,
            0.2677607244589941,
            97.19421487603306
        ],
        [
            0.031004674958101813,
            0.9567088607594937,
            23.099415204678365
        ],
        [
            0.0720202874049028,
            0.751683822594993,
            138.05263157894737
        ],
        [
            0.09922976073418549,
            0.1424469500665313,
            230.30645161290323
        ],
        [
            0.08157793948678665,
            0.22495046092874998,
            113.79411764705883
        ],
        [
            0.0658376005852231,
            0.8859364873622814,
            77.15
        ],
        [
            0.07125880084308715,
            0.6828663298116674,
            153.30985915492957
        ],
        [
            0.10031623330990852,
            0.17391835736983616,
            204.55
        ]
    ]
}