{
    "rgb_colors": [
        [
            240.3582089552239,
            234.3582089552239,
            217.3582089552239
        ],
        [
            228.03960396039605,
            222.03960396039605,
            205.03960396039605
        ],
        [
            235.46107784431138,
            229.46107784431138,
            212.46107784431138
        ],
        [
            231.52604166666666,
            225.52604166666666,
            208.52604166666666
        ],
        [
            233.0,
            227.0,
            210.0
        ],
        [
            242.5,
            236.5,
            219.5
        ],
        [
            234.0,
            228.0,
            211.0
        ],
        [
            237.0,
            231.0,
            214.0
        ],
        [
            238.47863247863248,
            232.47863247863248,
            215.47863247863248
        ],
        [
            230.0,
            224.0,
            207.0
        ]
    ],
    "hex_colors": [
        "#f0ead9",
        "#e4decd",
        "#ebe5d4",
        "#e7e1d0",
        "#e9e3d2",
        "#f2ecdb",
        "#eae4d3",
        "#ede7d6",
        "#eee8d7",
        "#e6e0cf"
    ],
    "hsl_color_values": [
        [
            0.12318840579710144,
            0.09569051167411823,
            240.3582089552239
        ],
        [
            0.12318840579710144,
            0.10085967349774226,
            228.03960396039605
        ],
        [
            0.12318840579710144,
            0.09768068765576522,
            235.46107784431138
        ],
        [
            0.12318840579710144,
            0.09934087688120037,
            231.52604166666666
        ],
        [
            0.12318840579710144,
            0.09871244635193133,
            233.0
        ],
        [
            0.12318840579710144,
            0.09484536082474226,
            242.5
        ],
        [
            0.12318840579710144,
            0.09829059829059829,
            234.0
        ],
        [
            0.12318840579710144,
            0.0970464135021097,
            237.0
        ],
        [
            0.12318840579710144,
            0.09644469930470934,
            238.47863247863248
        ],
        [
            0.12318840579710144,
            0.1,
            230.0
        ]
    ]
}