{
    "rgb_colors": [
        [
            50.46511627906977,
            45.674418604651166,
            39.918604651162795
        ],
        [
            86.86813186813187,
            83.38461538461539,
            80.95604395604396
        ],
        [
            149.1818181818182,
            142.72727272727275,
            130.86363636363637
        ],
        [
            9.314285714285717,
            4.4571428571428555,
            1.971428571428575
        ],
        [
            65.04761904761905,
            60.36507936507937,
            57.666666666666664
        ],
        [
            29.827586206896555,
            24.586206896551722,
            19.908045977011497
        ],
        [
            41.737226277372265,
            37.02919708029197,
            30.445255474452555
        ],
        [
            71.38990825688073,
            66.96788990825688,
            64.62385321100918
        ],
        [
            78.46783625730994,
            74.05263157894737,
            71.64327485380117
        ],
        [
            125.0,
            119.3103448275862,
            108.0344827586207
        ]
    ],
    "hex_colors": [
        "#322d27",
        "#565350",
        "#958e82",
        "#090401",
        "#413c39",
        "#1d1813",
        "#29251e",
        "#474240",
        "#4e4a47",
        "#7d776c"
    ],
    "hsl_color_values": [
        [
            0.09095920617420067,
            0.2089861751152073,
            50.46511627906977
        ],
        [
            0.06846344485749695,
            0.06805819101834282,
            86.86813186813187
        ],
        [
            0.10794044665012419,
            0.1227909811090798,
            149.1818181818182
        ],
        [
            0.05642023346303491,
            0.7883435582822083,
            9.314285714285717
        ],
        [
            0.060931899641577116,
            0.11346998535871165,
            65.04761904761905
        ],
        [
            0.07860177674777898,
            0.33256262042389206,
            29.827586206896555
        ],
        [
            0.0971773324714501,
            0.270549143057013,
            41.737226277372265
        ],
        [
            0.057740112994350244,
            0.09477607145151955,
            71.38990825688073
        ],
        [
            0.05884033133390457,
            0.08697272320763148,
            78.46783625730994
        ],
        [
            0.1107723577235772,
            0.1357241379310344,
            125.0
        ]
    ]
}