{
    "rgb_colors": [
        [
            237.0,
            231.0,
            214.0
        ],
        [
            238.0,
            232.0,
            215.0
        ],
        [
            241.57142857142858,
            235.57142857142858,
            218.57142857142858
        ],
        [
            235.0,
            229.0,
            212.0
        ],
        [
            234.0,
            228.0,
            211.0
        ],
        [
            236.0,
            230.0,
            213.0
        ],
        [
            239.0,
            233.0,
            216.0
        ],
        [
            230.42592592592592,
            224.42592592592592,
            207.42592592592592
        ],
        [
            232.6,
            226.6,
            209.6
        ],
        [
            240.0,
            234.0,
            217.0
        ]
    ],
    "hex_colors": [
        "#ede7d6",
        "#eee8d7",
        "#f1ebda",
        "#ebe5d4",
        "#eae4d3",
        "#ece6d5",
        "#efe9d8",
        "#e6e0cf",
        "#e8e2d1",
        "#f0ead9"
    ],
    "hsl_color_values": [
        [
            0.12318840579710144,
            0.0970464135021097,
            237.0
        ],
        [
            0.12318840579710144,
            0.09663865546218488,
            238.0
        ],
        [
            0.12318840579710144,
            0.09520993494973388,
            241.57142857142858
        ],
        [
            0.12318840579710144,
            0.09787234042553192,
            235.0
        ],
        [
            0.12318840579710144,
            0.09829059829059829,
            234.0
        ],
        [
            0.12318840579710144,
            0.09745762711864407,
            236.0
        ],
        [
            0.12318840579710144,
            0.09623430962343096,
            239.0
        ],
        [
            0.12318840579710144,
            0.09981515711645102,
            230.42592592592592
        ],
        [
            0.12318840579710144,
            0.09888220120378333,
            232.6
        ],
        [
            0.12318840579710144,
            0.09583333333333334,
            240.0
        ]
    ]
}