{
    "rgb_colors": [
        [
            175.61904761904762,
            165.65986394557822,
            151.4421768707483
        ],
        [
            124.54237288135593,
            117.05084745762711,
            107.11864406779661
        ],
        [
            74.8529411764706,
            65.61764705882354,
            56.67647058823529
        ],
        [
            184.18796992481202,
            174.0300751879699,
            159.51127819548873
        ],
        [
            24.764705882352942,
            13.955882352941174,
            6.102941176470594
        ],
        [
            157.2568093385214,
            147.37354085603113,
            133.68482490272373
        ],
        [
            102.45454545454545,
            94.61363636363636,
            86.31818181818181
        ],
        [
            51.621621621621614,
            40.97297297297297,
            31.675675675675677
        ],
        [
            141.23611111111111,
            132.375,
            120.16666666666667
        ],
        [
            165.89017341040463,
            155.76878612716763,
            142.0
        ]
    ],
    "hex_colors": [
        "#afa597",
        "#7c756b",
        "#4a4138",
        "#b8ae9f",
        "#180d06",
        "#9d9385",
        "#665e56",
        "#33281f",
        "#8d8478",
        "#a59b8e"
    ],
    "hsl_color_values": [
        [
            0.09801163008816348,
            0.13766656337155245,
            175.61904761904762
        ],
        [
            0.09500648508430605,
            0.13990201415351117,
            124.54237288135593
        ],
        [
            0.08198489751887816,
            0.24282907662082526,
            74.8529411764706
        ],
        [
            0.09806012593946774,
            0.13397558884761393,
            184.18796992481202
        ],
        [
            0.07013396375098498,
            0.7535629453681708,
            24.764705882352942
        ],
        [
            0.09678661824584568,
            0.1498948410243722,
            157.2568093385214
        ],
        [
            0.08568075117370892,
            0.15749778172138423,
            102.45454545454545
        ],
        [
            0.07768744354110206,
            0.3863874345549737,
            51.621621621621614
        ],
        [
            0.09657218193803556,
            0.14917887697905396,
            141.23611111111111
        ],
        [
            0.09605613355915799,
            0.1440119864803652,
            165.89017341040463
        ]
    ]
}