{
    "rgb_colors": [
        [
            197.66666666666666,
            182.5,
            163.09444444444443
        ],
        [
            213.77272727272728,
            197.5,
            181.13636363636363
        ],
        [
            37.33333333333334,
            12.666666666666686,
            2.6666666666666856
        ],
        [
            188.76470588235293,
            173.61764705882354,
            153.7549019607843
        ],
        [
            90.0,
            66.0,
            47.0
        ],
        [
            248.53846153846155,
            228.84615384615384,
            211.46153846153845
        ],
        [
            202.6910569105691,
            187.6829268292683,
            168.8861788617886
        ],
        [
            193.1321243523316,
            178.04663212435233,
            158.34455958549222
        ],
        [
            143.0,
            119.0,
            100.0
        ],
        [
            234.0,
            215.41666666666666,
            198.5
        ]
    ],
    "hex_colors": [
        "#c5b6a3",
        "#d5c5b5",
        "#250c02",
        "#bcad99",
        "#5a422f",
        "#f8e4d3",
        "#cabba8",
        "#c1b29e",
        "#8f7764",
        "#ead7c6"
    ],
    "hsl_color_values": [
        [
            0.09355080614923139,
            0.17490163012928614,
            197.66666666666666
        ],
        [
            0.08356545961002786,
            0.15266850946204558,
            213.77272727272728
        ],
        [
            0.048076923076923093,
            0.928571428571428,
            37.33333333333334
        ],
        [
            0.09455801362830214,
            0.18546795471070943,
            188.76470588235293
        ],
        [
            0.07364341085271318,
            0.4777777777777778,
            90.0
        ],
        [
            0.07814661134163207,
            0.14917982048901277,
            248.53846153846155
        ],
        [
            0.09267275933942605,
            0.1667803136657174,
            202.6910569105691
        ],
        [
            0.09439231456657732,
            0.18012314048478184,
            193.1321243523316
        ],
        [
            0.07364341085271318,
            0.3006993006993007,
            143.0
        ],
        [
            0.07942097026604066,
            0.1517094017094017,
            234.0
        ]
    ]
}