{
    "rgb_colors": [
        [
            237.19298245614036,
            234.32456140350877,
            225.30701754385964
        ],
        [
            205.6984126984127,
            201.17142857142858,
            188.73650793650793
        ],
        [
            126.72413793103448,
            123.10344827586206,
            113.48275862068965
        ],
        [
            151.4,
            146.75,
            136.75
        ],
        [
            70.25,
            68.375,
            71.25
        ],
        [
            181.06666666666666,
            176.04444444444445,
            164.5222222222222
        ],
        [
            105.85714285714286,
            102.57142857142857,
            97.71428571428572
        ],
        [
            3.826666666666654,
            2.280000000000001,
            7.786666666666662
        ],
        [
            216.5847750865052,
            212.0242214532872,
            200.11418685121106
        ],
        [
            20.014285714285705,
            20.55714285714285,
            30.14285714285714
        ]
    ],
    "hex_colors": [
        "#edeae1",
        "#cdc9bc",
        "#7e7b71",
        "#979288",
        "#464447",
        "#b5b0a4",
        "#696661",
        "#030207",
        "#d8d4c8",
        "#14141e"
    ],
    "hsl_color_values": [
        [
            0.12644526445264442,
            0.05011094674556218,
            237.19298245614036
        ],
        [
            0.12218479006800172,
            0.08246006636314537,
            205.6984126984127
        ],
        [
            0.12109375,
            0.10448979591836734,
            126.72413793103448
        ],
        [
            0.11376564277588164,
            0.09676354029062091,
            151.4
        ],
        [
            0.7753623188405797,
            0.04035087719298246,
            71.25
        ],
        [
            0.11607342735616759,
            0.09137211585665198,
            181.06666666666666
        ],
        [
            0.0994152046783624,
            0.07692307692307689,
            105.85714285714286
        ],
        [
            0.7134786117836961,
            0.7071917808219175,
            7.786666666666662
        ],
        [
            0.12051820728291311,
            0.07604684229865971,
            216.5847750865052
        ],
        [
            0.6577338975082275,
            0.33601895734597176,
            30.14285714285714
        ]
    ]
}