{
    "rgb_colors": [
        [
            217.92857142857142,
            217.85714285714286,
            210.85714285714286
        ],
        [
            200.9,
            200.5,
            193.8
        ],
        [
            47.75743707093822,
            45.76201372997711,
            41.74599542334096
        ],
        [
            12.799999999999997,
            10.933333333333337,
            7.600000000000001
        ],
        [
            31.483870967741936,
            29.935483870967744,
            25.70967741935484
        ],
        [
            160.1111111111111,
            158.55555555555554,
            154.44444444444446
        ],
        [
            99.25,
            98.0,
            93.75
        ],
        [
            43.175,
            41.175,
            37.147222222222226
        ],
        [
            53.020833333333336,
            51.083333333333336,
            47.03125
        ],
        [
            238.0769230769231,
            238.6153846153846,
            231.46153846153848
        ]
    ],
    "hex_colors": [
        "#d9d9d2",
        "#c8c8c1",
        "#2f2d29",
        "#0c0a07",
        "#1f1d19",
        "#a09e9a",
        "#63625d",
        "#2b2925",
        "#35332f",
        "#eeeee7"
    ],
    "hsl_color_values": [
        [
            0.16498316498316537,
            0.032448377581120874,
            217.92857142857142
        ],
        [
            0.15727699530516417,
            0.035340965654554475,
            200.9
        ],
        [
            0.11134373810430138,
            0.12587446094873034,
            47.75743707093822
        ],
        [
            0.10683760683760701,
            0.4062499999999998,
            12.799999999999997
        ],
        [
            0.12197392923649912,
            0.18340163934426226,
            31.483870967741936
        ],
        [
            0.12091503267973863,
            0.0353920888272031,
            160.1111111111111
        ],
        [
            0.12878787878787878,
            0.055415617128463476,
            99.25
        ],
        [
            0.11136712749615969,
            0.1396126873833879,
            43.175
        ],
        [
            0.11275362318840582,
            0.11296660117878196,
            53.020833333333336
        ],
        [
            0.17921146953404973,
            0.029980657640232018,
            238.6153846153846
        ]
    ]
}