{
    "rgb_colors": [
        [
            86.5,
            55.5,
            18.5
        ],
        [
            122.25777777777778,
            92.2,
            53.715555555555554
        ],
        [
            113.12751677852349,
            83.13422818791946,
            44.77181208053691
        ],
        [
            117.80544747081711,
            87.75097276264592,
            49.494163424124515
        ],
        [
            133.7037037037037,
            103.96296296296296,
            66.33333333333333
        ],
        [
            107.47058823529412,
            78.16470588235293,
            40.16470588235294
        ],
        [
            130.25882352941176,
            99.82352941176471,
            61.77647058823529
        ],
        [
            100.23076923076923,
            70.38461538461539,
            32.76923076923077
        ],
        [
            139.66666666666666,
            110.16666666666666,
            72.41666666666666
        ],
        [
            125.82692307692308,
            96.03846153846153,
            57.756410256410255
        ]
    ],
    "hex_colors": [
        "#563712",
        "#7a5c35",
        "#71532c",
        "#755731",
        "#856742",
        "#6b4e28",
        "#82633d",
        "#644620",
        "#8b6e48",
        "#7d6039"
    ],
    "hsl_color_values": [
        [
            0.09068627450980393,
            0.7861271676300579,
            86.5
        ],
        [
            0.0935784377296503,
            0.5606369056274538,
            122.25777777777778
        ],
        [
            0.0935362461135657,
            0.604235880398671,
            113.12751677852349
        ],
        [
            0.09333940912888283,
            0.5798652397938961,
            117.80544747081711
        ],
        [
            0.09309144218435039,
            0.5038781163434903,
            133.7037037037037
        ],
        [
            0.09409776845539823,
            0.626272577996716,
            107.47058823529412
        ],
        [
            0.09259577392200653,
            0.5257406069364161,
            130.25882352941176
        ],
        [
            0.09293044469783353,
            0.6730621642363775,
            100.23076923076923
        ],
        [
            0.09355638166047087,
            0.48150357995226734,
            139.66666666666666
        ],
        [
            0.09373136202404493,
            0.5409852768862398,
            125.82692307692308
        ]
    ]
}