{
    "rgb_colors": [
        [
            60.0,
            47.38028169014085,
            32.816901408450704
        ],
        [
            45.48314606741573,
            32.61797752808989,
            18.382022471910112
        ],
        [
            42.2485549132948,
            29.410404624277458,
            15.578034682080926
        ],
        [
            48.36585365853659,
            35.46341463414634,
            20.75609756097561
        ],
        [
            34.86086956521739,
            21.96521739130435,
            8.321739130434782
        ],
        [
            31.7,
            18.7,
            4.166666666666666
        ],
        [
            54.71969696969697,
            41.90909090909091,
            27.174242424242422
        ],
        [
            39.75,
            27.026315789473685,
            13.302631578947368
        ],
        [
            50.963855421686745,
            38.06024096385542,
            23.10843373493976
        ],
        [
            37.61594202898551,
            24.833333333333332,
            10.934782608695652
        ]
    ],
    "hex_colors": [
        "#3c2f20",
        "#2d2012",
        "#2a1d0f",
        "#302314",
        "#221508",
        "#1f1204",
        "#36291b",
        "#271b0d",
        "#322617",
        "#25180a"
    ],
    "hsl_color_values": [
        [
            0.08929188255613128,
            0.45305164319248825,
            60.0
        ],
        [
            0.08754836926478719,
            0.5958498023715415,
            45.48314606741573
        ],
        [
            0.08643982083513944,
            0.6312765084142837,
            42.2485549132948
        ],
        [
            0.08878091872791516,
            0.5708522440746344,
            48.36585365853659
        ],
        [
            0.08568152031454786,
            0.7612871040159641,
            34.86086956521739
        ],
        [
            0.08797417271993542,
            0.8685594111461619,
            31.7
        ],
        [
            0.08915474880821415,
            0.5033919424062024,
            54.71969696969697
        ],
        [
            0.08648424543946931,
            0.6653426017874875,
            39.75
        ],
        [
            0.0894607843137255,
            0.5465721040189125,
            50.963855421686745
        ],
        [
            0.0868187579214195,
            0.7093045655942978,
            37.61594202898551
        ]
    ]
}