{
    "rgb_colors": [
        [
            158.85714285714286,
            128.21428571428572,
            90.8452380952381
        ],
        [
            81.23121387283237,
            59.052023121387286,
            39.236994219653184
        ],
        [
            146.13768115942028,
            114.59420289855072,
            81.21014492753623
        ],
        [
            186.56198347107437,
            159.89256198347107,
            119.55371900826447
        ],
        [
            68.68055555555556,
            44.26388888888889,
            23.763888888888893
        ],
        [
            128.7246376811594,
            99.55072463768116,
            69.71014492753623
        ],
        [
            52.69444444444444,
            25.7638888888889,
            2.305555555555557
        ],
        [
            172.84297520661158,
            145.82644628099175,
            106.58677685950414
        ],
        [
            104.67857142857143,
            77.96428571428572,
            53.48214285714286
        ],
        [
            222.58695652173913,
            188.32608695652175,
            137.7173913043478
        ]
    ],
    "hex_colors": [
        "#9e805a",
        "#513b27",
        "#927251",
        "#ba9f77",
        "#442c17",
        "#806345",
        "#341902",
        "#ac916a",
        "#684d35",
        "#debc89"
    ],
    "hsl_color_values": [
        [
            0.09157477099013944,
            0.42813249400479614,
            158.85714285714286
        ],
        [
            0.07864189034182152,
            0.5169714651675799,
            81.23121387283237
        ],
        [
            0.08569568452380953,
            0.44429017702186735,
            146.13768115942028
        ],
        [
            0.1003330044400592,
            0.3591742712855497,
            186.56198347107437
        ],
        [
            0.07606679035250465,
            0.6539939332659251,
            68.68055555555556
        ],
        [
            0.08427472167648986,
            0.4584553028597162,
            128.7246376811594
        ],
        [
            0.07759095920617425,
            0.9562467053241961,
            52.69444444444444
        ],
        [
            0.09870691447341066,
            0.38333173950463806,
            172.84297520661158
        ],
        [
            0.07970003487966516,
            0.48908222449675876,
            104.67857142857143
        ],
        [
            0.09938524590163937,
            0.381287235081551,
            222.58695652173913
        ]
    ]
}