{
    "rgb_colors": [
        [
            226.42342342342343,
            215.57657657657657,
            196.57657657657657
        ],
        [
            230.02564102564102,
            218.96153846153845,
            199.96153846153845
        ],
        [
            224.10526315789474,
            214.10526315789474,
            195.10526315789474
        ],
        [
            225.4313725490196,
            213.4313725490196,
            194.4313725490196
        ],
        [
            227.92349726775956,
            216.9945355191257,
            197.9945355191257
        ],
        [
            219.9318181818182,
            208.70454545454547,
            189.70454545454547
        ],
        [
            234.9375,
            223.9375,
            204.9375
        ],
        [
            222.56363636363636,
            211.3272727272727,
            192.3272727272727
        ],
        [
            232.98305084745763,
            221.89830508474577,
            202.89830508474577
        ],
        [
            231.47272727272727,
            220.52727272727273,
            201.52727272727273
        ]
    ],
    "hex_colors": [
        "#e2d7c4",
        "#e6dac7",
        "#e0d6c3",
        "#e1d5c2",
        "#e3d8c5",
        "#dbd0bd",
        "#eadfcc",
        "#ded3c0",
        "#e8ddca",
        "#e7dcc9"
    ],
    "hsl_color_values": [
        [
            0.1060971928765469,
            0.13181872438626513,
            226.42342342342343
        ],
        [
            0.10533049040511726,
            0.1306989187381563,
            230.02564102564102
        ],
        [
            0.10919540229885057,
            0.12940347581023956,
            224.10526315789474
        ],
        [
            0.10215053763440861,
            0.13751413412194485,
            225.4313725490196
        ],
        [
            0.10580609822895752,
            0.13131143610644924,
            227.92349726775956
        ],
        [
            0.10476190476190479,
            0.13743928903585817,
            219.9318181818182
        ],
        [
            0.10555555555555556,
            0.12769353551476456,
            234.9375
        ],
        [
            0.10473040689516933,
            0.13585491381423093,
            222.56363636363636
        ],
        [
            0.10525821596244134,
            0.1291284737378146,
            232.98305084745763
        ],
        [
            0.10574782432705931,
            0.12936925614641423,
            231.47272727272727
        ]
    ]
}