{
    "rgb_colors": [
        [
            22.017241379310345,
            17.879310344827587,
            15.0
        ],
        [
            81.875,
            73.875,
            67.375
        ],
        [
            1.155263157894737,
            0.07368421052631646,
            0.07368421052631646
        ],
        [
            57.85,
            51.875,
            45.300000000000004
        ],
        [
            49.83561643835616,
            43.56164383561644,
            37.10958904109589
        ],
        [
            11.35897435897436,
            8.192307692307693,
            5.8589743589743595
        ],
        [
            41.732142857142854,
            35.71428571428571,
            30.58928571428571
        ],
        [
            5.346534653465346,
            0.8316831683168324,
            0.9257425742574252
        ],
        [
            30.666666666666664,
            25.128205128205128,
            20.94871794871795
        ],
        [
            16.733333333333334,
            13.6,
            11.366666666666667
        ]
    ],
    "hex_colors": [
        "#16110f",
        "#514943",
        "#010000",
        "#39332d",
        "#312b25",
        "#0b0805",
        "#29231e",
        "#050000",
        "#1e1914",
        "#100d0b"
    ],
    "hsl_color_values": [
        [
            0.06838656838656841,
            0.3187157400156617,
            22.017241379310345
        ],
        [
            0.07471264367816093,
            0.17709923664122137,
            81.875
        ],
        [
            0.0,
            0.9362186788154891,
            1.155263157894737
        ],
        [
            0.08731739707835322,
            0.2169403630077787,
            57.85
        ],
        [
            0.08449946178686762,
            0.2553600879604178,
            49.83561643835616
        ],
        [
            0.07070707070707072,
            0.4841986455981941,
            11.35897435897436
        ],
        [
            0.07665598290598286,
            0.26700898587933247,
            41.732142857142854
        ],
        [
            0.9965277777777778,
            0.8444444444444443,
            5.346534653465346
        ],
        [
            0.07167985927880388,
            0.31688963210702337,
            30.666666666666664
        ],
        [
            0.0693581780538302,
            0.3207171314741036,
            16.733333333333334
        ]
    ]
}