{
    "rgb_colors": [
        [
            240.0,
            234.0,
            219.0
        ],
        [
            246.70833333333334,
            240.70833333333334,
            225.70833333333334
        ],
        [
            238.0,
            232.0,
            217.0
        ],
        [
            235.56617647058823,
            229.56617647058823,
            214.56617647058823
        ],
        [
            243.77777777777777,
            237.77777777777777,
            222.77777777777777
        ],
        [
            239.0,
            233.0,
            218.0
        ],
        [
            241.42702702702704,
            235.42702702702704,
            220.42702702702704
        ],
        [
            231.43333333333334,
            225.43333333333334,
            210.43333333333334
        ],
        [
            237.0,
            231.0,
            216.0
        ],
        [
            233.6043165467626,
            227.6043165467626,
            212.6043165467626
        ]
    ],
    "hex_colors": [
        "#f0eadb",
        "#f6f0e1",
        "#eee8d9",
        "#ebe5d6",
        "#f3edde",
        "#efe9da",
        "#f1ebdc",
        "#e7e1d2",
        "#ede7d8",
        "#e9e3d4"
    ],
    "hsl_color_values": [
        [
            0.11904761904761905,
            0.0875,
            240.0
        ],
        [
            0.11904761904761905,
            0.08512075662894782,
            246.70833333333334
        ],
        [
            0.11904761904761905,
            0.08823529411764706,
            238.0
        ],
        [
            0.11904761904761905,
            0.08914692386927615,
            235.56617647058823
        ],
        [
            0.11904761904761905,
            0.0861440291704649,
            243.77777777777777
        ],
        [
            0.11904761904761905,
            0.08786610878661087,
            239.0
        ],
        [
            0.11904761904761905,
            0.08698280494357871,
            241.42702702702704
        ],
        [
            0.11904761904761905,
            0.09073887368572663,
            231.43333333333334
        ],
        [
            0.11904761904761905,
            0.08860759493670886,
            237.0
        ],
        [
            0.11904761904761905,
            0.08989559915001077,
            233.6043165467626
        ]
    ]
}