{
    "rgb_colors": [
        [
            104.64835164835165,
            75.15750915750915,
            44.95970695970696
        ],
        [
            99.84210526315789,
            70.4093567251462,
            39.90643274853801
        ],
        [
            117.86075949367088,
            88.89873417721519,
            59.36708860759494
        ],
        [
            127.76666666666667,
            99.03333333333333,
            70.4
        ],
        [
            77.87931034482759,
            50.44827586206897,
            22.086206896551726
        ],
        [
            154.38888888888889,
            139.27777777777777,
            126.0
        ],
        [
            130.89473684210526,
            113.21052631578948,
            98.47368421052632
        ],
        [
            109.86915887850468,
            80.07476635514018,
            49.42056074766355
        ],
        [
            88.28378378378378,
            65.91891891891892,
            42.986486486486484
        ],
        [
            93.04285714285714,
            63.9,
            33.214285714285715
        ]
    ],
    "hex_colors": [
        "#684b2c",
        "#634627",
        "#75583b",
        "#7f6346",
        "#4d3216",
        "#9a8b7e",
        "#827162",
        "#6d5031",
        "#58412a",
        "#5d3f21"
    ],
    "hsl_color_values": [
        [
            0.0843203436637005,
            0.5703734817459484,
            104.64835164835165
        ],
        [
            0.08482128337724006,
            0.6003045744743162,
            99.84210526315789
        ],
        [
            0.08414484599293082,
            0.4962947051874127,
            117.86075949367088
        ],
        [
            0.08318806895215958,
            0.4489955648317244,
            127.76666666666667
        ],
        [
            0.08472393901936548,
            0.7164046933805622,
            77.87931034482759
        ],
        [
            0.07795172863666011,
            0.18387909319899243,
            154.38888888888889
        ],
        [
            0.0757575757575758,
            0.24768797748291113,
            130.89473684210526
        ],
        [
            0.08451865594722736,
            0.550187138482477,
            109.86915887850468
        ],
        [
            0.08437748607796343,
            0.5130874024184907,
            88.28378378378378
        ],
        [
            0.08548233046800381,
            0.643021649009673,
            93.04285714285714
        ]
    ]
}