{
    "rgb_colors": [
        [
            6.8125,
            5.5625,
            27.78125
        ],
        [
            119.32748538011695,
            81.07602339181287,
            43.18713450292398
        ],
        [
            81.88,
            45.04,
            16.166666666666664
        ],
        [
            60.470588235294116,
            60.470588235294116,
            83.11764705882354
        ],
        [
            237.52380952380952,
            206.66666666666666,
            183.16666666666666
        ],
        [
            102.18181818181819,
            63.25296442687747,
            24.652173913043484
        ],
        [
            253.26363636363635,
            246.71818181818182,
            239.5909090909091
        ],
        [
            47.72033898305085,
            11.169491525423723,
            1.6694915254237301
        ],
        [
            147.21621621621622,
            112.75675675675676,
            92.48648648648648
        ],
        [
            200.11111111111111,
            160.46666666666667,
            133.33333333333334
        ]
    ],
    "hex_colors": [
        "#06051b",
        "#77512b",
        "#512d10",
        "#3c3c53",
        "#edceb7",
        "#663f18",
        "#fdf6ef",
        "#2f0b01",
        "#93705c",
        "#c8a085"
    ],
    "hsl_color_values": [
        [
            0.6760431317393344,
            0.7997750281214848,
            27.78125
        ],
        [
            0.08293650793650793,
            0.6380789022298455,
            119.32748538011695
        ],
        [
            0.07323052991106153,
            0.8025565868751019,
            81.88
        ],
        [
            0.6666666666666666,
            0.2724699221514509,
            83.11764705882354
        ],
        [
            0.07205431449846693,
            0.2288492381716119,
            237.52380952380952
        ],
        [
            0.08298071204010533,
            0.7587420702460157,
            102.18181818181819
        ],
        [
            0.08687943262411353,
            0.053986144513442635,
            253.26363636363635
        ],
        [
            0.034382284382284356,
            0.9650150950097673,
            47.72033898305085
        ],
        [
            0.06172839506172839,
            0.3717642739122453,
            147.21621621621622
        ],
        [
            0.067720465890183,
            0.3337034980566352,
            200.11111111111111
        ]
    ]
}