{
    "rgb_colors": [
        [
            123.45294117647059,
            96.39411764705882,
            62.35294117647059
        ],
        [
            106.47727272727272,
            78.25,
            44.75
        ],
        [
            114.24793388429752,
            86.85950413223141,
            53.03719008264463
        ],
        [
            96.33333333333334,
            68.58333333333334,
            34.833333333333336
        ],
        [
            101.94444444444444,
            73.61111111111111,
            40.2037037037037
        ],
        [
            88.92592592592592,
            61.925925925925924,
            27.925925925925927
        ],
        [
            110.04379562043796,
            82.27737226277372,
            48.62043795620438
        ],
        [
            130.31578947368422,
            103.36842105263158,
            69.30263157894737
        ],
        [
            118.38172043010752,
            91.16129032258064,
            57.182795698924735
        ],
        [
            81.35,
            54.35,
            20.35
        ]
    ],
    "hex_colors": [
        "#7b603e",
        "#6a4e2c",
        "#725635",
        "#604422",
        "#654928",
        "#583d1b",
        "#6e5230",
        "#826745",
        "#765b39",
        "#513614"
    ],
    "hsl_color_values": [
        [
            0.09285645518436507,
            0.4949254300281127,
            123.45294117647059
        ],
        [
            0.09045164457535593,
            0.5797225186766275,
            106.47727272727272
        ],
        [
            0.09209253133508855,
            0.5357711226851852,
            114.24793388429752
        ],
        [
            0.09146341463414635,
            0.6384083044982699,
            96.33333333333334
        ],
        [
            0.09018196360727855,
            0.6056312443233425,
            101.94444444444444
        ],
        [
            0.09289617486338797,
            0.6859641815910038,
            88.92592592592592
        ],
        [
            0.09132501485442662,
            0.5581719288936058,
            110.04379562043796
        ],
        [
            0.09305585507871465,
            0.46819466882067856,
            130.31578947368422
        ],
        [
            0.09253565258133473,
            0.5169626231890639,
            118.38172043010752
        ],
        [
            0.09289617486338798,
            0.7498463429625076,
            81.35
        ]
    ]
}