{
    "rgb_colors": [
        [
            82.86813186813185,
            41.450549450549445,
            45.19780219780219
        ],
        [
            149.3486842105263,
            142.30921052631578,
            136.375
        ],
        [
            105.14285714285714,
            97.28571428571429,
            92.18367346938776
        ],
        [
            178.89147286821705,
            171.7984496124031,
            164.72868217054264
        ],
        [
            163.89017341040463,
            157.28323699421964,
            150.4450867052023
        ],
        [
            31.969230769230762,
            6.584615384615375,
            5.0
        ],
        [
            87.31578947368422,
            78.23684210526315,
            72.73684210526315
        ],
        [
            119.50537634408602,
            113.02150537634408,
            107.65591397849462
        ],
        [
            63.47826086956522,
            24.39130434782608,
            27.33333333333333
        ],
        [
            134.94827586206895,
            128.06034482758622,
            122.33620689655173
        ]
    ],
    "hex_colors": [
        "#52292d",
        "#958e88",
        "#69615c",
        "#b2aba4",
        "#a39d96",
        "#1f0605",
        "#574e48",
        "#77716b",
        "#3f181b",
        "#86807a"
    ],
    "hsl_color_values": [
        [
            0.9849208454939418,
            0.4998010873889404,
            82.86813186813185
        ],
        [
            0.07623394185260308,
            0.08686841989339668,
            149.3486842105263
        ],
        [
            0.06561679790026255,
            0.12325310559006207,
            105.14285714285714
        ],
        [
            0.0831964969896003,
            0.07916973610087961,
            178.89147286821705
        ],
        [
            0.08476640871309814,
            0.08203717419673413,
            163.89017341040463
        ],
        [
            0.009792736261646654,
            0.8435996150144369,
            31.969230769230762
        ],
        [
            0.06287605294825505,
            0.16696805304400258,
            87.31578947368422
        ],
        [
            0.07546884452510583,
            0.09915421990282522,
            119.50537634408602
        ],
        [
            0.9874551971326164,
            0.6157534246575344,
            63.47826086956522
        ],
        [
            0.07564365459102322,
            0.0934585409480004,
            134.94827586206895
        ]
    ]
}