{
    "rgb_colors": [
        [
            84.05882352941177,
            48.17647058823529,
            7.03921568627451
        ],
        [
            115.7017543859649,
            77.86549707602339,
            26.46783625730994
        ],
        [
            47.878787878787875,
            38.86363636363636,
            2.803030303030301
        ],
        [
            31.660714285714292,
            13.642857142857146,
            2.125
        ],
        [
            134.39506172839506,
            107.8641975308642,
            62.28395061728395
        ],
        [
            126.85,
            90.56875,
            43.19375
        ],
        [
            106.3170731707317,
            89.3170731707317,
            45.02439024390244
        ],
        [
            84.56666666666666,
            76.80833333333334,
            27.483333333333334
        ],
        [
            14.287356321839084,
            1.367816091954026,
            0.8045977011494259
        ],
        [
            65.49333333333334,
            67.02,
            11.373333333333333
        ]
    ],
    "hex_colors": [
        "#543007",
        "#734d1a",
        "#2f2602",
        "#1f0d02",
        "#866b3e",
        "#7e5a2b",
        "#6a592d",
        "#544c1b",
        "#0e0100",
        "#41430b"
    ],
    "hsl_color_values": [
        [
            0.08901900882552612,
            0.9162584557965945,
            84.05882352941177
        ],
        [
            0.09599799025711601,
            0.7712408390194592,
            115.7017543859649
        ],
        [
            0.13333333333333333,
            0.9414556962025318,
            47.878787878787875
        ],
        [
            0.06499395405078597,
            0.9328821206993796,
            31.660714285714292
        ],
        [
            0.10534725788963079,
            0.5365607201910711,
            134.39506172839506
        ],
        [
            0.09438426098866891,
            0.6594895545920378,
            126.85
        ],
        [
            0.12044037670778618,
            0.576508373480156,
            106.3170731707317
        ],
        [
            0.144014598540146,
            0.6750098541584548,
            84.56666666666666
        ],
        [
            0.006962205171923863,
            0.9436846339501207,
            14.287356321839084
        ],
        [
            0.1712391677648656,
            0.8302994131105143,
            67.02
        ]
    ]
}