{
    "rgb_colors": [
        [
            246.59230769230768,
            241.41538461538462,
            228.46153846153845
        ],
        [
            251.08333333333334,
            245.81666666666666,
            232.68333333333334
        ],
        [
            255.0,
            252.36363636363637,
            237.8181818181818
        ],
        [
            242.62337662337663,
            237.44155844155844,
            224.4935064935065
        ],
        [
            245.1044776119403,
            239.98507462686567,
            226.97014925373134
        ],
        [
            248.44329896907217,
            243.28865979381445,
            230.31958762886597
        ],
        [
            235.26415094339623,
            230.0,
            217.1320754716981
        ],
        [
            240.59868421052633,
            235.4078947368421,
            222.4671052631579
        ],
        [
            238.24257425742573,
            233.0148514851485,
            220.12376237623764
        ],
        [
            244.1530612244898,
            238.8469387755102,
            225.9591836734694
        ]
    ],
    "hex_colors": [
        "#f6f1e4",
        "#fbf5e8",
        "#fffced",
        "#f2ede0",
        "#f5efe2",
        "#f8f3e6",
        "#ebe6d9",
        "#f0ebde",
        "#eee9dc",
        "#f4eee1"
    ],
    "hsl_color_values": [
        [
            0.11907792391458083,
            0.07352528308949684,
            246.59230769230768
        ],
        [
            0.11896135265700473,
            0.07328244274809162,
            251.08333333333334
        ],
        [
            0.14109347442680786,
            0.06737967914438504,
            255.0
        ],
        [
            0.11903056351480419,
            0.07472433358312819,
            242.62337662337663
        ],
        [
            0.1196159122085048,
            0.0739861161856047,
            245.1044776119403
        ],
        [
            0.11926431551004939,
            0.07294908502427491,
            248.44329896907217
        ],
        [
            0.11827956989247312,
            0.07707113641831749,
            235.26415094339623
        ],
        [
            0.11895258829221089,
            0.075360258128025,
            240.59868421052633
        ],
        [
            0.11857923497267762,
            0.07605194805194795,
            238.24257425742573
        ],
        [
            0.11805945036455419,
            0.07451832657667064,
            244.1530612244898
        ]
    ]
}