{
    "rgb_colors": [
        [
            205.28125,
            169.1875,
            119.40625
        ],
        [
            117.19696969696969,
            102.83333333333333,
            91.83333333333333
        ],
        [
            139.8095238095238,
            122.80952380952381,
            108.85714285714286
        ],
        [
            214.90526315789475,
            177.8842105263158,
            129.2421052631579
        ],
        [
            192.36521739130436,
            159.1391304347826,
            111.42608695652174
        ],
        [
            128.33962264150944,
            102.65566037735849,
            77.04716981132076
        ],
        [
            96.16666666666667,
            70.33333333333334,
            42.583333333333336
        ],
        [
            113.43055555555556,
            89.63888888888889,
            66.19444444444444
        ],
        [
            137.0042735042735,
            111.7991452991453,
            86.23931623931624
        ],
        [
            170.89583333333334,
            141.35416666666666,
            103.08333333333333
        ]
    ],
    "hex_colors": [
        "#cda977",
        "#75665b",
        "#8b7a6c",
        "#d6b181",
        "#c09f6f",
        "#80664d",
        "#60462a",
        "#715942",
        "#896f56",
        "#aa8d67"
    ],
    "hsl_color_values": [
        [
            0.09661572052401746,
            0.41832851271121935,
            205.28125
        ],
        [
            0.07228195937873359,
            0.21641887524240463,
            117.19696969696969
        ],
        [
            0.07512820512820516,
            0.22138964577656664,
            139.8095238095238
        ],
        [
            0.09463832227410503,
            0.398608934169279,
            214.90526315789475
        ],
        [
            0.09824881822088523,
            0.4207576168520025,
            192.36521739130436
        ],
        [
            0.0832107166942554,
            0.3996618641576007,
            128.33962264150944
        ],
        [
            0.08631415241057545,
            0.5571923743500866,
            96.16666666666667
        ],
        [
            0.08272076840145054,
            0.4164319823680666,
            113.43055555555556
        ],
        [
            0.08391559334399641,
            0.3705355750335319,
            137.0042735042735
        ],
        [
            0.09406041986687146,
            0.39680604656832874,
            170.89583333333334
        ]
    ]
}