{
    "rgb_colors": [
        [
            90.47019867549669,
            60.496688741721854,
            30.7682119205298
        ],
        [
            91.22689075630252,
            62.0672268907563,
            33.563025210084035
        ],
        [
            94.47904191616766,
            64.83233532934132,
            36.08383233532934
        ],
        [
            83.60975609756098,
            53.54471544715447,
            24.040650406504064
        ],
        [
            75.95,
            45.1,
            15.799999999999999
        ],
        [
            84.18478260869566,
            56.15217391304348,
            28.16304347826087
        ],
        [
            80.36585365853658,
            50.47560975609756,
            21.23170731707317
        ],
        [
            87.60215053763442,
            58.39784946236559,
            29.688172043010752
        ],
        [
            87.00854700854701,
            56.51282051282051,
            26.52136752136752
        ],
        [
            99.55,
            69.41666666666667,
            40.766666666666666
        ]
    ],
    "hex_colors": [
        "#5a3c1e",
        "#5b3e21",
        "#5e4024",
        "#533518",
        "#4b2d0f",
        "#54381c",
        "#503215",
        "#573a1d",
        "#57381a",
        "#634528"
    ],
    "hsl_color_values": [
        [
            0.0829913107783324,
            0.6599077666349462,
            90.47019867549669
        ],
        [
            0.0823860876323715,
            0.6320928518791452,
            91.22689075630252
        ],
        [
            0.08205154498222589,
            0.6180758017492711,
            94.47904191616766
        ],
        [
            0.08254856466948729,
            0.7124659665499806,
            83.60975609756098
        ],
        [
            0.08118592407869217,
            0.7919684002633312,
            75.95
        ],
        [
            0.08326865864700554,
            0.6654615881213686,
            84.18478260869566
        ],
        [
            0.08242249261016017,
            0.7358118361153262,
            80.36585365853658
        ],
        [
            0.08262161158559227,
            0.6611022462256045,
            87.60215053763442
        ],
        [
            0.0826385945080307,
            0.6951866404715128,
            87.00854700854701
        ],
        [
            0.08123050751346755,
            0.5904905407667839,
            99.55
        ]
    ]
}