{
    "rgb_colors": [
        [
            76.70370370370371,
            70.25925925925927,
            63.37037037037038
        ],
        [
            107.41666666666667,
            99.72916666666667,
            91.27083333333334
        ],
        [
            254.41538461538462,
            252.5769230769231,
            249.88076923076923
        ],
        [
            185.37142857142857,
            174.17142857142858,
            157.25714285714287
        ],
        [
            134.0263157894737,
            126.76315789473685,
            118.94736842105263
        ],
        [
            157.35,
            150.13333333333333,
            140.78333333333333
        ],
        [
            246.41666666666666,
            243.8525641025641,
            240.85576923076923
        ],
        [
            6.408839779005518,
            1.9337016574585846,
            1.4806629834254181
        ],
        [
            43.67567567567568,
            35.513513513513516,
            31.675675675675677
        ],
        [
            211.0769230769231,
            199.76923076923077,
            186.19230769230768
        ]
    ],
    "hex_colors": [
        "#4c463f",
        "#6b635b",
        "#fefcf9",
        "#b9ae9d",
        "#867e76",
        "#9d968c",
        "#f6f3f0",
        "#060101",
        "#2b231f",
        "#d3c7ba"
    ],
    "hsl_color_values": [
        [
            0.0861111111111111,
            0.1738290680830516,
            76.70370370370371
        ],
        [
            0.08731182795698922,
            0.15031031807602788,
            107.41666666666667
        ],
        [
            0.09909527848459188,
            0.017823668138114562,
            254.41538461538462
        ],
        [
            0.10027100271002713,
            0.15166461159062877,
            185.37142857142857
        ],
        [
            0.08638743455497383,
            0.11250736304731997,
            134.0263157894737
        ],
        [
            0.09406438631790741,
            0.1052854570490414,
            157.35
        ],
        [
            0.08981748318924089,
            0.02256705080512992,
            246.41666666666666
        ],
        [
            0.015321375186846656,
            0.7689655172413785,
            6.408839779005518
        ],
        [
            0.053303303303303316,
            0.2747524752475247,
            43.67567567567568
        ],
        [
            0.09093250901597116,
            0.11789358600583104,
            211.0769230769231
        ]
    ]
}