{
    "rgb_colors": [
        [
            157.50819672131146,
            150.50819672131146,
            138.50819672131146
        ],
        [
            155.6315789473684,
            148.6315789473684,
            136.6315789473684
        ],
        [
            153.08333333333334,
            146.08333333333334,
            134.08333333333334
        ],
        [
            163.40594059405942,
            156.40594059405942,
            144.40594059405942
        ],
        [
            171.0,
            164.0,
            152.0
        ],
        [
            160.98062015503876,
            153.98062015503876,
            141.98062015503876
        ],
        [
            148.6315789473684,
            141.6315789473684,
            129.6315789473684
        ],
        [
            165.425,
            158.425,
            146.425
        ],
        [
            167.73076923076923,
            160.73076923076923,
            148.73076923076923
        ],
        [
            159.0,
            152.0,
            140.0
        ]
    ],
    "hex_colors": [
        "#9d968a",
        "#9b9488",
        "#999286",
        "#a39c90",
        "#aba498",
        "#a0998d",
        "#948d81",
        "#a59e92",
        "#a7a094",
        "#9f988c"
    ],
    "hsl_color_values": [
        [
            0.10526315789473684,
            0.12062864279766862,
            157.50819672131146
        ],
        [
            0.10526315789473684,
            0.12208319242475482,
            155.6315789473684
        ],
        [
            0.10526315789473684,
            0.1241154055525313,
            153.08333333333334
        ],
        [
            0.10526315789473684,
            0.11627484246243334,
            163.40594059405942
        ],
        [
            0.10526315789473684,
            0.1111111111111111,
            171.0
        ],
        [
            0.10526315789473684,
            0.11802662942720246,
            160.98062015503876
        ],
        [
            0.10526315789473684,
            0.12783286118980172,
            148.6315789473684
        ],
        [
            0.10526315789473684,
            0.11485567477708931,
            165.425
        ],
        [
            0.10526315789473684,
            0.11327677138271039,
            167.73076923076923
        ],
        [
            0.10526315789473684,
            0.11949685534591195,
            159.0
        ]
    ]
}