{
    "rgb_colors": [
        [
            66.352,
            57.92,
            49.024
        ],
        [
            14.5,
            6.0714285714285765,
            0.3571428571428612
        ],
        [
            88.47972972972973,
            78.93243243243244,
            69.24324324324324
        ],
        [
            47.77173913043478,
            40.141304347826086,
            31.065217391304348
        ],
        [
            27.947368421052637,
            20.05263157894737,
            10.0
        ],
        [
            96.80952380952381,
            87.16666666666666,
            76.0952380952381
        ],
        [
            74.15625,
            65.0859375,
            56.40625
        ],
        [
            37.71739130434783,
            30.282608695652176,
            20.5
        ],
        [
            58.03125,
            49.90625,
            41.109375
        ],
        [
            82.26436781609195,
            72.67816091954023,
            63.258620689655174
        ]
    ],
    "hex_colors": [
        "#423931",
        "#0e0600",
        "#584e45",
        "#2f281f",
        "#1b140a",
        "#60574c",
        "#4a4138",
        "#251e14",
        "#3a3129",
        "#52483f"
    ],
    "hsl_color_values": [
        [
            0.0855647891658972,
            0.2611526404629853,
            66.352
        ],
        [
            0.06734006734006737,
            0.9753694581280785,
            14.5
        ],
        [
            0.08394801545486481,
            0.21741122565864832,
            88.47972972972973
        ],
        [
            0.09054435046627629,
            0.3497155858930603,
            47.77173913043478
        ],
        [
            0.09335288367546431,
            0.6421845574387948,
            27.947368421052637
        ],
        [
            0.08908045977011485,
            0.2139695031972454,
            96.80952380952381
        ],
        [
            0.08149941314553989,
            0.23935946059839866,
            74.15625
        ],
        [
            0.09469696969696971,
            0.4564841498559078,
            37.71739130434783
        ],
        [
            0.08664204370575561,
            0.29159935379644586,
            58.03125
        ],
        [
            0.08260256022578373,
            0.23103255554003066,
            82.26436781609195
        ]
    ]
}