{
    "rgb_colors": [
        [
            115.03846153846153,
            106.3076923076923,
            96.5
        ],
        [
            16.317073170731703,
            13.902439024390247,
            14.158536585365852
        ],
        [
            171.87878787878788,
            161.86868686868686,
            148.6868686868687
        ],
        [
            73.1875,
            67.0,
            59.0625
        ],
        [
            151.6961325966851,
            141.77348066298342,
            128.5745856353591
        ],
        [
            29.79245283018868,
            28.64150943396227,
            28.358490566037744
        ],
        [
            5.256983240223462,
            1.8100558659217825,
            0.7374301675977648
        ],
        [
            136.03030303030303,
            126.03030303030303,
            114.27272727272728
        ],
        [
            188.35714285714283,
            178.02380952380952,
            166.0
        ],
        [
            161.02834008097165,
            151.52226720647775,
            136.8744939271255
        ]
    ],
    "hex_colors": [
        "#736a60",
        "#100d0e",
        "#aba194",
        "#49433b",
        "#978d80",
        "#1d1c1c",
        "#050100",
        "#887e72",
        "#bcb2a6",
        "#a19788"
    ],
    "hsl_color_values": [
        [
            0.08817427385892118,
            0.16115011701771978,
            115.03846153846153
        ],
        [
            0.9823232323232327,
            0.14798206278026863,
            16.317073170731703
        ],
        [
            0.09472996515679437,
            0.13493182886694863,
            171.87878787878788
        ],
        [
            0.09365781710914454,
            0.19299743808710504,
            73.1875
        ],
        [
            0.09514137793707678,
            0.1524201478675748,
            151.6961325966851
        ],
        [
            0.03289473684210511,
            0.04813172894236831,
            29.79245283018868
        ],
        [
            0.03955500618046955,
            0.8597236981934113,
            5.256983240223462
        ],
        [
            0.09006499535747443,
            0.1599465359768322,
            136.03030303030303
        ],
        [
            0.08963436279730215,
            0.11869548729616977,
            188.35714285714283
        ],
        [
            0.10107274555816308,
            0.14999748579474015,
            161.02834008097165
        ]
    ]
}