{
    "rgb_colors": [
        [
            45.90243902439025,
            38.52439024390244,
            30.048780487804876
        ],
        [
            3.9366391184573004,
            1.9146005509641881,
            1.3581267217630852
        ],
        [
            20.519685039370078,
            16.881889763779526,
            14.133858267716535
        ],
        [
            64.36363636363637,
            54.3939393939394,
            45.848484848484844
        ],
        [
            38.60674157303371,
            31.831460674157302,
            23.58426966292135
        ],
        [
            82.61538461538461,
            74.30769230769232,
            67.38461538461539
        ],
        [
            11.902857142857142,
            9.211428571428572,
            7.645714285714286
        ],
        [
            72.4375,
            64.8125,
            58.25
        ],
        [
            54.42424242424242,
            45.45454545454545,
            36.651515151515156
        ],
        [
            30.983333333333334,
            24.35,
            17.75
        ]
    ],
    "hex_colors": [
        "#2d261e",
        "#030101",
        "#14100e",
        "#40362d",
        "#261f17",
        "#524a43",
        "#0b0907",
        "#48403a",
        "#362d24",
        "#1e1811"
    ],
    "hsl_color_values": [
        [
            0.08910256410256408,
            0.3453772582359193,
            45.90243902439025
        ],
        [
            0.035968660968661026,
            0.655003498950315,
            3.9366391184573004
        ],
        [
            0.0717221537196876,
            0.3112049117421335,
            20.519685039370078
        ],
        [
            0.07692307692307694,
            0.28766478342749546,
            64.36363636363637
        ],
        [
            0.0914983794564946,
            0.38911525029103605,
            38.60674157303371
        ],
        [
            0.0757575757575759,
            0.18435754189944129,
            82.61538461538461
        ],
        [
            0.06129753914988817,
            0.3576572251560249,
            11.902857142857142
        ],
        [
            0.07709251101321586,
            0.19585849870578084,
            72.4375
        ],
        [
            0.08255186132423982,
            0.32655902004454335,
            54.42424242424242
        ],
        [
            0.08312342569269522,
            0.4271113501882733,
            30.983333333333334
        ]
    ]
}