{
    "rgb_colors": [
        [
            59.020833333333336,
            32.427083333333336,
            6.677083333333343
        ],
        [
            57.89705882352941,
            59.55882352941177,
            74.13235294117646
        ],
        [
            3.6857142857142833,
            5.428571428571431,
            13.028571428571425
        ],
        [
            215.92857142857142,
            210.42857142857142,
            210.14285714285714
        ],
        [
            25.785714285714292,
            6.5428571428571445,
            2.700000000000003
        ],
        [
            253.83255813953488,
            252.7674418604651,
            251.33023255813953
        ],
        [
            80.17777777777778,
            49.69444444444444,
            20.633333333333326
        ],
        [
            177.0,
            171.2,
            171.3
        ],
        [
            68.95104895104896,
            71.8951048951049,
            91.86713286713287
        ],
        [
            130.69230769230768,
            129.92307692307693,
            135.15384615384616
        ]
    ],
    "hex_colors": [
        "#3b2006",
        "#393b4a",
        "#03050d",
        "#d7d2d2",
        "#190602",
        "#fdfcfb",
        "#503114",
        "#b1abab",
        "#44475b",
        "#828187"
    ],
    "hsl_color_values": [
        [
            0.08199004975124376,
            0.8868690434168724,
            59.020833333333336
        ],
        [
            0.6496074879227053,
            0.219004165840111,
            74.13235294117646
        ],
        [
            0.6355759429153923,
            0.7171052631578948,
            13.028571428571425
        ],
        [
            0.008230452674896896,
            0.02679457492557059,
            215.92857142857142
        ],
        [
            0.027743399339933972,
            0.8952908587257616,
            25.785714285714292
        ],
        [
            0.09572490706319703,
            0.009858174222157092,
            253.83255813953488
        ],
        [
            0.08134291223486971,
            0.7426552106430157,
            80.17777777777778
        ],
        [
            0.9971264367816085,
            0.032768361581920966,
            177.0
        ],
        [
            0.645254806225206,
            0.24944812362030894,
            91.86713286713287
        ],
        [
            0.6911764705882346,
            0.03870233352305062,
            135.15384615384616
        ]
    ]
}