{
    "rgb_colors": [
        [
            120.71428571428571,
            107.91836734693878,
            95.6734693877551
        ],
        [
            142.73684210526315,
            130.44736842105263,
            119.94736842105263
        ],
        [
            129.98130841121497,
            117.1214953271028,
            104.59813084112149
        ],
        [
            52.14173228346457,
            46.960629921259844,
            45.55905511811024
        ],
        [
            85.375,
            78.8125,
            74.1875
        ],
        [
            71.12068965517241,
            65.84482758620689,
            63.6551724137931
        ],
        [
            58.945454545454545,
            53.624242424242425,
            52.56969696969697
        ],
        [
            111.66321243523316,
            98.65803108808291,
            86.62694300518135
        ],
        [
            101.07751937984496,
            89.6046511627907,
            79.69767441860465
        ],
        [
            168.58333333333331,
            155.83333333333331,
            142.16666666666666
        ]
    ],
    "hex_colors": [
        "#786b5f",
        "#8e8277",
        "#817568",
        "#342e2d",
        "#554e4a",
        "#47413f",
        "#3a3534",
        "#6f6256",
        "#65594f",
        "#a89b8e"
    ],
    "hsl_color_values": [
        [
            0.08149959250203753,
            0.20743871513102274,
            120.71428571428571
        ],
        [
            0.07678983833718246,
            0.15966076696165188,
            142.73684210526315
        ],
        [
            0.08222876779577809,
            0.195283290192695,
            129.98130841121497
        ],
        [
            0.03548644338118023,
            0.12624584717607978,
            52.14173228346457
        ],
        [
            0.06890130353817504,
            0.13103953147877012,
            85.375
        ],
        [
            0.0488837567359506,
            0.10496969696969696,
            71.12068965517241
        ],
        [
            0.027566539923954376,
            0.10816368496812666,
            58.945454545454545
        ],
        [
            0.08009105960264905,
            0.22421233353440678,
            111.66321243523316
        ],
        [
            0.07722987672226256,
            0.2115192882889792,
            101.07751937984496
        ],
        [
            0.08622502628811775,
            0.1566979733069698,
            168.58333333333331
        ]
    ]
}