{
    "rgb_colors": [
        [
            147.4227642276423,
            137.4227642276423,
            127.4390243902439
        ],
        [
            143.01932367149757,
            133.024154589372,
            123.02415458937197
        ],
        [
            145.51492537313433,
            135.51492537313433,
            125.54477611940298
        ],
        [
            140.53333333333333,
            130.53333333333333,
            120.58333333333333
        ],
        [
            135.10588235294117,
            125.16470588235295,
            115.09411764705882
        ],
        [
            131.54545454545453,
            121.62121212121212,
            111.53030303030303
        ],
        [
            123.15384615384616,
            113.15384615384616,
            103.15384615384616
        ],
        [
            152.9245283018868,
            142.9245283018868,
            132.9245283018868
        ],
        [
            138.11278195488723,
            128.1203007518797,
            118.18045112781955
        ],
        [
            149.7888888888889,
            139.7888888888889,
            129.7888888888889
        ]
    ],
    "hex_colors": [
        "#93897f",
        "#8f857b",
        "#91877d",
        "#8c8278",
        "#877d73",
        "#83796f",
        "#7b7167",
        "#988e84",
        "#8a8076",
        "#958b81"
    ],
    "hsl_color_values": [
        [
            0.08326552752915656,
            0.1355539623890146,
            147.4227642276423
        ],
        [
            0.08335346702101971,
            0.13980746495524402,
            143.01932367149757
        ],
        [
            0.08320876930742405,
            0.13723780706702912,
            145.51492537313433
        ],
        [
            0.08312447786131998,
            0.14195920303605317,
            140.53333333333333
        ],
        [
            0.08387223202038026,
            0.14811912225705323,
            135.10588235294117
        ],
        [
            0.08402725208175632,
            0.15215388159410265,
            131.54545454545453
        ],
        [
            0.08333333333333333,
            0.1623985009369144,
            123.15384615384616
        ],
        [
            0.08333333333333333,
            0.13078346699568166,
            152.9245283018868
        ],
        [
            0.0831132905821703,
            0.14431923349120804,
            138.11278195488723
        ],
        [
            0.08333333333333333,
            0.1335212521326311,
            149.7888888888889
        ]
    ]
}