{
    "rgb_colors": [
        [
            150.0,
            141.0,
            129.0
        ],
        [
            152.0,
            143.0,
            131.0
        ],
        [
            147.13023255813954,
            138.13023255813954,
            126.13023255813954
        ],
        [
            157.7123287671233,
            148.7123287671233,
            136.7123287671233
        ],
        [
            138.25,
            129.25,
            117.25
        ],
        [
            144.2,
            135.2,
            123.2
        ],
        [
            141.23809523809524,
            132.23809523809524,
            120.23809523809524
        ],
        [
            149.0,
            140.0,
            128.0
        ],
        [
            154.94482758620688,
            145.94482758620688,
            133.94482758620688
        ],
        [
            161.58333333333334,
            152.58333333333334,
            140.58333333333334
        ]
    ],
    "hex_colors": [
        "#968d81",
        "#988f83",
        "#938a7e",
        "#9d9488",
        "#8a8175",
        "#90877b",
        "#8d8478",
        "#958c80",
        "#9a9185",
        "#a1988c"
    ],
    "hsl_color_values": [
        [
            0.09523809523809523,
            0.14,
            150.0
        ],
        [
            0.09523809523809523,
            0.13815789473684212,
            152.0
        ],
        [
            0.09523809523809523,
            0.14273069263111307,
            147.13023255813954
        ],
        [
            0.09523809523809523,
            0.1331538261096152,
            157.7123287671233
        ],
        [
            0.09523809523809523,
            0.1518987341772152,
            138.25
        ],
        [
            0.09523809523809519,
            0.14563106796116496,
            144.2
        ],
        [
            0.09523809523809523,
            0.14868509777478084,
            141.23809523809524
        ],
        [
            0.09523809523809523,
            0.14093959731543623,
            149.0
        ],
        [
            0.09523809523809523,
            0.13553211376685806,
            154.94482758620688
        ],
        [
            0.09523809523809523,
            0.1299638989169675,
            161.58333333333334
        ]
    ]
}