{
    "rgb_colors": [
        [
            96.06666666666666,
            80.06666666666666,
            63.111111111111114
        ],
        [
            115.9047619047619,
            99.9047619047619,
            82.9047619047619
        ],
        [
            65.54358974358975,
            50.287179487179486,
            33.33846153846154
        ],
        [
            87.35555555555555,
            71.8,
            55.044444444444444
        ],
        [
            69.93859649122807,
            54.55263157894737,
            37.640350877192986
        ],
        [
            81.34848484848484,
            65.68181818181819,
            48.78787878787879
        ],
        [
            77.06535947712419,
            61.48366013071895,
            44.588235294117645
        ],
        [
            58.86363636363636,
            44.38636363636364,
            27.522727272727273
        ],
        [
            73.37128712871286,
            57.93564356435643,
            41.08910891089109
        ],
        [
            106.52,
            90.52,
            73.56
        ]
    ],
    "hex_colors": [
        "#60503f",
        "#736352",
        "#413221",
        "#574737",
        "#453625",
        "#514130",
        "#4d3d2c",
        "#3a2c1b",
        "#493929",
        "#6a5a49"
    ],
    "hsl_color_values": [
        [
            0.08574960665318047,
            0.3430488086976636,
            96.06666666666666
        ],
        [
            0.08585858585858586,
            0.2847165160230074,
            115.9047619047619
        ],
        [
            0.08771231422505306,
            0.49135435411939604,
            65.54358974358975
        ],
        [
            0.08642824392480512,
            0.3698804375476978,
            87.35555555555555
        ],
        [
            0.08727141046532683,
            0.46180860403863033,
            69.93859649122807
        ],
        [
            0.08647432914533897,
            0.40026075619295953,
            81.34848484848484
        ],
        [
            0.08670423291071305,
            0.42142311932830134,
            77.06535947712419
        ],
        [
            0.08967851099830798,
            0.5324324324324324,
            58.86363636363636
        ],
        [
            0.08697541276900271,
            0.43998380676067733,
            73.37128712871286
        ],
        [
            0.08576051779935273,
            0.30942546000751026,
            106.52
        ]
    ]
}