{
    "rgb_colors": [
        [
            52.46382978723405,
            62.50638297872341,
            35.39574468085107
        ],
        [
            124.48717948717947,
            127.82051282051282,
            105.41025641025641
        ],
        [
            63.07177033492823,
            73.11004784688996,
            45.89473684210526
        ],
        [
            234.52631578947367,
            242.42105263157893,
            213.94736842105263
        ],
        [
            27.56521739130435,
            35.65217391304348,
            9.434782608695656
        ],
        [
            146.0120481927711,
            143.33734939759037,
            125.5421686746988
        ],
        [
            42.25190839694657,
            51.97709923664122,
            24.541984732824428
        ],
        [
            91.35238095238095,
            100.43809523809524,
            74.24761904761905
        ],
        [
            197.85714285714283,
            203.28571428571428,
            173.57142857142856
        ],
        [
            75.67333333333333,
            85.23333333333333,
            57.913333333333334
        ]
    ],
    "hex_colors": [
        "#343e23",
        "#7c7f69",
        "#3f492d",
        "#eaf2d5",
        "#1b2309",
        "#928f7d",
        "#2a3318",
        "#5b644a",
        "#c5cbad",
        "#4b5539"
    ],
    "hsl_color_values": [
        [
            0.22840475069324548,
            0.4337259173531214,
            62.50638297872341
        ],
        [
            0.19145690312738375,
            0.1753259779338014,
            127.82051282051282
        ],
        [
            0.22814111579934368,
            0.3722513089005236,
            73.11004784688996
        ],
        [
            0.2128773875539125,
            0.117455492835432,
            242.42105263157893
        ],
        [
            0.2180762852404643,
            0.7353658536585365,
            35.65217391304348
        ],
        [
            0.14488915048067494,
            0.14019308523805593,
            146.0120481927711
        ],
        [
            0.22574661472825075,
            0.527830812160376,
            51.97709923664122
        ],
        [
            0.2244848484848485,
            0.26076237435994687,
            100.43809523809524
        ],
        [
            0.19711538461538472,
            0.14617006324666204,
            203.28571428571428
        ],
        [
            0.22498779892630552,
            0.32053187328901056,
            85.23333333333333
        ]
    ]
}