{
    "rgb_colors": [
        [
            188.3913043478261,
            181.16847826086956,
            170.33695652173913
        ],
        [
            134.72549019607843,
            127.31372549019608,
            115.29411764705883
        ],
        [
            158.5151515151515,
            151.62121212121212,
            139.92424242424244
        ],
        [
            194.0909090909091,
            187.01363636363635,
            176.1818181818182
        ],
        [
            202.26027397260273,
            195.17808219178082,
            184.3835616438356
        ],
        [
            179.5679012345679,
            172.46913580246914,
            161.66666666666666
        ],
        [
            121.82758620689656,
            113.75862068965517,
            101.82758620689656
        ],
        [
            198.19248826291079,
            191.1737089201878,
            180.42723004694835
        ],
        [
            169.2156862745098,
            162.27450980392157,
            151.33333333333334
        ],
        [
            148.07142857142858,
            141.10714285714286,
            129.41071428571428
        ]
    ],
    "hex_colors": [
        "#bcb5aa",
        "#867f73",
        "#9e978b",
        "#c2bbb0",
        "#cac3b8",
        "#b3aca1",
        "#797165",
        "#c6bfb4",
        "#a9a297",
        "#948d81"
    ],
    "hsl_color_values": [
        [
            0.09998996588400559,
            0.09583429494576512,
            188.3913043478261
        ],
        [
            0.1030945173225698,
            0.14422936981516513,
            134.72549019607843
        ],
        [
            0.10486280901928831,
            0.11728159051806522,
            158.5151515151515
        ],
        [
            0.10080372250422998,
            0.09227166276346603,
            194.0909090909091
        ],
        [
            0.10063856960408689,
            0.08838469353200137,
            202.26027397260273
        ],
        [
            0.10057471264367825,
            0.09969061533172915,
            179.5679012345679
        ],
        [
            0.09942528735632183,
            0.16416643079535806,
            121.82758620689656
        ],
        [
            0.10081923890063445,
            0.08963638517114766,
            198.19248826291079
        ],
        [
            0.10197368421052633,
            0.10567786790266508,
            169.2156862745098
        ],
        [
            0.10446570972886764,
            0.12602508441871696,
            148.07142857142858
        ]
    ]
}