{
    "rgb_colors": [
        [
            57.48275862068966,
            45.172413793103445,
            30.53103448275862
        ],
        [
            54.193548387096776,
            41.526881720430104,
            26.64516129032258
        ],
        [
            67.94594594594595,
            56.34234234234234,
            41.65765765765766
        ],
        [
            75.68085106382979,
            64.57446808510639,
            50.340425531914896
        ],
        [
            59.72,
            47.808,
            33.056
        ],
        [
            71.688,
            60.152,
            45.928
        ],
        [
            80.42307692307692,
            69.11538461538461,
            54.42307692307692
        ],
        [
            65.4820143884892,
            53.223021582733814,
            38.45323741007194
        ],
        [
            61.986301369863014,
            51.61643835616438,
            37.47945205479452
        ],
        [
            62.635714285714286,
            50.0,
            35.16428571428571
        ]
    ],
    "hex_colors": [
        "#392d1e",
        "#36291a",
        "#433829",
        "#4b4032",
        "#3b2f21",
        "#473c2d",
        "#504536",
        "#413526",
        "#3d3325",
        "#3e3223"
    ],
    "hsl_color_values": [
        [
            0.09054077106789489,
            0.4688662267546491,
            57.48275862068966
        ],
        [
            0.09003382773874576,
            0.5083333333333333,
            54.193548387096776
        ],
        [
            0.09310029700708244,
            0.38690002651816496,
            67.94594594594595
        ],
        [
            0.09361880772460118,
            0.3348327242057914,
            75.68085106382979
        ],
        [
            0.09220922092209222,
            0.44648359008707306,
            59.72
        ],
        [
            0.09202898550724638,
            0.3593348956589667,
            71.688
        ],
        [
            0.09418145956607497,
            0.3232902917264467,
            80.42307692307692
        ],
        [
            0.0910744388253039,
            0.41276642496154686,
            65.4820143884892
        ],
        [
            0.09614309670206816,
            0.39535911602209944,
            61.986301369863014
        ],
        [
            0.09000693361067776,
            0.43859048922340066,
            62.635714285714286
        ]
    ]
}