{
    "rgb_colors": [
        [
            234.10699588477365,
            227.7366255144033,
            210.86008230452674
        ],
        [
            232.0,
            226.0,
            209.0
        ],
        [
            233.86486486486487,
            224.86486486486487,
            208.86486486486487
        ],
        [
            227.29113924050634,
            220.26582278481013,
            203.60759493670886
        ],
        [
            238.59574468085106,
            231.19148936170214,
            214.6595744680851
        ],
        [
            240.4375,
            233.3125,
            216.6875
        ],
        [
            230.73743016759778,
            224.2849162011173,
            207.43575418994413
        ],
        [
            236.72727272727272,
            229.78512396694214,
            213.099173553719
        ],
        [
            224.96666666666667,
            217.76666666666668,
            201.16666666666666
        ],
        [
            229.22602739726028,
            222.28082191780823,
            205.5958904109589
        ]
    ],
    "hex_colors": [
        "#eae3d2",
        "#e8e2d1",
        "#e9e0d0",
        "#e3dccb",
        "#eee7d6",
        "#f0e9d8",
        "#e6e0cf",
        "#ece5d5",
        "#e0d9c9",
        "#e5decd"
    ],
    "hsl_color_values": [
        [
            0.12099486634802632,
            0.09930037969343271,
            234.10699588477365
        ],
        [
            0.12318840579710144,
            0.09913793103448276,
            232.0
        ],
        [
            0.10666666666666667,
            0.10689934126892407,
            233.86486486486487
        ],
        [
            0.11722786388740418,
            0.10419915348629986,
            227.29113924050634
        ],
        [
            0.11511111111111122,
            0.10032102728731937,
            238.59574468085106
        ],
        [
            0.11666666666666665,
            0.0987782687808682,
            240.4375
        ],
        [
            0.12051466474866128,
            0.10098784562490926,
            230.73743016759778
        ],
        [
            0.11769849597761455,
            0.09981147884373692,
            236.72727272727272
        ],
        [
            0.11624649859943988,
            0.10579345088161214,
            224.96666666666667
        ],
        [
            0.11768115942028985,
            0.1030866226432008,
            229.22602739726028
        ]
    ]
}