{
    "rgb_colors": [
        [
            250.52564102564102,
            244.19230769230768,
            232.4102564102564
        ],
        [
            243.86153846153846,
            237.14871794871794,
            225.54358974358973
        ],
        [
            247.96273291925465,
            241.19875776397515,
            229.77639751552795
        ],
        [
            235.80434782608697,
            228.8913043478261,
            217.6304347826087
        ],
        [
            254.80769230769232,
            254.44230769230768,
            241.96153846153845
        ],
        [
            240.36666666666667,
            233.78333333333333,
            222.25833333333333
        ],
        [
            228.8,
            222.4,
            211.2
        ],
        [
            242.3095238095238,
            235.5,
            223.68253968253967
        ],
        [
            238.06849315068493,
            231.86301369863014,
            220.31506849315068
        ],
        [
            245.72392638036808,
            239.1042944785276,
            227.49079754601226
        ]
    ],
    "hex_colors": [
        "#faf4e8",
        "#f3ede1",
        "#f7f1e5",
        "#ebe4d9",
        "#fefef1",
        "#f0e9de",
        "#e4ded3",
        "#f2ebdf",
        "#eee7dc",
        "#f5efe3"
    ],
    "hsl_color_values": [
        [
            0.10839820712432169,
            0.07230950309605444,
            250.52564102564102
        ],
        [
            0.10558977230309818,
            0.07511618615019033,
            243.86153846153846
        ],
        [
            0.10467896174863393,
            0.0733430188868293,
            247.96273291925465
        ],
        [
            0.1032695374800638,
            0.07707200147506231,
            235.80434782608697
        ],
        [
            0.1619261477045905,
            0.050415094339622726,
            254.80769230769232
        ],
        [
            0.10607455131155082,
            0.07533629177645271,
            240.36666666666667
        ],
        [
            0.10606060606060608,
            0.07692307692307702,
            228.8
        ],
        [
            0.10573782133219727,
            0.07687268677737381,
            242.3095238095238
        ],
        [
            0.10841049382716057,
            0.07457276022786125,
            238.06849315068493
        ],
        [
            0.10615746971736213,
            0.0742016827703293,
            245.72392638036808
        ]
    ]
}