{
    "rgb_colors": [
        [
            240.51612903225808,
            234.51612903225808,
            219.51612903225808
        ],
        [
            245.48872180451127,
            239.48872180451127,
            224.48872180451127
        ],
        [
            242.0,
            236.0,
            221.0
        ],
        [
            237.18461538461537,
            231.18461538461537,
            216.18461538461537
        ],
        [
            249.52941176470588,
            243.52941176470588,
            228.52941176470588
        ],
        [
            239.0,
            233.0,
            218.0
        ],
        [
            252.88888888888889,
            246.88888888888889,
            231.88888888888889
        ],
        [
            234.03125,
            228.03125,
            213.03125
        ],
        [
            247.4848484848485,
            241.4848484848485,
            226.4848484848485
        ],
        [
            243.5,
            237.5,
            222.5
        ]
    ],
    "hex_colors": [
        "#f0eadb",
        "#f5efe0",
        "#f2ecdd",
        "#ede7d8",
        "#f9f3e4",
        "#efe9da",
        "#fcf6e7",
        "#eae4d5",
        "#f7f1e2",
        "#f3edde"
    ],
    "hsl_color_values": [
        [
            0.11904761904761905,
            0.08731223175965665,
            240.51612903225808
        ],
        [
            0.11904761904761905,
            0.0855436447166922,
            245.48872180451127
        ],
        [
            0.11904761904761905,
            0.08677685950413223,
            242.0
        ],
        [
            0.11904761904761905,
            0.08853862619186613,
            237.18461538461537
        ],
        [
            0.11904761904761905,
            0.08415841584158416,
            249.52941176470588
        ],
        [
            0.11904761904761905,
            0.08786610878661087,
            239.0
        ],
        [
            0.11904761904761905,
            0.08304042179261863,
            252.88888888888889
        ],
        [
            0.11904761904761905,
            0.08973160635598879,
            234.03125
        ],
        [
            0.11904761904761905,
            0.08485367944165544,
            247.4848484848485
        ],
        [
            0.11904761904761905,
            0.08624229979466119,
            243.5
        ]
    ]
}