{
    "rgb_colors": [
        [
            35.08620689655172,
            34.01724137931035,
            35.36206896551724
        ],
        [
            113.03703703703704,
            108.35802469135803,
            98.82716049382717
        ],
        [
            218.0,
            214.0909090909091,
            208.54545454545456
        ],
        [
            188.54347826086956,
            184.7826086956522,
            179.0
        ],
        [
            137.93269230769232,
            133.18269230769232,
            123.25
        ],
        [
            4.99514563106797,
            2.502427184466029,
            3.393203883495147
        ],
        [
            73.23809523809524,
            70.71428571428571,
            70.71428571428571
        ],
        [
            126.61805555555554,
            121.76388888888889,
            110.04166666666666
        ],
        [
            155.48648648648648,
            151.3783783783784,
            143.85135135135135
        ],
        [
            170.53225806451613,
            166.75806451612902,
            159.83870967741936
        ]
    ],
    "hex_colors": [
        "#232223",
        "#716c62",
        "#dad6d0",
        "#bcb8b3",
        "#89857b",
        "#040203",
        "#494646",
        "#7e796e",
        "#9b978f",
        "#aaa69f"
    ],
    "hsl_color_values": [
        [
            0.7991452991452991,
            0.03803022915650883,
            35.36206896551724
        ],
        [
            0.11178685201274252,
            0.12570991699432063,
            113.03703703703704
        ],
        [
            0.09775641025641019,
            0.04336947456213504,
            218.0
        ],
        [
            0.10098709187547479,
            0.05061685691225642,
            188.54347826086956
        ],
        [
            0.11274830822964423,
            0.10644823980481012,
            137.93269230769232
        ],
        [
            0.9404414151249599,
            0.49902818270165106,
            4.99514563106797
        ],
        [
            0.0,
            0.034460338101430545,
            73.23809523809524
        ],
        [
            0.11786063398966633,
            0.13091647013656554,
            126.61805555555554
        ],
        [
            0.107820363917925,
            0.07483052320528416,
            155.48648648648648
        ],
        [
            0.10784313725490184,
            0.06270689492102523,
            170.53225806451613
        ]
    ]
}