{
    "rgb_colors": [
        [
            172.97222222222223,
            160.88888888888889,
            146.47222222222223
        ],
        [
            120.5,
            106.25,
            102.0
        ],
        [
            224.9090909090909,
            216.45454545454547,
            202.29545454545453
        ],
        [
            253.81538461538463,
            248.5076923076923,
            233.96923076923076
        ],
        [
            241.06709265175718,
            234.84664536741215,
            220.11182108626198
        ],
        [
            206.64285714285714,
            195.71428571428572,
            181.57142857142858
        ],
        [
            134.94736842105263,
            121.47368421052632,
            115.26315789473685
        ],
        [
            191.90243902439025,
            179.4878048780488,
            165.1219512195122
        ],
        [
            154.14999999999998,
            142.2,
            131.64999999999998
        ],
        [
            247.5766233766234,
            241.45714285714286,
            226.6831168831169
        ]
    ],
    "hex_colors": [
        "#aca092",
        "#786a66",
        "#e0d8ca",
        "#fdf8e9",
        "#f1eadc",
        "#cec3b5",
        "#867973",
        "#bfb3a5",
        "#9a8e83",
        "#f7f1e2"
    ],
    "hsl_color_values": [
        [
            0.09067085953878401,
            0.15320378994700498,
            172.97222222222223
        ],
        [
            0.038288288288288286,
            0.15352697095435686,
            120.5
        ],
        [
            0.10435510887772208,
            0.10054567502021024,
            224.9090909090909
        ],
        [
            0.12209302325581389,
            0.0781912959146564,
            253.81538461538463
        ],
        [
            0.11719266148294977,
            0.0869271344130198,
            241.06709265175718
        ],
        [
            0.09401709401709406,
            0.12132734185966118,
            206.64285714285714
        ],
        [
            0.052584670231729004,
            0.14586583463338526,
            134.94736842105263
        ],
        [
            0.0894049787492411,
            0.13955261820030504,
            191.90243902439025
        ],
        [
            0.07814814814814823,
            0.14596172559195592,
            154.14999999999998
        ],
        [
            0.11785181501740416,
            0.0843920811607583,
            247.5766233766234
        ]
    ]
}