{
    "rgb_colors": [
        [
            179.86111111111111,
            177.25,
            149.75
        ],
        [
            130.46067415730337,
            140.04868913857678,
            47.838951310861425
        ],
        [
            66.92,
            69.19999999999999,
            12.839999999999996
        ],
        [
            147.72727272727272,
            144.3939393939394,
            121.21212121212122
        ],
        [
            94.62903225806451,
            99.14516129032259,
            36.322580645161295
        ],
        [
            161.77611940298507,
            159.17910447761193,
            131.97014925373134
        ],
        [
            138.62686567164178,
            146.73134328358208,
            62.25373134328358
        ],
        [
            122.83680555555556,
            132.15972222222223,
            41.27430555555556
        ],
        [
            46.22222222222223,
            47.5,
            2.94444444444445
        ],
        [
            113.32298136645963,
            122.6024844720497,
            33.68944099378882
        ]
    ],
    "hex_colors": [
        "#b3b195",
        "#828c2f",
        "#42450c",
        "#939079",
        "#5e6324",
        "#a19f83",
        "#8a923e",
        "#7a8429",
        "#2e2f02",
        "#717a21"
    ],
    "hsl_color_values": [
        [
            0.1522140221402214,
            0.16741312741312742,
            179.86111111111111
        ],
        [
            0.1839967506092607,
            0.6584120022464097,
            140.04868913857678
        ],
        [
            0.17340903714218117,
            0.8144508670520232,
            69.19999999999999
        ],
        [
            0.14571428571428582,
            0.1794871794871794,
            147.72727272727272
        ],
        [
            0.1786478391099701,
            0.6336424272002603,
            99.14516129032259
        ],
        [
            0.1521448839926556,
            0.1842420887535751,
            161.77611940298507
        ],
        [
            0.1826560659599529,
            0.5757298341979452,
            146.73134328358208
        ],
        [
            0.18376313276026743,
            0.6876937628080501,
            132.15972222222223
        ],
        [
            0.17144638403990023,
            0.9380116959064326,
            47.5
        ],
        [
            0.18406100826638724,
            0.725214043264603,
            122.6024844720497
        ]
    ]
}