{
    "rgb_colors": [
        [
            36.54430379746836,
            28.79746835443038,
            17.974683544303787
        ],
        [
            235.10399999999998,
            223.696,
            210.852
        ],
        [
            166.46428571428572,
            156.21428571428572,
            142.35714285714286
        ],
        [
            201.1153846153846,
            189.08653846153845,
            175.14423076923077
        ],
        [
            56.29508196721311,
            49.59016393442623,
            43.49180327868852
        ],
        [
            251.00518134715026,
            241.82901554404145,
            229.3937823834197
        ],
        [
            110.67999999999999,
            104.08,
            98.12
        ],
        [
            81.59493670886076,
            75.60759493670886,
            71.92405063291139
        ],
        [
            17.57894736842107,
            10.10526315789474,
            2.94736842105263
        ],
        [
            218.82035928143713,
            206.77844311377245,
            193.54491017964074
        ]
    ],
    "hex_colors": [
        "#241c11",
        "#ebdfd2",
        "#a69c8e",
        "#c9bdaf",
        "#38312b",
        "#fbf1e5",
        "#6e6862",
        "#514b47",
        "#110a02",
        "#dacec1"
    ],
    "hsl_color_values": [
        [
            0.09713701431492842,
            0.5081399376515418,
            36.54430379746836
        ],
        [
            0.08826763428445766,
            0.10315434871376064,
            235.10399999999998
        ],
        [
            0.09580246913580248,
            0.14481870843166705,
            166.46428571428572
        ],
        [
            0.08947303467851407,
            0.12913558997896343,
            201.1153846153846
        ],
        [
            0.07938540332906535,
            0.2274315666860803,
            56.29508196721311
        ],
        [
            0.09590026372572524,
            0.08609941375608943,
            251.00518134715026
        ],
        [
            0.07908704883227176,
            0.11348030357788208,
            110.67999999999999
        ],
        [
            0.06348167539267026,
            0.11852311511014585,
            81.59493670886076
        ],
        [
            0.08153477218225415,
            0.8323353293413176,
            17.57894736842107
        ],
        [
            0.08726210218747521,
            0.11550775798374513,
            218.82035928143713
        ]
    ]
}