{
    "rgb_colors": [
        [
            210.0,
            202.75675675675677,
            188.97297297297297
        ],
        [
            119.93333333333334,
            113.2,
            105.33333333333334
        ],
        [
            183.21428571428572,
            176.3095238095238,
            162.14285714285714
        ],
        [
            53.64968152866242,
            48.90127388535032,
            45.952229299363054
        ],
        [
            237.45833333333331,
            231.29166666666666,
            216.5
        ],
        [
            73.08108108108108,
            67.86486486486487,
            63.78378378378378
        ],
        [
            30.53846153846154,
            24.384615384615387,
            19.435897435897438
        ],
        [
            163.125,
            155.5,
            141.9375
        ],
        [
            8.063157894736847,
            3.3052631578947356,
            1.042105263157893
        ],
        [
            45.68096514745308,
            40.761394101876675,
            37.96782841823057
        ]
    ],
    "hex_colors": [
        "#d2cabc",
        "#777169",
        "#b7b0a2",
        "#35302d",
        "#ede7d8",
        "#49433f",
        "#1e1813",
        "#a39b8d",
        "#080301",
        "#2d2825"
    ],
    "hsl_color_values": [
        [
            0.10925449871465309,
            0.10012870012870015,
            210.0
        ],
        [
            0.08980213089802126,
            0.12173429683157304,
            119.93333333333334
        ],
        [
            0.11205273069679837,
            0.11500974658869402,
            183.21428571428572
        ],
        [
            0.06385326161908711,
            0.14347619612964507,
            53.64968152866242
        ],
        [
            0.1176275679257787,
            0.08826109843832244,
            237.45833333333331
        ],
        [
            0.07315891472868229,
            0.12721893491124261,
            73.08108108108108
        ],
        [
            0.07428791377983064,
            0.3635600335852225,
            30.53846153846154
        ],
        [
            0.10668633235004917,
            0.12988505747126436,
            163.125
        ],
        [
            0.05372313843078456,
            0.8707571801566583,
            8.063157894736847
        ],
        [
            0.0603638048893523,
            0.16884793708550955,
            45.68096514745308
        ]
    ]
}