{
    "rgb_colors": [
        [
            30.695364238410598,
            24.665562913907284,
            21.596026490066226
        ],
        [
            45.861702127659576,
            42.265957446808514,
            41.37234042553192
        ],
        [
            59.41237113402062,
            56.391752577319586,
            54.98969072164948
        ],
        [
            83.21111111111111,
            80.27777777777777,
            78.36666666666667
        ],
        [
            136.45454545454544,
            133.63636363636363,
            131.27272727272728
        ],
        [
            36.53469387755102,
            30.926530612244896,
            28.448979591836732
        ],
        [
            113.46153846153847,
            110.5,
            108.42307692307693
        ],
        [
            167.75,
            164.91666666666666,
            162.58333333333331
        ],
        [
            93.25373134328359,
            90.29850746268656,
            88.53731343283582
        ],
        [
            71.3,
            68.325,
            66.425
        ]
    ],
    "hex_colors": [
        "#1e1815",
        "#2d2a29",
        "#3b3836",
        "#53504e",
        "#888583",
        "#241e1c",
        "#716e6c",
        "#a7a4a2",
        "#5d5a58",
        "#474442"
    ],
    "hsl_color_values": [
        [
            0.056222707423580744,
            0.2964401294498382,
            30.695364238410598
        ],
        [
            0.03317535545023701,
            0.09788912085363025,
            45.861702127659576
        ],
        [
            0.052836052836052895,
            0.0744403956272775,
            59.41237113402062
        ],
        [
            0.06574923547400578,
            0.058218720790492604,
            83.21111111111111
        ],
        [
            0.07602339181286526,
            0.03797468354430363,
            136.45454545454544
        ],
        [
            0.051068483930674737,
            0.22131605407217078,
            36.53469387755102
        ],
        [
            0.06870229007633559,
            0.0444067796610169,
            113.46153846153847
        ],
        [
            0.0752688172043011,
            0.030799801291604683,
            167.75
        ],
        [
            0.06223628691983091,
            0.05057618437900141,
            93.25373134328359
        ],
        [
            0.06495726495726516,
            0.06837307152875176,
            71.3
        ]
    ]
}