{
    "rgb_colors": [
        [
            118.56,
            114.0,
            111.30000000000001
        ],
        [
            141.79166666666666,
            137.04166666666666,
            134.54166666666666
        ],
        [
            61.81751824817518,
            57.23357664233576,
            55.160583941605836
        ],
        [
            81.11515151515151,
            77.2909090909091,
            74.65454545454546
        ],
        [
            67.0935960591133,
            63.039408866995075,
            60.94581280788177
        ],
        [
            54.07692307692308,
            49.230769230769226,
            47.38461538461539
        ],
        [
            73.23430962343096,
            69.45188284518828,
            67.07112970711297
        ],
        [
            106.34482758620689,
            102.10344827586206,
            99.62068965517241
        ],
        [
            91.39506172839506,
            87.11111111111111,
            84.8395061728395
        ],
        [
            128.4142857142857,
            123.72857142857143,
            120.92857142857143
        ]
    ],
    "hex_colors": [
        "#76726f",
        "#8d8986",
        "#3d3937",
        "#514d4a",
        "#433f3c",
        "#36312f",
        "#494543",
        "#6a6663",
        "#5b5754",
        "#807b78"
    ],
    "hsl_color_values": [
        [
            0.06198347107437998,
            0.0612348178137651,
            118.56
        ],
        [
            0.0574712643678161,
            0.05113135468704085,
            141.79166666666666
        ],
        [
            0.05190058479532159,
            0.10768685795253284,
            61.81751824817518
        ],
        [
            0.06801125703564746,
            0.07964734010759107,
            81.11515151515151
        ],
        [
            0.05675747863247873,
            0.09162995594713651,
            67.0935960591133
        ],
        [
            0.045977011494252706,
            0.12375533428165009,
            54.07692307692308
        ],
        [
            0.06438108169269051,
            0.08415700165685876,
            73.23430962343096
        ],
        [
            0.061538461538461486,
            0.06322957198443574,
            106.34482758620689
        ],
        [
            0.057752667922159516,
            0.0717276779683912,
            91.39506172839506
        ],
        [
            0.06234096692111957,
            0.05829346979641781,
            128.4142857142857
        ]
    ]
}