{
    "rgb_colors": [
        [
            42.879120879120876,
            17.736263736263734,
            2.5934065934065913
        ],
        [
            148.74285714285713,
            82.22857142857143,
            36.94285714285714
        ],
        [
            117.54285714285714,
            63.971428571428575,
            24.62857142857143
        ],
        [
            86.95419847328245,
            57.534351145038165,
            31.81679389312977
        ],
        [
            72.48125,
            44.5125,
            21.2
        ],
        [
            18.256880733944953,
            2.8715596330275233,
            0.6605504587155941
        ],
        [
            59.18867924528302,
            31.71698113207547,
            8.867924528301886
        ],
        [
            134.94029850746267,
            72.35820895522389,
            28.83582089552239
        ],
        [
            101.0718954248366,
            71.69281045751634,
            45.65359477124183
        ],
        [
            116.71428571428571,
            88.20408163265306,
            63.755102040816325
        ]
    ],
    "hex_colors": [
        "#2a1102",
        "#945224",
        "#753f18",
        "#56391f",
        "#482c15",
        "#120200",
        "#3b1f08",
        "#86481c",
        "#65472d",
        "#74583f"
    ],
    "hsl_color_values": [
        [
            0.06264775413711583,
            0.9395181957970272,
            42.879120879120876
        ],
        [
            0.06751000937047448,
            0.7516327314636957,
            148.74285714285713
        ],
        [
            0.0705719557195572,
            0.7904715605250364,
            117.54285714285714
        ],
        [
            0.07773778208500622,
            0.6340970941971732,
            86.95419847328245
        ],
        [
            0.07576680885638838,
            0.7075105630766577,
            72.48125
        ],
        [
            0.020941953423705268,
            0.9638190954773871,
            18.256880733944953
        ],
        [
            0.07567804024496938,
            0.850175326745298,
            59.18867924528302
        ],
        [
            0.06836404557603042,
            0.78630682446632,
            134.94029850746267
        ],
        [
            0.07831112159452769,
            0.548305742369374,
            101.0718954248366
        ],
        [
            0.07694283879254978,
            0.45375065570904,
            116.71428571428571
        ]
    ]
}