{
    "rgb_colors": [
        [
            118.22058823529412,
            87.19117647058823,
            49.0
        ],
        [
            124.94927536231884,
            93.70289855072464,
            55.55072463768116
        ],
        [
            122.09756097560975,
            91.10569105691057,
            53.05691056910569
        ],
        [
            133.61313868613138,
            102.47445255474453,
            64.88321167883211
        ],
        [
            145.6315789473684,
            114.36842105263158,
            76.89473684210526
        ],
        [
            140.4736842105263,
            109.05263157894737,
            72.5
        ],
        [
            128.0408163265306,
            96.51020408163265,
            58.01020408163265
        ],
        [
            137.609756097561,
            105.8170731707317,
            68.10975609756098
        ],
        [
            131.90833333333333,
            99.68333333333334,
            59.791666666666664
        ],
        [
            129.38834951456312,
            99.03883495145631,
            62.86407766990291
        ]
    ],
    "hex_colors": [
        "#765731",
        "#7c5d37",
        "#7a5b35",
        "#856640",
        "#91724c",
        "#8c6d48",
        "#80603a",
        "#896944",
        "#83633b",
        "#81633e"
    ],
    "hsl_color_values": [
        [
            0.09195524396289213,
            0.5855205871377037,
            118.22058823529412
        ],
        [
            0.09162577007413596,
            0.5554137911036363,
            124.94927536231884
        ],
        [
            0.09185115402731985,
            0.5654547875882274,
            122.09756097560975
        ],
        [
            0.09115689606343814,
            0.5143949740508058,
            133.61313868613138
        ],
        [
            0.0908626850433895,
            0.4719913263462233,
            145.6315789473684
        ],
        [
            0.08962446767324818,
            0.48388909704008987,
            140.4736842105263
        ],
        [
            0.09162659672640731,
            0.5469397513547976,
            128.0408163265306
        ],
        [
            0.09042522079897054,
            0.5050514002126906,
            137.609756097561
        ],
        [
            0.09219243509745013,
            0.5467180491502939,
            131.90833333333333
        ],
        [
            0.09063047285464094,
            0.5141442185037893,
            129.38834951456312
        ]
    ]
}