{
    "rgb_colors": [
        [
            230.2325581395349,
            224.2325581395349,
            209.2325581395349
        ],
        [
            239.0057803468208,
            233.0057803468208,
            218.0057803468208
        ],
        [
            250.9620253164557,
            244.9620253164557,
            229.9620253164557
        ],
        [
            254.4375,
            249.5625,
            234.5625
        ],
        [
            242.02369668246445,
            236.02369668246445,
            221.02369668246445
        ],
        [
            244.96236559139786,
            238.96236559139786,
            223.96236559139786
        ],
        [
            223.625,
            217.625,
            202.625
        ],
        [
            236.56896551724137,
            230.56896551724137,
            215.56896551724137
        ],
        [
            247.92222222222222,
            241.92222222222222,
            226.92222222222222
        ],
        [
            234.25806451612902,
            228.25806451612902,
            213.25806451612902
        ]
    ],
    "hex_colors": [
        "#e6e0d1",
        "#efe9da",
        "#faf4e5",
        "#fef9ea",
        "#f2ecdd",
        "#f4eedf",
        "#dfd9ca",
        "#ece6d7",
        "#f7f1e2",
        "#eae4d5"
    ],
    "hsl_color_values": [
        [
            0.11904761904761905,
            0.09121212121212122,
            230.2325581395349
        ],
        [
            0.11904761904761905,
            0.08786398374770242,
            239.0057803468208
        ],
        [
            0.11904761904761905,
            0.0836779985877131,
            250.9620253164557
        ],
        [
            0.12578616352201258,
            0.07811348563006633,
            254.4375
        ],
        [
            0.11904761904761905,
            0.08676836313078896,
            242.02369668246445
        ],
        [
            0.11904761904761905,
            0.08572745429405439,
            244.96236559139786
        ],
        [
            0.11904761904761905,
            0.09390721073225265,
            223.625
        ],
        [
            0.11904761904761905,
            0.08876904015742293,
            236.56896551724137
        ],
        [
            0.11904761904761905,
            0.08470398422444315,
            247.92222222222222
        ],
        [
            0.11904761904761905,
            0.08964472597080694,
            234.25806451612902
        ]
    ]
}