{
    "rgb_colors": [
        [
            4.237885462555056,
            2.916299559471355,
            2.2466960352422802
        ],
        [
            227.65116279069767,
            223.18604651162792,
            214.30232558139534
        ],
        [
            27.18518518518519,
            25.759259259259267,
            23.348765432098773
        ],
        [
            71.25,
            65.3125,
            59.625
        ],
        [
            204.1818181818182,
            198.27272727272728,
            189.36363636363637
        ],
        [
            254.04508196721312,
            254.0204918032787,
            241.39754098360658
        ],
        [
            142.86363636363637,
            135.1818181818182,
            126.4090909090909
        ],
        [
            246.02941176470588,
            240.44117647058823,
            229.48529411764707
        ],
        [
            173.68,
            166.52,
            157.28
        ],
        [
            109.0,
            104.54545454545455,
            97.9090909090909
        ]
    ],
    "hex_colors": [
        "#040202",
        "#e3dfd6",
        "#1b1917",
        "#47413b",
        "#ccc6bd",
        "#fefef1",
        "#8e877e",
        "#f6f0e5",
        "#ada69d",
        "#6d6861"
    ],
    "hsl_color_values": [
        [
            0.05604719764011797,
            0.46985446985447105,
            4.237885462555056
        ],
        [
            0.11091753774680631,
            0.05863724588824193,
            227.65116279069767
        ],
        [
            0.10471976401179946,
            0.14112170753860115,
            27.18518518518519
        ],
        [
            0.08154121863799284,
            0.1631578947368421,
            71.25
        ],
        [
            0.10020449897750512,
            0.072573463935886,
            204.1818181818182
        ],
        [
            0.16634262259667323,
            0.04978463226160319,
            254.04508196721312
        ],
        [
            0.08885819521178638,
            0.11517658288259633,
            142.86363636363637
        ],
        [
            0.11037037037037027,
            0.06724447101016134,
            246.02941176470588
        ],
        [
            0.09390243902439029,
            0.09442653155228009,
            173.68
        ],
        [
            0.0997267759562842,
            0.10175145954962471,
            109.0
        ]
    ]
}