{
    "rgb_colors": [
        [
            19.571428571428584,
            16.75,
            3.6964285714285836
        ],
        [
            155.99404761904762,
            150.02380952380952,
            136.67261904761904
        ],
        [
            73.62222222222222,
            68.69999999999999,
            51.92222222222222
        ],
        [
            110.0754716981132,
            102.9245283018868,
            89.10377358490567
        ],
        [
            200.31914893617022,
            193.74468085106383,
            179.1063829787234
        ],
        [
            141.48322147651007,
            135.48993288590603,
            121.61073825503355
        ],
        [
            93.40860215053763,
            87.26881720430107,
            71.7741935483871
        ],
        [
            49.95945945945945,
            46.54054054054053,
            28.58108108108108
        ],
        [
            128.11864406779662,
            121.15254237288136,
            106.73728813559322
        ],
        [
            174.7479674796748,
            168.22764227642278,
            153.91056910569105
        ]
    ],
    "hex_colors": [
        "#131003",
        "#9b9688",
        "#494433",
        "#6e6659",
        "#c8c1b3",
        "#8d8779",
        "#5d5747",
        "#312e1c",
        "#80796a",
        "#aea899"
    ],
    "hsl_color_values": [
        [
            0.13704536932883377,
            0.8111313868613134,
            19.571428571428584
        ],
        [
            0.11516738550010268,
            0.12386003739458931,
            155.99404761904762
        ],
        [
            0.12886158047448362,
            0.29474796257168734,
            73.62222222222222
        ],
        [
            0.10983655720497827,
            0.19052108330476508,
            110.0754716981132
        ],
        [
            0.11501170177198262,
            0.10589484864577814,
            200.31914893617022
        ],
        [
            0.11640211640211633,
            0.14045823253166362,
            141.48322147651007
        ],
        [
            0.11936713055003312,
            0.23161045240013806,
            93.40860215053763
        ],
        [
            0.1400126422250316,
            0.4279145252907762,
            49.95945945945945
        ],
        [
            0.11236623067776451,
            0.16688715438550084,
            128.11864406779662
        ],
        [
            0.11451424112368336,
            0.11924257932446267,
            174.7479674796748
        ]
    ]
}