{
    "rgb_colors": [
        [
            217.5648854961832,
            205.5648854961832,
            184.5648854961832
        ],
        [
            215.5056179775281,
            203.5056179775281,
            182.5056179775281
        ],
        [
            219.5,
            207.5,
            186.5
        ],
        [
            207.2,
            195.2,
            174.2
        ],
        [
            211.33333333333334,
            199.33333333333334,
            178.33333333333334
        ],
        [
            221.9808429118774,
            209.9808429118774,
            188.9808429118774
        ],
        [
            228.89090909090908,
            216.89090909090908,
            195.89090909090908
        ],
        [
            226.43,
            214.43,
            193.43
        ],
        [
            224.48026315789474,
            212.48026315789474,
            191.48026315789474
        ],
        [
            213.55882352941177,
            201.55882352941177,
            180.55882352941177
        ]
    ],
    "hex_colors": [
        "#d9cdb8",
        "#d7cbb6",
        "#dbcfba",
        "#cfc3ae",
        "#d3c7b2",
        "#ddd1bc",
        "#e4d8c3",
        "#e2d6c1",
        "#e0d4bf",
        "#d5c9b4"
    ],
    "hsl_color_values": [
        [
            0.10606060606060606,
            0.15167888846005403,
            217.5648854961832
        ],
        [
            0.10606060606060606,
            0.15312825860271115,
            215.5056179775281
        ],
        [
            0.10606060606060606,
            0.15034168564920272,
            219.5
        ],
        [
            0.10606060606060606,
            0.15926640926640928,
            207.2
        ],
        [
            0.10606060606060606,
            0.15615141955835962,
            211.33333333333334
        ],
        [
            0.10606060606060606,
            0.14866147712170116,
            221.9808429118774
        ],
        [
            0.10606060606060606,
            0.14417348478830727,
            228.89090909090908
        ],
        [
            0.10606060606060606,
            0.14574040542330963,
            226.43
        ],
        [
            0.10606060606060606,
            0.1470062424899622,
            224.48026315789474
        ],
        [
            0.10606060606060606,
            0.15452417022448697,
            213.55882352941177
        ]
    ]
}