{
    "rgb_colors": [
        [
            90.9655172413793,
            85.51724137931035,
            76.20689655172413
        ],
        [
            6.7894736842105345,
            6.631578947368425,
            52.60526315789474
        ],
        [
            141.29577464788733,
            133.92957746478874,
            119.91549295774648
        ],
        [
            179.8375,
            172.575,
            158.8625
        ],
        [
            202.52767527675275,
            195.77121771217713,
            182.85239852398524
        ],
        [
            21.608108108108098,
            22.5135135135135,
            28.743243243243242
        ],
        [
            32.67045454545455,
            34.35227272727272,
            79.20454545454545
        ],
        [
            222.64285714285714,
            219.32857142857142,
            210.72857142857143
        ],
        [
            160.15686274509804,
            153.37908496732027,
            137.58823529411765
        ],
        [
            1.5446428571428612,
            1.642857142857153,
            10.25
        ]
    ],
    "hex_colors": [
        "#5a554c",
        "#060634",
        "#8d8577",
        "#b3ac9e",
        "#cac3b6",
        "#15161c",
        "#20224f",
        "#dedbd2",
        "#a09989",
        "#01010a"
    ],
    "hsl_color_values": [
        [
            0.105140186915888,
            0.1622441243366187,
            90.9655172413793
        ],
        [
            0.667239076512116,
            0.8739369684842421,
            52.60526315789474
        ],
        [
            0.10924462011418534,
            0.15131578947368424,
            141.29577464788733
        ],
        [
            0.10895907826777895,
            0.11663307152290259,
            179.8375
        ],
        [
            0.10943360840210074,
            0.0971485834016579,
            202.52767527675275
        ],
        [
            0.6455176767676768,
            0.24823695345557154,
            28.743243243243242
        ],
        [
            0.6606430606430607,
            0.5875179340028694,
            79.20454545454545
        ],
        [
            0.12030375699440443,
            0.053512993262752634,
            222.64285714285714
        ],
        [
            0.11661357273868138,
            0.14091576885406462,
            160.15686274509804
        ],
        [
            0.6647863247863247,
            0.8493031358885014,
            10.25
        ]
    ]
}