{
    "rgb_colors": [
        [
            24.475806451612904,
            20.16935483870968,
            18.161290322580644
        ],
        [
            37.046875,
            34.046875,
            32.046875
        ],
        [
            21.068627450980394,
            16.176470588235293,
            14.264705882352942
        ],
        [
            32.53030303030303,
            29.484848484848484,
            27.484848484848484
        ],
        [
            30.58219178082192,
            27.458904109589042,
            25.458904109589042
        ],
        [
            29.08823529411765,
            25.38235294117647,
            23.38235294117647
        ],
        [
            26.508333333333333,
            22.908333333333335,
            20.891666666666666
        ],
        [
            22.672727272727272,
            18.163636363636364,
            16.2
        ],
        [
            34.46739130434783,
            31.402173913043477,
            29.402173913043477
        ],
        [
            17.754716981132077,
            12.79245283018868,
            10.79245283018868
        ]
    ],
    "hex_colors": [
        "#181412",
        "#252220",
        "#15100e",
        "#201d1b",
        "#1e1b19",
        "#1d1917",
        "#1a1614",
        "#161210",
        "#221f1d",
        "#110c0a"
    ],
    "hsl_color_values": [
        [
            0.05300127713920825,
            0.2579901153212521,
            24.475806451612904
        ],
        [
            0.06666666666666667,
            0.13496415014761703,
            37.046875
        ],
        [
            0.04682997118155615,
            0.322940902745463,
            21.068627450980394
        ],
        [
            0.06606606606606606,
            0.15510013972985565,
            32.53030303030303
        ],
        [
            0.06506238859180036,
            0.167525195968645,
            30.58219178082192
        ],
        [
            0.05841924398625429,
            0.19615773508594542,
            29.08823529411765
        ],
        [
            0.059841740850643,
            0.21188305564287963,
            26.508333333333333
        ],
        [
            0.05056179775280902,
            0.2854851643945469,
            22.672727272727272
        ],
        [
            0.06580829756795419,
            0.14695679596341857,
            34.46739130434783
        ],
        [
            0.04787714543812103,
            0.39213602550478216,
            17.754716981132077
        ]
    ]
}