{
    "rgb_colors": [
        [
            207.78807947019868,
            200.78807947019868,
            191.78807947019868
        ],
        [
            196.23809523809524,
            189.23809523809524,
            180.23809523809524
        ],
        [
            210.84,
            203.84,
            194.84
        ],
        [
            198.49494949494948,
            191.49494949494948,
            182.49494949494948
        ],
        [
            202.0,
            195.0,
            186.0
        ],
        [
            203.36633663366337,
            196.36633663366337,
            187.36633663366337
        ],
        [
            200.51234567901236,
            193.51234567901236,
            184.51234567901236
        ],
        [
            192.8095238095238,
            185.8095238095238,
            176.8095238095238
        ],
        [
            205.51677852348993,
            198.51677852348993,
            189.51677852348993
        ],
        [
            213.8181818181818,
            206.8181818181818,
            197.8181818181818
        ]
    ],
    "hex_colors": [
        "#cfc8bf",
        "#c4bdb4",
        "#d2cbc2",
        "#c6bfb6",
        "#cac3ba",
        "#cbc4bb",
        "#c8c1b8",
        "#c0b9b0",
        "#cdc6bd",
        "#d5cec5"
    ],
    "hsl_color_values": [
        [
            0.09375,
            0.07700152983171851,
            207.78807947019868
        ],
        [
            0.09375,
            0.08153360834748848,
            196.23809523809524
        ],
        [
            0.09375,
            0.07588692847656991,
            210.84
        ],
        [
            0.09375,
            0.08060658490662054,
            198.49494949494948
        ],
        [
            0.09375,
            0.07920792079207921,
            202.0
        ],
        [
            0.09375,
            0.07867575462512172,
            203.36633663366337
        ],
        [
            0.09375,
            0.07979558538312348,
            200.51234567901236
        ],
        [
            0.09375,
            0.08298345270437145,
            192.8095238095238
        ],
        [
            0.09375,
            0.07785252432891385,
            205.51677852348993
        ],
        [
            0.09375,
            0.07482993197278912,
            213.8181818181818
        ]
    ]
}