{
    "rgb_colors": [
        [
            44.90860215053763,
            40.344086021505376,
            35.48924731182796
        ],
        [
            38.03030303030303,
            33.03030303030303,
            28.03030303030303
        ],
        [
            55.074074074074076,
            53.074074074074076,
            49.074074074074076
        ],
        [
            42.39855072463768,
            37.46376811594203,
            32.48550724637681
        ],
        [
            40.43589743589744,
            35.53846153846154,
            30.572649572649574
        ],
        [
            47.64035087719298,
            44.219298245614034,
            39.74561403508772
        ],
        [
            50.407407407407405,
            47.85185185185185,
            43.71604938271605
        ],
        [
            32.89090909090909,
            27.89090909090909,
            22.89090909090909
        ],
        [
            52.604166666666664,
            50.229166666666664,
            46.1875
        ],
        [
            35.57575757575758,
            30.575757575757578,
            25.575757575757578
        ]
    ],
    "hex_colors": [
        "#2c2823",
        "#26211c",
        "#373531",
        "#2a2520",
        "#28231e",
        "#2f2c27",
        "#322f2b",
        "#201b16",
        "#34322e",
        "#231e19"
    ],
    "hsl_color_values": [
        [
            0.08590182648401827,
            0.20974500179576192,
            44.90860215053763
        ],
        [
            0.08333333333333333,
            0.26294820717131473,
            38.03030303030303
        ],
        [
            0.11111111111111112,
            0.1089441829186281,
            55.074074074074076
        ],
        [
            0.08369883040935677,
            0.23380618697658515,
            42.39855072463768
        ],
        [
            0.0839110340843443,
            0.24392306066370747,
            40.43589743589744
        ],
        [
            0.09444444444444446,
            0.16571533787516107,
            47.64035087719298
        ],
        [
            0.10301353013530128,
            0.13274553024736707,
            50.407407407407405
        ],
        [
            0.08333333333333333,
            0.30403537866224434,
            32.89090909090909
        ],
        [
            0.10497835497835495,
            0.12198019801980194,
            52.604166666666664
        ],
        [
            0.08333333333333333,
            0.28109028960817717,
            35.57575757575758
        ]
    ]
}