{
    "rgb_colors": [
        [
            228.0,
            218.0,
            199.0
        ],
        [
            229.0,
            219.0,
            200.0
        ],
        [
            226.0,
            216.0,
            197.0
        ],
        [
            217.45454545454547,
            207.45454545454547,
            188.45454545454547
        ],
        [
            234.25806451612902,
            224.25806451612902,
            205.25806451612902
        ],
        [
            227.0,
            217.0,
            198.0
        ],
        [
            222.48872180451127,
            212.48872180451127,
            193.48872180451127
        ],
        [
            230.8870056497175,
            220.8870056497175,
            201.8870056497175
        ],
        [
            220.30188679245282,
            210.30188679245282,
            191.30188679245282
        ],
        [
            224.57303370786516,
            214.57303370786516,
            195.57303370786516
        ]
    ],
    "hex_colors": [
        "#e4dac7",
        "#e5dbc8",
        "#e2d8c5",
        "#d9cfbc",
        "#eae0cd",
        "#e3d9c6",
        "#ded4c1",
        "#e6dcc9",
        "#dcd2bf",
        "#e0d6c3"
    ],
    "hsl_color_values": [
        [
            0.10919540229885057,
            0.12719298245614036,
            228.0
        ],
        [
            0.10919540229885057,
            0.12663755458515283,
            229.0
        ],
        [
            0.10919540229885057,
            0.12831858407079647,
            226.0
        ],
        [
            0.10919540229885057,
            0.13336120401337792,
            217.45454545454547
        ],
        [
            0.10919540229885057,
            0.12379509776920959,
            234.25806451612902
        ],
        [
            0.10919540229885057,
            0.1277533039647577,
            227.0
        ],
        [
            0.10919540229885057,
            0.13034368558007503,
            222.48872180451127
        ],
        [
            0.10919540229885057,
            0.1256025644162772,
            230.8870056497175
        ],
        [
            0.10919540229885057,
            0.131637547105173,
            220.30188679245282
        ],
        [
            0.10919540229885057,
            0.1291339370590884,
            224.57303370786516
        ]
    ]
}