{
    "rgb_colors": [
        [
            239.45454545454547,
            230.45454545454547,
            214.45454545454547
        ],
        [
            241.42105263157896,
            232.42105263157896,
            216.42105263157896
        ],
        [
            236.0,
            227.0,
            211.0
        ],
        [
            237.0,
            228.0,
            212.0
        ],
        [
            243.75,
            234.75,
            218.75
        ],
        [
            238.0,
            229.0,
            213.0
        ],
        [
            235.0,
            226.0,
            210.0
        ],
        [
            228.11111111111111,
            219.11111111111111,
            203.11111111111111
        ],
        [
            233.54245283018867,
            224.54245283018867,
            208.54245283018867
        ],
        [
            231.10552763819095,
            222.10552763819095,
            206.10552763819095
        ]
    ],
    "hex_colors": [
        "#efe6d6",
        "#f1e8d8",
        "#ece3d3",
        "#ede4d4",
        "#f3eada",
        "#eee5d5",
        "#ebe2d2",
        "#e4dbcb",
        "#e9e0d0",
        "#e7dece"
    ],
    "hsl_color_values": [
        [
            0.10666666666666667,
            0.10440394836750189,
            239.45454545454547
        ],
        [
            0.10666666666666667,
            0.10355352081970787,
            241.42105263157896
        ],
        [
            0.10666666666666667,
            0.1059322033898305,
            236.0
        ],
        [
            0.10666666666666667,
            0.10548523206751055,
            237.0
        ],
        [
            0.10666666666666667,
            0.10256410256410256,
            243.75
        ],
        [
            0.10666666666666667,
            0.10504201680672269,
            238.0
        ],
        [
            0.10666666666666667,
            0.10638297872340426,
            235.0
        ],
        [
            0.10666666666666667,
            0.10959571358986848,
            228.11111111111111
        ],
        [
            0.10666666666666667,
            0.10704691886651452,
            233.54245283018867
        ],
        [
            0.10666666666666667,
            0.1081756903674712,
            231.10552763819095
        ]
    ]
}