{
    "rgb_colors": [
        [
            49.85245901639344,
            40.85245901639344,
            28.78688524590164
        ],
        [
            36.125,
            27.088235294117645,
            15.058823529411764
        ],
        [
            63.71428571428571,
            54.71428571428571,
            42.71428571428571
        ],
        [
            45.496062992125985,
            36.496062992125985,
            24.496062992125985
        ],
        [
            43.48850574712644,
            34.46551724137931,
            22.488505747126435
        ],
        [
            47.44827586206897,
            38.44827586206897,
            26.402298850574713
        ],
        [
            55.58333333333333,
            46.58333333333333,
            34.58333333333333
        ],
        [
            33.577777777777776,
            24.53333333333333,
            12.488888888888889
        ],
        [
            38.62162162162162,
            29.56756756756757,
            17.63963963963964
        ],
        [
            41.02272727272727,
            32.01136363636363,
            20.018939393939394
        ]
    ],
    "hex_colors": [
        "#31281c",
        "#241b0f",
        "#3f362a",
        "#2d2418",
        "#2b2216",
        "#2f261a",
        "#372e22",
        "#21180c",
        "#261d11",
        "#292014"
    ],
    "hsl_color_values": [
        [
            0.09546044098573281,
            0.4225583689575797,
            49.85245901639344
        ],
        [
            0.09517161140197787,
            0.583146753511093,
            36.125
        ],
        [
            0.09523809523809523,
            0.3295964125560538,
            63.71428571428571
        ],
        [
            0.09523809523809523,
            0.46157840083073726,
            45.496062992125985
        ],
        [
            0.09505564677978469,
            0.48288621646623503,
            43.48850574712644
        ],
        [
            0.09539413799381032,
            0.4435562015503876,
            47.44827586206897
        ],
        [
            0.09523809523809523,
            0.37781109445277367,
            55.58333333333333
        ],
        [
            0.09518791710572533,
            0.628060886829914,
            33.577777777777776
        ],
        [
            0.09474738800629741,
            0.5432703522276651,
            38.62162162162162
        ],
        [
            0.09516080553050793,
            0.5120036934441367,
            41.02272727272727
        ]
    ]
}