{
    "rgb_colors": [
        [
            53.42465753424658,
            47.84931506849315,
            42.43835616438356
        ],
        [
            8.117977528089888,
            2.971910112359552,
            0.8146067415730336
        ],
        [
            37.69230769230769,
            32.05982905982906,
            27.11965811965812
        ],
        [
            45.204819277108435,
            39.60240963855422,
            34.53012048192771
        ],
        [
            23.703030303030303,
            18.242424242424242,
            13.83030303030303
        ],
        [
            74.375,
            68.96875,
            63.53125
        ],
        [
            30.760233918128655,
            25.22222222222222,
            20.660818713450293
        ],
        [
            16.640287769784173,
            11.266187050359711,
            7.100719424460431
        ],
        [
            63.254901960784316,
            57.68627450980392,
            51.74509803921569
        ],
        [
            87.06666666666666,
            81.46666666666667,
            75.53333333333333
        ]
    ],
    "hex_colors": [
        "#352f2a",
        "#080200",
        "#25201b",
        "#2d2722",
        "#17120d",
        "#4a443f",
        "#1e1914",
        "#100b07",
        "#3f3933",
        "#57514b"
    ],
    "hsl_color_values": [
        [
            0.08208645054031581,
            0.20564102564102563,
            53.42465753424658
        ],
        [
            0.049230769230769265,
            0.8996539792387543,
            8.117977528089888
        ],
        [
            0.07787658313123152,
            0.28049886621315195,
            37.69230769230769
        ],
        [
            0.07919488337095566,
            0.2361407249466951,
            45.204819277108435
        ],
        [
            0.07448332310210763,
            0.4165175147021222,
            23.703030303030303
        ],
        [
            0.0835734870317003,
            0.1457983193277311,
            74.375
        ],
        [
            0.07527504342790964,
            0.3283269961977186,
            30.760233918128655
        ],
        [
            0.07277526395173452,
            0.5732814526588846,
            16.640287769784173
        ],
        [
            0.08603066439522995,
            0.18195908245505266,
            63.254901960784316
        ],
        [
            0.08574181117533726,
            0.1324655436447167,
            87.06666666666666
        ]
    ]
}